dataset,image_id,label,generator,device_family,prob_e20,prob_e21,prob_e22,correct_e20,correct_e21,correct_e22,e20_vs_e22_transition,e21_vs_e22_transition,complementarity_type
E14_Clean,real_raise_135_r11850456t,Real,camera,RAISE-1k,0.038909912109375,0.83837890625,0.7584320068359375,1,0,0,E20_correct__E22_wrong,E21_wrong__E22_wrong,E20_correct__E21_wrong
E14_Clean,real_raise_122_r0fbe1b0ft,Real,camera,RAISE-1k,0.47802734375,0.0147857666015625,0.06110992431640625,1,1,1,E20_correct__E22_correct,E21_correct__E22_correct,both_correct
E14_Clean,real_raise_supp_026_r0dd6e8f4t,Real,camera,RAISE-1k,0.0094146728515625,0.97314453125,0.8767715454101562,1,0,0,E20_correct__E22_wrong,E21_wrong__E22_wrong,E20_correct__E21_wrong
E14_Clean,ai_sb_stable-diffusion-1-3_154_r0372042dt,AI,stable-diffusion-1-3,Synthbuster,0.324951171875,0.97412109375,0.9092041015625,0,1,1,E20_wrong__E22_correct,E21_correct__E22_correct,E20_wrong__E21_correct
E14_Clean,ai_sb_firefly_065_r045be2act,AI,firefly,Synthbuster,0.00482940673828125,0.60009765625,0.5405708312988282,0,1,1,E20_wrong__E22_correct,E21_correct__E22_correct,E20_wrong__E21_correct
E14_Clean,ai_sb_stable-diffusion-1-3_161_r0a9384b1t,AI,stable-diffusion-1-3,Synthbuster,0.0142822265625,0.970703125,0.87506103515625,0,1,1,E20_wrong__E22_correct,E21_correct__E22_correct,E20_wrong__E21_correct
E14_Clean,ai_sb_firefly_064_r0372042dt,AI,firefly,Synthbuster,0.734375,0.9951171875,0.9690429687500001,1,1,1,E20_correct__E22_correct,E21_correct__E22_correct,both_correct
E14_Clean,real_raise_053_r06b161adt,Real,camera,RAISE-1k,0.03662109375,0.7333984375,0.663720703125,1,0,0,E20_correct__E22_wrong,E21_wrong__E22_wrong,E20_correct__E21_wrong
E14_Clean,ai_sb_stable-diffusion-1-4_188_r07cfb432t,AI,stable-diffusion-1-4,Synthbuster,0.09466552734375,0.83740234375,0.763128662109375,0,1,1,E20_wrong__E22_correct,E21_correct__E22_correct,E20_wrong__E21_correct
E14_Clean,real_raise_115_r0f24ca4dt,Real,camera,RAISE-1k,0.03460693359375,0.88232421875,0.797552490234375,1,0,0,E20_correct__E22_wrong,E21_wrong__E22_wrong,E20_correct__E21_wrong
E14_Clean,ai_sb_supp_stable-diffusion-1-4_019_r001d260dt,AI,stable-diffusion-1-4,Synthbuster,0.70947265625,0.7255859375,0.723974609375,1,1,1,E20_correct__E22_correct,E21_correct__E22_correct,both_correct
E14_Clean,real_raise_150_r1378de81t,Real,camera,RAISE-1k,0.00661468505859375,0.50732421875,0.45725326538085936,1,0,1,E20_correct__E22_correct,E21_wrong__E22_correct,E20_correct__E21_wrong
E14_Clean,ai_sb_stable-diffusion-1-3_166_r102b4aa4t,AI,stable-diffusion-1-3,Synthbuster,0.006313323974609375,0.96435546875,0.8685512542724609,0,1,1,E20_wrong__E22_correct,E21_correct__E22_correct,E20_wrong__E21_correct
E14_Clean,real_raise_036_r04989a70t,Real,camera,RAISE-1k,0.0054473876953125,0.1195068359375,0.10810089111328125,1,1,1,E20_correct__E22_correct,E21_correct__E22_correct,both_correct
E14_Clean,ai_sb_dalle2_029_r1d9a31fct,AI,dalle2,Synthbuster,0.040771484375,0.68994140625,0.6250244140625,0,1,1,E20_wrong__E22_correct,E21_correct__E22_correct,E20_wrong__E21_correct
E14_Clean,real_raise_supp_005_r02513d19t,Real,camera,RAISE-1k,0.0016489028930664062,0.1337890625,0.12057504653930663,1,1,1,E20_correct__E22_correct,E21_correct__E22_correct,both_correct
E14_Clean,ai_sb_firefly_087_r1bdb6385t,AI,firefly,Synthbuster,0.02655029296875,0.95751953125,0.864422607421875,0,1,1,E20_wrong__E22_correct,E21_correct__E22_correct,E20_wrong__E21_correct
E14_Clean,real_raise_250_r1f4a44a7t,Real,camera,RAISE-1k,0.0030040740966796875,0.583984375,0.525886344909668,1,0,0,E20_correct__E22_wrong,E21_wrong__E22_wrong,E20_correct__E21_wrong
E14_Clean,ai_sb_midjourney-v5_147_r1bdb6385t,AI,midjourney-v5,Synthbuster,0.1827392578125,0.8974609375,0.82598876953125,0,1,1,E20_wrong__E22_correct,E21_correct__E22_correct,E20_wrong__E21_correct
E14_Clean,real_raise_043_r057282fet,Real,camera,RAISE-1k,0.4580078125,0.99169921875,0.938330078125,1,0,0,E20_correct__E22_wrong,E21_wrong__E22_wrong,E20_correct__E21_wrong
E14_Clean,real_raise_092_r0b755540t,Real,camera,RAISE-1k,0.14453125,0.71533203125,0.658251953125,1,0,0,E20_correct__E22_wrong,E21_wrong__E22_wrong,E20_correct__E21_wrong
E14_Clean,real_raise_supp_035_r12cbfb1et,Real,camera,RAISE-1k,0.0150146484375,0.69287109375,0.6250854492187501,1,0,0,E20_correct__E22_wrong,E21_wrong__E22_wrong,E20_correct__E21_wrong
E14_Clean,ai_sb_stable-diffusion-1-3_160_r09a60f63t,AI,stable-diffusion-1-3,Synthbuster,0.5732421875,0.82470703125,0.7995605468750001,1,1,1,E20_correct__E22_correct,E21_correct__E22_correct,both_correct
E14_Clean,ai_sb_dalle3_059_r1d9a31fct,AI,dalle3,Synthbuster,0.96923828125,0.9990234375,0.996044921875,1,1,1,E20_correct__E22_correct,E21_correct__E22_correct,both_correct
E14_Clean,ai_sb_glide_091_r000da54ft,AI,glide,Synthbuster,0.572265625,0.84814453125,0.820556640625,1,1,1,E20_correct__E22_correct,E21_correct__E22_correct,both_correct
E14_Clean,ai_sb_firefly_068_r07cfb432t,AI,firefly,Synthbuster,0.280517578125,0.8330078125,0.7777587890625001,0,1,1,E20_wrong__E22_correct,E21_correct__E22_correct,E20_wrong__E21_correct
E14_Clean,real_raise_046_r05db7e7ft,Real,camera,RAISE-1k,0.0007181167602539062,0.304931640625,0.2745102882385254,1,1,1,E20_correct__E22_correct,E21_correct__E22_correct,both_correct
E14_Clean,ai_sb_firefly_069_r08996953t,AI,firefly,Synthbuster,0.06793212890625,0.95849609375,0.869439697265625,0,1,1,E20_wrong__E22_correct,E21_correct__E22_correct,E20_wrong__E21_correct
E14_Clean,real_raise_supp_004_r01d0b83bt,Real,camera,RAISE-1k,0.036285400390625,0.44189453125,0.4013336181640625,1,1,1,E20_correct__E22_correct,E21_correct__E22_correct,both_correct
E14_Clean,ai_sb_midjourney-v5_130_r09a60f63t,AI,midjourney-v5,Synthbuster,0.99267578125,0.94384765625,0.94873046875,1,1,1,E20_correct__E22_correct,E21_correct__E22_correct,both_correct
E14_Clean,real_raise_191_r18d72ab2t,Real,camera,RAISE-1k,0.0039005279541015625,0.470947265625,0.4242425918579102,1,1,1,E20_correct__E22_correct,E21_correct__E22_correct,both_correct
E14_Clean,real_raise_208_r1aa53167t,Real,camera,RAISE-1k,0.03167724609375,0.41015625,0.372308349609375,1,1,1,E20_correct__E22_correct,E21_correct__E22_correct,both_correct
E14_Clean,real_raise_202_r1a4651edt,Real,camera,RAISE-1k,0.009521484375,0.155517578125,0.14091796875,1,1,1,E20_correct__E22_correct,E21_correct__E22_correct,both_correct
E14_Clean,ai_sb_dalle2_003_r026b5360t,AI,dalle2,Synthbuster,0.254638671875,0.9345703125,0.8665771484375001,0,1,1,E20_wrong__E22_correct,E21_correct__E22_correct,E20_wrong__E21_correct
E14_Clean,ai_sb_supp_dalle2_002_r002fc3e2t,AI,dalle2,Synthbuster,0.79541015625,0.99365234375,0.973828125,1,1,1,E20_correct__E22_correct,E21_correct__E22_correct,both_correct
E14_Clean,ai_sb_firefly_075_r0f5beb66t,AI,firefly,Synthbuster,0.00307464599609375,0.18310546875,0.16510238647460937,0,0,0,E20_wrong__E22_wrong,E21_wrong__E22_wrong,both_wrong
E14_Clean,ai_sb_midjourney-v5_146_r1ad2de34t,AI,midjourney-v5,Synthbuster,0.043121337890625,0.84423828125,0.7641265869140625,0,1,1,E20_wrong__E22_correct,E21_correct__E22_correct,E20_wrong__E21_correct
E14_Clean,ai_sb_stable-diffusion-2_231_r159d3942t,AI,stable-diffusion-2,Synthbuster,0.182373046875,0.1055908203125,0.11326904296875,0,0,0,E20_wrong__E22_wrong,E21_wrong__E22_wrong,both_wrong
E14_Clean,real_raise_075_r09851aa4t,Real,camera,RAISE-1k,0.020294189453125,0.22216796875,0.2019805908203125,1,1,1,E20_correct__E22_correct,E21_correct__E22_correct,both_correct
E14_Clean,real_raise_110_r0ea0825ft,Real,camera,RAISE-1k,0.650390625,0.798828125,0.7839843750000001,0,0,0,E20_wrong__E22_wrong,E21_wrong__E22_wrong,both_wrong
E14_Clean,ai_sb_glide_109_r138ad247t,AI,glide,Synthbuster,0.2335205078125,0.99169921875,0.9158813476562501,0,1,1,E20_wrong__E22_correct,E21_correct__E22_correct,E20_wrong__E21_correct
E14_Clean,ai_sb_stable-diffusion-1-4_192_r0b7b1156t,AI,stable-diffusion-1-4,Synthbuster,0.302001953125,0.9462890625,0.8818603515625,0,1,1,E20_wrong__E22_correct,E21_correct__E22_correct,E20_wrong__E21_correct
E14_Clean,real_raise_230_r1d00d8ect,Real,camera,RAISE-1k,0.034942626953125,0.82763671875,0.7483673095703125,1,0,0,E20_correct__E22_wrong,E21_wrong__E22_wrong,E20_correct__E21_wrong
E14_Clean,ai_sb_dalle3_056_r1ad2de34t,AI,dalle3,Synthbuster,0.720703125,0.9990234375,0.97119140625,1,1,1,E20_correct__E22_correct,E21_correct__E22_correct,both_correct
E14_Clean,real_raise_072_r09445479t,Real,camera,RAISE-1k,0.0165252685546875,0.85888671875,0.7746505737304689,1,0,0,E20_correct__E22_wrong,E21_wrong__E22_wrong,E20_correct__E21_wrong
E14_Clean,ai_sb_stable-diffusion-1-3_179_r1d9a31fct,AI,stable-diffusion-1-3,Synthbuster,0.0016679763793945312,0.312744140625,0.2816365242004395,0,0,0,E20_wrong__E22_wrong,E21_wrong__E22_wrong,both_wrong
E14_Clean,ai_sb_dalle2_010_r09a60f63t,AI,dalle2,Synthbuster,0.994140625,0.98828125,0.9888671875000001,1,1,1,E20_correct__E22_correct,E21_correct__E22_correct,both_correct
E14_Clean,real_raise_supp_050_r1a8ee526t,Real,camera,RAISE-1k,0.12127685546875,0.90283203125,0.8246765136718751,1,0,0,E20_correct__E22_wrong,E21_wrong__E22_wrong,E20_correct__E21_wrong
E14_Clean,real_raise_022_r02f1ba48t,Real,camera,RAISE-1k,0.0200958251953125,0.7958984375,0.7183181762695312,1,0,0,E20_correct__E22_wrong,E21_wrong__E22_wrong,E20_correct__E21_wrong
E14_Clean,ai_sb_glide_092_r0150031ft,AI,glide,Synthbuster,0.2802734375,0.96630859375,0.8977050781250001,0,1,1,E20_wrong__E22_correct,E21_correct__E22_correct,E20_wrong__E21_correct
E14_Clean,real_raise_158_r14289905t,Real,camera,RAISE-1k,0.00557708740234375,0.72607421875,0.6540245056152344,1,0,0,E20_correct__E22_wrong,E21_wrong__E22_wrong,E20_correct__E21_wrong
E14_Clean,real_raise_210_r1ae12b3ft,Real,camera,RAISE-1k,0.2122802734375,0.28515625,0.27786865234375,1,1,1,E20_correct__E22_correct,E21_correct__E22_correct,both_correct
E14_Clean,ai_sb_stable-diffusion-1-4_208_r1c9fdcf4t,AI,stable-diffusion-1-4,Synthbuster,0.0181884765625,0.89990234375,0.81173095703125,0,1,1,E20_wrong__E22_correct,E21_correct__E22_correct,E20_wrong__E21_correct
E14_Clean,ai_sb_glide_097_r06743f8ft,AI,glide,Synthbuster,0.5986328125,0.92724609375,0.894384765625,1,1,1,E20_correct__E22_correct,E21_correct__E22_correct,both_correct
E14_Clean,ai_sb_stable-diffusion-1-3_151_r000da54ft,AI,stable-diffusion-1-3,Synthbuster,0.00955963134765625,0.97021484375,0.8741493225097656,0,1,1,E20_wrong__E22_correct,E21_correct__E22_correct,E20_wrong__E21_correct
E14_Clean,ai_sb_firefly_070_r09a60f63t,AI,firefly,Synthbuster,0.9921875,0.99267578125,0.992626953125,1,1,1,E20_correct__E22_correct,E21_correct__E22_correct,both_correct
E14_Clean,real_raise_189_r187df69ft,Real,camera,RAISE-1k,0.02386474609375,0.865234375,0.781097412109375,1,0,0,E20_correct__E22_wrong,E21_wrong__E22_wrong,E20_correct__E21_wrong
E14_Clean,ai_sb_stable-diffusion-2_234_r1900f7c7t,AI,stable-diffusion-2,Synthbuster,0.00142669677734375,0.90380859375,0.8135704040527344,0,1,1,E20_wrong__E22_correct,E21_correct__E22_correct,E20_wrong__E21_correct
E14_Clean,ai_sb_firefly_088_r1c9fdcf4t,AI,firefly,Synthbuster,0.348388671875,0.998046875,0.9330810546875,0,1,1,E20_wrong__E22_correct,E21_correct__E22_correct,E20_wrong__E21_correct
E14_Clean,real_raise_180_r173ee7e8t,Real,camera,RAISE-1k,0.01142120361328125,0.266845703125,0.24130325317382814,1,1,1,E20_correct__E22_correct,E21_correct__E22_correct,both_correct
E14_Clean,real_raise_supp_022_r0b3220e1t,Real,camera,RAISE-1k,0.034423828125,0.90966796875,0.8221435546875,1,0,0,E20_correct__E22_wrong,E21_wrong__E22_wrong,E20_correct__E21_wrong
E14_Clean,ai_sb_stable-diffusion-2_228_r1297fd0bt,AI,stable-diffusion-2,Synthbuster,0.9765625,0.99365234375,0.991943359375,1,1,1,E20_correct__E22_correct,E21_correct__E22_correct,both_correct
E14_Clean,ai_sb_stable-diffusion-2_219_r08996953t,AI,stable-diffusion-2,Synthbuster,0.156005859375,0.99755859375,0.9134033203125,0,1,1,E20_wrong__E22_correct,E21_correct__E22_correct,E20_wrong__E21_correct
E14_Clean,ai_sb_stable-diffusion-1-3_171_r159d3942t,AI,stable-diffusion-1-3,Synthbuster,0.0030155181884765625,0.66650390625,0.6001550674438476,0,1,1,E20_wrong__E22_correct,E21_correct__E22_correct,E20_wrong__E21_correct
E14_Clean,real_raise_102_r0cfedd72t,Real,camera,RAISE-1k,0.0102081298828125,0.34130859375,0.3081985473632813,1,1,1,E20_correct__E22_correct,E21_correct__E22_correct,both_correct
E14_Clean,ai_sb_stable-diffusion-1-4_193_r0cd4ffb0t,AI,stable-diffusion-1-4,Synthbuster,0.1959228515625,0.99755859375,0.91739501953125,0,1,1,E20_wrong__E22_correct,E21_correct__E22_correct,E20_wrong__E21_correct
E14_Clean,real_raise_170_r15f16465t,Real,camera,RAISE-1k,0.01812744140625,0.50390625,0.455328369140625,1,0,1,E20_correct__E22_correct,E21_wrong__E22_correct,E20_correct__E21_wrong
E14_Clean,ai_sb_glide_118_r1c9fdcf4t,AI,glide,Synthbuster,0.58203125,0.98291015625,0.942822265625,1,1,1,E20_correct__E22_correct,E21_correct__E22_correct,both_correct
E14_Clean,real_raise_097_r0c1f588dt,Real,camera,RAISE-1k,0.01107025146484375,0.775390625,0.6989585876464844,1,0,0,E20_correct__E22_wrong,E21_wrong__E22_wrong,E20_correct__E21_wrong
E14_Clean,real_raise_121_r0faffef3t,Real,camera,RAISE-1k,0.0816650390625,0.82421875,0.74996337890625,1,0,0,E20_correct__E22_wrong,E21_wrong__E22_wrong,E20_correct__E21_wrong
E14_Clean,ai_sb_midjourney-v5_138_r1297fd0bt,AI,midjourney-v5,Synthbuster,0.64697265625,0.544921875,0.555126953125,1,1,1,E20_correct__E22_correct,E21_correct__E22_correct,both_correct
E14_Clean,real_raise_026_r0372042dt,Real,camera,RAISE-1k,0.362548828125,0.84521484375,0.7969482421875,1,0,0,E20_correct__E22_wrong,E21_wrong__E22_wrong,E20_correct__E21_wrong
E14_Clean,ai_sb_midjourney-v5_133_r0cd4ffb0t,AI,midjourney-v5,Synthbuster,0.7509765625,0.95654296875,0.935986328125,1,1,1,E20_correct__E22_correct,E21_correct__E22_correct,both_correct
E14_Clean,real_raise_185_r180bcbd7t,Real,camera,RAISE-1k,0.002002716064453125,0.734375,0.6611377716064454,1,0,0,E20_correct__E22_wrong,E21_wrong__E22_wrong,E20_correct__E21_wrong
E14_Clean,real_raise_080_r0a19cb85t,Real,camera,RAISE-1k,0.00040459632873535156,0.03839111328125,0.03459246158599854,1,1,1,E20_correct__E22_correct,E21_correct__E22_correct,both_correct
E14_Clean,ai_sb_stable-diffusion-1-4_187_r06743f8ft,AI,stable-diffusion-1-4,Synthbuster,0.76513671875,0.98876953125,0.96640625,1,1,1,E20_correct__E22_correct,E21_correct__E22_correct,both_correct
E14_Clean,real_raise_123_r0fdfc4f0t,Real,camera,RAISE-1k,0.1124267578125,0.53564453125,0.49332275390625,1,0,1,E20_correct__E22_correct,E21_wrong__E22_correct,E20_correct__E21_wrong
E14_Clean,ai_sb_glide_107_r116825e2t,AI,glide,Synthbuster,0.383056640625,0.98046875,0.9207275390625,0,1,1,E20_wrong__E22_correct,E21_correct__E22_correct,E20_wrong__E21_correct
E14_Clean,real_raise_045_r05bf2f53t,Real,camera,RAISE-1k,0.369140625,0.61962890625,0.594580078125,1,0,0,E20_correct__E22_wrong,E21_wrong__E22_wrong,E20_correct__E21_wrong
E14_Clean,ai_sb_dalle3_053_r17fe8532t,AI,dalle3,Synthbuster,0.57666015625,0.97900390625,0.93876953125,1,1,1,E20_correct__E22_correct,E21_correct__E22_correct,both_correct
E14_Clean,ai_sb_stable-diffusion-2_213_r026b5360t,AI,stable-diffusion-2,Synthbuster,0.90966796875,0.99658203125,0.987890625,1,1,1,E20_correct__E22_correct,E21_correct__E22_correct,both_correct
E14_Clean,real_raise_018_r0279b17bt,Real,camera,RAISE-1k,0.01132965087890625,0.154296875,0.14000015258789064,1,1,1,E20_correct__E22_correct,E21_correct__E22_correct,both_correct
E14_Clean,real_raise_055_r0703243bt,Real,camera,RAISE-1k,0.0017547607421875,0.86865234375,0.7819625854492188,1,0,0,E20_correct__E22_wrong,E21_wrong__E22_wrong,E20_correct__E21_wrong
E14_Clean,ai_sb_firefly_079_r138ad247t,AI,firefly,Synthbuster,0.01751708984375,0.81005859375,0.7308044433593751,0,1,1,E20_wrong__E22_correct,E21_correct__E22_correct,E20_wrong__E21_correct
E14_Clean,ai_sb_firefly_090_r1e9082f9t,AI,firefly,Synthbuster,0.011871337890625,0.84716796875,0.7636383056640625,0,1,1,E20_wrong__E22_correct,E21_correct__E22_correct,E20_wrong__E21_correct
E14_Clean,ai_sb_stable-diffusion-2_225_r0f5beb66t,AI,stable-diffusion-2,Synthbuster,0.2254638671875,0.966796875,0.89266357421875,0,1,1,E20_wrong__E22_correct,E21_correct__E22_correct,E20_wrong__E21_correct
E14_Clean,ai_sb_supp_stable-diffusion-1-4_020_r002fc3e2t,AI,stable-diffusion-1-4,Synthbuster,0.0256195068359375,0.95068359375,0.8581771850585938,0,1,1,E20_wrong__E22_correct,E21_correct__E22_correct,E20_wrong__E21_correct
E14_Clean,real_raise_206_r1a8fe570t,Real,camera,RAISE-1k,0.0025806427001953125,0.2288818359375,0.20625171661376954,1,1,1,E20_correct__E22_correct,E21_correct__E22_correct,both_correct
E14_Clean,real_raise_058_r079d086et,Real,camera,RAISE-1k,3.045797348022461e-05,0.270263671875,0.24324035048484804,1,1,1,E20_correct__E22_correct,E21_correct__E22_correct,both_correct
E14_Clean,ai_sb_glide_101_r0a9384b1t,AI,glide,Synthbuster,0.040252685546875,0.9736328125,0.8802947998046876,0,1,1,E20_wrong__E22_correct,E21_correct__E22_correct,E20_wrong__E21_correct
E14_Clean,real_raise_supp_041_r15efd876t,Real,camera,RAISE-1k,0.1175537109375,0.9013671875,0.8229858398437501,1,0,0,E20_correct__E22_wrong,E21_wrong__E22_wrong,E20_correct__E21_wrong
E14_Clean,real_raise_supp_009_r04395e54t,Real,camera,RAISE-1k,0.01061248779296875,0.61279296875,0.5525749206542969,1,0,0,E20_correct__E22_wrong,E21_wrong__E22_wrong,E20_correct__E21_wrong
E14_Clean,real_raise_152_r13934dc7t,Real,camera,RAISE-1k,0.002124786376953125,0.5556640625,0.5003101348876954,1,0,0,E20_correct__E22_wrong,E21_wrong__E22_wrong,E20_correct__E21_wrong
E14_Clean,real_raise_supp_028_r0f25b326t,Real,camera,RAISE-1k,0.125732421875,0.94873046875,0.8664306640625,1,0,0,E20_correct__E22_wrong,E21_wrong__E22_wrong,E20_correct__E21_wrong
E14_Clean,real_raise_supp_014_r070a874ct,Real,camera,RAISE-1k,0.00646209716796875,0.48876953125,0.44053878784179684,1,1,1,E20_correct__E22_correct,E21_correct__E22_correct,both_correct
E14_Clean,real_raise_supp_006_r02d732f8t,Real,camera,RAISE-1k,0.005062103271484375,0.1181640625,0.10685386657714845,1,1,1,E20_correct__E22_correct,E21_correct__E22_correct,both_correct
E14_Clean,ai_sb_dalle2_022_r169c7350t,AI,dalle2,Synthbuster,0.322265625,0.9677734375,0.90322265625,0,1,1,E20_wrong__E22_correct,E21_correct__E22_correct,E20_wrong__E21_correct
E14_Clean,real_raise_supp_025_r0cea5432t,Real,camera,RAISE-1k,0.2666015625,0.64453125,0.60673828125,1,0,0,E20_correct__E22_wrong,E21_wrong__E22_wrong,E20_correct__E21_wrong
E14_Clean,real_raise_242_r1e8acc5ct,Real,camera,RAISE-1k,0.00586700439453125,0.186279296875,0.16823806762695315,1,1,1,E20_correct__E22_correct,E21_correct__E22_correct,both_correct
E14_Clean,ai_sb_midjourney-v5_126_r056f233bt,AI,midjourney-v5,Synthbuster,0.78857421875,0.548828125,0.572802734375,1,1,1,E20_correct__E22_correct,E21_correct__E22_correct,both_correct
E14_Clean,real_raise_035_r047aa954t,Real,camera,RAISE-1k,0.0728759765625,0.3095703125,0.28590087890625,1,1,1,E20_correct__E22_correct,E21_correct__E22_correct,both_correct
E14_Clean,ai_sb_dalle2_012_r0b7b1156t,AI,dalle2,Synthbuster,0.151611328125,0.83447265625,0.7661865234375,0,1,1,E20_wrong__E22_correct,E21_correct__E22_correct,E20_wrong__E21_correct
E14_Clean,real_raise_184_r17f60607t,Real,camera,RAISE-1k,0.0115966796875,0.68359375,0.61639404296875,1,0,0,E20_correct__E22_wrong,E21_wrong__E22_wrong,E20_correct__E21_wrong
E14_Clean,real_raise_127_r1070b804t,Real,camera,RAISE-1k,0.160400390625,0.83544921875,0.7679443359375,1,0,0,E20_correct__E22_wrong,E21_wrong__E22_wrong,E20_correct__E21_wrong
E14_Clean,ai_sb_stable-diffusion-1-3_176_r1ad2de34t,AI,stable-diffusion-1-3,Synthbuster,0.09686279296875,0.97998046875,0.891668701171875,0,1,1,E20_wrong__E22_correct,E21_correct__E22_correct,E20_wrong__E21_correct
E14_Clean,ai_sb_firefly_076_r102b4aa4t,AI,firefly,Synthbuster,0.0273284912109375,0.7333984375,0.6627914428710937,0,1,1,E20_wrong__E22_correct,E21_correct__E22_correct,E20_wrong__E21_correct
E14_Clean,ai_sb_supp_stable-diffusion-2_024_r00444b95t,AI,stable-diffusion-2,Synthbuster,0.02447509765625,0.99169921875,0.8949768066406251,0,1,1,E20_wrong__E22_correct,E21_correct__E22_correct,E20_wrong__E21_correct
E14_Clean,ai_sb_stable-diffusion-2_215_r045be2act,AI,stable-diffusion-2,Synthbuster,0.348388671875,0.99853515625,0.9335205078125,0,1,1,E20_wrong__E22_correct,E21_correct__E22_correct,E20_wrong__E21_correct
E14_Clean,ai_sb_stable-diffusion-1-3_177_r1bdb6385t,AI,stable-diffusion-1-3,Synthbuster,0.01116180419921875,0.982421875,0.8852958679199219,0,1,1,E20_wrong__E22_correct,E21_correct__E22_correct,E20_wrong__E21_correct
E14_Clean,ai_sb_stable-diffusion-2_212_r0150031ft,AI,stable-diffusion-2,Synthbuster,0.011505126953125,0.92919921875,0.8374298095703125,0,1,1,E20_wrong__E22_correct,E21_correct__E22_correct,E20_wrong__E21_correct
E14_Clean,real_raise_supp_039_r14902ba4t,Real,camera,RAISE-1k,0.12890625,0.666015625,0.6123046875000001,1,0,0,E20_correct__E22_wrong,E21_wrong__E22_wrong,E20_correct__E21_wrong
E14_Clean,real_raise_070_r08d2b4dat,Real,camera,RAISE-1k,0.0004858970642089844,0.10931396484375,0.0984311580657959,1,1,1,E20_correct__E22_correct,E21_correct__E22_correct,both_correct
E14_Clean,ai_sb_dalle2_001_r000da54ft,AI,dalle2,Synthbuster,0.0217437744140625,0.900390625,0.8125259399414063,0,1,1,E20_wrong__E22_correct,E21_correct__E22_correct,E20_wrong__E21_correct
E14_Clean,real_raise_114_r0f137652t,Real,camera,RAISE-1k,0.9345703125,0.9873046875,0.98203125,0,0,0,E20_wrong__E22_wrong,E21_wrong__E22_wrong,both_wrong
E14_Clean,ai_sb_supp_midjourney-v5_013_r001d260dt,AI,midjourney-v5,Synthbuster,0.912109375,0.95361328125,0.949462890625,1,1,1,E20_correct__E22_correct,E21_correct__E22_correct,both_correct
E14_Clean,real_raise_supp_001_r001d260dt,Real,camera,RAISE-1k,0.0709228515625,0.95263671875,0.8644653320312501,1,0,0,E20_correct__E22_wrong,E21_wrong__E22_wrong,E20_correct__E21_wrong
E14_Clean,real_raise_212_r1b1c1019t,Real,camera,RAISE-1k,0.0023784637451171875,0.869140625,0.7824644088745117,1,0,0,E20_correct__E22_wrong,E21_wrong__E22_wrong,E20_correct__E21_wrong
E14_Clean,ai_sb_stable-diffusion-1-3_170_r145221d9t,AI,stable-diffusion-1-3,Synthbuster,0.01267242431640625,0.8193359375,0.7386695861816407,0,1,1,E20_wrong__E22_correct,E21_correct__E22_correct,E20_wrong__E21_correct
E14_Clean,ai_sb_glide_094_r0372042dt,AI,glide,Synthbuster,0.488525390625,0.927734375,0.8838134765625,0,1,1,E20_wrong__E22_correct,E21_correct__E22_correct,E20_wrong__E21_correct
E14_Clean,real_raise_218_r1be2a3d5t,Real,camera,RAISE-1k,0.06256103515625,0.7958984375,0.722564697265625,1,0,0,E20_correct__E22_wrong,E21_wrong__E22_wrong,E20_correct__E21_wrong
E14_Clean,real_raise_supp_034_r1267fa5bt,Real,camera,RAISE-1k,0.318115234375,0.8662109375,0.8114013671875001,1,0,0,E20_correct__E22_wrong,E21_wrong__E22_wrong,E20_correct__E21_wrong
E14_Clean,real_raise_120_r0f98115dt,Real,camera,RAISE-1k,0.11798095703125,0.69482421875,0.637139892578125,1,0,0,E20_correct__E22_wrong,E21_wrong__E22_wrong,E20_correct__E21_wrong
E14_Clean,real_raise_173_r1645a09ct,Real,camera,RAISE-1k,0.001495361328125,0.1988525390625,0.1791168212890625,1,1,1,E20_correct__E22_correct,E21_correct__E22_correct,both_correct
E14_Clean,real_raise_002_r005f3e70t,Real,camera,RAISE-1k,0.11737060546875,0.6748046875,0.6190612792968749,1,0,0,E20_correct__E22_wrong,E21_wrong__E22_wrong,E20_correct__E21_wrong
E14_Clean,real_raise_221_r1c23e440t,Real,camera,RAISE-1k,0.09515380859375,0.787109375,0.717913818359375,1,0,0,E20_correct__E22_wrong,E21_wrong__E22_wrong,E20_correct__E21_wrong
E14_Clean,real_raise_167_r15919202t,Real,camera,RAISE-1k,0.042572021484375,0.65380859375,0.5926849365234376,1,0,0,E20_correct__E22_wrong,E21_wrong__E22_wrong,E20_correct__E21_wrong
E14_Clean,real_raise_111_r0eb8dfb5t,Real,camera,RAISE-1k,0.002349853515625,0.5517578125,0.4968170166015625,1,0,1,E20_correct__E22_correct,E21_wrong__E22_correct,E20_correct__E21_wrong
E14_Clean,real_raise_028_r03aa5df1t,Real,camera,RAISE-1k,0.019012451171875,0.51513671875,0.4655242919921875,1,0,1,E20_correct__E22_correct,E21_wrong__E22_correct,E20_correct__E21_wrong
E14_Clean,ai_sb_stable-diffusion-2_214_r0372042dt,AI,stable-diffusion-2,Synthbuster,0.580078125,0.9658203125,0.92724609375,1,1,1,E20_correct__E22_correct,E21_correct__E22_correct,both_correct
E14_Clean,real_raise_supp_060_r1f06581bt,Real,camera,RAISE-1k,0.09930419921875,0.93701171875,0.8532409667968751,1,0,0,E20_correct__E22_wrong,E21_wrong__E22_wrong,E20_correct__E21_wrong
E14_Clean,real_raise_030_r03f70ccdt,Real,camera,RAISE-1k,0.04376220703125,0.6982421875,0.632794189453125,1,0,0,E20_correct__E22_wrong,E21_wrong__E22_wrong,E20_correct__E21_wrong
E14_Clean,ai_sb_stable-diffusion-1-3_162_r0b7b1156t,AI,stable-diffusion-1-3,Synthbuster,0.0345458984375,0.83447265625,0.7544799804687501,0,1,1,E20_wrong__E22_correct,E21_correct__E22_correct,E20_wrong__E21_correct
E14_Clean,real_raise_171_r1618da9dt,Real,camera,RAISE-1k,0.0089874267578125,0.47216796875,0.4258499145507813,1,1,1,E20_correct__E22_correct,E21_correct__E22_correct,both_correct
E14_Clean,real_raise_238_r1de76a54t,Real,camera,RAISE-1k,0.0017271041870117188,0.5458984375,0.49148130416870117,1,0,1,E20_correct__E22_correct,E21_wrong__E22_correct,E20_correct__E21_wrong
E14_Clean,real_raise_197_r19b49f2ct,Real,camera,RAISE-1k,0.08270263671875,0.367919921875,0.339398193359375,1,1,1,E20_correct__E22_correct,E21_correct__E22_correct,both_correct
E14_Clean,real_raise_078_r09d7cd4et,Real,camera,RAISE-1k,0.705078125,0.9853515625,0.9573242187500001,0,0,0,E20_wrong__E22_wrong,E21_wrong__E22_wrong,both_wrong
E14_Clean,real_raise_085_r0aaa70c3t,Real,camera,RAISE-1k,0.0640869140625,0.85205078125,0.77325439453125,1,0,0,E20_correct__E22_wrong,E21_wrong__E22_wrong,E20_correct__E21_wrong
E14_Clean,real_raise_216_r1bc3dd23t,Real,camera,RAISE-1k,0.00013554096221923828,0.0162200927734375,0.014611637592315674,1,1,1,E20_correct__E22_correct,E21_correct__E22_correct,both_correct
E14_Clean,ai_sb_firefly_081_r159d3942t,AI,firefly,Synthbuster,0.0160980224609375,0.14892578125,0.13564300537109375,0,0,0,E20_wrong__E22_wrong,E21_wrong__E22_wrong,both_wrong
E14_Clean,real_raise_196_r1986e42bt,Real,camera,RAISE-1k,0.00930023193359375,0.5263671875,0.4746604919433594,1,0,1,E20_correct__E22_correct,E21_wrong__E22_correct,E20_correct__E21_wrong
E14_Clean,real_raise_126_r102b4aa4t,Real,camera,RAISE-1k,0.02215576171875,0.8134765625,0.734344482421875,1,0,0,E20_correct__E22_wrong,E21_wrong__E22_wrong,E20_correct__E21_wrong
E14_Clean,ai_sb_stable-diffusion-1-4_203_r17fe8532t,AI,stable-diffusion-1-4,Synthbuster,0.8916015625,0.9853515625,0.9759765625000001,1,1,1,E20_correct__E22_correct,E21_correct__E22_correct,both_correct
E14_Clean,real_raise_117_r0f4ece9bt,Real,camera,RAISE-1k,0.020843505859375,0.88525390625,0.7988128662109375,1,0,0,E20_correct__E22_wrong,E21_wrong__E22_wrong,E20_correct__E21_wrong
E14_Clean,ai_sb_stable-diffusion-2_236_r1ad2de34t,AI,stable-diffusion-2,Synthbuster,0.327880859375,0.9990234375,0.9319091796875001,0,1,1,E20_wrong__E22_correct,E21_correct__E22_correct,E20_wrong__E21_correct
E14_Clean,ai_sb_stable-diffusion-1-3_153_r026b5360t,AI,stable-diffusion-1-3,Synthbuster,0.044525146484375,0.951171875,0.8605072021484376,0,1,1,E20_wrong__E22_correct,E21_correct__E22_correct,E20_wrong__E21_correct
E14_Clean,ai_sb_midjourney-v5_142_r169c7350t,AI,midjourney-v5,Synthbuster,0.10540771484375,0.9365234375,0.8534118652343751,0,1,1,E20_wrong__E22_correct,E21_correct__E22_correct,E20_wrong__E21_correct
E14_Clean,ai_sb_dalle3_057_r1bdb6385t,AI,dalle3,Synthbuster,0.64208984375,0.998046875,0.9624511718750001,1,1,1,E20_correct__E22_correct,E21_correct__E22_correct,both_correct
E14_Clean,real_raise_233_r1d679eaet,Real,camera,RAISE-1k,0.0022602081298828125,0.2027587890625,0.1827089309692383,1,1,1,E20_correct__E22_correct,E21_correct__E22_correct,both_correct
E14_Clean,real_raise_249_r1f3e6681t,Real,camera,RAISE-1k,0.0038089752197265625,0.6337890625,0.5707910537719727,1,0,0,E20_correct__E22_wrong,E21_wrong__E22_wrong,E20_correct__E21_wrong
E14_Clean,ai_sb_stable-diffusion-2_240_r1e9082f9t,AI,stable-diffusion-2,Synthbuster,0.90185546875,0.9951171875,0.985791015625,1,1,1,E20_correct__E22_correct,E21_correct__E22_correct,both_correct
E14_Clean,real_raise_181_r17754c77t,Real,camera,RAISE-1k,0.277587890625,0.55322265625,0.5256591796875,1,0,0,E20_correct__E22_wrong,E21_wrong__E22_wrong,E20_correct__E21_wrong
E14_Clean,real_raise_supp_019_r098cf7aet,Real,camera,RAISE-1k,0.0034427642822265625,0.439208984375,0.3956323623657227,1,1,1,E20_correct__E22_correct,E21_correct__E22_correct,both_correct
E14_Clean,real_raise_156_r140f3432t,Real,camera,RAISE-1k,0.0112457275390625,0.314697265625,0.2843521118164063,1,1,1,E20_correct__E22_correct,E21_correct__E22_correct,both_correct
E14_Clean,ai_sb_dalle3_051_r159d3942t,AI,dalle3,Synthbuster,0.98974609375,1.0,0.998974609375,1,1,1,E20_correct__E22_correct,E21_correct__E22_correct,both_correct
E14_Clean,real_raise_159_r145215fft,Real,camera,RAISE-1k,0.0010900497436523438,0.90234375,0.8122183799743653,1,0,0,E20_correct__E22_wrong,E21_wrong__E22_wrong,E20_correct__E21_wrong
E14_Clean,ai_sb_dalle2_002_r0150031ft,AI,dalle2,Synthbuster,0.11993408203125,0.9013671875,0.823223876953125,0,1,1,E20_wrong__E22_correct,E21_correct__E22_correct,E20_wrong__E21_correct
E14_Clean,real_raise_038_r04cfa379t,Real,camera,RAISE-1k,0.1318359375,0.7724609375,0.7083984375,1,0,0,E20_correct__E22_wrong,E21_wrong__E22_wrong,E20_correct__E21_wrong
E14_Clean,ai_sb_stable-diffusion-1-3_157_r06743f8ft,AI,stable-diffusion-1-3,Synthbuster,0.72216796875,0.978515625,0.9528808593750001,1,1,1,E20_correct__E22_correct,E21_correct__E22_correct,both_correct
E14_Clean,ai_sb_supp_glide_010_r001d260dt,AI,glide,Synthbuster,0.640625,0.99560546875,0.9601074218750001,1,1,1,E20_correct__E22_correct,E21_correct__E22_correct,both_correct
E14_Clean,ai_sb_midjourney-v5_127_r06743f8ft,AI,midjourney-v5,Synthbuster,0.98291015625,0.98876953125,0.98818359375,1,1,1,E20_correct__E22_correct,E21_correct__E22_correct,both_correct
E14_Clean,ai_sb_dalle2_021_r159d3942t,AI,dalle2,Synthbuster,0.0236968994140625,0.73583984375,0.6646255493164063,0,1,1,E20_wrong__E22_correct,E21_correct__E22_correct,E20_wrong__E21_correct
E14_Clean,real_raise_229_r1ceba29dt,Real,camera,RAISE-1k,0.006771087646484375,0.60107421875,0.5416439056396485,1,0,0,E20_correct__E22_wrong,E21_wrong__E22_wrong,E20_correct__E21_wrong
E14_Clean,ai_sb_glide_095_r045be2act,AI,glide,Synthbuster,0.11181640625,0.9814453125,0.894482421875,0,1,1,E20_wrong__E22_correct,E21_correct__E22_correct,E20_wrong__E21_correct
E14_Clean,ai_sb_stable-diffusion-1-3_169_r138ad247t,AI,stable-diffusion-1-3,Synthbuster,0.0215301513671875,0.5078125,0.45918426513671873,0,1,0,E20_wrong__E22_wrong,E21_correct__E22_wrong,E20_wrong__E21_correct
E14_Clean,real_raise_093_r0b841e5at,Real,camera,RAISE-1k,0.25390625,0.88671875,0.8234375,1,0,0,E20_correct__E22_wrong,E21_wrong__E22_wrong,E20_correct__E21_wrong
E14_Clean,ai_sb_stable-diffusion-2_216_r056f233bt,AI,stable-diffusion-2,Synthbuster,0.288818359375,0.625,0.5913818359375,0,1,1,E20_wrong__E22_correct,E21_correct__E22_correct,E20_wrong__E21_correct
E14_Clean,real_raise_119_r0f8e5907t,Real,camera,RAISE-1k,0.0090179443359375,0.8955078125,0.8068588256835938,1,0,0,E20_correct__E22_wrong,E21_wrong__E22_wrong,E20_correct__E21_wrong
E14_Clean,ai_sb_dalle2_018_r1297fd0bt,AI,dalle2,Synthbuster,0.0026836395263671875,0.853515625,0.7684324264526368,0,1,1,E20_wrong__E22_correct,E21_correct__E22_correct,E20_wrong__E21_correct
E14_Clean,real_raise_096_r0bf7f938t,Real,camera,RAISE-1k,0.024932861328125,0.95849609375,0.8651397705078125,1,0,0,E20_correct__E22_wrong,E21_wrong__E22_wrong,E20_correct__E21_wrong
E14_Clean,ai_sb_supp_stable-diffusion-1-4_021_r00444b95t,AI,stable-diffusion-1-4,Synthbuster,0.011688232421875,0.91064453125,0.8207489013671875,0,1,1,E20_wrong__E22_correct,E21_correct__E22_correct,E20_wrong__E21_correct
E14_Clean,real_raise_213_r1b4e82c4t,Real,camera,RAISE-1k,0.2705078125,0.91650390625,0.851904296875,1,0,0,E20_correct__E22_wrong,E21_wrong__E22_wrong,E20_correct__E21_wrong
E14_Clean,ai_sb_stable-diffusion-1-4_196_r102b4aa4t,AI,stable-diffusion-1-4,Synthbuster,0.051544189453125,0.9951171875,0.9007598876953126,0,1,1,E20_wrong__E22_correct,E21_correct__E22_correct,E20_wrong__E21_correct
E14_Clean,ai_sb_dalle2_026_r1ad2de34t,AI,dalle2,Synthbuster,0.00070953369140625,0.3525390625,0.3173561096191407,0,0,0,E20_wrong__E22_wrong,E21_wrong__E22_wrong,both_wrong
E14_Clean,real_raise_091_r0b61ed37t,Real,camera,RAISE-1k,0.0240936279296875,0.720703125,0.6510421752929688,1,0,0,E20_correct__E22_wrong,E21_wrong__E22_wrong,E20_correct__E21_wrong
E14_Clean,ai_sb_stable-diffusion-1-4_190_r09a60f63t,AI,stable-diffusion-1-4,Synthbuster,0.7197265625,0.97900390625,0.953076171875,1,1,1,E20_correct__E22_correct,E21_correct__E22_correct,both_correct
E14_Clean,ai_sb_firefly_067_r06743f8ft,AI,firefly,Synthbuster,0.5849609375,0.87109375,0.84248046875,1,1,1,E20_correct__E22_correct,E21_correct__E22_correct,both_correct
E14_Clean,real_raise_069_r08b12799t,Real,camera,RAISE-1k,0.00217437744140625,0.7802734375,0.7024635314941406,1,0,0,E20_correct__E22_wrong,E21_wrong__E22_wrong,E20_correct__E21_wrong
E14_Clean,ai_sb_midjourney-v5_149_r1d9a31fct,AI,midjourney-v5,Synthbuster,0.12939453125,0.5078125,0.469970703125,0,1,0,E20_wrong__E22_wrong,E21_correct__E22_wrong,E20_wrong__E21_correct
E14_Clean,ai_sb_glide_102_r0b7b1156t,AI,glide,Synthbuster,0.64111328125,0.89111328125,0.86611328125,1,1,1,E20_correct__E22_correct,E21_correct__E22_correct,both_correct
E14_Clean,ai_sb_glide_108_r1297fd0bt,AI,glide,Synthbuster,0.371826171875,0.83447265625,0.7882080078125001,0,1,1,E20_wrong__E22_correct,E21_correct__E22_correct,E20_wrong__E21_correct
E14_Clean,ai_sb_stable-diffusion-2_233_r17fe8532t,AI,stable-diffusion-2,Synthbuster,0.493896484375,0.86083984375,0.8241455078125001,0,1,1,E20_wrong__E22_correct,E21_correct__E22_correct,E20_wrong__E21_correct
E14_Clean,ai_sb_stable-diffusion-2_224_r0e7b407bt,AI,stable-diffusion-2,Synthbuster,0.1590576171875,0.84375,0.77528076171875,0,1,1,E20_wrong__E22_correct,E21_correct__E22_correct,E20_wrong__E21_correct
E14_Clean,real_raise_supp_043_r16ea6386t,Real,camera,RAISE-1k,0.0029239654541015625,0.8173828125,0.7359369277954102,1,0,0,E20_correct__E22_wrong,E21_wrong__E22_wrong,E20_correct__E21_wrong
E14_Clean,real_raise_140_r125f6e84t,Real,camera,RAISE-1k,0.0006852149963378906,0.056121826171875,0.05057816505432129,1,1,1,E20_correct__E22_correct,E21_correct__E22_correct,both_correct
E14_Clean,real_raise_137_r11c4de0et,Real,camera,RAISE-1k,0.006168365478515625,0.033905029296875,0.03113136291503906,1,1,1,E20_correct__E22_correct,E21_correct__E22_correct,both_correct
E14_Clean,ai_sb_firefly_083_r17fe8532t,AI,firefly,Synthbuster,0.43505859375,0.9921875,0.9364746093749999,0,1,1,E20_wrong__E22_correct,E21_correct__E22_correct,E20_wrong__E21_correct
E14_Clean,real_raise_supp_055_r1ca254b2t,Real,camera,RAISE-1k,0.00183868408203125,0.5458984375,0.49149246215820314,1,0,1,E20_correct__E22_correct,E21_wrong__E22_correct,E20_correct__E21_wrong
E14_Clean,ai_sb_midjourney-v5_123_r026b5360t,AI,midjourney-v5,Synthbuster,0.99658203125,1.0,0.9996582031250001,1,1,1,E20_correct__E22_correct,E21_correct__E22_correct,both_correct
E14_Clean,real_raise_125_r101d6690t,Real,camera,RAISE-1k,0.004505157470703125,0.2452392578125,0.22116584777832032,1,1,1,E20_correct__E22_correct,E21_correct__E22_correct,both_correct
E14_Clean,ai_sb_stable-diffusion-1-4_210_r1e9082f9t,AI,stable-diffusion-1-4,Synthbuster,0.44189453125,0.99755859375,0.9419921875,0,1,1,E20_wrong__E22_correct,E21_correct__E22_correct,E20_wrong__E21_correct
E14_Clean,ai_sb_midjourney-v5_135_r0f5beb66t,AI,midjourney-v5,Synthbuster,0.57861328125,0.96142578125,0.9231445312500001,1,1,1,E20_correct__E22_correct,E21_correct__E22_correct,both_correct
E14_Clean,real_raise_172_r163967d4t,Real,camera,RAISE-1k,0.0011157989501953125,0.30859375,0.27784595489501956,1,1,1,E20_correct__E22_correct,E21_correct__E22_correct,both_correct
E14_Clean,ai_sb_dalle2_030_r1e9082f9t,AI,dalle2,Synthbuster,0.03839111328125,0.94921875,0.858135986328125,0,1,1,E20_wrong__E22_correct,E21_correct__E22_correct,E20_wrong__E21_correct
E14_Clean,real_raise_100_r0c9910e4t,Real,camera,RAISE-1k,0.8720703125,0.00014090538024902344,0.08733384609222414,0,1,1,E20_wrong__E22_correct,E21_correct__E22_correct,E20_wrong__E21_correct
E14_Clean,real_raise_162_r14c2d3fct,Real,camera,RAISE-1k,0.00963592529296875,0.81787109375,0.7370475769042969,1,0,0,E20_correct__E22_wrong,E21_wrong__E22_wrong,E20_correct__E21_wrong
E14_Clean,ai_sb_dalle2_027_r1bdb6385t,AI,dalle2,Synthbuster,0.4580078125,0.97314453125,0.921630859375,0,1,1,E20_wrong__E22_correct,E21_correct__E22_correct,E20_wrong__E21_correct
E14_Clean,ai_sb_dalle3_052_r169c7350t,AI,dalle3,Synthbuster,0.9033203125,0.99951171875,0.989892578125,1,1,1,E20_correct__E22_correct,E21_correct__E22_correct,both_correct
E14_Clean,ai_sb_glide_106_r102b4aa4t,AI,glide,Synthbuster,0.09136962890625,0.990234375,0.9003479003906251,0,1,1,E20_wrong__E22_correct,E21_correct__E22_correct,E20_wrong__E21_correct
E14_Clean,real_raise_054_r06cad2d6t,Real,camera,RAISE-1k,0.004665374755859375,0.8408203125,0.7572048187255859,1,0,0,E20_correct__E22_wrong,E21_wrong__E22_wrong,E20_correct__E21_wrong
E14_Clean,ai_sb_dalle2_025_r1a2095b2t,AI,dalle2,Synthbuster,0.1915283203125,0.9658203125,0.88839111328125,0,1,1,E20_wrong__E22_correct,E21_correct__E22_correct,E20_wrong__E21_correct
E14_Degraded,real_raise_135_r11850456t_test_whatsapp_q75,Real,camera,unknown,0.0276947021484375,0.83154296875,0.7511581420898438,1,0,0,E20_correct__E22_wrong,E21_wrong__E22_wrong,E20_correct__E21_wrong
E14_Degraded,real_raise_135_r11850456t_test_resize_q80,Real,camera,unknown,0.0268096923828125,0.85888671875,0.7756790161132813,1,0,0,E20_correct__E22_wrong,E21_wrong__E22_wrong,E20_correct__E21_wrong
E14_Degraded,real_raise_135_r11850456t_test_double_jpeg,Real,camera,unknown,0.020721435546875,0.7646484375,0.6902557373046876,1,0,0,E20_correct__E22_wrong,E21_wrong__E22_wrong,E20_correct__E21_wrong
E14_Degraded,real_raise_122_r0fbe1b0ft_test_whatsapp_q75,Real,camera,unknown,0.416259765625,0.99560546875,0.9376708984375001,1,0,0,E20_correct__E22_wrong,E21_wrong__E22_wrong,E20_correct__E21_wrong
E14_Degraded,real_raise_122_r0fbe1b0ft_test_resize_q80,Real,camera,unknown,0.923828125,1.0,0.9923828125,0,0,0,E20_wrong__E22_wrong,E21_wrong__E22_wrong,both_wrong
E14_Degraded,real_raise_122_r0fbe1b0ft_test_double_jpeg,Real,camera,unknown,0.376953125,0.875,0.8251953125,1,0,0,E20_correct__E22_wrong,E21_wrong__E22_wrong,E20_correct__E21_wrong
E14_Degraded,real_raise_supp_026_r0dd6e8f4t_test_whatsapp_q75,Real,camera,unknown,0.01238250732421875,0.97802734375,0.8814628601074219,1,0,0,E20_correct__E22_wrong,E21_wrong__E22_wrong,E20_correct__E21_wrong
E14_Degraded,real_raise_supp_026_r0dd6e8f4t_test_resize_q80,Real,camera,unknown,0.012054443359375,0.97607421875,0.8796722412109376,1,0,0,E20_correct__E22_wrong,E21_wrong__E22_wrong,E20_correct__E21_wrong
E14_Degraded,real_raise_supp_026_r0dd6e8f4t_test_double_jpeg,Real,camera,unknown,0.011962890625,0.9765625,0.8801025390625,1,0,0,E20_correct__E22_wrong,E21_wrong__E22_wrong,E20_correct__E21_wrong
E14_Degraded,ai_sb_stable-diffusion-1-3_154_r0372042dt_test_whatsapp_q75,AI,stable-diffusion-1-3,unknown,0.419677734375,0.98095703125,0.9248291015625001,0,1,1,E20_wrong__E22_correct,E21_correct__E22_correct,E20_wrong__E21_correct
E14_Degraded,ai_sb_stable-diffusion-1-3_154_r0372042dt_test_resize_q80,AI,stable-diffusion-1-3,unknown,0.40185546875,0.9814453125,0.923486328125,0,1,1,E20_wrong__E22_correct,E21_correct__E22_correct,E20_wrong__E21_correct
E14_Degraded,ai_sb_stable-diffusion-1-3_154_r0372042dt_test_double_jpeg,AI,stable-diffusion-1-3,unknown,0.467041015625,0.9814453125,0.9300048828125,0,1,1,E20_wrong__E22_correct,E21_correct__E22_correct,E20_wrong__E21_correct
E14_Degraded,ai_sb_firefly_065_r045be2act_test_whatsapp_q75,AI,firefly,unknown,0.0041656494140625,0.6044921875,0.5444595336914063,0,1,1,E20_wrong__E22_correct,E21_correct__E22_correct,E20_wrong__E21_correct
E14_Degraded,ai_sb_firefly_065_r045be2act_test_resize_q80,AI,firefly,unknown,0.00394439697265625,0.5537109375,0.4987342834472656,0,1,0,E20_wrong__E22_wrong,E21_correct__E22_wrong,E20_wrong__E21_correct
E14_Degraded,ai_sb_firefly_065_r045be2act_test_double_jpeg,AI,firefly,unknown,0.003185272216796875,0.474609375,0.4274669647216797,0,0,0,E20_wrong__E22_wrong,E21_wrong__E22_wrong,both_wrong
E14_Degraded,ai_sb_stable-diffusion-1-3_161_r0a9384b1t_test_whatsapp_q75,AI,stable-diffusion-1-3,unknown,0.0207977294921875,0.9619140625,0.8678024291992188,0,1,1,E20_wrong__E22_correct,E21_correct__E22_correct,E20_wrong__E21_correct
E14_Degraded,ai_sb_stable-diffusion-1-3_161_r0a9384b1t_test_resize_q80,AI,stable-diffusion-1-3,unknown,0.0197906494140625,0.953125,0.8597915649414062,0,1,1,E20_wrong__E22_correct,E21_correct__E22_correct,E20_wrong__E21_correct
E14_Degraded,ai_sb_stable-diffusion-1-3_161_r0a9384b1t_test_double_jpeg,AI,stable-diffusion-1-3,unknown,0.01495361328125,0.63818359375,0.575860595703125,0,1,1,E20_wrong__E22_correct,E21_correct__E22_correct,E20_wrong__E21_correct
E14_Degraded,ai_sb_firefly_064_r0372042dt_test_whatsapp_q75,AI,firefly,unknown,0.69482421875,0.9873046875,0.958056640625,1,1,1,E20_correct__E22_correct,E21_correct__E22_correct,both_correct
E14_Degraded,ai_sb_firefly_064_r0372042dt_test_resize_q80,AI,firefly,unknown,0.6923828125,0.98974609375,0.960009765625,1,1,1,E20_correct__E22_correct,E21_correct__E22_correct,both_correct
E14_Degraded,ai_sb_firefly_064_r0372042dt_test_double_jpeg,AI,firefly,unknown,0.64208984375,0.97412109375,0.94091796875,1,1,1,E20_correct__E22_correct,E21_correct__E22_correct,both_correct
E14_Degraded,real_raise_053_r06b161adt_test_whatsapp_q75,Real,camera,unknown,0.041839599609375,0.72314453125,0.6550140380859375,1,0,0,E20_correct__E22_wrong,E21_wrong__E22_wrong,E20_correct__E21_wrong
E14_Degraded,real_raise_053_r06b161adt_test_resize_q80,Real,camera,unknown,0.0345458984375,0.67578125,0.6116577148437501,1,0,0,E20_correct__E22_wrong,E21_wrong__E22_wrong,E20_correct__E21_wrong
E14_Degraded,real_raise_053_r06b161adt_test_double_jpeg,Real,camera,unknown,0.03753662109375,0.685546875,0.6207458496093751,1,0,0,E20_correct__E22_wrong,E21_wrong__E22_wrong,E20_correct__E21_wrong
E14_Degraded,ai_sb_stable-diffusion-1-4_188_r07cfb432t_test_whatsapp_q75,AI,stable-diffusion-1-4,unknown,0.1988525390625,0.876953125,0.80914306640625,0,1,1,E20_wrong__E22_correct,E21_correct__E22_correct,E20_wrong__E21_correct
E14_Degraded,ai_sb_stable-diffusion-1-4_188_r07cfb432t_test_resize_q80,AI,stable-diffusion-1-4,unknown,0.1744384765625,0.85693359375,0.78868408203125,0,1,1,E20_wrong__E22_correct,E21_correct__E22_correct,E20_wrong__E21_correct
E14_Degraded,ai_sb_stable-diffusion-1-4_188_r07cfb432t_test_double_jpeg,AI,stable-diffusion-1-4,unknown,0.1134033203125,0.69482421875,0.63668212890625,0,1,1,E20_wrong__E22_correct,E21_correct__E22_correct,E20_wrong__E21_correct
E14_Degraded,real_raise_115_r0f24ca4dt_test_whatsapp_q75,Real,camera,unknown,0.02838134765625,0.6826171875,0.617193603515625,1,0,0,E20_correct__E22_wrong,E21_wrong__E22_wrong,E20_correct__E21_wrong
E14_Degraded,real_raise_115_r0f24ca4dt_test_resize_q80,Real,camera,unknown,0.0251312255859375,0.6953125,0.6282943725585938,1,0,0,E20_correct__E22_wrong,E21_wrong__E22_wrong,E20_correct__E21_wrong
E14_Degraded,real_raise_115_r0f24ca4dt_test_double_jpeg,Real,camera,unknown,0.014007568359375,0.68701171875,0.6197113037109375,1,0,0,E20_correct__E22_wrong,E21_wrong__E22_wrong,E20_correct__E21_wrong
E14_Degraded,ai_sb_supp_stable-diffusion-1-4_019_r001d260dt_test_whatsapp_q75,AI,stable-diffusion-1-4,unknown,0.8408203125,0.85693359375,0.855322265625,1,1,1,E20_correct__E22_correct,E21_correct__E22_correct,both_correct
E14_Degraded,ai_sb_supp_stable-diffusion-1-4_019_r001d260dt_test_resize_q80,AI,stable-diffusion-1-4,unknown,0.79638671875,0.81005859375,0.8086914062500001,1,1,1,E20_correct__E22_correct,E21_correct__E22_correct,both_correct
E14_Degraded,ai_sb_supp_stable-diffusion-1-4_019_r001d260dt_test_double_jpeg,AI,stable-diffusion-1-4,unknown,0.77490234375,0.373046875,0.41323242187500003,1,0,0,E20_correct__E22_wrong,E21_wrong__E22_wrong,E20_correct__E21_wrong
E14_Degraded,real_raise_150_r1378de81t_test_whatsapp_q75,Real,camera,unknown,0.004383087158203125,0.60302734375,0.5431629180908203,1,0,0,E20_correct__E22_wrong,E21_wrong__E22_wrong,E20_correct__E21_wrong
E14_Degraded,real_raise_150_r1378de81t_test_resize_q80,Real,camera,unknown,0.005100250244140625,0.45703125,0.41183815002441404,1,1,1,E20_correct__E22_correct,E21_correct__E22_correct,both_correct
E14_Degraded,real_raise_150_r1378de81t_test_double_jpeg,Real,camera,unknown,0.004364013671875,0.6259765625,0.5638153076171875,1,0,0,E20_correct__E22_wrong,E21_wrong__E22_wrong,E20_correct__E21_wrong
E14_Degraded,ai_sb_stable-diffusion-1-3_166_r102b4aa4t_test_whatsapp_q75,AI,stable-diffusion-1-3,unknown,0.033660888671875,0.974609375,0.8805145263671875,0,1,1,E20_wrong__E22_correct,E21_correct__E22_correct,E20_wrong__E21_correct
E14_Degraded,ai_sb_stable-diffusion-1-3_166_r102b4aa4t_test_resize_q80,AI,stable-diffusion-1-3,unknown,0.0272674560546875,0.97705078125,0.8820724487304688,0,1,1,E20_wrong__E22_correct,E21_correct__E22_correct,E20_wrong__E21_correct
E14_Degraded,ai_sb_stable-diffusion-1-3_166_r102b4aa4t_test_double_jpeg,AI,stable-diffusion-1-3,unknown,0.0201416015625,0.86767578125,0.78292236328125,0,1,1,E20_wrong__E22_correct,E21_correct__E22_correct,E20_wrong__E21_correct
E14_Degraded,real_raise_036_r04989a70t_test_whatsapp_q75,Real,camera,unknown,0.005512237548828125,0.12139892578125,0.10981025695800782,1,1,1,E20_correct__E22_correct,E21_correct__E22_correct,both_correct
E14_Degraded,real_raise_036_r04989a70t_test_resize_q80,Real,camera,unknown,0.005062103271484375,0.12042236328125,0.10888633728027344,1,1,1,E20_correct__E22_correct,E21_correct__E22_correct,both_correct
E14_Degraded,real_raise_036_r04989a70t_test_double_jpeg,Real,camera,unknown,0.005279541015625,0.11737060546875,0.10616149902343751,1,1,1,E20_correct__E22_correct,E21_correct__E22_correct,both_correct
E14_Degraded,ai_sb_dalle2_029_r1d9a31fct_test_whatsapp_q75,AI,dalle2,unknown,0.0531005859375,0.64404296875,0.5849487304687501,0,1,1,E20_wrong__E22_correct,E21_correct__E22_correct,E20_wrong__E21_correct
E14_Degraded,ai_sb_dalle2_029_r1d9a31fct_test_resize_q80,AI,dalle2,unknown,0.03753662109375,0.6396484375,0.579437255859375,0,1,1,E20_wrong__E22_correct,E21_correct__E22_correct,E20_wrong__E21_correct
E14_Degraded,ai_sb_dalle2_029_r1d9a31fct_test_double_jpeg,AI,dalle2,unknown,0.037750244140625,0.513671875,0.46607971191406256,0,1,0,E20_wrong__E22_wrong,E21_correct__E22_wrong,E20_wrong__E21_correct
E14_Degraded,real_raise_supp_005_r02513d19t_test_whatsapp_q75,Real,camera,unknown,0.0014324188232421875,0.138916015625,0.12516765594482424,1,1,1,E20_correct__E22_correct,E21_correct__E22_correct,both_correct
E14_Degraded,real_raise_supp_005_r02513d19t_test_resize_q80,Real,camera,unknown,0.0015544891357421875,0.1429443359375,0.12880535125732423,1,1,1,E20_correct__E22_correct,E21_correct__E22_correct,both_correct
E14_Degraded,real_raise_supp_005_r02513d19t_test_double_jpeg,Real,camera,unknown,0.001255035400390625,0.135986328125,0.12251319885253907,1,1,1,E20_correct__E22_correct,E21_correct__E22_correct,both_correct
E14_Degraded,ai_sb_firefly_087_r1bdb6385t_test_whatsapp_q75,AI,firefly,unknown,0.0222015380859375,0.9541015625,0.8609115600585938,0,1,1,E20_wrong__E22_correct,E21_correct__E22_correct,E20_wrong__E21_correct
E14_Degraded,ai_sb_firefly_087_r1bdb6385t_test_resize_q80,AI,firefly,unknown,0.0247039794921875,0.97021484375,0.8756637573242188,0,1,1,E20_wrong__E22_correct,E21_correct__E22_correct,E20_wrong__E21_correct
E14_Degraded,ai_sb_firefly_087_r1bdb6385t_test_double_jpeg,AI,firefly,unknown,0.0279541015625,0.95849609375,0.86544189453125,0,1,1,E20_wrong__E22_correct,E21_correct__E22_correct,E20_wrong__E21_correct
E14_Degraded,real_raise_250_r1f4a44a7t_test_whatsapp_q75,Real,camera,unknown,0.0022602081298828125,0.587890625,0.5293275833129883,1,0,0,E20_correct__E22_wrong,E21_wrong__E22_wrong,E20_correct__E21_wrong
E14_Degraded,real_raise_250_r1f4a44a7t_test_resize_q80,Real,camera,unknown,0.0027256011962890625,0.55712890625,0.501688575744629,1,0,0,E20_correct__E22_wrong,E21_wrong__E22_wrong,E20_correct__E21_wrong
E14_Degraded,real_raise_250_r1f4a44a7t_test_double_jpeg,Real,camera,unknown,0.001941680908203125,0.59326171875,0.5341297149658203,1,0,0,E20_correct__E22_wrong,E21_wrong__E22_wrong,E20_correct__E21_wrong
E14_Degraded,ai_sb_midjourney-v5_147_r1bdb6385t_test_whatsapp_q75,AI,midjourney-v5,unknown,0.09930419921875,0.8642578125,0.787762451171875,0,1,1,E20_wrong__E22_correct,E21_correct__E22_correct,E20_wrong__E21_correct
E14_Degraded,ai_sb_midjourney-v5_147_r1bdb6385t_test_resize_q80,AI,midjourney-v5,unknown,0.10723876953125,0.86083984375,0.7854797363281251,0,1,1,E20_wrong__E22_correct,E21_correct__E22_correct,E20_wrong__E21_correct
E14_Degraded,ai_sb_midjourney-v5_147_r1bdb6385t_test_double_jpeg,AI,midjourney-v5,unknown,0.050811767578125,0.74853515625,0.6787628173828125,0,1,1,E20_wrong__E22_correct,E21_correct__E22_correct,E20_wrong__E21_correct
E14_Degraded,real_raise_043_r057282fet_test_whatsapp_q75,Real,camera,unknown,0.4375,0.9892578125,0.93408203125,1,0,0,E20_correct__E22_wrong,E21_wrong__E22_wrong,E20_correct__E21_wrong
E14_Degraded,real_raise_043_r057282fet_test_resize_q80,Real,camera,unknown,0.404541015625,0.986328125,0.9281494140625,1,0,0,E20_correct__E22_wrong,E21_wrong__E22_wrong,E20_correct__E21_wrong
E14_Degraded,real_raise_043_r057282fet_test_double_jpeg,Real,camera,unknown,0.3193359375,0.98779296875,0.9209472656250001,1,0,0,E20_correct__E22_wrong,E21_wrong__E22_wrong,E20_correct__E21_wrong
E14_Degraded,real_raise_092_r0b755540t_test_whatsapp_q75,Real,camera,unknown,0.1483154296875,0.72607421875,0.66829833984375,1,0,0,E20_correct__E22_wrong,E21_wrong__E22_wrong,E20_correct__E21_wrong
E14_Degraded,real_raise_092_r0b755540t_test_resize_q80,Real,camera,unknown,0.1446533203125,0.73046875,0.67188720703125,1,0,0,E20_correct__E22_wrong,E21_wrong__E22_wrong,E20_correct__E21_wrong
E14_Degraded,real_raise_092_r0b755540t_test_double_jpeg,Real,camera,unknown,0.11358642578125,0.70703125,0.647686767578125,1,0,0,E20_correct__E22_wrong,E21_wrong__E22_wrong,E20_correct__E21_wrong
E14_Degraded,real_raise_supp_035_r12cbfb1et_test_whatsapp_q75,Real,camera,unknown,0.011871337890625,0.61083984375,0.5509429931640626,1,0,0,E20_correct__E22_wrong,E21_wrong__E22_wrong,E20_correct__E21_wrong
E14_Degraded,real_raise_supp_035_r12cbfb1et_test_resize_q80,Real,camera,unknown,0.0089874267578125,0.568359375,0.5124221801757813,1,0,0,E20_correct__E22_wrong,E21_wrong__E22_wrong,E20_correct__E21_wrong
E14_Degraded,real_raise_supp_035_r12cbfb1et_test_double_jpeg,Real,camera,unknown,0.007232666015625,0.428466796875,0.3863433837890625,1,1,1,E20_correct__E22_correct,E21_correct__E22_correct,both_correct
E14_Degraded,ai_sb_stable-diffusion-1-3_160_r09a60f63t_test_whatsapp_q75,AI,stable-diffusion-1-3,unknown,0.6806640625,0.7353515625,0.7298828125000001,1,1,1,E20_correct__E22_correct,E21_correct__E22_correct,both_correct
E14_Degraded,ai_sb_stable-diffusion-1-3_160_r09a60f63t_test_resize_q80,AI,stable-diffusion-1-3,unknown,0.72021484375,0.80615234375,0.79755859375,1,1,1,E20_correct__E22_correct,E21_correct__E22_correct,both_correct
E14_Degraded,ai_sb_stable-diffusion-1-3_160_r09a60f63t_test_double_jpeg,AI,stable-diffusion-1-3,unknown,0.5439453125,0.74072265625,0.721044921875,1,1,1,E20_correct__E22_correct,E21_correct__E22_correct,both_correct
E14_Degraded,ai_sb_dalle3_059_r1d9a31fct_test_whatsapp_q75,AI,dalle3,unknown,0.97119140625,0.99853515625,0.99580078125,1,1,1,E20_correct__E22_correct,E21_correct__E22_correct,both_correct
E14_Degraded,ai_sb_dalle3_059_r1d9a31fct_test_resize_q80,AI,dalle3,unknown,0.96630859375,0.99853515625,0.9953125,1,1,1,E20_correct__E22_correct,E21_correct__E22_correct,both_correct
E14_Degraded,ai_sb_dalle3_059_r1d9a31fct_test_double_jpeg,AI,dalle3,unknown,0.94580078125,0.99853515625,0.99326171875,1,1,1,E20_correct__E22_correct,E21_correct__E22_correct,both_correct
E14_Degraded,ai_sb_glide_091_r000da54ft_test_whatsapp_q75,AI,glide,unknown,0.7294921875,0.796875,0.79013671875,1,1,1,E20_correct__E22_correct,E21_correct__E22_correct,both_correct
E14_Degraded,ai_sb_glide_091_r000da54ft_test_resize_q80,AI,glide,unknown,0.71923828125,0.748046875,0.745166015625,1,1,1,E20_correct__E22_correct,E21_correct__E22_correct,both_correct
E14_Degraded,ai_sb_glide_091_r000da54ft_test_double_jpeg,AI,glide,unknown,0.62158203125,0.7939453125,0.776708984375,1,1,1,E20_correct__E22_correct,E21_correct__E22_correct,both_correct
E14_Degraded,ai_sb_firefly_068_r07cfb432t_test_whatsapp_q75,AI,firefly,unknown,0.05987548828125,0.59326171875,0.539923095703125,0,1,1,E20_wrong__E22_correct,E21_correct__E22_correct,E20_wrong__E21_correct
E14_Degraded,ai_sb_firefly_068_r07cfb432t_test_resize_q80,AI,firefly,unknown,0.09271240234375,0.6845703125,0.625384521484375,0,1,1,E20_wrong__E22_correct,E21_correct__E22_correct,E20_wrong__E21_correct
E14_Degraded,ai_sb_firefly_068_r07cfb432t_test_double_jpeg,AI,firefly,unknown,0.0394287109375,0.346923828125,0.31617431640625004,0,0,0,E20_wrong__E22_wrong,E21_wrong__E22_wrong,both_wrong
E14_Degraded,real_raise_046_r05db7e7ft_test_whatsapp_q75,Real,camera,unknown,0.0006513595581054688,0.296142578125,0.26659345626831055,1,1,1,E20_correct__E22_correct,E21_correct__E22_correct,both_correct
E14_Degraded,real_raise_046_r05db7e7ft_test_resize_q80,Real,camera,unknown,0.0005335807800292969,0.2490234375,0.22417445182800294,1,1,1,E20_correct__E22_correct,E21_correct__E22_correct,both_correct
E14_Degraded,real_raise_046_r05db7e7ft_test_double_jpeg,Real,camera,unknown,0.0005860328674316406,0.27783203125,0.2501074314117432,1,1,1,E20_correct__E22_correct,E21_correct__E22_correct,both_correct
E14_Degraded,ai_sb_firefly_069_r08996953t_test_whatsapp_q75,AI,firefly,unknown,0.03662109375,0.9365234375,0.846533203125,0,1,1,E20_wrong__E22_correct,E21_correct__E22_correct,E20_wrong__E21_correct
E14_Degraded,ai_sb_firefly_069_r08996953t_test_resize_q80,AI,firefly,unknown,0.053192138671875,0.939453125,0.8508270263671875,0,1,1,E20_wrong__E22_correct,E21_correct__E22_correct,E20_wrong__E21_correct
E14_Degraded,ai_sb_firefly_069_r08996953t_test_double_jpeg,AI,firefly,unknown,0.0394287109375,0.90380859375,0.8173706054687501,0,1,1,E20_wrong__E22_correct,E21_correct__E22_correct,E20_wrong__E21_correct
E14_Degraded,real_raise_supp_004_r01d0b83bt_test_whatsapp_q75,Real,camera,unknown,0.0316162109375,0.407470703125,0.36988525390625004,1,1,1,E20_correct__E22_correct,E21_correct__E22_correct,both_correct
E14_Degraded,real_raise_supp_004_r01d0b83bt_test_resize_q80,Real,camera,unknown,0.035400390625,0.38818359375,0.3529052734375,1,1,1,E20_correct__E22_correct,E21_correct__E22_correct,both_correct
E14_Degraded,real_raise_supp_004_r01d0b83bt_test_double_jpeg,Real,camera,unknown,0.0224151611328125,0.279296875,0.2536087036132813,1,1,1,E20_correct__E22_correct,E21_correct__E22_correct,both_correct
E14_Degraded,ai_sb_midjourney-v5_130_r09a60f63t_test_whatsapp_q75,AI,midjourney-v5,unknown,0.99072265625,0.93017578125,0.93623046875,1,1,1,E20_correct__E22_correct,E21_correct__E22_correct,both_correct
E14_Degraded,ai_sb_midjourney-v5_130_r09a60f63t_test_resize_q80,AI,midjourney-v5,unknown,0.9873046875,0.9375,0.94248046875,1,1,1,E20_correct__E22_correct,E21_correct__E22_correct,both_correct
E14_Degraded,ai_sb_midjourney-v5_130_r09a60f63t_test_double_jpeg,AI,midjourney-v5,unknown,0.97802734375,0.9384765625,0.942431640625,1,1,1,E20_correct__E22_correct,E21_correct__E22_correct,both_correct
E14_Degraded,real_raise_191_r18d72ab2t_test_whatsapp_q75,Real,camera,unknown,0.003124237060546875,0.451171875,0.4063671112060547,1,1,1,E20_correct__E22_correct,E21_correct__E22_correct,both_correct
E14_Degraded,real_raise_191_r18d72ab2t_test_resize_q80,Real,camera,unknown,0.00579833984375,0.456787109375,0.411688232421875,1,1,1,E20_correct__E22_correct,E21_correct__E22_correct,both_correct
E14_Degraded,real_raise_191_r18d72ab2t_test_double_jpeg,Real,camera,unknown,0.00464630126953125,0.6328125,0.5699958801269531,1,0,0,E20_correct__E22_wrong,E21_wrong__E22_wrong,E20_correct__E21_wrong
E14_Degraded,real_raise_208_r1aa53167t_test_whatsapp_q75,Real,camera,unknown,0.0322265625,0.4033203125,0.3662109375,1,1,1,E20_correct__E22_correct,E21_correct__E22_correct,both_correct
E14_Degraded,real_raise_208_r1aa53167t_test_resize_q80,Real,camera,unknown,0.034759521484375,0.37548828125,0.3414154052734375,1,1,1,E20_correct__E22_correct,E21_correct__E22_correct,both_correct
E14_Degraded,real_raise_208_r1aa53167t_test_double_jpeg,Real,camera,unknown,0.03228759765625,0.360595703125,0.32776489257812497,1,1,1,E20_correct__E22_correct,E21_correct__E22_correct,both_correct
E14_Degraded,real_raise_202_r1a4651edt_test_whatsapp_q75,Real,camera,unknown,0.00821685791015625,0.06451416015625,0.05888442993164063,1,1,1,E20_correct__E22_correct,E21_correct__E22_correct,both_correct
E14_Degraded,real_raise_202_r1a4651edt_test_resize_q80,Real,camera,unknown,0.00844573974609375,0.06427001953125,0.058687591552734376,1,1,1,E20_correct__E22_correct,E21_correct__E22_correct,both_correct
E14_Degraded,real_raise_202_r1a4651edt_test_double_jpeg,Real,camera,unknown,0.00731658935546875,0.059967041015625,0.05470199584960937,1,1,1,E20_correct__E22_correct,E21_correct__E22_correct,both_correct
E14_Degraded,ai_sb_dalle2_003_r026b5360t_test_whatsapp_q75,AI,dalle2,unknown,0.292236328125,0.92138671875,0.8584716796874999,0,1,1,E20_wrong__E22_correct,E21_correct__E22_correct,E20_wrong__E21_correct
E14_Degraded,ai_sb_dalle2_003_r026b5360t_test_resize_q80,AI,dalle2,unknown,0.3291015625,0.92333984375,0.8639160156250001,0,1,1,E20_wrong__E22_correct,E21_correct__E22_correct,E20_wrong__E21_correct
E14_Degraded,ai_sb_dalle2_003_r026b5360t_test_double_jpeg,AI,dalle2,unknown,0.1422119140625,0.8623046875,0.79029541015625,0,1,1,E20_wrong__E22_correct,E21_correct__E22_correct,E20_wrong__E21_correct
E14_Degraded,ai_sb_supp_dalle2_002_r002fc3e2t_test_whatsapp_q75,AI,dalle2,unknown,0.55859375,0.99169921875,0.9483886718750001,1,1,1,E20_correct__E22_correct,E21_correct__E22_correct,both_correct
E14_Degraded,ai_sb_supp_dalle2_002_r002fc3e2t_test_resize_q80,AI,dalle2,unknown,0.64794921875,0.99365234375,0.95908203125,1,1,1,E20_correct__E22_correct,E21_correct__E22_correct,both_correct
E14_Degraded,ai_sb_supp_dalle2_002_r002fc3e2t_test_double_jpeg,AI,dalle2,unknown,0.5078125,0.98095703125,0.9336425781250001,1,1,1,E20_correct__E22_correct,E21_correct__E22_correct,both_correct
E14_Degraded,ai_sb_firefly_075_r0f5beb66t_test_whatsapp_q75,AI,firefly,unknown,0.0021152496337890625,0.10614013671875,0.09573764801025392,0,0,0,E20_wrong__E22_wrong,E21_wrong__E22_wrong,both_wrong
E14_Degraded,ai_sb_firefly_075_r0f5beb66t_test_resize_q80,AI,firefly,unknown,0.00217437744140625,0.103759765625,0.09360122680664062,0,0,0,E20_wrong__E22_wrong,E21_wrong__E22_wrong,both_wrong
E14_Degraded,ai_sb_firefly_075_r0f5beb66t_test_double_jpeg,AI,firefly,unknown,0.0016231536865234375,0.05419921875,0.048941612243652344,0,0,0,E20_wrong__E22_wrong,E21_wrong__E22_wrong,both_wrong
E14_Degraded,ai_sb_midjourney-v5_146_r1ad2de34t_test_whatsapp_q75,AI,midjourney-v5,unknown,0.033477783203125,0.80126953125,0.7244903564453126,0,1,1,E20_wrong__E22_correct,E21_correct__E22_correct,E20_wrong__E21_correct
E14_Degraded,ai_sb_midjourney-v5_146_r1ad2de34t_test_resize_q80,AI,midjourney-v5,unknown,0.0262603759765625,0.77685546875,0.7017959594726563,0,1,1,E20_wrong__E22_correct,E21_correct__E22_correct,E20_wrong__E21_correct
E14_Degraded,ai_sb_midjourney-v5_146_r1ad2de34t_test_double_jpeg,AI,midjourney-v5,unknown,0.0235137939453125,0.78076171875,0.7050369262695313,0,1,1,E20_wrong__E22_correct,E21_correct__E22_correct,E20_wrong__E21_correct
E14_Degraded,ai_sb_stable-diffusion-2_231_r159d3942t_test_whatsapp_q75,AI,stable-diffusion-2,unknown,0.06256103515625,0.02337646484375,0.027294921875,0,0,0,E20_wrong__E22_wrong,E21_wrong__E22_wrong,both_wrong
E14_Degraded,ai_sb_stable-diffusion-2_231_r159d3942t_test_resize_q80,AI,stable-diffusion-2,unknown,0.05706787109375,0.0322265625,0.034710693359375,0,0,0,E20_wrong__E22_wrong,E21_wrong__E22_wrong,both_wrong
E14_Degraded,ai_sb_stable-diffusion-2_231_r159d3942t_test_double_jpeg,AI,stable-diffusion-2,unknown,0.0635986328125,0.0153045654296875,0.02013397216796875,0,0,0,E20_wrong__E22_wrong,E21_wrong__E22_wrong,both_wrong
E14_Degraded,real_raise_075_r09851aa4t_test_whatsapp_q75,Real,camera,unknown,0.0245208740234375,0.255615234375,0.23250579833984378,1,1,1,E20_correct__E22_correct,E21_correct__E22_correct,both_correct
E14_Degraded,real_raise_075_r09851aa4t_test_resize_q80,Real,camera,unknown,0.0207672119140625,0.198486328125,0.18071441650390627,1,1,1,E20_correct__E22_correct,E21_correct__E22_correct,both_correct
E14_Degraded,real_raise_075_r09851aa4t_test_double_jpeg,Real,camera,unknown,0.0177764892578125,0.1851806640625,0.16844024658203124,1,1,1,E20_correct__E22_correct,E21_correct__E22_correct,both_correct
E14_Degraded,real_raise_110_r0ea0825ft_test_whatsapp_q75,Real,camera,unknown,0.732421875,0.84423828125,0.8330566406250001,0,0,0,E20_wrong__E22_wrong,E21_wrong__E22_wrong,both_wrong
E14_Degraded,real_raise_110_r0ea0825ft_test_resize_q80,Real,camera,unknown,0.640625,0.76416015625,0.751806640625,0,0,0,E20_wrong__E22_wrong,E21_wrong__E22_wrong,both_wrong
E14_Degraded,real_raise_110_r0ea0825ft_test_double_jpeg,Real,camera,unknown,0.6826171875,0.71728515625,0.713818359375,0,0,0,E20_wrong__E22_wrong,E21_wrong__E22_wrong,both_wrong
E14_Degraded,ai_sb_glide_109_r138ad247t_test_whatsapp_q75,AI,glide,unknown,0.278076171875,0.9697265625,0.9005615234375001,0,1,1,E20_wrong__E22_correct,E21_correct__E22_correct,E20_wrong__E21_correct
E14_Degraded,ai_sb_glide_109_r138ad247t_test_resize_q80,AI,glide,unknown,0.28662109375,0.9775390625,0.908447265625,0,1,1,E20_wrong__E22_correct,E21_correct__E22_correct,E20_wrong__E21_correct
E14_Degraded,ai_sb_glide_109_r138ad247t_test_double_jpeg,AI,glide,unknown,0.25439453125,0.962890625,0.8920410156249999,0,1,1,E20_wrong__E22_correct,E21_correct__E22_correct,E20_wrong__E21_correct
E14_Degraded,ai_sb_stable-diffusion-1-4_192_r0b7b1156t_test_whatsapp_q75,AI,stable-diffusion-1-4,unknown,0.264404296875,0.95166015625,0.8829345703125001,0,1,1,E20_wrong__E22_correct,E21_correct__E22_correct,E20_wrong__E21_correct
E14_Degraded,ai_sb_stable-diffusion-1-4_192_r0b7b1156t_test_resize_q80,AI,stable-diffusion-1-4,unknown,0.26123046875,0.923828125,0.857568359375,0,1,1,E20_wrong__E22_correct,E21_correct__E22_correct,E20_wrong__E21_correct
E14_Degraded,ai_sb_stable-diffusion-1-4_192_r0b7b1156t_test_double_jpeg,AI,stable-diffusion-1-4,unknown,0.1134033203125,0.646484375,0.59317626953125,0,1,1,E20_wrong__E22_correct,E21_correct__E22_correct,E20_wrong__E21_correct
E14_Degraded,real_raise_230_r1d00d8ect_test_whatsapp_q75,Real,camera,unknown,0.0194244384765625,0.86376953125,0.7793350219726564,1,0,0,E20_correct__E22_wrong,E21_wrong__E22_wrong,E20_correct__E21_wrong
E14_Degraded,real_raise_230_r1d00d8ect_test_resize_q80,Real,camera,unknown,0.017242431640625,0.8447265625,0.7619781494140625,1,0,0,E20_correct__E22_wrong,E21_wrong__E22_wrong,E20_correct__E21_wrong
E14_Degraded,real_raise_230_r1d00d8ect_test_double_jpeg,Real,camera,unknown,0.00577545166015625,0.8232421875,0.7414955139160156,1,0,0,E20_correct__E22_wrong,E21_wrong__E22_wrong,E20_correct__E21_wrong
E14_Degraded,ai_sb_dalle3_056_r1ad2de34t_test_whatsapp_q75,AI,dalle3,unknown,0.576171875,0.99853515625,0.956298828125,1,1,1,E20_correct__E22_correct,E21_correct__E22_correct,both_correct
E14_Degraded,ai_sb_dalle3_056_r1ad2de34t_test_resize_q80,AI,dalle3,unknown,0.564453125,0.998046875,0.9546875,1,1,1,E20_correct__E22_correct,E21_correct__E22_correct,both_correct
E14_Degraded,ai_sb_dalle3_056_r1ad2de34t_test_double_jpeg,AI,dalle3,unknown,0.3291015625,0.99560546875,0.9289550781250001,0,1,1,E20_wrong__E22_correct,E21_correct__E22_correct,E20_wrong__E21_correct
E14_Degraded,real_raise_072_r09445479t_test_whatsapp_q75,Real,camera,unknown,0.01450347900390625,0.8779296875,0.7915870666503907,1,0,0,E20_correct__E22_wrong,E21_wrong__E22_wrong,E20_correct__E21_wrong
E14_Degraded,real_raise_072_r09445479t_test_resize_q80,Real,camera,unknown,0.01312255859375,0.88427734375,0.797161865234375,1,0,0,E20_correct__E22_wrong,E21_wrong__E22_wrong,E20_correct__E21_wrong
E14_Degraded,real_raise_072_r09445479t_test_double_jpeg,Real,camera,unknown,0.00971221923828125,0.87939453125,0.7924263000488282,1,0,0,E20_correct__E22_wrong,E21_wrong__E22_wrong,E20_correct__E21_wrong
E14_Degraded,ai_sb_stable-diffusion-1-3_179_r1d9a31fct_test_whatsapp_q75,AI,stable-diffusion-1-3,unknown,0.0032100677490234375,0.38720703125,0.34880733489990234,0,0,0,E20_wrong__E22_wrong,E21_wrong__E22_wrong,both_wrong
E14_Degraded,ai_sb_stable-diffusion-1-3_179_r1d9a31fct_test_resize_q80,AI,stable-diffusion-1-3,unknown,0.0025310516357421875,0.2427978515625,0.21877117156982423,0,0,0,E20_wrong__E22_wrong,E21_wrong__E22_wrong,both_wrong
E14_Degraded,ai_sb_stable-diffusion-1-3_179_r1d9a31fct_test_double_jpeg,AI,stable-diffusion-1-3,unknown,0.0037212371826171875,0.0618896484375,0.05607280731201172,0,0,0,E20_wrong__E22_wrong,E21_wrong__E22_wrong,both_wrong
E14_Degraded,ai_sb_dalle2_010_r09a60f63t_test_whatsapp_q75,AI,dalle2,unknown,0.99462890625,0.98974609375,0.990234375,1,1,1,E20_correct__E22_correct,E21_correct__E22_correct,both_correct
E14_Degraded,ai_sb_dalle2_010_r09a60f63t_test_resize_q80,AI,dalle2,unknown,0.99267578125,0.98681640625,0.98740234375,1,1,1,E20_correct__E22_correct,E21_correct__E22_correct,both_correct
E14_Degraded,ai_sb_dalle2_010_r09a60f63t_test_double_jpeg,AI,dalle2,unknown,0.9912109375,0.98291015625,0.983740234375,1,1,1,E20_correct__E22_correct,E21_correct__E22_correct,both_correct
E14_Degraded,real_raise_supp_050_r1a8ee526t_test_whatsapp_q75,Real,camera,unknown,0.186279296875,0.9423828125,0.8667724609375,1,0,0,E20_correct__E22_wrong,E21_wrong__E22_wrong,E20_correct__E21_wrong
E14_Degraded,real_raise_supp_050_r1a8ee526t_test_resize_q80,Real,camera,unknown,0.1680908203125,0.92529296875,0.84957275390625,1,0,0,E20_correct__E22_wrong,E21_wrong__E22_wrong,E20_correct__E21_wrong
E14_Degraded,real_raise_supp_050_r1a8ee526t_test_double_jpeg,Real,camera,unknown,0.054107666015625,0.849609375,0.7700592041015625,1,0,0,E20_correct__E22_wrong,E21_wrong__E22_wrong,E20_correct__E21_wrong
E14_Degraded,real_raise_022_r02f1ba48t_test_whatsapp_q75,Real,camera,unknown,0.0257110595703125,0.82568359375,0.7456863403320313,1,0,0,E20_correct__E22_wrong,E21_wrong__E22_wrong,E20_correct__E21_wrong
E14_Degraded,real_raise_022_r02f1ba48t_test_resize_q80,Real,camera,unknown,0.0252227783203125,0.82958984375,0.7491531372070314,1,0,0,E20_correct__E22_wrong,E21_wrong__E22_wrong,E20_correct__E21_wrong
E14_Degraded,real_raise_022_r02f1ba48t_test_double_jpeg,Real,camera,unknown,0.0242767333984375,0.84130859375,0.7596054077148438,1,0,0,E20_correct__E22_wrong,E21_wrong__E22_wrong,E20_correct__E21_wrong
E14_Degraded,ai_sb_glide_092_r0150031ft_test_whatsapp_q75,AI,glide,unknown,0.197021484375,0.89013671875,0.8208251953125,0,1,1,E20_wrong__E22_correct,E21_correct__E22_correct,E20_wrong__E21_correct
E14_Degraded,ai_sb_glide_092_r0150031ft_test_resize_q80,AI,glide,unknown,0.1961669921875,0.91845703125,0.84622802734375,0,1,1,E20_wrong__E22_correct,E21_correct__E22_correct,E20_wrong__E21_correct
E14_Degraded,ai_sb_glide_092_r0150031ft_test_double_jpeg,AI,glide,unknown,0.1331787109375,0.87744140625,0.80301513671875,0,1,1,E20_wrong__E22_correct,E21_correct__E22_correct,E20_wrong__E21_correct
E14_Degraded,real_raise_158_r14289905t_test_whatsapp_q75,Real,camera,unknown,0.006587982177734375,0.7646484375,0.6888423919677735,1,0,0,E20_correct__E22_wrong,E21_wrong__E22_wrong,E20_correct__E21_wrong
E14_Degraded,real_raise_158_r14289905t_test_resize_q80,Real,camera,unknown,0.00557708740234375,0.72314453125,0.6513877868652345,1,0,0,E20_correct__E22_wrong,E21_wrong__E22_wrong,E20_correct__E21_wrong
E14_Degraded,real_raise_158_r14289905t_test_double_jpeg,Real,camera,unknown,0.0054473876953125,0.70849609375,0.6381912231445312,1,0,0,E20_correct__E22_wrong,E21_wrong__E22_wrong,E20_correct__E21_wrong
E14_Degraded,real_raise_210_r1ae12b3ft_test_whatsapp_q75,Real,camera,unknown,0.3134765625,0.1978759765625,0.20943603515625,1,1,1,E20_correct__E22_correct,E21_correct__E22_correct,both_correct
E14_Degraded,real_raise_210_r1ae12b3ft_test_resize_q80,Real,camera,unknown,0.344482421875,0.29443359375,0.2994384765625,1,1,1,E20_correct__E22_correct,E21_correct__E22_correct,both_correct
E14_Degraded,real_raise_210_r1ae12b3ft_test_double_jpeg,Real,camera,unknown,0.3583984375,0.1883544921875,0.20535888671875002,1,1,1,E20_correct__E22_correct,E21_correct__E22_correct,both_correct
E14_Degraded,ai_sb_stable-diffusion-1-4_208_r1c9fdcf4t_test_whatsapp_q75,AI,stable-diffusion-1-4,unknown,0.031494140625,0.8095703125,0.7317626953125,0,1,1,E20_wrong__E22_correct,E21_correct__E22_correct,E20_wrong__E21_correct
E14_Degraded,ai_sb_stable-diffusion-1-4_208_r1c9fdcf4t_test_resize_q80,AI,stable-diffusion-1-4,unknown,0.0343017578125,0.81005859375,0.7324829101562501,0,1,1,E20_wrong__E22_correct,E21_correct__E22_correct,E20_wrong__E21_correct
E14_Degraded,ai_sb_stable-diffusion-1-4_208_r1c9fdcf4t_test_double_jpeg,AI,stable-diffusion-1-4,unknown,0.023468017578125,0.61328125,0.5542999267578126,0,1,1,E20_wrong__E22_correct,E21_correct__E22_correct,E20_wrong__E21_correct
E14_Degraded,ai_sb_glide_097_r06743f8ft_test_whatsapp_q75,AI,glide,unknown,0.449462890625,0.52978515625,0.5217529296875,0,1,1,E20_wrong__E22_correct,E21_correct__E22_correct,E20_wrong__E21_correct
E14_Degraded,ai_sb_glide_097_r06743f8ft_test_resize_q80,AI,glide,unknown,0.6552734375,0.6357421875,0.6376953125,1,1,1,E20_correct__E22_correct,E21_correct__E22_correct,both_correct
E14_Degraded,ai_sb_glide_097_r06743f8ft_test_double_jpeg,AI,glide,unknown,0.37939453125,0.490966796875,0.47980957031250004,0,0,0,E20_wrong__E22_wrong,E21_wrong__E22_wrong,both_wrong
E14_Degraded,ai_sb_stable-diffusion-1-3_151_r000da54ft_test_whatsapp_q75,AI,stable-diffusion-1-3,unknown,0.010528564453125,0.9423828125,0.8491973876953125,0,1,1,E20_wrong__E22_correct,E21_correct__E22_correct,E20_wrong__E21_correct
E14_Degraded,ai_sb_stable-diffusion-1-3_151_r000da54ft_test_resize_q80,AI,stable-diffusion-1-3,unknown,0.006984710693359375,0.92822265625,0.836098861694336,0,1,1,E20_wrong__E22_correct,E21_correct__E22_correct,E20_wrong__E21_correct
E14_Degraded,ai_sb_stable-diffusion-1-3_151_r000da54ft_test_double_jpeg,AI,stable-diffusion-1-3,unknown,0.005687713623046875,0.69482421875,0.6259105682373047,0,1,1,E20_wrong__E22_correct,E21_correct__E22_correct,E20_wrong__E21_correct
E14_Degraded,ai_sb_firefly_070_r09a60f63t_test_whatsapp_q75,AI,firefly,unknown,0.98974609375,0.98876953125,0.9888671875,1,1,1,E20_correct__E22_correct,E21_correct__E22_correct,both_correct
E14_Degraded,ai_sb_firefly_070_r09a60f63t_test_resize_q80,AI,firefly,unknown,0.98583984375,0.98974609375,0.98935546875,1,1,1,E20_correct__E22_correct,E21_correct__E22_correct,both_correct
E14_Degraded,ai_sb_firefly_070_r09a60f63t_test_double_jpeg,AI,firefly,unknown,0.978515625,0.982421875,0.98203125,1,1,1,E20_correct__E22_correct,E21_correct__E22_correct,both_correct
E14_Degraded,real_raise_189_r187df69ft_test_whatsapp_q75,Real,camera,unknown,0.0287017822265625,0.841796875,0.7604873657226563,1,0,0,E20_correct__E22_wrong,E21_wrong__E22_wrong,E20_correct__E21_wrong
E14_Degraded,real_raise_189_r187df69ft_test_resize_q80,Real,camera,unknown,0.021331787109375,0.80126953125,0.7232757568359376,1,0,0,E20_correct__E22_wrong,E21_wrong__E22_wrong,E20_correct__E21_wrong
E14_Degraded,real_raise_189_r187df69ft_test_double_jpeg,Real,camera,unknown,0.0165252685546875,0.771484375,0.6959884643554688,1,0,0,E20_correct__E22_wrong,E21_wrong__E22_wrong,E20_correct__E21_wrong
E14_Degraded,ai_sb_stable-diffusion-2_234_r1900f7c7t_test_whatsapp_q75,AI,stable-diffusion-2,unknown,0.0016422271728515625,0.890625,0.8017267227172852,0,1,1,E20_wrong__E22_correct,E21_correct__E22_correct,E20_wrong__E21_correct
E14_Degraded,ai_sb_stable-diffusion-2_234_r1900f7c7t_test_resize_q80,AI,stable-diffusion-2,unknown,0.0026531219482421875,0.90185546875,0.8119352340698242,0,1,1,E20_wrong__E22_correct,E21_correct__E22_correct,E20_wrong__E21_correct
E14_Degraded,ai_sb_stable-diffusion-2_234_r1900f7c7t_test_double_jpeg,AI,stable-diffusion-2,unknown,0.0017004013061523438,0.8525390625,0.7674551963806153,0,1,1,E20_wrong__E22_correct,E21_correct__E22_correct,E20_wrong__E21_correct
E14_Degraded,ai_sb_firefly_088_r1c9fdcf4t_test_whatsapp_q75,AI,firefly,unknown,0.451904296875,0.99755859375,0.9429931640625,0,1,1,E20_wrong__E22_correct,E21_correct__E22_correct,E20_wrong__E21_correct
E14_Degraded,ai_sb_firefly_088_r1c9fdcf4t_test_resize_q80,AI,firefly,unknown,0.37646484375,0.99755859375,0.93544921875,0,1,1,E20_wrong__E22_correct,E21_correct__E22_correct,E20_wrong__E21_correct
E14_Degraded,ai_sb_firefly_088_r1c9fdcf4t_test_double_jpeg,AI,firefly,unknown,0.172119140625,0.99658203125,0.9141357421875,0,1,1,E20_wrong__E22_correct,E21_correct__E22_correct,E20_wrong__E21_correct
E14_Degraded,real_raise_180_r173ee7e8t_test_whatsapp_q75,Real,camera,unknown,0.00763702392578125,0.1634521484375,0.14787063598632813,1,1,1,E20_correct__E22_correct,E21_correct__E22_correct,both_correct
E14_Degraded,real_raise_180_r173ee7e8t_test_resize_q80,Real,camera,unknown,0.00861358642578125,0.171630859375,0.15532913208007815,1,1,1,E20_correct__E22_correct,E21_correct__E22_correct,both_correct
E14_Degraded,real_raise_180_r173ee7e8t_test_double_jpeg,Real,camera,unknown,0.006145477294921875,0.1497802734375,0.13541679382324218,1,1,1,E20_correct__E22_correct,E21_correct__E22_correct,both_correct
E14_Degraded,real_raise_supp_022_r0b3220e1t_test_whatsapp_q75,Real,camera,unknown,0.039947509765625,0.943359375,0.8530181884765625,1,0,0,E20_correct__E22_wrong,E21_wrong__E22_wrong,E20_correct__E21_wrong
E14_Degraded,real_raise_supp_022_r0b3220e1t_test_resize_q80,Real,camera,unknown,0.038909912109375,0.9052734375,0.8186370849609376,1,0,0,E20_correct__E22_wrong,E21_wrong__E22_wrong,E20_correct__E21_wrong
E14_Degraded,real_raise_supp_022_r0b3220e1t_test_double_jpeg,Real,camera,unknown,0.03643798828125,0.95166015625,0.8601379394531251,1,0,0,E20_correct__E22_wrong,E21_wrong__E22_wrong,E20_correct__E21_wrong
E14_Degraded,ai_sb_stable-diffusion-2_228_r1297fd0bt_test_whatsapp_q75,AI,stable-diffusion-2,unknown,0.9130859375,0.99169921875,0.983837890625,1,1,1,E20_correct__E22_correct,E21_correct__E22_correct,both_correct
E14_Degraded,ai_sb_stable-diffusion-2_228_r1297fd0bt_test_resize_q80,AI,stable-diffusion-2,unknown,0.9306640625,0.9912109375,0.98515625,1,1,1,E20_correct__E22_correct,E21_correct__E22_correct,both_correct
E14_Degraded,ai_sb_stable-diffusion-2_228_r1297fd0bt_test_double_jpeg,AI,stable-diffusion-2,unknown,0.87744140625,0.98974609375,0.978515625,1,1,1,E20_correct__E22_correct,E21_correct__E22_correct,both_correct
E14_Degraded,ai_sb_stable-diffusion-2_219_r08996953t_test_whatsapp_q75,AI,stable-diffusion-2,unknown,0.07208251953125,0.9970703125,0.904571533203125,0,1,1,E20_wrong__E22_correct,E21_correct__E22_correct,E20_wrong__E21_correct
E14_Degraded,ai_sb_stable-diffusion-2_219_r08996953t_test_resize_q80,AI,stable-diffusion-2,unknown,0.07763671875,0.99658203125,0.9046875000000001,0,1,1,E20_wrong__E22_correct,E21_correct__E22_correct,E20_wrong__E21_correct
E14_Degraded,ai_sb_stable-diffusion-2_219_r08996953t_test_double_jpeg,AI,stable-diffusion-2,unknown,0.0278472900390625,0.990234375,0.8939956665039063,0,1,1,E20_wrong__E22_correct,E21_correct__E22_correct,E20_wrong__E21_correct
E14_Degraded,ai_sb_stable-diffusion-1-3_171_r159d3942t_test_whatsapp_q75,AI,stable-diffusion-1-3,unknown,0.0034027099609375,0.72607421875,0.6538070678710938,0,1,1,E20_wrong__E22_correct,E21_correct__E22_correct,E20_wrong__E21_correct
E14_Degraded,ai_sb_stable-diffusion-1-3_171_r159d3942t_test_resize_q80,AI,stable-diffusion-1-3,unknown,0.003692626953125,0.68017578125,0.6125274658203125,0,1,1,E20_wrong__E22_correct,E21_correct__E22_correct,E20_wrong__E21_correct
E14_Degraded,ai_sb_stable-diffusion-1-3_171_r159d3942t_test_double_jpeg,AI,stable-diffusion-1-3,unknown,0.0029926300048828125,0.184326171875,0.16619281768798827,0,0,0,E20_wrong__E22_wrong,E21_wrong__E22_wrong,both_wrong
E14_Degraded,real_raise_102_r0cfedd72t_test_whatsapp_q75,Real,camera,unknown,0.011199951171875,0.298828125,0.27006530761718756,1,1,1,E20_correct__E22_correct,E21_correct__E22_correct,both_correct
E14_Degraded,real_raise_102_r0cfedd72t_test_resize_q80,Real,camera,unknown,0.01519012451171875,0.34423828125,0.31133346557617186,1,1,1,E20_correct__E22_correct,E21_correct__E22_correct,both_correct
E14_Degraded,real_raise_102_r0cfedd72t_test_double_jpeg,Real,camera,unknown,0.0115966796875,0.289794921875,0.26197509765625,1,1,1,E20_correct__E22_correct,E21_correct__E22_correct,both_correct
E14_Degraded,ai_sb_stable-diffusion-1-4_193_r0cd4ffb0t_test_whatsapp_q75,AI,stable-diffusion-1-4,unknown,0.331298828125,0.9970703125,0.9304931640624999,0,1,1,E20_wrong__E22_correct,E21_correct__E22_correct,E20_wrong__E21_correct
E14_Degraded,ai_sb_stable-diffusion-1-4_193_r0cd4ffb0t_test_resize_q80,AI,stable-diffusion-1-4,unknown,0.34130859375,0.99755859375,0.9319335937500001,0,1,1,E20_wrong__E22_correct,E21_correct__E22_correct,E20_wrong__E21_correct
E14_Degraded,ai_sb_stable-diffusion-1-4_193_r0cd4ffb0t_test_double_jpeg,AI,stable-diffusion-1-4,unknown,0.297119140625,0.97705078125,0.9090576171875,0,1,1,E20_wrong__E22_correct,E21_correct__E22_correct,E20_wrong__E21_correct
E14_Degraded,real_raise_170_r15f16465t_test_whatsapp_q75,Real,camera,unknown,0.00319671630859375,0.41748046875,0.3760520935058594,1,1,1,E20_correct__E22_correct,E21_correct__E22_correct,both_correct
E14_Degraded,real_raise_170_r15f16465t_test_resize_q80,Real,camera,unknown,0.0063629150390625,0.41552734375,0.37461090087890625,1,1,1,E20_correct__E22_correct,E21_correct__E22_correct,both_correct
E14_Degraded,real_raise_170_r15f16465t_test_double_jpeg,Real,camera,unknown,0.0020580291748046875,0.27978515625,0.2520124435424805,1,1,1,E20_correct__E22_correct,E21_correct__E22_correct,both_correct
E14_Degraded,ai_sb_glide_118_r1c9fdcf4t_test_whatsapp_q75,AI,glide,unknown,0.57958984375,0.89697265625,0.865234375,1,1,1,E20_correct__E22_correct,E21_correct__E22_correct,both_correct
E14_Degraded,ai_sb_glide_118_r1c9fdcf4t_test_resize_q80,AI,glide,unknown,0.58984375,0.91943359375,0.886474609375,1,1,1,E20_correct__E22_correct,E21_correct__E22_correct,both_correct
E14_Degraded,ai_sb_glide_118_r1c9fdcf4t_test_double_jpeg,AI,glide,unknown,0.268310546875,0.7099609375,0.6657958984375001,0,1,1,E20_wrong__E22_correct,E21_correct__E22_correct,E20_wrong__E21_correct
E14_Degraded,real_raise_097_r0c1f588dt_test_whatsapp_q75,Real,camera,unknown,0.0041351318359375,0.71142578125,0.6406967163085937,1,0,0,E20_correct__E22_wrong,E21_wrong__E22_wrong,E20_correct__E21_wrong
E14_Degraded,real_raise_097_r0c1f588dt_test_resize_q80,Real,camera,unknown,0.00494384765625,0.67724609375,0.610015869140625,1,0,0,E20_correct__E22_wrong,E21_wrong__E22_wrong,E20_correct__E21_wrong
E14_Degraded,real_raise_097_r0c1f588dt_test_double_jpeg,Real,camera,unknown,0.0022258758544921875,0.5654296875,0.5091093063354493,1,0,0,E20_correct__E22_wrong,E21_wrong__E22_wrong,E20_correct__E21_wrong
E14_Degraded,real_raise_121_r0faffef3t_test_whatsapp_q75,Real,camera,unknown,0.0592041015625,0.8125,0.7371704101562501,1,0,0,E20_correct__E22_wrong,E21_wrong__E22_wrong,E20_correct__E21_wrong
E14_Degraded,real_raise_121_r0faffef3t_test_resize_q80,Real,camera,unknown,0.05072021484375,0.79931640625,0.724456787109375,1,0,0,E20_correct__E22_wrong,E21_wrong__E22_wrong,E20_correct__E21_wrong
E14_Degraded,real_raise_121_r0faffef3t_test_double_jpeg,Real,camera,unknown,0.0236053466796875,0.72314453125,0.6531906127929688,1,0,0,E20_correct__E22_wrong,E21_wrong__E22_wrong,E20_correct__E21_wrong
E14_Degraded,ai_sb_midjourney-v5_138_r1297fd0bt_test_whatsapp_q75,AI,midjourney-v5,unknown,0.439453125,0.51171875,0.5044921875,0,1,1,E20_wrong__E22_correct,E21_correct__E22_correct,E20_wrong__E21_correct
E14_Degraded,ai_sb_midjourney-v5_138_r1297fd0bt_test_resize_q80,AI,midjourney-v5,unknown,0.444091796875,0.51416015625,0.5071533203125,0,1,1,E20_wrong__E22_correct,E21_correct__E22_correct,E20_wrong__E21_correct
E14_Degraded,ai_sb_midjourney-v5_138_r1297fd0bt_test_double_jpeg,AI,midjourney-v5,unknown,0.2264404296875,0.46923828125,0.44495849609375,0,0,0,E20_wrong__E22_wrong,E21_wrong__E22_wrong,both_wrong
E14_Degraded,real_raise_026_r0372042dt_test_whatsapp_q75,Real,camera,unknown,0.281494140625,0.8173828125,0.7637939453125001,1,0,0,E20_correct__E22_wrong,E21_wrong__E22_wrong,E20_correct__E21_wrong
E14_Degraded,real_raise_026_r0372042dt_test_resize_q80,Real,camera,unknown,0.3349609375,0.87255859375,0.8187988281249999,1,0,0,E20_correct__E22_wrong,E21_wrong__E22_wrong,E20_correct__E21_wrong
E14_Degraded,real_raise_026_r0372042dt_test_double_jpeg,Real,camera,unknown,0.1693115234375,0.74072265625,0.68358154296875,1,0,0,E20_correct__E22_wrong,E21_wrong__E22_wrong,E20_correct__E21_wrong
E14_Degraded,ai_sb_midjourney-v5_133_r0cd4ffb0t_test_whatsapp_q75,AI,midjourney-v5,unknown,0.54736328125,0.91845703125,0.88134765625,1,1,1,E20_correct__E22_correct,E21_correct__E22_correct,both_correct
E14_Degraded,ai_sb_midjourney-v5_133_r0cd4ffb0t_test_resize_q80,AI,midjourney-v5,unknown,0.468017578125,0.88525390625,0.8435302734375,0,1,1,E20_wrong__E22_correct,E21_correct__E22_correct,E20_wrong__E21_correct
E14_Degraded,ai_sb_midjourney-v5_133_r0cd4ffb0t_test_double_jpeg,AI,midjourney-v5,unknown,0.50146484375,0.90625,0.8657714843750001,1,1,1,E20_correct__E22_correct,E21_correct__E22_correct,both_correct
E14_Degraded,real_raise_185_r180bcbd7t_test_whatsapp_q75,Real,camera,unknown,0.001934051513671875,0.63037109375,0.5675273895263673,1,0,0,E20_correct__E22_wrong,E21_wrong__E22_wrong,E20_correct__E21_wrong
E14_Degraded,real_raise_185_r180bcbd7t_test_resize_q80,Real,camera,unknown,0.00147247314453125,0.650390625,0.5854988098144531,1,0,0,E20_correct__E22_wrong,E21_wrong__E22_wrong,E20_correct__E21_wrong
E14_Degraded,real_raise_185_r180bcbd7t_test_double_jpeg,Real,camera,unknown,0.002590179443359375,0.52294921875,0.4709133148193359,1,0,1,E20_correct__E22_correct,E21_wrong__E22_correct,E20_correct__E21_wrong
E14_Degraded,real_raise_080_r0a19cb85t_test_whatsapp_q75,Real,camera,unknown,0.0003669261932373047,0.0258636474609375,0.02331397533416748,1,1,1,E20_correct__E22_correct,E21_correct__E22_correct,both_correct
E14_Degraded,real_raise_080_r0a19cb85t_test_resize_q80,Real,camera,unknown,0.0003275871276855469,0.02069091796875,0.018654584884643555,1,1,1,E20_correct__E22_correct,E21_correct__E22_correct,both_correct
E14_Degraded,real_raise_080_r0a19cb85t_test_double_jpeg,Real,camera,unknown,0.0005211830139160156,0.016845703125,0.015213251113891602,1,1,1,E20_correct__E22_correct,E21_correct__E22_correct,both_correct
E14_Degraded,ai_sb_stable-diffusion-1-4_187_r06743f8ft_test_whatsapp_q75,AI,stable-diffusion-1-4,unknown,0.68994140625,0.95751953125,0.93076171875,1,1,1,E20_correct__E22_correct,E21_correct__E22_correct,both_correct
E14_Degraded,ai_sb_stable-diffusion-1-4_187_r06743f8ft_test_resize_q80,AI,stable-diffusion-1-4,unknown,0.73828125,0.97607421875,0.9522949218750001,1,1,1,E20_correct__E22_correct,E21_correct__E22_correct,both_correct
E14_Degraded,ai_sb_stable-diffusion-1-4_187_r06743f8ft_test_double_jpeg,AI,stable-diffusion-1-4,unknown,0.67919921875,0.92431640625,0.8998046875,1,1,1,E20_correct__E22_correct,E21_correct__E22_correct,both_correct
E14_Degraded,real_raise_123_r0fdfc4f0t_test_whatsapp_q75,Real,camera,unknown,0.049041748046875,0.6513671875,0.5911346435546876,1,0,0,E20_correct__E22_wrong,E21_wrong__E22_wrong,E20_correct__E21_wrong
E14_Degraded,real_raise_123_r0fdfc4f0t_test_resize_q80,Real,camera,unknown,0.028167724609375,0.58984375,0.5336761474609375,1,0,0,E20_correct__E22_wrong,E21_wrong__E22_wrong,E20_correct__E21_wrong
E14_Degraded,real_raise_123_r0fdfc4f0t_test_double_jpeg,Real,camera,unknown,0.01495361328125,0.44091796875,0.398321533203125,1,1,1,E20_correct__E22_correct,E21_correct__E22_correct,both_correct
E14_Degraded,ai_sb_glide_107_r116825e2t_test_whatsapp_q75,AI,glide,unknown,0.476318359375,0.92626953125,0.8812744140625,0,1,1,E20_wrong__E22_correct,E21_correct__E22_correct,E20_wrong__E21_correct
E14_Degraded,ai_sb_glide_107_r116825e2t_test_resize_q80,AI,glide,unknown,0.339111328125,0.9423828125,0.8820556640625,0,1,1,E20_wrong__E22_correct,E21_correct__E22_correct,E20_wrong__E21_correct
E14_Degraded,ai_sb_glide_107_r116825e2t_test_double_jpeg,AI,glide,unknown,0.194580078125,0.9111328125,0.8394775390625,0,1,1,E20_wrong__E22_correct,E21_correct__E22_correct,E20_wrong__E21_correct
E14_Degraded,real_raise_045_r05bf2f53t_test_whatsapp_q75,Real,camera,unknown,0.34521484375,0.6474609375,0.6172363281250001,1,0,0,E20_correct__E22_wrong,E21_wrong__E22_wrong,E20_correct__E21_wrong
E14_Degraded,real_raise_045_r05bf2f53t_test_resize_q80,Real,camera,unknown,0.390625,0.72705078125,0.6934082031250001,1,0,0,E20_correct__E22_wrong,E21_wrong__E22_wrong,E20_correct__E21_wrong
E14_Degraded,real_raise_045_r05bf2f53t_test_double_jpeg,Real,camera,unknown,0.285888671875,0.6884765625,0.6482177734375,1,0,0,E20_correct__E22_wrong,E21_wrong__E22_wrong,E20_correct__E21_wrong
E14_Degraded,ai_sb_dalle3_053_r17fe8532t_test_whatsapp_q75,AI,dalle3,unknown,0.47802734375,0.97705078125,0.9271484375000001,0,1,1,E20_wrong__E22_correct,E21_correct__E22_correct,E20_wrong__E21_correct
E14_Degraded,ai_sb_dalle3_053_r17fe8532t_test_resize_q80,AI,dalle3,unknown,0.490478515625,0.9736328125,0.9253173828125001,0,1,1,E20_wrong__E22_correct,E21_correct__E22_correct,E20_wrong__E21_correct
E14_Degraded,ai_sb_dalle3_053_r17fe8532t_test_double_jpeg,AI,dalle3,unknown,0.36572265625,0.96630859375,0.9062500000000001,0,1,1,E20_wrong__E22_correct,E21_correct__E22_correct,E20_wrong__E21_correct
E14_Degraded,ai_sb_stable-diffusion-2_213_r026b5360t_test_whatsapp_q75,AI,stable-diffusion-2,unknown,0.6171875,0.9619140625,0.92744140625,1,1,1,E20_correct__E22_correct,E21_correct__E22_correct,both_correct
E14_Degraded,ai_sb_stable-diffusion-2_213_r026b5360t_test_resize_q80,AI,stable-diffusion-2,unknown,0.80126953125,0.98388671875,0.965625,1,1,1,E20_correct__E22_correct,E21_correct__E22_correct,both_correct
E14_Degraded,ai_sb_stable-diffusion-2_213_r026b5360t_test_double_jpeg,AI,stable-diffusion-2,unknown,0.8740234375,0.97119140625,0.9614746093750001,1,1,1,E20_correct__E22_correct,E21_correct__E22_correct,both_correct
E14_Degraded,real_raise_018_r0279b17bt_test_whatsapp_q75,Real,camera,unknown,0.013427734375,0.194580078125,0.17646484375000002,1,1,1,E20_correct__E22_correct,E21_correct__E22_correct,both_correct
E14_Degraded,real_raise_018_r0279b17bt_test_resize_q80,Real,camera,unknown,0.0193023681640625,0.216552734375,0.19682769775390627,1,1,1,E20_correct__E22_correct,E21_correct__E22_correct,both_correct
E14_Degraded,real_raise_018_r0279b17bt_test_double_jpeg,Real,camera,unknown,0.0169219970703125,0.1978759765625,0.17978057861328126,1,1,1,E20_correct__E22_correct,E21_correct__E22_correct,both_correct
E14_Degraded,real_raise_055_r0703243bt_test_whatsapp_q75,Real,camera,unknown,0.0018825531005859375,0.8466796875,0.7621999740600587,1,0,0,E20_correct__E22_wrong,E21_wrong__E22_wrong,E20_correct__E21_wrong
E14_Degraded,real_raise_055_r0703243bt_test_resize_q80,Real,camera,unknown,0.0019044876098632812,0.82763671875,0.7450634956359863,1,0,0,E20_correct__E22_wrong,E21_wrong__E22_wrong,E20_correct__E21_wrong
E14_Degraded,real_raise_055_r0703243bt_test_double_jpeg,Real,camera,unknown,0.0016613006591796875,0.798828125,0.719111442565918,1,0,0,E20_correct__E22_wrong,E21_wrong__E22_wrong,E20_correct__E21_wrong
E14_Degraded,ai_sb_firefly_079_r138ad247t_test_whatsapp_q75,AI,firefly,unknown,0.02386474609375,0.818359375,0.7389099121093751,0,1,1,E20_wrong__E22_correct,E21_correct__E22_correct,E20_wrong__E21_correct
E14_Degraded,ai_sb_firefly_079_r138ad247t_test_resize_q80,AI,firefly,unknown,0.0211181640625,0.8251953125,0.74478759765625,0,1,1,E20_wrong__E22_correct,E21_correct__E22_correct,E20_wrong__E21_correct
E14_Degraded,ai_sb_firefly_079_r138ad247t_test_double_jpeg,AI,firefly,unknown,0.0177764892578125,0.79736328125,0.7194046020507813,0,1,1,E20_wrong__E22_correct,E21_correct__E22_correct,E20_wrong__E21_correct
E14_Degraded,ai_sb_firefly_090_r1e9082f9t_test_whatsapp_q75,AI,firefly,unknown,0.01363372802734375,0.7919921875,0.7141563415527343,0,1,1,E20_wrong__E22_correct,E21_correct__E22_correct,E20_wrong__E21_correct
E14_Degraded,ai_sb_firefly_090_r1e9082f9t_test_resize_q80,AI,firefly,unknown,0.011962890625,0.7734375,0.6972900390625001,0,1,1,E20_wrong__E22_correct,E21_correct__E22_correct,E20_wrong__E21_correct
E14_Degraded,ai_sb_firefly_090_r1e9082f9t_test_double_jpeg,AI,firefly,unknown,0.01332855224609375,0.81396484375,0.7339012145996093,0,1,1,E20_wrong__E22_correct,E21_correct__E22_correct,E20_wrong__E21_correct
E14_Degraded,ai_sb_stable-diffusion-2_225_r0f5beb66t_test_whatsapp_q75,AI,stable-diffusion-2,unknown,0.21142578125,0.97216796875,0.89609375,0,1,1,E20_wrong__E22_correct,E21_correct__E22_correct,E20_wrong__E21_correct
E14_Degraded,ai_sb_stable-diffusion-2_225_r0f5beb66t_test_resize_q80,AI,stable-diffusion-2,unknown,0.2259521484375,0.9619140625,0.88831787109375,0,1,1,E20_wrong__E22_correct,E21_correct__E22_correct,E20_wrong__E21_correct
E14_Degraded,ai_sb_stable-diffusion-2_225_r0f5beb66t_test_double_jpeg,AI,stable-diffusion-2,unknown,0.263671875,0.95068359375,0.881982421875,0,1,1,E20_wrong__E22_correct,E21_correct__E22_correct,E20_wrong__E21_correct
E14_Degraded,ai_sb_supp_stable-diffusion-1-4_020_r002fc3e2t_test_whatsapp_q75,AI,stable-diffusion-1-4,unknown,0.046630859375,0.82958984375,0.7512939453125,0,1,1,E20_wrong__E22_correct,E21_correct__E22_correct,E20_wrong__E21_correct
E14_Degraded,ai_sb_supp_stable-diffusion-1-4_020_r002fc3e2t_test_resize_q80,AI,stable-diffusion-1-4,unknown,0.04248046875,0.8583984375,0.776806640625,0,1,1,E20_wrong__E22_correct,E21_correct__E22_correct,E20_wrong__E21_correct
E14_Degraded,ai_sb_supp_stable-diffusion-1-4_020_r002fc3e2t_test_double_jpeg,AI,stable-diffusion-1-4,unknown,0.040252685546875,0.468017578125,0.4252410888671875,0,0,0,E20_wrong__E22_wrong,E21_wrong__E22_wrong,both_wrong
E14_Degraded,real_raise_206_r1a8fe570t_test_whatsapp_q75,Real,camera,unknown,0.0015544891357421875,0.1541748046875,0.13891277313232422,1,1,1,E20_correct__E22_correct,E21_correct__E22_correct,both_correct
E14_Degraded,real_raise_206_r1a8fe570t_test_resize_q80,Real,camera,unknown,0.0013456344604492188,0.1312255859375,0.11823759078979493,1,1,1,E20_correct__E22_correct,E21_correct__E22_correct,both_correct
E14_Degraded,real_raise_206_r1a8fe570t_test_double_jpeg,Real,camera,unknown,0.0009326934814453125,0.0869140625,0.07831592559814454,1,1,1,E20_correct__E22_correct,E21_correct__E22_correct,both_correct
E14_Degraded,real_raise_058_r079d086et_test_whatsapp_q75,Real,camera,unknown,4.035234451293945e-05,0.276611328125,0.24895423054695132,1,1,1,E20_correct__E22_correct,E21_correct__E22_correct,both_correct
E14_Degraded,real_raise_058_r079d086et_test_resize_q80,Real,camera,unknown,3.3974647521972656e-05,0.2259521484375,0.2033603310585022,1,1,1,E20_correct__E22_correct,E21_correct__E22_correct,both_correct
E14_Degraded,real_raise_058_r079d086et_test_double_jpeg,Real,camera,unknown,3.820657730102539e-05,0.139892578125,0.12590714097023012,1,1,1,E20_correct__E22_correct,E21_correct__E22_correct,both_correct
E14_Degraded,ai_sb_glide_101_r0a9384b1t_test_whatsapp_q75,AI,glide,unknown,0.43701171875,0.521484375,0.513037109375,0,1,1,E20_wrong__E22_correct,E21_correct__E22_correct,E20_wrong__E21_correct
E14_Degraded,ai_sb_glide_101_r0a9384b1t_test_resize_q80,AI,glide,unknown,0.408935546875,0.67431640625,0.6477783203125,0,1,1,E20_wrong__E22_correct,E21_correct__E22_correct,E20_wrong__E21_correct
E14_Degraded,ai_sb_glide_101_r0a9384b1t_test_double_jpeg,AI,glide,unknown,0.34912109375,0.411376953125,0.4051513671875,0,0,0,E20_wrong__E22_wrong,E21_wrong__E22_wrong,both_wrong
E14_Degraded,real_raise_supp_041_r15efd876t_test_whatsapp_q75,Real,camera,unknown,0.138916015625,0.9111328125,0.8339111328125001,1,0,0,E20_correct__E22_wrong,E21_wrong__E22_wrong,E20_correct__E21_wrong
E14_Degraded,real_raise_supp_041_r15efd876t_test_resize_q80,Real,camera,unknown,0.1650390625,0.91357421875,0.838720703125,1,0,0,E20_correct__E22_wrong,E21_wrong__E22_wrong,E20_correct__E21_wrong
E14_Degraded,real_raise_supp_041_r15efd876t_test_double_jpeg,Real,camera,unknown,0.12451171875,0.9228515625,0.843017578125,1,0,0,E20_correct__E22_wrong,E21_wrong__E22_wrong,E20_correct__E21_wrong
E14_Degraded,real_raise_supp_009_r04395e54t_test_whatsapp_q75,Real,camera,unknown,0.00974273681640625,0.60546875,0.5458961486816406,1,0,0,E20_correct__E22_wrong,E21_wrong__E22_wrong,E20_correct__E21_wrong
E14_Degraded,real_raise_supp_009_r04395e54t_test_resize_q80,Real,camera,unknown,0.01116180419921875,0.625,0.5636161804199219,1,0,0,E20_correct__E22_wrong,E21_wrong__E22_wrong,E20_correct__E21_wrong
E14_Degraded,real_raise_supp_009_r04395e54t_test_double_jpeg,Real,camera,unknown,0.00757598876953125,0.5830078125,0.5254646301269532,1,0,0,E20_correct__E22_wrong,E21_wrong__E22_wrong,E20_correct__E21_wrong
E14_Degraded,real_raise_152_r13934dc7t_test_whatsapp_q75,Real,camera,unknown,0.0018606185913085938,0.986328125,0.8878813743591308,1,0,0,E20_correct__E22_wrong,E21_wrong__E22_wrong,E20_correct__E21_wrong
E14_Degraded,real_raise_152_r13934dc7t_test_resize_q80,Real,camera,unknown,0.0013513565063476562,0.48095703125,0.4329964637756348,1,1,1,E20_correct__E22_correct,E21_correct__E22_correct,both_correct
E14_Degraded,real_raise_152_r13934dc7t_test_double_jpeg,Real,camera,unknown,0.0012159347534179688,0.82666015625,0.7441157341003418,1,0,0,E20_correct__E22_wrong,E21_wrong__E22_wrong,E20_correct__E21_wrong
E14_Degraded,real_raise_supp_028_r0f25b326t_test_whatsapp_q75,Real,camera,unknown,0.03216552734375,0.90234375,0.8153259277343751,1,0,0,E20_correct__E22_wrong,E21_wrong__E22_wrong,E20_correct__E21_wrong
E14_Degraded,real_raise_supp_028_r0f25b326t_test_resize_q80,Real,camera,unknown,0.040252685546875,0.912109375,0.8249237060546876,1,0,0,E20_correct__E22_wrong,E21_wrong__E22_wrong,E20_correct__E21_wrong
E14_Degraded,real_raise_supp_028_r0f25b326t_test_double_jpeg,Real,camera,unknown,0.03173828125,0.90283203125,0.8157226562500001,1,0,0,E20_correct__E22_wrong,E21_wrong__E22_wrong,E20_correct__E21_wrong
E14_Degraded,real_raise_supp_014_r070a874ct_test_whatsapp_q75,Real,camera,unknown,0.00881195068359375,0.5068359375,0.4570335388183594,1,0,1,E20_correct__E22_correct,E21_wrong__E22_correct,E20_correct__E21_wrong
E14_Degraded,real_raise_supp_014_r070a874ct_test_resize_q80,Real,camera,unknown,0.009521484375,0.4775390625,0.43073730468750004,1,1,1,E20_correct__E22_correct,E21_correct__E22_correct,both_correct
E14_Degraded,real_raise_supp_014_r070a874ct_test_double_jpeg,Real,camera,unknown,0.01049041748046875,0.44921875,0.4053459167480469,1,1,1,E20_correct__E22_correct,E21_correct__E22_correct,both_correct
E14_Degraded,real_raise_supp_006_r02d732f8t_test_whatsapp_q75,Real,camera,unknown,0.002590179443359375,0.08538818359375,0.07710838317871095,1,1,1,E20_correct__E22_correct,E21_correct__E22_correct,both_correct
E14_Degraded,real_raise_supp_006_r02d732f8t_test_resize_q80,Real,camera,unknown,0.00319671630859375,0.08251953125,0.07458724975585937,1,1,1,E20_correct__E22_correct,E21_correct__E22_correct,both_correct
E14_Degraded,real_raise_supp_006_r02d732f8t_test_double_jpeg,Real,camera,unknown,0.0033245086669921875,0.0830078125,0.07503948211669922,1,1,1,E20_correct__E22_correct,E21_correct__E22_correct,both_correct
E14_Degraded,ai_sb_dalle2_022_r169c7350t_test_whatsapp_q75,AI,dalle2,unknown,0.204345703125,0.95751953125,0.8822021484375,0,1,1,E20_wrong__E22_correct,E21_correct__E22_correct,E20_wrong__E21_correct
E14_Degraded,ai_sb_dalle2_022_r169c7350t_test_resize_q80,AI,dalle2,unknown,0.216064453125,0.9609375,0.8864501953125,0,1,1,E20_wrong__E22_correct,E21_correct__E22_correct,E20_wrong__E21_correct
E14_Degraded,ai_sb_dalle2_022_r169c7350t_test_double_jpeg,AI,dalle2,unknown,0.2225341796875,0.9443359375,0.8721557617187501,0,1,1,E20_wrong__E22_correct,E21_correct__E22_correct,E20_wrong__E21_correct
E14_Degraded,real_raise_supp_025_r0cea5432t_test_whatsapp_q75,Real,camera,unknown,0.279052734375,0.67431640625,0.6347900390625001,1,0,0,E20_correct__E22_wrong,E21_wrong__E22_wrong,E20_correct__E21_wrong
E14_Degraded,real_raise_supp_025_r0cea5432t_test_resize_q80,Real,camera,unknown,0.193603515625,0.68994140625,0.6403076171875001,1,0,0,E20_correct__E22_wrong,E21_wrong__E22_wrong,E20_correct__E21_wrong
E14_Degraded,real_raise_supp_025_r0cea5432t_test_double_jpeg,Real,camera,unknown,0.255615234375,0.671875,0.6302490234375,1,0,0,E20_correct__E22_wrong,E21_wrong__E22_wrong,E20_correct__E21_wrong
E14_Degraded,real_raise_242_r1e8acc5ct_test_whatsapp_q75,Real,camera,unknown,0.00473785400390625,0.1331787109375,0.12033462524414062,1,1,1,E20_correct__E22_correct,E21_correct__E22_correct,both_correct
E14_Degraded,real_raise_242_r1e8acc5ct_test_resize_q80,Real,camera,unknown,0.0036640167236328125,0.1181640625,0.10671405792236328,1,1,1,E20_correct__E22_correct,E21_correct__E22_correct,both_correct
E14_Degraded,real_raise_242_r1e8acc5ct_test_double_jpeg,Real,camera,unknown,0.0035247802734375,0.10540771484375,0.09521942138671875,1,1,1,E20_correct__E22_correct,E21_correct__E22_correct,both_correct
E14_Degraded,ai_sb_midjourney-v5_126_r056f233bt_test_whatsapp_q75,AI,midjourney-v5,unknown,0.697265625,0.5517578125,0.56630859375,1,1,1,E20_correct__E22_correct,E21_correct__E22_correct,both_correct
E14_Degraded,ai_sb_midjourney-v5_126_r056f233bt_test_resize_q80,AI,midjourney-v5,unknown,0.66357421875,0.5458984375,0.5576660156250001,1,1,1,E20_correct__E22_correct,E21_correct__E22_correct,both_correct
E14_Degraded,ai_sb_midjourney-v5_126_r056f233bt_test_double_jpeg,AI,midjourney-v5,unknown,0.5830078125,0.416015625,0.43271484375,1,0,0,E20_correct__E22_wrong,E21_wrong__E22_wrong,E20_correct__E21_wrong
E14_Degraded,real_raise_035_r047aa954t_test_whatsapp_q75,Real,camera,unknown,0.06768798828125,0.388427734375,0.356353759765625,1,1,1,E20_correct__E22_correct,E21_correct__E22_correct,both_correct
E14_Degraded,real_raise_035_r047aa954t_test_resize_q80,Real,camera,unknown,0.06744384765625,0.3994140625,0.366217041015625,1,1,1,E20_correct__E22_correct,E21_correct__E22_correct,both_correct
E14_Degraded,real_raise_035_r047aa954t_test_double_jpeg,Real,camera,unknown,0.0293121337890625,0.269775390625,0.24572906494140626,1,1,1,E20_correct__E22_correct,E21_correct__E22_correct,both_correct
E14_Degraded,ai_sb_dalle2_012_r0b7b1156t_test_whatsapp_q75,AI,dalle2,unknown,0.10247802734375,0.8046875,0.734466552734375,0,1,1,E20_wrong__E22_correct,E21_correct__E22_correct,E20_wrong__E21_correct
E14_Degraded,ai_sb_dalle2_012_r0b7b1156t_test_resize_q80,AI,dalle2,unknown,0.11474609375,0.810546875,0.740966796875,0,1,1,E20_wrong__E22_correct,E21_correct__E22_correct,E20_wrong__E21_correct
E14_Degraded,ai_sb_dalle2_012_r0b7b1156t_test_double_jpeg,AI,dalle2,unknown,0.0574951171875,0.7412109375,0.6728393554687501,0,1,1,E20_wrong__E22_correct,E21_correct__E22_correct,E20_wrong__E21_correct
E14_Degraded,real_raise_184_r17f60607t_test_whatsapp_q75,Real,camera,unknown,0.0087432861328125,0.391845703125,0.35353546142578124,1,1,1,E20_correct__E22_correct,E21_correct__E22_correct,both_correct
E14_Degraded,real_raise_184_r17f60607t_test_resize_q80,Real,camera,unknown,0.0059814453125,0.34765625,0.31348876953125004,1,1,1,E20_correct__E22_correct,E21_correct__E22_correct,both_correct
E14_Degraded,real_raise_184_r17f60607t_test_double_jpeg,Real,camera,unknown,0.004924774169921875,0.3544921875,0.3195354461669922,1,1,1,E20_correct__E22_correct,E21_correct__E22_correct,both_correct
E14_Degraded,real_raise_127_r1070b804t_test_whatsapp_q75,Real,camera,unknown,0.1622314453125,0.84912109375,0.78043212890625,1,0,0,E20_correct__E22_wrong,E21_wrong__E22_wrong,E20_correct__E21_wrong
E14_Degraded,real_raise_127_r1070b804t_test_resize_q80,Real,camera,unknown,0.146484375,0.81005859375,0.7437011718750001,1,0,0,E20_correct__E22_wrong,E21_wrong__E22_wrong,E20_correct__E21_wrong
E14_Degraded,real_raise_127_r1070b804t_test_double_jpeg,Real,camera,unknown,0.09979248046875,0.81103515625,0.739910888671875,1,0,0,E20_correct__E22_wrong,E21_wrong__E22_wrong,E20_correct__E21_wrong
E14_Degraded,ai_sb_stable-diffusion-1-3_176_r1ad2de34t_test_whatsapp_q75,AI,stable-diffusion-1-3,unknown,0.183837890625,0.97607421875,0.8968505859375001,0,1,1,E20_wrong__E22_correct,E21_correct__E22_correct,E20_wrong__E21_correct
E14_Degraded,ai_sb_stable-diffusion-1-3_176_r1ad2de34t_test_resize_q80,AI,stable-diffusion-1-3,unknown,0.1446533203125,0.9697265625,0.88721923828125,0,1,1,E20_wrong__E22_correct,E21_correct__E22_correct,E20_wrong__E21_correct
E14_Degraded,ai_sb_stable-diffusion-1-3_176_r1ad2de34t_test_double_jpeg,AI,stable-diffusion-1-3,unknown,0.089111328125,0.81298828125,0.7406005859375,0,1,1,E20_wrong__E22_correct,E21_correct__E22_correct,E20_wrong__E21_correct
E14_Degraded,ai_sb_firefly_076_r102b4aa4t_test_whatsapp_q75,AI,firefly,unknown,0.0225372314453125,0.7138671875,0.6447341918945312,0,1,1,E20_wrong__E22_correct,E21_correct__E22_correct,E20_wrong__E21_correct
E14_Degraded,ai_sb_firefly_076_r102b4aa4t_test_resize_q80,AI,firefly,unknown,0.02056884765625,0.71728515625,0.6476135253906251,0,1,1,E20_wrong__E22_correct,E21_correct__E22_correct,E20_wrong__E21_correct
E14_Degraded,ai_sb_firefly_076_r102b4aa4t_test_double_jpeg,AI,firefly,unknown,0.01132965087890625,0.60107421875,0.5420997619628907,0,1,1,E20_wrong__E22_correct,E21_correct__E22_correct,E20_wrong__E21_correct
E14_Degraded,ai_sb_supp_stable-diffusion-2_024_r00444b95t_test_whatsapp_q75,AI,stable-diffusion-2,unknown,0.01262664794921875,0.99267578125,0.8946708679199219,0,1,1,E20_wrong__E22_correct,E21_correct__E22_correct,E20_wrong__E21_correct
E14_Degraded,ai_sb_supp_stable-diffusion-2_024_r00444b95t_test_resize_q80,AI,stable-diffusion-2,unknown,0.01137542724609375,0.9892578125,0.8914695739746095,0,1,1,E20_wrong__E22_correct,E21_correct__E22_correct,E20_wrong__E21_correct
E14_Degraded,ai_sb_supp_stable-diffusion-2_024_r00444b95t_test_double_jpeg,AI,stable-diffusion-2,unknown,0.005405426025390625,0.98876953125,0.8904331207275391,0,1,1,E20_wrong__E22_correct,E21_correct__E22_correct,E20_wrong__E21_correct
E14_Degraded,ai_sb_stable-diffusion-2_215_r045be2act_test_whatsapp_q75,AI,stable-diffusion-2,unknown,0.41455078125,0.998046875,0.9396972656250001,0,1,1,E20_wrong__E22_correct,E21_correct__E22_correct,E20_wrong__E21_correct
E14_Degraded,ai_sb_stable-diffusion-2_215_r045be2act_test_resize_q80,AI,stable-diffusion-2,unknown,0.30322265625,0.99658203125,0.92724609375,0,1,1,E20_wrong__E22_correct,E21_correct__E22_correct,E20_wrong__E21_correct
E14_Degraded,ai_sb_stable-diffusion-2_215_r045be2act_test_double_jpeg,AI,stable-diffusion-2,unknown,0.0948486328125,0.99609375,0.90596923828125,0,1,1,E20_wrong__E22_correct,E21_correct__E22_correct,E20_wrong__E21_correct
E14_Degraded,ai_sb_stable-diffusion-1-3_177_r1bdb6385t_test_whatsapp_q75,AI,stable-diffusion-1-3,unknown,0.044677734375,0.9833984375,0.8895263671875001,0,1,1,E20_wrong__E22_correct,E21_correct__E22_correct,E20_wrong__E21_correct
E14_Degraded,ai_sb_stable-diffusion-1-3_177_r1bdb6385t_test_resize_q80,AI,stable-diffusion-1-3,unknown,0.0279083251953125,0.982421875,0.8869705200195312,0,1,1,E20_wrong__E22_correct,E21_correct__E22_correct,E20_wrong__E21_correct
E14_Degraded,ai_sb_stable-diffusion-1-3_177_r1bdb6385t_test_double_jpeg,AI,stable-diffusion-1-3,unknown,0.03656005859375,0.96240234375,0.869818115234375,0,1,1,E20_wrong__E22_correct,E21_correct__E22_correct,E20_wrong__E21_correct
E14_Degraded,ai_sb_stable-diffusion-2_212_r0150031ft_test_whatsapp_q75,AI,stable-diffusion-2,unknown,0.007488250732421875,0.94970703125,0.8554851531982421,0,1,1,E20_wrong__E22_correct,E21_correct__E22_correct,E20_wrong__E21_correct
E14_Degraded,ai_sb_stable-diffusion-2_212_r0150031ft_test_resize_q80,AI,stable-diffusion-2,unknown,0.01483917236328125,0.95263671875,0.8588569641113282,0,1,1,E20_wrong__E22_correct,E21_correct__E22_correct,E20_wrong__E21_correct
E14_Degraded,ai_sb_stable-diffusion-2_212_r0150031ft_test_double_jpeg,AI,stable-diffusion-2,unknown,0.005428314208984375,0.9208984375,0.8293514251708984,0,1,1,E20_wrong__E22_correct,E21_correct__E22_correct,E20_wrong__E21_correct
E14_Degraded,real_raise_supp_039_r14902ba4t_test_whatsapp_q75,Real,camera,unknown,0.08477783203125,0.6318359375,0.577130126953125,1,0,0,E20_correct__E22_wrong,E21_wrong__E22_wrong,E20_correct__E21_wrong
E14_Degraded,real_raise_supp_039_r14902ba4t_test_resize_q80,Real,camera,unknown,0.10577392578125,0.607421875,0.557257080078125,1,0,0,E20_correct__E22_wrong,E21_wrong__E22_wrong,E20_correct__E21_wrong
E14_Degraded,real_raise_supp_039_r14902ba4t_test_double_jpeg,Real,camera,unknown,0.0762939453125,0.6005859375,0.54815673828125,1,0,0,E20_correct__E22_wrong,E21_wrong__E22_wrong,E20_correct__E21_wrong
E14_Degraded,real_raise_070_r08d2b4dat_test_whatsapp_q75,Real,camera,unknown,0.0005359649658203125,0.1368408203125,0.12321033477783203,1,1,1,E20_correct__E22_correct,E21_correct__E22_correct,both_correct
E14_Degraded,real_raise_070_r08d2b4dat_test_resize_q80,Real,camera,unknown,0.0006237030029296875,0.14013671875,0.12618541717529297,1,1,1,E20_correct__E22_correct,E21_correct__E22_correct,both_correct
E14_Degraded,real_raise_070_r08d2b4dat_test_double_jpeg,Real,camera,unknown,0.0005273818969726562,0.09417724609375,0.08481225967407227,1,1,1,E20_correct__E22_correct,E21_correct__E22_correct,both_correct
E14_Degraded,ai_sb_dalle2_001_r000da54ft_test_whatsapp_q75,AI,dalle2,unknown,0.01554107666015625,0.89599609375,0.8079505920410156,0,1,1,E20_wrong__E22_correct,E21_correct__E22_correct,E20_wrong__E21_correct
E14_Degraded,ai_sb_dalle2_001_r000da54ft_test_resize_q80,AI,dalle2,unknown,0.0165863037109375,0.8974609375,0.8093734741210937,0,1,1,E20_wrong__E22_correct,E21_correct__E22_correct,E20_wrong__E21_correct
E14_Degraded,ai_sb_dalle2_001_r000da54ft_test_double_jpeg,AI,dalle2,unknown,0.0119171142578125,0.84765625,0.7640823364257813,0,1,1,E20_wrong__E22_correct,E21_correct__E22_correct,E20_wrong__E21_correct
E14_Degraded,real_raise_114_r0f137652t_test_whatsapp_q75,Real,camera,unknown,0.85205078125,0.974609375,0.962353515625,0,0,0,E20_wrong__E22_wrong,E21_wrong__E22_wrong,both_wrong
E14_Degraded,real_raise_114_r0f137652t_test_resize_q80,Real,camera,unknown,0.830078125,0.97607421875,0.9614746093750001,0,0,0,E20_wrong__E22_wrong,E21_wrong__E22_wrong,both_wrong
E14_Degraded,real_raise_114_r0f137652t_test_double_jpeg,Real,camera,unknown,0.6328125,0.94677734375,0.915380859375,0,0,0,E20_wrong__E22_wrong,E21_wrong__E22_wrong,both_wrong
E14_Degraded,ai_sb_supp_midjourney-v5_013_r001d260dt_test_whatsapp_q75,AI,midjourney-v5,unknown,0.90625,0.91845703125,0.917236328125,1,1,1,E20_correct__E22_correct,E21_correct__E22_correct,both_correct
E14_Degraded,ai_sb_supp_midjourney-v5_013_r001d260dt_test_resize_q80,AI,midjourney-v5,unknown,0.923828125,0.93359375,0.9326171875,1,1,1,E20_correct__E22_correct,E21_correct__E22_correct,both_correct
E14_Degraded,ai_sb_supp_midjourney-v5_013_r001d260dt_test_double_jpeg,AI,midjourney-v5,unknown,0.875,0.90380859375,0.9009277343750001,1,1,1,E20_correct__E22_correct,E21_correct__E22_correct,both_correct
E14_Degraded,real_raise_supp_001_r001d260dt_test_whatsapp_q75,Real,camera,unknown,0.093505859375,0.9697265625,0.8821044921875001,1,0,0,E20_correct__E22_wrong,E21_wrong__E22_wrong,E20_correct__E21_wrong
E14_Degraded,real_raise_supp_001_r001d260dt_test_resize_q80,Real,camera,unknown,0.1019287109375,0.96826171875,0.88162841796875,1,0,0,E20_correct__E22_wrong,E21_wrong__E22_wrong,E20_correct__E21_wrong
E14_Degraded,real_raise_supp_001_r001d260dt_test_double_jpeg,Real,camera,unknown,0.08599853515625,0.96533203125,0.877398681640625,1,0,0,E20_correct__E22_wrong,E21_wrong__E22_wrong,E20_correct__E21_wrong
E14_Degraded,real_raise_212_r1b1c1019t_test_whatsapp_q75,Real,camera,unknown,0.00133514404296875,0.83056640625,0.7476432800292969,1,0,0,E20_correct__E22_wrong,E21_wrong__E22_wrong,E20_correct__E21_wrong
E14_Degraded,real_raise_212_r1b1c1019t_test_resize_q80,Real,camera,unknown,0.0016870498657226562,0.86572265625,0.7793190956115723,1,0,0,E20_correct__E22_wrong,E21_wrong__E22_wrong,E20_correct__E21_wrong
E14_Degraded,real_raise_212_r1b1c1019t_test_double_jpeg,Real,camera,unknown,0.00217437744140625,0.8349609375,0.7516822814941406,1,0,0,E20_correct__E22_wrong,E21_wrong__E22_wrong,E20_correct__E21_wrong
E14_Degraded,ai_sb_stable-diffusion-1-3_170_r145221d9t_test_whatsapp_q75,AI,stable-diffusion-1-3,unknown,0.0162811279296875,0.7490234375,0.6757492065429688,0,1,1,E20_wrong__E22_correct,E21_correct__E22_correct,E20_wrong__E21_correct
E14_Degraded,ai_sb_stable-diffusion-1-3_170_r145221d9t_test_resize_q80,AI,stable-diffusion-1-3,unknown,0.0200653076171875,0.75244140625,0.6792037963867188,0,1,1,E20_wrong__E22_correct,E21_correct__E22_correct,E20_wrong__E21_correct
E14_Degraded,ai_sb_stable-diffusion-1-3_170_r145221d9t_test_double_jpeg,AI,stable-diffusion-1-3,unknown,0.009674072265625,0.08282470703125,0.07550964355468749,0,0,0,E20_wrong__E22_wrong,E21_wrong__E22_wrong,both_wrong
E14_Degraded,ai_sb_glide_094_r0372042dt_test_whatsapp_q75,AI,glide,unknown,0.3154296875,0.73583984375,0.6937988281249999,0,1,1,E20_wrong__E22_correct,E21_correct__E22_correct,E20_wrong__E21_correct
E14_Degraded,ai_sb_glide_094_r0372042dt_test_resize_q80,AI,glide,unknown,0.35009765625,0.880859375,0.8277832031250001,0,1,1,E20_wrong__E22_correct,E21_correct__E22_correct,E20_wrong__E21_correct
E14_Degraded,ai_sb_glide_094_r0372042dt_test_double_jpeg,AI,glide,unknown,0.2310791015625,0.52978515625,0.49991455078125,0,1,0,E20_wrong__E22_wrong,E21_correct__E22_wrong,E20_wrong__E21_correct
E14_Degraded,real_raise_218_r1be2a3d5t_test_whatsapp_q75,Real,camera,unknown,0.028167724609375,0.84521484375,0.7635101318359375,1,0,0,E20_correct__E22_wrong,E21_wrong__E22_wrong,E20_correct__E21_wrong
E14_Degraded,real_raise_218_r1be2a3d5t_test_resize_q80,Real,camera,unknown,0.0177154541015625,0.81103515625,0.7317031860351563,1,0,0,E20_correct__E22_wrong,E21_wrong__E22_wrong,E20_correct__E21_wrong
E14_Degraded,real_raise_218_r1be2a3d5t_test_double_jpeg,Real,camera,unknown,0.00734710693359375,0.79541015625,0.7166038513183595,1,0,0,E20_correct__E22_wrong,E21_wrong__E22_wrong,E20_correct__E21_wrong
E14_Degraded,real_raise_supp_034_r1267fa5bt_test_whatsapp_q75,Real,camera,unknown,0.337646484375,0.83544921875,0.7856689453125001,1,0,0,E20_correct__E22_wrong,E21_wrong__E22_wrong,E20_correct__E21_wrong
E14_Degraded,real_raise_supp_034_r1267fa5bt_test_resize_q80,Real,camera,unknown,0.2337646484375,0.8388671875,0.77835693359375,1,0,0,E20_correct__E22_wrong,E21_wrong__E22_wrong,E20_correct__E21_wrong
E14_Degraded,real_raise_supp_034_r1267fa5bt_test_double_jpeg,Real,camera,unknown,0.360595703125,0.81396484375,0.7686279296874999,1,0,0,E20_correct__E22_wrong,E21_wrong__E22_wrong,E20_correct__E21_wrong
E14_Degraded,real_raise_120_r0f98115dt_test_whatsapp_q75,Real,camera,unknown,0.06500244140625,0.69189453125,0.629205322265625,1,0,0,E20_correct__E22_wrong,E21_wrong__E22_wrong,E20_correct__E21_wrong
E14_Degraded,real_raise_120_r0f98115dt_test_resize_q80,Real,camera,unknown,0.060089111328125,0.67578125,0.6142120361328126,1,0,0,E20_correct__E22_wrong,E21_wrong__E22_wrong,E20_correct__E21_wrong
E14_Degraded,real_raise_120_r0f98115dt_test_double_jpeg,Real,camera,unknown,0.0548095703125,0.61474609375,0.55875244140625,1,0,0,E20_correct__E22_wrong,E21_wrong__E22_wrong,E20_correct__E21_wrong
E14_Degraded,real_raise_173_r1645a09ct_test_whatsapp_q75,Real,camera,unknown,0.001255035400390625,0.1781005859375,0.16041603088378908,1,1,1,E20_correct__E22_correct,E21_correct__E22_correct,both_correct
E14_Degraded,real_raise_173_r1645a09ct_test_resize_q80,Real,camera,unknown,0.0011692047119140625,0.1390380859375,0.12525119781494143,1,1,1,E20_correct__E22_correct,E21_correct__E22_correct,both_correct
E14_Degraded,real_raise_173_r1645a09ct_test_double_jpeg,Real,camera,unknown,0.0013246536254882812,0.1734619140625,0.15624818801879883,1,1,1,E20_correct__E22_correct,E21_correct__E22_correct,both_correct
E14_Degraded,real_raise_002_r005f3e70t_test_whatsapp_q75,Real,camera,unknown,0.06427001953125,0.66455078125,0.604522705078125,1,0,0,E20_correct__E22_wrong,E21_wrong__E22_wrong,E20_correct__E21_wrong
E14_Degraded,real_raise_002_r005f3e70t_test_resize_q80,Real,camera,unknown,0.0794677734375,0.61572265625,0.5620971679687501,1,0,0,E20_correct__E22_wrong,E21_wrong__E22_wrong,E20_correct__E21_wrong
E14_Degraded,real_raise_002_r005f3e70t_test_double_jpeg,Real,camera,unknown,0.0413818359375,0.57861328125,0.52489013671875,1,0,0,E20_correct__E22_wrong,E21_wrong__E22_wrong,E20_correct__E21_wrong
E14_Degraded,real_raise_221_r1c23e440t_test_whatsapp_q75,Real,camera,unknown,0.0469970703125,0.53955078125,0.49029541015625,1,0,1,E20_correct__E22_correct,E21_wrong__E22_correct,E20_correct__E21_wrong
E14_Degraded,real_raise_221_r1c23e440t_test_resize_q80,Real,camera,unknown,0.051666259765625,0.56494140625,0.5136138916015625,1,0,0,E20_correct__E22_wrong,E21_wrong__E22_wrong,E20_correct__E21_wrong
E14_Degraded,real_raise_221_r1c23e440t_test_double_jpeg,Real,camera,unknown,0.0205230712890625,0.351318359375,0.3182388305664063,1,1,1,E20_correct__E22_correct,E21_correct__E22_correct,both_correct
E14_Degraded,real_raise_167_r15919202t_test_whatsapp_q75,Real,camera,unknown,0.0472412109375,0.64501953125,0.58524169921875,1,0,0,E20_correct__E22_wrong,E21_wrong__E22_wrong,E20_correct__E21_wrong
E14_Degraded,real_raise_167_r15919202t_test_resize_q80,Real,camera,unknown,0.057708740234375,0.6474609375,0.5884857177734375,1,0,0,E20_correct__E22_wrong,E21_wrong__E22_wrong,E20_correct__E21_wrong
E14_Degraded,real_raise_167_r15919202t_test_double_jpeg,Real,camera,unknown,0.0238189697265625,0.5244140625,0.47435455322265624,1,0,1,E20_correct__E22_correct,E21_wrong__E22_correct,E20_correct__E21_wrong
E14_Degraded,real_raise_111_r0eb8dfb5t_test_whatsapp_q75,Real,camera,unknown,0.0013723373413085938,0.5302734375,0.47738332748413087,1,0,1,E20_correct__E22_correct,E21_wrong__E22_correct,E20_correct__E21_wrong
E14_Degraded,real_raise_111_r0eb8dfb5t_test_resize_q80,Real,camera,unknown,0.0017614364624023438,0.498046875,0.44841833114624025,1,1,1,E20_correct__E22_correct,E21_correct__E22_correct,both_correct
E14_Degraded,real_raise_111_r0eb8dfb5t_test_double_jpeg,Real,camera,unknown,0.0010242462158203125,0.4560546875,0.41055164337158206,1,1,1,E20_correct__E22_correct,E21_correct__E22_correct,both_correct
E14_Degraded,real_raise_028_r03aa5df1t_test_whatsapp_q75,Real,camera,unknown,0.0364990234375,0.72314453125,0.65447998046875,1,0,0,E20_correct__E22_wrong,E21_wrong__E22_wrong,E20_correct__E21_wrong
E14_Degraded,real_raise_028_r03aa5df1t_test_resize_q80,Real,camera,unknown,0.050323486328125,0.6435546875,0.5842315673828126,1,0,0,E20_correct__E22_wrong,E21_wrong__E22_wrong,E20_correct__E21_wrong
E14_Degraded,real_raise_028_r03aa5df1t_test_double_jpeg,Real,camera,unknown,0.0171051025390625,0.7900390625,0.7127456665039062,1,0,0,E20_correct__E22_wrong,E21_wrong__E22_wrong,E20_correct__E21_wrong
E14_Degraded,ai_sb_stable-diffusion-2_214_r0372042dt_test_whatsapp_q75,AI,stable-diffusion-2,unknown,0.58349609375,0.89306640625,0.8621093750000001,1,1,1,E20_correct__E22_correct,E21_correct__E22_correct,both_correct
E14_Degraded,ai_sb_stable-diffusion-2_214_r0372042dt_test_resize_q80,AI,stable-diffusion-2,unknown,0.82421875,0.92529296875,0.915185546875,1,1,1,E20_correct__E22_correct,E21_correct__E22_correct,both_correct
E14_Degraded,ai_sb_stable-diffusion-2_214_r0372042dt_test_double_jpeg,AI,stable-diffusion-2,unknown,0.61669921875,0.86376953125,0.8390625,1,1,1,E20_correct__E22_correct,E21_correct__E22_correct,both_correct
E14_Degraded,real_raise_supp_060_r1f06581bt_test_whatsapp_q75,Real,camera,unknown,0.06561279296875,0.93896484375,0.851629638671875,1,0,0,E20_correct__E22_wrong,E21_wrong__E22_wrong,E20_correct__E21_wrong
E14_Degraded,real_raise_supp_060_r1f06581bt_test_resize_q80,Real,camera,unknown,0.0634765625,0.93994140625,0.852294921875,1,0,0,E20_correct__E22_wrong,E21_wrong__E22_wrong,E20_correct__E21_wrong
E14_Degraded,real_raise_supp_060_r1f06581bt_test_double_jpeg,Real,camera,unknown,0.04986572265625,0.90234375,0.8170959472656251,1,0,0,E20_correct__E22_wrong,E21_wrong__E22_wrong,E20_correct__E21_wrong
E14_Degraded,real_raise_030_r03f70ccdt_test_whatsapp_q75,Real,camera,unknown,0.0294189453125,0.5703125,0.5162231445312501,1,0,0,E20_correct__E22_wrong,E21_wrong__E22_wrong,E20_correct__E21_wrong
E14_Degraded,real_raise_030_r03f70ccdt_test_resize_q80,Real,camera,unknown,0.0394287109375,0.560546875,0.50843505859375,1,0,0,E20_correct__E22_wrong,E21_wrong__E22_wrong,E20_correct__E21_wrong
E14_Degraded,real_raise_030_r03f70ccdt_test_double_jpeg,Real,camera,unknown,0.01763916015625,0.52734375,0.476373291015625,1,0,1,E20_correct__E22_correct,E21_wrong__E22_correct,E20_correct__E21_wrong
E14_Degraded,ai_sb_stable-diffusion-1-3_162_r0b7b1156t_test_whatsapp_q75,AI,stable-diffusion-1-3,unknown,0.0943603515625,0.91943359375,0.83692626953125,0,1,1,E20_wrong__E22_correct,E21_correct__E22_correct,E20_wrong__E21_correct
E14_Degraded,ai_sb_stable-diffusion-1-3_162_r0b7b1156t_test_resize_q80,AI,stable-diffusion-1-3,unknown,0.048675537109375,0.87353515625,0.7910491943359376,0,1,1,E20_wrong__E22_correct,E21_correct__E22_correct,E20_wrong__E21_correct
E14_Degraded,ai_sb_stable-diffusion-1-3_162_r0b7b1156t_test_double_jpeg,AI,stable-diffusion-1-3,unknown,0.04559326171875,0.6171875,0.5600280761718751,0,1,1,E20_wrong__E22_correct,E21_correct__E22_correct,E20_wrong__E21_correct
E14_Degraded,real_raise_171_r1618da9dt_test_whatsapp_q75,Real,camera,unknown,0.006824493408203125,0.50341796875,0.4537586212158203,1,0,1,E20_correct__E22_correct,E21_wrong__E22_correct,E20_correct__E21_wrong
E14_Degraded,real_raise_171_r1618da9dt_test_resize_q80,Real,camera,unknown,0.006984710693359375,0.5546875,0.49991722106933595,1,0,1,E20_correct__E22_correct,E21_wrong__E22_correct,E20_correct__E21_wrong
E14_Degraded,real_raise_171_r1618da9dt_test_double_jpeg,Real,camera,unknown,0.00731658935546875,0.31787109375,0.2868156433105469,1,1,1,E20_correct__E22_correct,E21_correct__E22_correct,both_correct
E14_Degraded,real_raise_238_r1de76a54t_test_whatsapp_q75,Real,camera,unknown,0.0015363693237304688,0.55908203125,0.503327465057373,1,0,0,E20_correct__E22_wrong,E21_wrong__E22_wrong,E20_correct__E21_wrong
E14_Degraded,real_raise_238_r1de76a54t_test_resize_q80,Real,camera,unknown,0.00128936767578125,0.509765625,0.45891799926757815,1,0,1,E20_correct__E22_correct,E21_wrong__E22_correct,E20_correct__E21_wrong
E14_Degraded,real_raise_238_r1de76a54t_test_double_jpeg,Real,camera,unknown,0.0012445449829101562,0.50439453125,0.45407953262329104,1,0,1,E20_correct__E22_correct,E21_wrong__E22_correct,E20_correct__E21_wrong
E14_Degraded,real_raise_197_r19b49f2ct_test_whatsapp_q75,Real,camera,unknown,0.06829833984375,0.470703125,0.430462646484375,1,1,1,E20_correct__E22_correct,E21_correct__E22_correct,both_correct
E14_Degraded,real_raise_197_r19b49f2ct_test_resize_q80,Real,camera,unknown,0.07666015625,0.4609375,0.42250976562500003,1,1,1,E20_correct__E22_correct,E21_correct__E22_correct,both_correct
E14_Degraded,real_raise_197_r19b49f2ct_test_double_jpeg,Real,camera,unknown,0.050811767578125,0.35205078125,0.3219268798828125,1,1,1,E20_correct__E22_correct,E21_correct__E22_correct,both_correct
E14_Degraded,real_raise_078_r09d7cd4et_test_whatsapp_q75,Real,camera,unknown,0.50439453125,0.9794921875,0.931982421875,0,0,0,E20_wrong__E22_wrong,E21_wrong__E22_wrong,both_wrong
E14_Degraded,real_raise_078_r09d7cd4et_test_resize_q80,Real,camera,unknown,0.53857421875,0.9794921875,0.935400390625,0,0,0,E20_wrong__E22_wrong,E21_wrong__E22_wrong,both_wrong
E14_Degraded,real_raise_078_r09d7cd4et_test_double_jpeg,Real,camera,unknown,0.43603515625,0.97509765625,0.92119140625,1,0,0,E20_correct__E22_wrong,E21_wrong__E22_wrong,E20_correct__E21_wrong
E14_Degraded,real_raise_085_r0aaa70c3t_test_whatsapp_q75,Real,camera,unknown,0.06256103515625,0.8193359375,0.743658447265625,1,0,0,E20_correct__E22_wrong,E21_wrong__E22_wrong,E20_correct__E21_wrong
E14_Degraded,real_raise_085_r0aaa70c3t_test_resize_q80,Real,camera,unknown,0.05572509765625,0.78466796875,0.7117736816406249,1,0,0,E20_correct__E22_wrong,E21_wrong__E22_wrong,E20_correct__E21_wrong
E14_Degraded,real_raise_085_r0aaa70c3t_test_double_jpeg,Real,camera,unknown,0.0223236083984375,0.76904296875,0.6943710327148438,1,0,0,E20_correct__E22_wrong,E21_wrong__E22_wrong,E20_correct__E21_wrong
E14_Degraded,real_raise_216_r1bc3dd23t_test_whatsapp_q75,Real,camera,unknown,0.00033020973205566406,0.01142120361328125,0.010312104225158691,1,1,1,E20_correct__E22_correct,E21_correct__E22_correct,both_correct
E14_Degraded,real_raise_216_r1bc3dd23t_test_resize_q80,Real,camera,unknown,0.00021827220916748047,0.0100555419921875,0.009071815013885499,1,1,1,E20_correct__E22_correct,E21_correct__E22_correct,both_correct
E14_Degraded,real_raise_216_r1bc3dd23t_test_double_jpeg,Real,camera,unknown,0.00043892860412597656,0.00937652587890625,0.008482766151428223,1,1,1,E20_correct__E22_correct,E21_correct__E22_correct,both_correct
E14_Degraded,ai_sb_firefly_081_r159d3942t_test_whatsapp_q75,AI,firefly,unknown,0.01467132568359375,0.127685546875,0.11638412475585937,0,0,0,E20_wrong__E22_wrong,E21_wrong__E22_wrong,both_wrong
E14_Degraded,ai_sb_firefly_081_r159d3942t_test_resize_q80,AI,firefly,unknown,0.012237548828125,0.077392578125,0.0708770751953125,0,0,0,E20_wrong__E22_wrong,E21_wrong__E22_wrong,both_wrong
E14_Degraded,ai_sb_firefly_081_r159d3942t_test_double_jpeg,AI,firefly,unknown,0.01242828369140625,0.09088134765625,0.08303604125976563,0,0,0,E20_wrong__E22_wrong,E21_wrong__E22_wrong,both_wrong
E14_Degraded,real_raise_196_r1986e42bt_test_whatsapp_q75,Real,camera,unknown,0.005489349365234375,0.533203125,0.48043174743652345,1,0,1,E20_correct__E22_correct,E21_wrong__E22_correct,E20_correct__E21_wrong
E14_Degraded,real_raise_196_r1986e42bt_test_resize_q80,Real,camera,unknown,0.00577545166015625,0.60107421875,0.5415443420410156,1,0,0,E20_correct__E22_wrong,E21_wrong__E22_wrong,E20_correct__E21_wrong
E14_Degraded,real_raise_196_r1986e42bt_test_double_jpeg,Real,camera,unknown,0.003749847412109375,0.5322265625,0.47937889099121095,1,0,1,E20_correct__E22_correct,E21_wrong__E22_correct,E20_correct__E21_wrong
E14_Degraded,real_raise_126_r102b4aa4t_test_whatsapp_q75,Real,camera,unknown,0.0177154541015625,0.796875,0.7189590454101562,1,0,0,E20_correct__E22_wrong,E21_wrong__E22_wrong,E20_correct__E21_wrong
E14_Degraded,real_raise_126_r102b4aa4t_test_resize_q80,Real,camera,unknown,0.01507568359375,0.7255859375,0.6545349121093751,1,0,0,E20_correct__E22_wrong,E21_wrong__E22_wrong,E20_correct__E21_wrong
E14_Degraded,real_raise_126_r102b4aa4t_test_double_jpeg,Real,camera,unknown,0.0125274658203125,0.82177734375,0.7408523559570312,1,0,0,E20_correct__E22_wrong,E21_wrong__E22_wrong,E20_correct__E21_wrong
E14_Degraded,ai_sb_stable-diffusion-1-4_203_r17fe8532t_test_whatsapp_q75,AI,stable-diffusion-1-4,unknown,0.82421875,0.97607421875,0.960888671875,1,1,1,E20_correct__E22_correct,E21_correct__E22_correct,both_correct
E14_Degraded,ai_sb_stable-diffusion-1-4_203_r17fe8532t_test_resize_q80,AI,stable-diffusion-1-4,unknown,0.875,0.9794921875,0.9690429687500001,1,1,1,E20_correct__E22_correct,E21_correct__E22_correct,both_correct
E14_Degraded,ai_sb_stable-diffusion-1-4_203_r17fe8532t_test_double_jpeg,AI,stable-diffusion-1-4,unknown,0.951171875,0.9404296875,0.94150390625,1,1,1,E20_correct__E22_correct,E21_correct__E22_correct,both_correct
E14_Degraded,real_raise_117_r0f4ece9bt_test_whatsapp_q75,Real,camera,unknown,0.023773193359375,0.80224609375,0.7243988037109376,1,0,0,E20_correct__E22_wrong,E21_wrong__E22_wrong,E20_correct__E21_wrong
E14_Degraded,real_raise_117_r0f4ece9bt_test_resize_q80,Real,camera,unknown,0.0230255126953125,0.783203125,0.7071853637695313,1,0,0,E20_correct__E22_wrong,E21_wrong__E22_wrong,E20_correct__E21_wrong
E14_Degraded,real_raise_117_r0f4ece9bt_test_double_jpeg,Real,camera,unknown,0.012969970703125,0.8037109375,0.7246368408203125,1,0,0,E20_correct__E22_wrong,E21_wrong__E22_wrong,E20_correct__E21_wrong
E14_Degraded,ai_sb_stable-diffusion-2_236_r1ad2de34t_test_whatsapp_q75,AI,stable-diffusion-2,unknown,0.47119140625,0.9990234375,0.946240234375,0,1,1,E20_wrong__E22_correct,E21_correct__E22_correct,E20_wrong__E21_correct
E14_Degraded,ai_sb_stable-diffusion-2_236_r1ad2de34t_test_resize_q80,AI,stable-diffusion-2,unknown,0.41796875,0.9990234375,0.94091796875,0,1,1,E20_wrong__E22_correct,E21_correct__E22_correct,E20_wrong__E21_correct
E14_Degraded,ai_sb_stable-diffusion-2_236_r1ad2de34t_test_double_jpeg,AI,stable-diffusion-2,unknown,0.281982421875,0.998046875,0.9264404296875001,0,1,1,E20_wrong__E22_correct,E21_correct__E22_correct,E20_wrong__E21_correct
E14_Degraded,ai_sb_stable-diffusion-1-3_153_r026b5360t_test_whatsapp_q75,AI,stable-diffusion-1-3,unknown,0.2054443359375,0.87255859375,0.80584716796875,0,1,1,E20_wrong__E22_correct,E21_correct__E22_correct,E20_wrong__E21_correct
E14_Degraded,ai_sb_stable-diffusion-1-3_153_r026b5360t_test_resize_q80,AI,stable-diffusion-1-3,unknown,0.1329345703125,0.8095703125,0.74190673828125,0,1,1,E20_wrong__E22_correct,E21_correct__E22_correct,E20_wrong__E21_correct
E14_Degraded,ai_sb_stable-diffusion-1-3_153_r026b5360t_test_double_jpeg,AI,stable-diffusion-1-3,unknown,0.32275390625,0.363037109375,0.3590087890625,0,0,0,E20_wrong__E22_wrong,E21_wrong__E22_wrong,both_wrong
E14_Degraded,ai_sb_midjourney-v5_142_r169c7350t_test_whatsapp_q75,AI,midjourney-v5,unknown,0.10247802734375,0.94091796875,0.857073974609375,0,1,1,E20_wrong__E22_correct,E21_correct__E22_correct,E20_wrong__E21_correct
E14_Degraded,ai_sb_midjourney-v5_142_r169c7350t_test_resize_q80,AI,midjourney-v5,unknown,0.1259765625,0.93505859375,0.854150390625,0,1,1,E20_wrong__E22_correct,E21_correct__E22_correct,E20_wrong__E21_correct
E14_Degraded,ai_sb_midjourney-v5_142_r169c7350t_test_double_jpeg,AI,midjourney-v5,unknown,0.07904052734375,0.93408203125,0.848577880859375,0,1,1,E20_wrong__E22_correct,E21_correct__E22_correct,E20_wrong__E21_correct
E14_Degraded,ai_sb_dalle3_057_r1bdb6385t_test_whatsapp_q75,AI,dalle3,unknown,0.541015625,0.99755859375,0.951904296875,1,1,1,E20_correct__E22_correct,E21_correct__E22_correct,both_correct
E14_Degraded,ai_sb_dalle3_057_r1bdb6385t_test_resize_q80,AI,dalle3,unknown,0.57275390625,0.998046875,0.955517578125,1,1,1,E20_correct__E22_correct,E21_correct__E22_correct,both_correct
E14_Degraded,ai_sb_dalle3_057_r1bdb6385t_test_double_jpeg,AI,dalle3,unknown,0.469970703125,0.99658203125,0.9439208984375,0,1,1,E20_wrong__E22_correct,E21_correct__E22_correct,E20_wrong__E21_correct
E14_Degraded,real_raise_233_r1d679eaet_test_whatsapp_q75,Real,camera,unknown,0.002208709716796875,0.2294921875,0.2067638397216797,1,1,1,E20_correct__E22_correct,E21_correct__E22_correct,both_correct
E14_Degraded,real_raise_233_r1d679eaet_test_resize_q80,Real,camera,unknown,0.002368927001953125,0.223876953125,0.20172615051269532,1,1,1,E20_correct__E22_correct,E21_correct__E22_correct,both_correct
E14_Degraded,real_raise_233_r1d679eaet_test_double_jpeg,Real,camera,unknown,0.002834320068359375,0.2054443359375,0.18518333435058595,1,1,1,E20_correct__E22_correct,E21_correct__E22_correct,both_correct
E14_Degraded,real_raise_249_r1f3e6681t_test_whatsapp_q75,Real,camera,unknown,0.00621795654296875,0.513671875,0.4629264831542969,1,0,1,E20_correct__E22_correct,E21_wrong__E22_correct,E20_correct__E21_wrong
E14_Degraded,real_raise_249_r1f3e6681t_test_resize_q80,Real,camera,unknown,0.0066680908203125,0.447021484375,0.4029861450195313,1,1,1,E20_correct__E22_correct,E21_correct__E22_correct,both_correct
E14_Degraded,real_raise_249_r1f3e6681t_test_double_jpeg,Real,camera,unknown,0.004383087158203125,0.387451171875,0.3491443634033203,1,1,1,E20_correct__E22_correct,E21_correct__E22_correct,both_correct
E14_Degraded,ai_sb_stable-diffusion-2_240_r1e9082f9t_test_whatsapp_q75,AI,stable-diffusion-2,unknown,0.896484375,0.99365234375,0.983935546875,1,1,1,E20_correct__E22_correct,E21_correct__E22_correct,both_correct
E14_Degraded,ai_sb_stable-diffusion-2_240_r1e9082f9t_test_resize_q80,AI,stable-diffusion-2,unknown,0.87060546875,0.99365234375,0.98134765625,1,1,1,E20_correct__E22_correct,E21_correct__E22_correct,both_correct
E14_Degraded,ai_sb_stable-diffusion-2_240_r1e9082f9t_test_double_jpeg,AI,stable-diffusion-2,unknown,0.73828125,0.99072265625,0.9654785156250001,1,1,1,E20_correct__E22_correct,E21_correct__E22_correct,both_correct
E14_Degraded,real_raise_181_r17754c77t_test_whatsapp_q75,Real,camera,unknown,0.234619140625,0.5380859375,0.5077392578125001,1,0,0,E20_correct__E22_wrong,E21_wrong__E22_wrong,E20_correct__E21_wrong
E14_Degraded,real_raise_181_r17754c77t_test_resize_q80,Real,camera,unknown,0.229248046875,0.52880859375,0.49885253906250004,1,0,1,E20_correct__E22_correct,E21_wrong__E22_correct,E20_correct__E21_wrong
E14_Degraded,real_raise_181_r17754c77t_test_double_jpeg,Real,camera,unknown,0.1790771484375,0.463623046875,0.43516845703125,1,1,1,E20_correct__E22_correct,E21_correct__E22_correct,both_correct
E14_Degraded,real_raise_supp_019_r098cf7aet_test_whatsapp_q75,Real,camera,unknown,0.004451751708984375,0.363525390625,0.32761802673339846,1,1,1,E20_correct__E22_correct,E21_correct__E22_correct,both_correct
E14_Degraded,real_raise_supp_019_r098cf7aet_test_resize_q80,Real,camera,unknown,0.004772186279296875,0.31005859375,0.2795299530029297,1,1,1,E20_correct__E22_correct,E21_correct__E22_correct,both_correct
E14_Degraded,real_raise_supp_019_r098cf7aet_test_double_jpeg,Real,camera,unknown,0.005344390869140625,0.3486328125,0.3143039703369141,1,1,1,E20_correct__E22_correct,E21_correct__E22_correct,both_correct
E14_Degraded,real_raise_156_r140f3432t_test_whatsapp_q75,Real,camera,unknown,0.023284912109375,0.274169921875,0.24908142089843752,1,1,1,E20_correct__E22_correct,E21_correct__E22_correct,both_correct
E14_Degraded,real_raise_156_r140f3432t_test_resize_q80,Real,camera,unknown,0.017181396484375,0.2137451171875,0.19408874511718752,1,1,1,E20_correct__E22_correct,E21_correct__E22_correct,both_correct
E14_Degraded,real_raise_156_r140f3432t_test_double_jpeg,Real,camera,unknown,0.0212860107421875,0.200439453125,0.18252410888671874,1,1,1,E20_correct__E22_correct,E21_correct__E22_correct,both_correct
E14_Degraded,ai_sb_dalle3_051_r159d3942t_test_whatsapp_q75,AI,dalle3,unknown,0.9912109375,1.0,0.99912109375,1,1,1,E20_correct__E22_correct,E21_correct__E22_correct,both_correct
E14_Degraded,ai_sb_dalle3_051_r159d3942t_test_resize_q80,AI,dalle3,unknown,0.99169921875,1.0,0.9991699218750001,1,1,1,E20_correct__E22_correct,E21_correct__E22_correct,both_correct
E14_Degraded,ai_sb_dalle3_051_r159d3942t_test_double_jpeg,AI,dalle3,unknown,0.9873046875,0.99951171875,0.998291015625,1,1,1,E20_correct__E22_correct,E21_correct__E22_correct,both_correct
E14_Degraded,real_raise_159_r145215fft_test_whatsapp_q75,Real,camera,unknown,0.0008168220520019531,0.8828125,0.7946129322052002,1,0,0,E20_correct__E22_wrong,E21_wrong__E22_wrong,E20_correct__E21_wrong
E14_Degraded,real_raise_159_r145215fft_test_resize_q80,Real,camera,unknown,0.0008168220520019531,0.88525390625,0.7968101978302002,1,0,0,E20_correct__E22_wrong,E21_wrong__E22_wrong,E20_correct__E21_wrong
E14_Degraded,real_raise_159_r145215fft_test_double_jpeg,Real,camera,unknown,0.0008525848388671875,0.8798828125,0.7919797897338867,1,0,0,E20_correct__E22_wrong,E21_wrong__E22_wrong,E20_correct__E21_wrong
E14_Degraded,ai_sb_dalle2_002_r0150031ft_test_whatsapp_q75,AI,dalle2,unknown,0.089599609375,0.83251953125,0.7582275390625,0,1,1,E20_wrong__E22_correct,E21_correct__E22_correct,E20_wrong__E21_correct
E14_Degraded,ai_sb_dalle2_002_r0150031ft_test_resize_q80,AI,dalle2,unknown,0.0987548828125,0.88623046875,0.80748291015625,0,1,1,E20_wrong__E22_correct,E21_correct__E22_correct,E20_wrong__E21_correct
E14_Degraded,ai_sb_dalle2_002_r0150031ft_test_double_jpeg,AI,dalle2,unknown,0.0728759765625,0.82568359375,0.75040283203125,0,1,1,E20_wrong__E22_correct,E21_correct__E22_correct,E20_wrong__E21_correct
E14_Degraded,real_raise_038_r04cfa379t_test_whatsapp_q75,Real,camera,unknown,0.090576171875,0.64990234375,0.5939697265625,1,0,0,E20_correct__E22_wrong,E21_wrong__E22_wrong,E20_correct__E21_wrong
E14_Degraded,real_raise_038_r04cfa379t_test_resize_q80,Real,camera,unknown,0.1175537109375,0.67041015625,0.61512451171875,1,0,0,E20_correct__E22_wrong,E21_wrong__E22_wrong,E20_correct__E21_wrong
E14_Degraded,real_raise_038_r04cfa379t_test_double_jpeg,Real,camera,unknown,0.060211181640625,0.5751953125,0.5236968994140625,1,0,0,E20_correct__E22_wrong,E21_wrong__E22_wrong,E20_correct__E21_wrong
E14_Degraded,ai_sb_stable-diffusion-1-3_157_r06743f8ft_test_whatsapp_q75,AI,stable-diffusion-1-3,unknown,0.71142578125,0.95361328125,0.92939453125,1,1,1,E20_correct__E22_correct,E21_correct__E22_correct,both_correct
E14_Degraded,ai_sb_stable-diffusion-1-3_157_r06743f8ft_test_resize_q80,AI,stable-diffusion-1-3,unknown,0.66357421875,0.9619140625,0.932080078125,1,1,1,E20_correct__E22_correct,E21_correct__E22_correct,both_correct
E14_Degraded,ai_sb_stable-diffusion-1-3_157_r06743f8ft_test_double_jpeg,AI,stable-diffusion-1-3,unknown,0.63623046875,0.876953125,0.852880859375,1,1,1,E20_correct__E22_correct,E21_correct__E22_correct,both_correct
E14_Degraded,ai_sb_supp_glide_010_r001d260dt_test_whatsapp_q75,AI,glide,unknown,0.8310546875,0.994140625,0.9778320312500001,1,1,1,E20_correct__E22_correct,E21_correct__E22_correct,both_correct
E14_Degraded,ai_sb_supp_glide_010_r001d260dt_test_resize_q80,AI,glide,unknown,0.8115234375,0.9951171875,0.9767578125,1,1,1,E20_correct__E22_correct,E21_correct__E22_correct,both_correct
E14_Degraded,ai_sb_supp_glide_010_r001d260dt_test_double_jpeg,AI,glide,unknown,0.82470703125,0.986328125,0.970166015625,1,1,1,E20_correct__E22_correct,E21_correct__E22_correct,both_correct
E14_Degraded,ai_sb_midjourney-v5_127_r06743f8ft_test_whatsapp_q75,AI,midjourney-v5,unknown,0.96826171875,0.97802734375,0.97705078125,1,1,1,E20_correct__E22_correct,E21_correct__E22_correct,both_correct
E14_Degraded,ai_sb_midjourney-v5_127_r06743f8ft_test_resize_q80,AI,midjourney-v5,unknown,0.96044921875,0.974609375,0.9731933593750001,1,1,1,E20_correct__E22_correct,E21_correct__E22_correct,both_correct
E14_Degraded,ai_sb_midjourney-v5_127_r06743f8ft_test_double_jpeg,AI,midjourney-v5,unknown,0.97607421875,0.97119140625,0.9716796875000001,1,1,1,E20_correct__E22_correct,E21_correct__E22_correct,both_correct
E14_Degraded,ai_sb_dalle2_021_r159d3942t_test_whatsapp_q75,AI,dalle2,unknown,0.06890869140625,0.7646484375,0.695074462890625,0,1,1,E20_wrong__E22_correct,E21_correct__E22_correct,E20_wrong__E21_correct
E14_Degraded,ai_sb_dalle2_021_r159d3942t_test_resize_q80,AI,dalle2,unknown,0.049407958984375,0.7763671875,0.7036712646484375,0,1,1,E20_wrong__E22_correct,E21_correct__E22_correct,E20_wrong__E21_correct
E14_Degraded,ai_sb_dalle2_021_r159d3942t_test_double_jpeg,AI,dalle2,unknown,0.0582275390625,0.73828125,0.67027587890625,0,1,1,E20_wrong__E22_correct,E21_correct__E22_correct,E20_wrong__E21_correct
E14_Degraded,real_raise_229_r1ceba29dt_test_whatsapp_q75,Real,camera,unknown,0.00626373291015625,0.625,0.5631263732910157,1,0,0,E20_correct__E22_wrong,E21_wrong__E22_wrong,E20_correct__E21_wrong
E14_Degraded,real_raise_229_r1ceba29dt_test_resize_q80,Real,camera,unknown,0.00621795654296875,0.5927734375,0.5341178894042969,1,0,0,E20_correct__E22_wrong,E21_wrong__E22_wrong,E20_correct__E21_wrong
E14_Degraded,real_raise_229_r1ceba29dt_test_double_jpeg,Real,camera,unknown,0.005344390869140625,0.6171875,0.5560031890869142,1,0,0,E20_correct__E22_wrong,E21_wrong__E22_wrong,E20_correct__E21_wrong
E14_Degraded,ai_sb_glide_095_r045be2act_test_whatsapp_q75,AI,glide,unknown,0.1669921875,0.84619140625,0.778271484375,0,1,1,E20_wrong__E22_correct,E21_correct__E22_correct,E20_wrong__E21_correct
E14_Degraded,ai_sb_glide_095_r045be2act_test_resize_q80,AI,glide,unknown,0.05633544921875,0.91552734375,0.829608154296875,0,1,1,E20_wrong__E22_correct,E21_correct__E22_correct,E20_wrong__E21_correct
E14_Degraded,ai_sb_glide_095_r045be2act_test_double_jpeg,AI,glide,unknown,0.058563232421875,0.73193359375,0.6645965576171876,0,1,1,E20_wrong__E22_correct,E21_correct__E22_correct,E20_wrong__E21_correct
E14_Degraded,ai_sb_stable-diffusion-1-3_169_r138ad247t_test_whatsapp_q75,AI,stable-diffusion-1-3,unknown,0.0287017822265625,0.50048828125,0.45330963134765623,0,1,0,E20_wrong__E22_wrong,E21_correct__E22_wrong,E20_wrong__E21_correct
E14_Degraded,ai_sb_stable-diffusion-1-3_169_r138ad247t_test_resize_q80,AI,stable-diffusion-1-3,unknown,0.026458740234375,0.48291015625,0.43726501464843753,0,0,0,E20_wrong__E22_wrong,E21_wrong__E22_wrong,both_wrong
E14_Degraded,ai_sb_stable-diffusion-1-3_169_r138ad247t_test_double_jpeg,AI,stable-diffusion-1-3,unknown,0.0743408203125,0.17041015625,0.16080322265625002,0,0,0,E20_wrong__E22_wrong,E21_wrong__E22_wrong,both_wrong
E14_Degraded,real_raise_093_r0b841e5at_test_whatsapp_q75,Real,camera,unknown,0.304931640625,0.908203125,0.8478759765625,1,0,0,E20_correct__E22_wrong,E21_wrong__E22_wrong,E20_correct__E21_wrong
E14_Degraded,real_raise_093_r0b841e5at_test_resize_q80,Real,camera,unknown,0.354736328125,0.91259765625,0.8568115234375001,1,0,0,E20_correct__E22_wrong,E21_wrong__E22_wrong,E20_correct__E21_wrong
E14_Degraded,real_raise_093_r0b841e5at_test_double_jpeg,Real,camera,unknown,0.28466796875,0.90625,0.844091796875,1,0,0,E20_correct__E22_wrong,E21_wrong__E22_wrong,E20_correct__E21_wrong
E14_Degraded,ai_sb_stable-diffusion-2_216_r056f233bt_test_whatsapp_q75,AI,stable-diffusion-2,unknown,0.2919921875,0.58837890625,0.558740234375,0,1,1,E20_wrong__E22_correct,E21_correct__E22_correct,E20_wrong__E21_correct
E14_Degraded,ai_sb_stable-diffusion-2_216_r056f233bt_test_resize_q80,AI,stable-diffusion-2,unknown,0.454345703125,0.5615234375,0.5508056640625,0,1,1,E20_wrong__E22_correct,E21_correct__E22_correct,E20_wrong__E21_correct
E14_Degraded,ai_sb_stable-diffusion-2_216_r056f233bt_test_double_jpeg,AI,stable-diffusion-2,unknown,0.281494140625,0.5595703125,0.5317626953125001,0,1,1,E20_wrong__E22_correct,E21_correct__E22_correct,E20_wrong__E21_correct
E14_Degraded,real_raise_119_r0f8e5907t_test_whatsapp_q75,Real,camera,unknown,0.0066680908203125,0.88818359375,0.8000320434570313,1,0,0,E20_correct__E22_wrong,E21_wrong__E22_wrong,E20_correct__E21_wrong
E14_Degraded,real_raise_119_r0f8e5907t_test_resize_q80,Real,camera,unknown,0.00714874267578125,0.88134765625,0.7939277648925781,1,0,0,E20_correct__E22_wrong,E21_wrong__E22_wrong,E20_correct__E21_wrong
E14_Degraded,real_raise_119_r0f8e5907t_test_double_jpeg,Real,camera,unknown,0.007232666015625,0.83935546875,0.7561431884765626,1,0,0,E20_correct__E22_wrong,E21_wrong__E22_wrong,E20_correct__E21_wrong
E14_Degraded,ai_sb_dalle2_018_r1297fd0bt_test_whatsapp_q75,AI,dalle2,unknown,0.0016107559204101562,0.8427734375,0.7586571693420411,0,1,1,E20_wrong__E22_correct,E21_correct__E22_correct,E20_wrong__E21_correct
E14_Degraded,ai_sb_dalle2_018_r1297fd0bt_test_resize_q80,AI,dalle2,unknown,0.0012063980102539062,0.86767578125,0.7810288429260254,0,1,1,E20_wrong__E22_correct,E21_correct__E22_correct,E20_wrong__E21_correct
E14_Degraded,ai_sb_dalle2_018_r1297fd0bt_test_double_jpeg,AI,dalle2,unknown,0.0012445449829101562,0.76123046875,0.6852318763732911,0,1,1,E20_wrong__E22_correct,E21_correct__E22_correct,E20_wrong__E21_correct
E14_Degraded,real_raise_096_r0bf7f938t_test_whatsapp_q75,Real,camera,unknown,0.01358795166015625,0.94677734375,0.8534584045410157,1,0,0,E20_correct__E22_wrong,E21_wrong__E22_wrong,E20_correct__E21_wrong
E14_Degraded,real_raise_096_r0bf7f938t_test_resize_q80,Real,camera,unknown,0.012237548828125,0.95361328125,0.8594757080078125,1,0,0,E20_correct__E22_wrong,E21_wrong__E22_wrong,E20_correct__E21_wrong
E14_Degraded,real_raise_096_r0bf7f938t_test_double_jpeg,Real,camera,unknown,0.00989532470703125,0.9482421875,0.8544075012207031,1,0,0,E20_correct__E22_wrong,E21_wrong__E22_wrong,E20_correct__E21_wrong
E14_Degraded,ai_sb_supp_stable-diffusion-1-4_021_r00444b95t_test_whatsapp_q75,AI,stable-diffusion-1-4,unknown,0.0242767333984375,0.80517578125,0.7270858764648438,0,1,1,E20_wrong__E22_correct,E21_correct__E22_correct,E20_wrong__E21_correct
E14_Degraded,ai_sb_supp_stable-diffusion-1-4_021_r00444b95t_test_resize_q80,AI,stable-diffusion-1-4,unknown,0.0282135009765625,0.74853515625,0.6765029907226563,0,1,1,E20_wrong__E22_correct,E21_correct__E22_correct,E20_wrong__E21_correct
E14_Degraded,ai_sb_supp_stable-diffusion-1-4_021_r00444b95t_test_double_jpeg,AI,stable-diffusion-1-4,unknown,0.03533935546875,0.377685546875,0.34345092773437497,0,0,0,E20_wrong__E22_wrong,E21_wrong__E22_wrong,both_wrong
E14_Degraded,real_raise_213_r1b4e82c4t_test_whatsapp_q75,Real,camera,unknown,0.11553955078125,0.90966796875,0.830255126953125,1,0,0,E20_correct__E22_wrong,E21_wrong__E22_wrong,E20_correct__E21_wrong
E14_Degraded,real_raise_213_r1b4e82c4t_test_resize_q80,Real,camera,unknown,0.11932373046875,0.912109375,0.832830810546875,1,0,0,E20_correct__E22_wrong,E21_wrong__E22_wrong,E20_correct__E21_wrong
E14_Degraded,real_raise_213_r1b4e82c4t_test_double_jpeg,Real,camera,unknown,0.045440673828125,0.83154296875,0.7529327392578126,1,0,0,E20_correct__E22_wrong,E21_wrong__E22_wrong,E20_correct__E21_wrong
E14_Degraded,ai_sb_stable-diffusion-1-4_196_r102b4aa4t_test_whatsapp_q75,AI,stable-diffusion-1-4,unknown,0.1763916015625,0.99462890625,0.91280517578125,0,1,1,E20_wrong__E22_correct,E21_correct__E22_correct,E20_wrong__E21_correct
E14_Degraded,ai_sb_stable-diffusion-1-4_196_r102b4aa4t_test_resize_q80,AI,stable-diffusion-1-4,unknown,0.140625,0.99365234375,0.908349609375,0,1,1,E20_wrong__E22_correct,E21_correct__E22_correct,E20_wrong__E21_correct
E14_Degraded,ai_sb_stable-diffusion-1-4_196_r102b4aa4t_test_double_jpeg,AI,stable-diffusion-1-4,unknown,0.12200927734375,0.96240234375,0.878363037109375,0,1,1,E20_wrong__E22_correct,E21_correct__E22_correct,E20_wrong__E21_correct
E14_Degraded,ai_sb_dalle2_026_r1ad2de34t_test_whatsapp_q75,AI,dalle2,unknown,0.0009660720825195312,0.34228515625,0.30815324783325193,0,0,0,E20_wrong__E22_wrong,E21_wrong__E22_wrong,both_wrong
E14_Degraded,ai_sb_dalle2_026_r1ad2de34t_test_resize_q80,AI,dalle2,unknown,0.0007042884826660156,0.365234375,0.3287813663482666,0,0,0,E20_wrong__E22_wrong,E21_wrong__E22_wrong,both_wrong
E14_Degraded,ai_sb_dalle2_026_r1ad2de34t_test_double_jpeg,AI,dalle2,unknown,0.00046181678771972656,0.1688232421875,0.15198709964752197,0,0,0,E20_wrong__E22_wrong,E21_wrong__E22_wrong,both_wrong
E14_Degraded,real_raise_091_r0b61ed37t_test_whatsapp_q75,Real,camera,unknown,0.026153564453125,0.5322265625,0.4816192626953125,1,0,1,E20_correct__E22_correct,E21_wrong__E22_correct,E20_correct__E21_wrong
E14_Degraded,real_raise_091_r0b61ed37t_test_resize_q80,Real,camera,unknown,0.017578125,0.5302734375,0.47900390625,1,0,1,E20_correct__E22_correct,E21_wrong__E22_correct,E20_correct__E21_wrong
E14_Degraded,real_raise_091_r0b61ed37t_test_double_jpeg,Real,camera,unknown,0.026611328125,0.430908203125,0.390478515625,1,1,1,E20_correct__E22_correct,E21_correct__E22_correct,both_correct
E14_Degraded,ai_sb_stable-diffusion-1-4_190_r09a60f63t_test_whatsapp_q75,AI,stable-diffusion-1-4,unknown,0.86181640625,0.9833984375,0.9712402343750001,1,1,1,E20_correct__E22_correct,E21_correct__E22_correct,both_correct
E14_Degraded,ai_sb_stable-diffusion-1-4_190_r09a60f63t_test_resize_q80,AI,stable-diffusion-1-4,unknown,0.89111328125,0.9814453125,0.972412109375,1,1,1,E20_correct__E22_correct,E21_correct__E22_correct,both_correct
E14_Degraded,ai_sb_stable-diffusion-1-4_190_r09a60f63t_test_double_jpeg,AI,stable-diffusion-1-4,unknown,0.8779296875,0.9677734375,0.9587890625,1,1,1,E20_correct__E22_correct,E21_correct__E22_correct,both_correct
E14_Degraded,ai_sb_firefly_067_r06743f8ft_test_whatsapp_q75,AI,firefly,unknown,0.59814453125,0.857421875,0.831494140625,1,1,1,E20_correct__E22_correct,E21_correct__E22_correct,both_correct
E14_Degraded,ai_sb_firefly_067_r06743f8ft_test_resize_q80,AI,firefly,unknown,0.5615234375,0.8603515625,0.83046875,1,1,1,E20_correct__E22_correct,E21_correct__E22_correct,both_correct
E14_Degraded,ai_sb_firefly_067_r06743f8ft_test_double_jpeg,AI,firefly,unknown,0.546875,0.8427734375,0.81318359375,1,1,1,E20_correct__E22_correct,E21_correct__E22_correct,both_correct
E14_Degraded,real_raise_069_r08b12799t_test_whatsapp_q75,Real,camera,unknown,0.002471923828125,0.81640625,0.7350128173828124,1,0,0,E20_correct__E22_wrong,E21_wrong__E22_wrong,E20_correct__E21_wrong
E14_Degraded,real_raise_069_r08b12799t_test_resize_q80,Real,camera,unknown,0.0024623870849609375,0.8134765625,0.7323751449584961,1,0,0,E20_correct__E22_wrong,E21_wrong__E22_wrong,E20_correct__E21_wrong
E14_Degraded,real_raise_069_r08b12799t_test_double_jpeg,Real,camera,unknown,0.0026721954345703125,0.73095703125,0.658128547668457,1,0,0,E20_correct__E22_wrong,E21_wrong__E22_wrong,E20_correct__E21_wrong
E14_Degraded,ai_sb_midjourney-v5_149_r1d9a31fct_test_whatsapp_q75,AI,midjourney-v5,unknown,0.116943359375,0.481201171875,0.44477539062500004,0,0,0,E20_wrong__E22_wrong,E21_wrong__E22_wrong,both_wrong
E14_Degraded,ai_sb_midjourney-v5_149_r1d9a31fct_test_resize_q80,AI,midjourney-v5,unknown,0.093994140625,0.47021484375,0.4325927734375,0,0,0,E20_wrong__E22_wrong,E21_wrong__E22_wrong,both_wrong
E14_Degraded,ai_sb_midjourney-v5_149_r1d9a31fct_test_double_jpeg,AI,midjourney-v5,unknown,0.0836181640625,0.469482421875,0.43089599609375,0,0,0,E20_wrong__E22_wrong,E21_wrong__E22_wrong,both_wrong
E14_Degraded,ai_sb_glide_102_r0b7b1156t_test_whatsapp_q75,AI,glide,unknown,0.7998046875,0.716796875,0.72509765625,1,1,1,E20_correct__E22_correct,E21_correct__E22_correct,both_correct
E14_Degraded,ai_sb_glide_102_r0b7b1156t_test_resize_q80,AI,glide,unknown,0.7275390625,0.68115234375,0.685791015625,1,1,1,E20_correct__E22_correct,E21_correct__E22_correct,both_correct
E14_Degraded,ai_sb_glide_102_r0b7b1156t_test_double_jpeg,AI,glide,unknown,0.61328125,0.59521484375,0.597021484375,1,1,1,E20_correct__E22_correct,E21_correct__E22_correct,both_correct
E14_Degraded,ai_sb_glide_108_r1297fd0bt_test_whatsapp_q75,AI,glide,unknown,0.1959228515625,0.62451171875,0.5816528320312501,0,1,1,E20_wrong__E22_correct,E21_correct__E22_correct,E20_wrong__E21_correct
E14_Degraded,ai_sb_glide_108_r1297fd0bt_test_resize_q80,AI,glide,unknown,0.1480712890625,0.57666015625,0.5338012695312501,0,1,1,E20_wrong__E22_correct,E21_correct__E22_correct,E20_wrong__E21_correct
E14_Degraded,ai_sb_glide_108_r1297fd0bt_test_double_jpeg,AI,glide,unknown,0.072265625,0.56298828125,0.513916015625,0,1,1,E20_wrong__E22_correct,E21_correct__E22_correct,E20_wrong__E21_correct
E14_Degraded,ai_sb_stable-diffusion-2_233_r17fe8532t_test_whatsapp_q75,AI,stable-diffusion-2,unknown,0.56591796875,0.86328125,0.8335449218750001,1,1,1,E20_correct__E22_correct,E21_correct__E22_correct,both_correct
E14_Degraded,ai_sb_stable-diffusion-2_233_r17fe8532t_test_resize_q80,AI,stable-diffusion-2,unknown,0.54541015625,0.91552734375,0.878515625,1,1,1,E20_correct__E22_correct,E21_correct__E22_correct,both_correct
E14_Degraded,ai_sb_stable-diffusion-2_233_r17fe8532t_test_double_jpeg,AI,stable-diffusion-2,unknown,0.787109375,0.84814453125,0.842041015625,1,1,1,E20_correct__E22_correct,E21_correct__E22_correct,both_correct
E14_Degraded,ai_sb_stable-diffusion-2_224_r0e7b407bt_test_whatsapp_q75,AI,stable-diffusion-2,unknown,0.1639404296875,0.85546875,0.78631591796875,0,1,1,E20_wrong__E22_correct,E21_correct__E22_correct,E20_wrong__E21_correct
E14_Degraded,ai_sb_stable-diffusion-2_224_r0e7b407bt_test_resize_q80,AI,stable-diffusion-2,unknown,0.1663818359375,0.8505859375,0.78216552734375,0,1,1,E20_wrong__E22_correct,E21_correct__E22_correct,E20_wrong__E21_correct
E14_Degraded,ai_sb_stable-diffusion-2_224_r0e7b407bt_test_double_jpeg,AI,stable-diffusion-2,unknown,0.1973876953125,0.8671875,0.80020751953125,0,1,1,E20_wrong__E22_correct,E21_correct__E22_correct,E20_wrong__E21_correct
E14_Degraded,real_raise_supp_043_r16ea6386t_test_whatsapp_q75,Real,camera,unknown,0.0027256011962890625,0.8056640625,0.725370216369629,1,0,0,E20_correct__E22_wrong,E21_wrong__E22_wrong,E20_correct__E21_wrong
E14_Degraded,real_raise_supp_043_r16ea6386t_test_resize_q80,Real,camera,unknown,0.0025310516357421875,0.771484375,0.6945890426635742,1,0,0,E20_correct__E22_wrong,E21_wrong__E22_wrong,E20_correct__E21_wrong
E14_Degraded,real_raise_supp_043_r16ea6386t_test_double_jpeg,Real,camera,unknown,0.002471923828125,0.77685546875,0.6994171142578125,1,0,0,E20_correct__E22_wrong,E21_wrong__E22_wrong,E20_correct__E21_wrong
E14_Degraded,real_raise_140_r125f6e84t_test_whatsapp_q75,Real,camera,unknown,0.0006823539733886719,0.05242919921875,0.04725451469421387,1,1,1,E20_correct__E22_correct,E21_correct__E22_correct,both_correct
E14_Degraded,real_raise_140_r125f6e84t_test_resize_q80,Real,camera,unknown,0.0007762908935546875,0.0457763671875,0.04127635955810547,1,1,1,E20_correct__E22_correct,E21_correct__E22_correct,both_correct
E14_Degraded,real_raise_140_r125f6e84t_test_double_jpeg,Real,camera,unknown,0.0005860328674316406,0.0460205078125,0.04147706031799316,1,1,1,E20_correct__E22_correct,E21_correct__E22_correct,both_correct
E14_Degraded,real_raise_137_r11c4de0et_test_whatsapp_q75,Real,camera,unknown,0.00605010986328125,0.030670166015625,0.028208160400390626,1,1,1,E20_correct__E22_correct,E21_correct__E22_correct,both_correct
E14_Degraded,real_raise_137_r11c4de0et_test_resize_q80,Real,camera,unknown,0.00806427001953125,0.0293731689453125,0.027242279052734374,1,1,1,E20_correct__E22_correct,E21_correct__E22_correct,both_correct
E14_Degraded,real_raise_137_r11c4de0et_test_double_jpeg,Real,camera,unknown,0.006511688232421875,0.0196380615234375,0.018325424194335936,1,1,1,E20_correct__E22_correct,E21_correct__E22_correct,both_correct
E14_Degraded,ai_sb_firefly_083_r17fe8532t_test_whatsapp_q75,AI,firefly,unknown,0.385986328125,0.98486328125,0.9249755859375,0,1,1,E20_wrong__E22_correct,E21_correct__E22_correct,E20_wrong__E21_correct
E14_Degraded,ai_sb_firefly_083_r17fe8532t_test_resize_q80,AI,firefly,unknown,0.39794921875,0.98876953125,0.9296875,0,1,1,E20_wrong__E22_correct,E21_correct__E22_correct,E20_wrong__E21_correct
E14_Degraded,ai_sb_firefly_083_r17fe8532t_test_double_jpeg,AI,firefly,unknown,0.287353515625,0.98046875,0.9111572265625,0,1,1,E20_wrong__E22_correct,E21_correct__E22_correct,E20_wrong__E21_correct
E14_Degraded,real_raise_supp_055_r1ca254b2t_test_whatsapp_q75,Real,camera,unknown,0.0013303756713867188,0.387451171875,0.34883909225463866,1,1,1,E20_correct__E22_correct,E21_correct__E22_correct,both_correct
E14_Degraded,real_raise_supp_055_r1ca254b2t_test_resize_q80,Real,camera,unknown,0.0012350082397460938,0.42333984375,0.38112936019897464,1,1,1,E20_correct__E22_correct,E21_correct__E22_correct,both_correct
E14_Degraded,real_raise_supp_055_r1ca254b2t_test_double_jpeg,Real,camera,unknown,0.0012063980102539062,0.302734375,0.2725815773010254,1,1,1,E20_correct__E22_correct,E21_correct__E22_correct,both_correct
E14_Degraded,ai_sb_midjourney-v5_123_r026b5360t_test_whatsapp_q75,AI,midjourney-v5,unknown,0.99609375,1.0,0.999609375,1,1,1,E20_correct__E22_correct,E21_correct__E22_correct,both_correct
E14_Degraded,ai_sb_midjourney-v5_123_r026b5360t_test_resize_q80,AI,midjourney-v5,unknown,0.9970703125,1.0,0.99970703125,1,1,1,E20_correct__E22_correct,E21_correct__E22_correct,both_correct
E14_Degraded,ai_sb_midjourney-v5_123_r026b5360t_test_double_jpeg,AI,midjourney-v5,unknown,0.98046875,0.99951171875,0.997607421875,1,1,1,E20_correct__E22_correct,E21_correct__E22_correct,both_correct
E14_Degraded,real_raise_125_r101d6690t_test_whatsapp_q75,Real,camera,unknown,0.003780364990234375,0.18896484375,0.17044639587402344,1,1,1,E20_correct__E22_correct,E21_correct__E22_correct,both_correct
E14_Degraded,real_raise_125_r101d6690t_test_resize_q80,Real,camera,unknown,0.00482940673828125,0.23681640625,0.21361770629882812,1,1,1,E20_correct__E22_correct,E21_correct__E22_correct,both_correct
E14_Degraded,real_raise_125_r101d6690t_test_double_jpeg,Real,camera,unknown,0.0035114288330078125,0.1683349609375,0.1518526077270508,1,1,1,E20_correct__E22_correct,E21_correct__E22_correct,both_correct
E14_Degraded,ai_sb_stable-diffusion-1-4_210_r1e9082f9t_test_whatsapp_q75,AI,stable-diffusion-1-4,unknown,0.67578125,0.9970703125,0.96494140625,1,1,1,E20_correct__E22_correct,E21_correct__E22_correct,both_correct
E14_Degraded,ai_sb_stable-diffusion-1-4_210_r1e9082f9t_test_resize_q80,AI,stable-diffusion-1-4,unknown,0.53759765625,0.99658203125,0.95068359375,1,1,1,E20_correct__E22_correct,E21_correct__E22_correct,both_correct
E14_Degraded,ai_sb_stable-diffusion-1-4_210_r1e9082f9t_test_double_jpeg,AI,stable-diffusion-1-4,unknown,0.67919921875,0.98876953125,0.9578125,1,1,1,E20_correct__E22_correct,E21_correct__E22_correct,both_correct
E14_Degraded,ai_sb_midjourney-v5_135_r0f5beb66t_test_whatsapp_q75,AI,midjourney-v5,unknown,0.6796875,0.9658203125,0.93720703125,1,1,1,E20_correct__E22_correct,E21_correct__E22_correct,both_correct
E14_Degraded,ai_sb_midjourney-v5_135_r0f5beb66t_test_resize_q80,AI,midjourney-v5,unknown,0.6435546875,0.9677734375,0.9353515625,1,1,1,E20_correct__E22_correct,E21_correct__E22_correct,both_correct
E14_Degraded,ai_sb_midjourney-v5_135_r0f5beb66t_test_double_jpeg,AI,midjourney-v5,unknown,0.53125,0.951171875,0.9091796875,1,1,1,E20_correct__E22_correct,E21_correct__E22_correct,both_correct
E14_Degraded,real_raise_172_r163967d4t_test_whatsapp_q75,Real,camera,unknown,0.001201629638671875,0.1512451171875,0.1362407684326172,1,1,1,E20_correct__E22_correct,E21_correct__E22_correct,both_correct
E14_Degraded,real_raise_172_r163967d4t_test_resize_q80,Real,camera,unknown,0.0009074211120605469,0.18115234375,0.16312785148620607,1,1,1,E20_correct__E22_correct,E21_correct__E22_correct,both_correct
E14_Degraded,real_raise_172_r163967d4t_test_double_jpeg,Real,camera,unknown,0.0012845993041992188,0.154296875,0.13899564743041995,1,1,1,E20_correct__E22_correct,E21_correct__E22_correct,both_correct
E14_Degraded,ai_sb_dalle2_030_r1e9082f9t_test_whatsapp_q75,AI,dalle2,unknown,0.04620361328125,0.94189453125,0.8523254394531251,0,1,1,E20_wrong__E22_correct,E21_correct__E22_correct,E20_wrong__E21_correct
E14_Degraded,ai_sb_dalle2_030_r1e9082f9t_test_resize_q80,AI,dalle2,unknown,0.04010009765625,0.943359375,0.853033447265625,0,1,1,E20_wrong__E22_correct,E21_correct__E22_correct,E20_wrong__E21_correct
E14_Degraded,ai_sb_dalle2_030_r1e9082f9t_test_double_jpeg,AI,dalle2,unknown,0.04595947265625,0.93505859375,0.846148681640625,0,1,1,E20_wrong__E22_correct,E21_correct__E22_correct,E20_wrong__E21_correct
E14_Degraded,real_raise_100_r0c9910e4t_test_whatsapp_q75,Real,camera,unknown,0.75634765625,0.97509765625,0.95322265625,0,0,0,E20_wrong__E22_wrong,E21_wrong__E22_wrong,both_wrong
E14_Degraded,real_raise_100_r0c9910e4t_test_resize_q80,Real,camera,unknown,0.7734375,0.1904296875,0.24873046875,0,1,1,E20_wrong__E22_correct,E21_correct__E22_correct,E20_wrong__E21_correct
E14_Degraded,real_raise_100_r0c9910e4t_test_double_jpeg,Real,camera,unknown,0.356689453125,0.08465576171875,0.11185913085937499,1,1,1,E20_correct__E22_correct,E21_correct__E22_correct,both_correct
E14_Degraded,real_raise_162_r14c2d3fct_test_whatsapp_q75,Real,camera,unknown,0.00821685791015625,0.7548828125,0.6802162170410156,1,0,0,E20_correct__E22_wrong,E21_wrong__E22_wrong,E20_correct__E21_wrong
E14_Degraded,real_raise_162_r14c2d3fct_test_resize_q80,Real,camera,unknown,0.0070648193359375,0.73388671875,0.6612045288085938,1,0,0,E20_correct__E22_wrong,E21_wrong__E22_wrong,E20_correct__E21_wrong
E14_Degraded,real_raise_162_r14c2d3fct_test_double_jpeg,Real,camera,unknown,0.009674072265625,0.6953125,0.6267486572265626,1,0,0,E20_correct__E22_wrong,E21_wrong__E22_wrong,E20_correct__E21_wrong
E14_Degraded,ai_sb_dalle2_027_r1bdb6385t_test_whatsapp_q75,AI,dalle2,unknown,0.43798828125,0.9306640625,0.8813964843750001,0,1,1,E20_wrong__E22_correct,E21_correct__E22_correct,E20_wrong__E21_correct
E14_Degraded,ai_sb_dalle2_027_r1bdb6385t_test_resize_q80,AI,dalle2,unknown,0.443115234375,0.955078125,0.9038818359375,0,1,1,E20_wrong__E22_correct,E21_correct__E22_correct,E20_wrong__E21_correct
E14_Degraded,ai_sb_dalle2_027_r1bdb6385t_test_double_jpeg,AI,dalle2,unknown,0.385498046875,0.9111328125,0.8585693359375001,0,1,1,E20_wrong__E22_correct,E21_correct__E22_correct,E20_wrong__E21_correct
E14_Degraded,ai_sb_dalle3_052_r169c7350t_test_whatsapp_q75,AI,dalle3,unknown,0.91796875,0.9990234375,0.99091796875,1,1,1,E20_correct__E22_correct,E21_correct__E22_correct,both_correct
E14_Degraded,ai_sb_dalle3_052_r169c7350t_test_resize_q80,AI,dalle3,unknown,0.921875,0.9990234375,0.99130859375,1,1,1,E20_correct__E22_correct,E21_correct__E22_correct,both_correct
E14_Degraded,ai_sb_dalle3_052_r169c7350t_test_double_jpeg,AI,dalle3,unknown,0.892578125,0.99853515625,0.987939453125,1,1,1,E20_correct__E22_correct,E21_correct__E22_correct,both_correct
E14_Degraded,ai_sb_glide_106_r102b4aa4t_test_whatsapp_q75,AI,glide,unknown,0.1217041015625,0.92919921875,0.84844970703125,0,1,1,E20_wrong__E22_correct,E21_correct__E22_correct,E20_wrong__E21_correct
E14_Degraded,ai_sb_glide_106_r102b4aa4t_test_resize_q80,AI,glide,unknown,0.0999755859375,0.94384765625,0.85946044921875,0,1,1,E20_wrong__E22_correct,E21_correct__E22_correct,E20_wrong__E21_correct
E14_Degraded,ai_sb_glide_106_r102b4aa4t_test_double_jpeg,AI,glide,unknown,0.07904052734375,0.84521484375,0.768597412109375,0,1,1,E20_wrong__E22_correct,E21_correct__E22_correct,E20_wrong__E21_correct
E14_Degraded,real_raise_054_r06cad2d6t_test_whatsapp_q75,Real,camera,unknown,0.0050201416015625,0.8310546875,0.7484512329101562,1,0,0,E20_correct__E22_wrong,E21_wrong__E22_wrong,E20_correct__E21_wrong
E14_Degraded,real_raise_054_r06cad2d6t_test_resize_q80,Real,camera,unknown,0.003780364990234375,0.84814453125,0.7637081146240234,1,0,0,E20_correct__E22_wrong,E21_wrong__E22_wrong,E20_correct__E21_wrong
E14_Degraded,real_raise_054_r06cad2d6t_test_double_jpeg,Real,camera,unknown,0.00345611572265625,0.78564453125,0.7074256896972657,1,0,0,E20_correct__E22_wrong,E21_wrong__E22_wrong,E20_correct__E21_wrong
E14_Degraded,ai_sb_dalle2_025_r1a2095b2t_test_whatsapp_q75,AI,dalle2,unknown,0.1658935546875,0.96923828125,0.88890380859375,0,1,1,E20_wrong__E22_correct,E21_correct__E22_correct,E20_wrong__E21_correct
E14_Degraded,ai_sb_dalle2_025_r1a2095b2t_test_resize_q80,AI,dalle2,unknown,0.1304931640625,0.9697265625,0.88580322265625,0,1,1,E20_wrong__E22_correct,E21_correct__E22_correct,E20_wrong__E21_correct
E14_Degraded,ai_sb_dalle2_025_r1a2095b2t_test_double_jpeg,AI,dalle2,unknown,0.083740234375,0.94482421875,0.8587158203125,0,1,1,E20_wrong__E22_correct,E21_correct__E22_correct,E20_wrong__E21_correct
E19_Smartphone_Benchmark,e19_real_phone_001_wa,Real,None (Camera ISP),"Google Pixel (Pixel 7-9 family, exact model unspecified)",0.09185791015625,0.171875,0.163873291015625,1,1,1,E20_correct__E22_correct,E21_correct__E22_correct,both_correct
E19_Smartphone_Benchmark,e19_real_phone_002_wa,Real,None (Camera ISP),"Google Pixel (Pixel 7-9 family, exact model unspecified)",0.007175445556640625,0.92041015625,0.8290866851806641,1,0,0,E20_correct__E22_wrong,E21_wrong__E22_wrong,E20_correct__E21_wrong
E19_Smartphone_Benchmark,e19_real_phone_003_wa,Real,None (Camera ISP),"Google Pixel (Pixel 7-9 family, exact model unspecified)",0.037200927734375,0.939453125,0.8492279052734376,1,0,0,E20_correct__E22_wrong,E21_wrong__E22_wrong,E20_correct__E21_wrong
E19_Smartphone_Benchmark,e19_real_phone_004_wa,Real,None (Camera ISP),"Google Pixel (Pixel 7-9 family, exact model unspecified)",0.01337432861328125,0.86328125,0.7782905578613282,1,0,0,E20_correct__E22_wrong,E21_wrong__E22_wrong,E20_correct__E21_wrong
E19_Smartphone_Benchmark,e19_real_phone_005_wa,Real,None (Camera ISP),"Google Pixel (Pixel 7-9 family, exact model unspecified)",0.011871337890625,0.580078125,0.5232574462890626,1,0,0,E20_correct__E22_wrong,E21_wrong__E22_wrong,E20_correct__E21_wrong
E19_Smartphone_Benchmark,e19_real_phone_006_wa,Real,None (Camera ISP),"Google Pixel (Pixel 7-9 family, exact model unspecified)",0.6064453125,0.62646484375,0.624462890625,0,0,0,E20_wrong__E22_wrong,E21_wrong__E22_wrong,both_wrong
E19_Smartphone_Benchmark,e19_real_phone_007_wa,Real,None (Camera ISP),"Google Pixel (Pixel 7-9 family, exact model unspecified)",0.322265625,0.469482421875,0.4547607421875,1,1,1,E20_correct__E22_correct,E21_correct__E22_correct,both_correct
E19_Smartphone_Benchmark,e19_real_phone_008_wa,Real,None (Camera ISP),"Google Pixel (Pixel 7-9 family, exact model unspecified)",0.01302337646484375,0.422119140625,0.3812095642089844,1,1,1,E20_correct__E22_correct,E21_correct__E22_correct,both_correct
E19_Smartphone_Benchmark,e19_real_phone_009_wa,Real,None (Camera ISP),"Google Pixel (Pixel 7-9 family, exact model unspecified)",0.005535125732421875,0.70849609375,0.6381999969482423,1,0,0,E20_correct__E22_wrong,E21_wrong__E22_wrong,E20_correct__E21_wrong
E19_Smartphone_Benchmark,e19_real_phone_010_wa,Real,None (Camera ISP),"Google Pixel (Pixel 7-9 family, exact model unspecified)",0.0008039474487304688,0.9326171875,0.8394358634948731,1,0,0,E20_correct__E22_wrong,E21_wrong__E22_wrong,E20_correct__E21_wrong
E19_Smartphone_Benchmark,e19_real_phone_011_wa,Real,None (Camera ISP),"Google Pixel (Pixel 7-9 family, exact model unspecified)",0.144775390625,0.67578125,0.6226806640625001,1,0,0,E20_correct__E22_wrong,E21_wrong__E22_wrong,E20_correct__E21_wrong
E19_Smartphone_Benchmark,e19_real_phone_012_wa,Real,None (Camera ISP),"Google Pixel (Pixel 7-9 family, exact model unspecified)",0.0045928955078125,0.0112457275390625,0.010580444335937501,1,1,1,E20_correct__E22_correct,E21_correct__E22_correct,both_correct
E19_Smartphone_Benchmark,e19_real_phone_013_wa,Real,None (Camera ISP),"Google Pixel (Pixel 7-9 family, exact model unspecified)",0.006511688232421875,0.970703125,0.8742839813232423,1,0,0,E20_correct__E22_wrong,E21_wrong__E22_wrong,E20_correct__E21_wrong
E19_Smartphone_Benchmark,e19_real_phone_014_wa,Real,None (Camera ISP),"Google Pixel (Pixel 7-9 family, exact model unspecified)",0.01322174072265625,1.9252300262451172e-05,0.0013395011425018312,1,1,1,E20_correct__E22_correct,E21_correct__E22_correct,both_correct
E19_Smartphone_Benchmark,e19_real_phone_015_wa,Real,None (Camera ISP),"Google Pixel (Pixel 7-9 family, exact model unspecified)",0.00861358642578125,0.52783203125,0.4759101867675781,1,0,1,E20_correct__E22_correct,E21_wrong__E22_correct,E20_correct__E21_wrong
E19_Smartphone_Benchmark,e19_real_phone_016_wa,Real,None (Camera ISP),"Google Pixel (Pixel 7-9 family, exact model unspecified)",0.03155517578125,0.9736328125,0.8794250488281251,1,0,0,E20_correct__E22_wrong,E21_wrong__E22_wrong,E20_correct__E21_wrong
E19_Smartphone_Benchmark,e19_real_phone_017_wa,Real,None (Camera ISP),"Google Pixel (Pixel 7-9 family, exact model unspecified)",0.005344390869140625,0.325927734375,0.2938694000244141,1,1,1,E20_correct__E22_correct,E21_correct__E22_correct,both_correct
E19_Smartphone_Benchmark,e19_real_phone_018_wa,Real,None (Camera ISP),"Google Pixel (Pixel 7-9 family, exact model unspecified)",0.00572967529296875,0.014007568359375,0.013179779052734375,1,1,1,E20_correct__E22_correct,E21_correct__E22_correct,both_correct
E19_Smartphone_Benchmark,e19_real_phone_019_wa,Real,None (Camera ISP),"Google Pixel (Pixel 7-9 family, exact model unspecified)",0.01837158203125,0.6845703125,0.617950439453125,1,0,0,E20_correct__E22_wrong,E21_wrong__E22_wrong,E20_correct__E21_wrong
E19_Smartphone_Benchmark,e19_real_phone_020_wa,Real,None (Camera ISP),"Google Pixel (Pixel 7-9 family, exact model unspecified)",0.0050811767578125,0.84033203125,0.7568069458007813,1,0,0,E20_correct__E22_wrong,E21_wrong__E22_wrong,E20_correct__E21_wrong
E19_Smartphone_Benchmark,e19_real_phone_021_wa,Real,None (Camera ISP),"Google Pixel (Pixel 7-9 family, exact model unspecified)",0.07891845703125,0.734375,0.668829345703125,1,0,0,E20_correct__E22_wrong,E21_wrong__E22_wrong,E20_correct__E21_wrong
E19_Smartphone_Benchmark,e19_real_phone_022_wa,Real,None (Camera ISP),"Google Pixel (Pixel 7-9 family, exact model unspecified)",0.00634002685546875,0.339111328125,0.3058341979980469,1,1,1,E20_correct__E22_correct,E21_correct__E22_correct,both_correct
E19_Smartphone_Benchmark,e19_real_phone_023_wa,Real,None (Camera ISP),"Google Pixel (Pixel 7-9 family, exact model unspecified)",0.173095703125,0.455078125,0.42687988281250006,1,1,1,E20_correct__E22_correct,E21_correct__E22_correct,both_correct
E19_Smartphone_Benchmark,e19_real_phone_024_wa,Real,None (Camera ISP),"Google Pixel (Pixel 7-9 family, exact model unspecified)",0.00269317626953125,0.90625,0.8158943176269532,1,0,0,E20_correct__E22_wrong,E21_wrong__E22_wrong,E20_correct__E21_wrong
E19_Smartphone_Benchmark,e19_real_phone_025_wa,Real,None (Camera ISP),"Google Pixel (Pixel 7-9 family, exact model unspecified)",0.0006337165832519531,0.80810546875,0.7273582935333252,1,0,0,E20_correct__E22_wrong,E21_wrong__E22_wrong,E20_correct__E21_wrong
E19_Smartphone_Benchmark,e19_real_phone_026_wa,Real,None (Camera ISP),"Google Pixel (Pixel 7-9 family, exact model unspecified)",0.32080078125,0.6806640625,0.6446777343750001,1,0,0,E20_correct__E22_wrong,E21_wrong__E22_wrong,E20_correct__E21_wrong
E19_Smartphone_Benchmark,e19_real_phone_027_wa,Real,None (Camera ISP),"Google Pixel (Pixel 7-9 family, exact model unspecified)",0.004199981689453125,0.94580078125,0.8516407012939453,1,0,0,E20_correct__E22_wrong,E21_wrong__E22_wrong,E20_correct__E21_wrong
E19_Smartphone_Benchmark,e19_real_phone_028_wa,Real,None (Camera ISP),"Google Pixel (Pixel 7-9 family, exact model unspecified)",0.01666259765625,0.036895751953125,0.0348724365234375,1,1,1,E20_correct__E22_correct,E21_correct__E22_correct,both_correct
E19_Smartphone_Benchmark,e19_real_phone_029_wa,Real,None (Camera ISP),"Google Pixel (Pixel 7-9 family, exact model unspecified)",0.00254058837890625,0.9794921875,0.8817970275878907,1,0,0,E20_correct__E22_wrong,E21_wrong__E22_wrong,E20_correct__E21_wrong
E19_Smartphone_Benchmark,e19_real_phone_030_wa,Real,None (Camera ISP),"Google Pixel (Pixel 7-9 family, exact model unspecified)",0.08135986328125,0.9375,0.851885986328125,1,0,0,E20_correct__E22_wrong,E21_wrong__E22_wrong,E20_correct__E21_wrong
E19_Smartphone_Benchmark,e19_real_phone_031_raw,Real,None (Camera ISP),Apple iPhone (iPhone X),0.005138397216796875,0.74755859375,0.6733165740966798,1,0,0,E20_correct__E22_wrong,E21_wrong__E22_wrong,E20_correct__E21_wrong
E19_Smartphone_Benchmark,e19_real_phone_032_raw,Real,None (Camera ISP),Apple iPhone (iPhone X),0.0024814605712890625,0.01111602783203125,0.010252571105957032,1,1,1,E20_correct__E22_correct,E21_correct__E22_correct,both_correct
E19_Smartphone_Benchmark,e19_real_phone_033_raw,Real,None (Camera ISP),Apple iPhone (iPhone X),0.0045928955078125,0.0021076202392578125,0.002356147766113281,1,1,1,E20_correct__E22_correct,E21_correct__E22_correct,both_correct
E19_Smartphone_Benchmark,e19_real_phone_034_raw,Real,None (Camera ISP),Apple iPhone (iPhone X),0.0005679130554199219,0.0002065896987915039,0.00024272203445434572,1,1,1,E20_correct__E22_correct,E21_correct__E22_correct,both_correct
E19_Smartphone_Benchmark,e19_real_phone_035_raw,Real,None (Camera ISP),Apple iPhone (iPhone X),0.0012111663818359375,0.00937652587890625,0.00855998992919922,1,1,1,E20_correct__E22_correct,E21_correct__E22_correct,both_correct
E19_Smartphone_Benchmark,e19_real_phone_036_raw,Real,None (Camera ISP),Apple iPhone (iPhone X),0.004398345947265625,0.0062408447265625,0.006056594848632813,1,1,1,E20_correct__E22_correct,E21_correct__E22_correct,both_correct
E19_Smartphone_Benchmark,e19_real_phone_037_raw,Real,None (Camera ISP),Apple iPhone (iPhone X),0.0017414093017578125,0.64306640625,0.5789339065551757,1,0,0,E20_correct__E22_wrong,E21_wrong__E22_wrong,E20_correct__E21_wrong
E19_Smartphone_Benchmark,e19_real_phone_038_raw,Real,None (Camera ISP),Apple iPhone (iPhone X),0.0005421638488769531,0.00634002685546875,0.0057602405548095705,1,1,1,E20_correct__E22_correct,E21_correct__E22_correct,both_correct
E19_Smartphone_Benchmark,e19_real_phone_039_raw,Real,None (Camera ISP),Apple iPhone (iPhone X),0.0005464553833007812,0.0016546249389648438,0.0015438079833984375,1,1,1,E20_correct__E22_correct,E21_correct__E22_correct,both_correct
E19_Smartphone_Benchmark,e19_real_phone_040_raw,Real,None (Camera ISP),Apple iPhone (iPhone X),0.00473785400390625,0.011962890625,0.011240386962890625,1,1,1,E20_correct__E22_correct,E21_correct__E22_correct,both_correct
E19_Smartphone_Benchmark,e19_real_phone_041_raw,Real,None (Camera ISP),Apple iPhone (iPhone X),0.0005235671997070312,0.0029468536376953125,0.0027045249938964845,1,1,1,E20_correct__E22_correct,E21_correct__E22_correct,both_correct
E19_Smartphone_Benchmark,e19_real_phone_042_raw,Real,None (Camera ISP),Apple iPhone (iPhone X),0.0012645721435546875,0.0004012584686279297,0.00048758983612060545,1,1,1,E20_correct__E22_correct,E21_correct__E22_correct,both_correct
E19_Smartphone_Benchmark,e19_real_phone_043_raw,Real,None (Camera ISP),Apple iPhone (iPhone X),0.0015306472778320312,0.1405029296875,0.12660570144653321,1,1,1,E20_correct__E22_correct,E21_correct__E22_correct,both_correct
E19_Smartphone_Benchmark,e19_real_phone_044_raw,Real,None (Camera ISP),Apple iPhone (iPhone X),0.0037078857421875,0.00926971435546875,0.008713531494140624,1,1,1,E20_correct__E22_correct,E21_correct__E22_correct,both_correct
E19_Smartphone_Benchmark,e19_real_phone_045_raw,Real,None (Camera ISP),Apple iPhone (iPhone X),0.007843017578125,0.0174407958984375,0.016481018066406252,1,1,1,E20_correct__E22_correct,E21_correct__E22_correct,both_correct
E19_Smartphone_Benchmark,e19_real_phone_046_raw,Real,None (Camera ISP),Apple iPhone (iPhone X),0.00015723705291748047,0.0872802734375,0.07856796979904175,1,1,1,E20_correct__E22_correct,E21_correct__E22_correct,both_correct
E19_Smartphone_Benchmark,e19_real_phone_047_raw,Real,None (Camera ISP),Apple iPhone (iPhone X),0.0020351409912109375,0.009124755859375,0.008415794372558594,1,1,1,E20_correct__E22_correct,E21_correct__E22_correct,both_correct
E19_Smartphone_Benchmark,e19_real_phone_048_raw,Real,None (Camera ISP),Apple iPhone (iPhone X),5.143880844116211e-05,0.0001398324966430664,0.000130993127822876,1,1,1,E20_correct__E22_correct,E21_correct__E22_correct,both_correct
E19_Smartphone_Benchmark,e19_real_phone_049_raw,Real,None (Camera ISP),Apple iPhone (iPhone X),0.0009698867797851562,0.001361846923828125,0.0013226509094238282,1,1,1,E20_correct__E22_correct,E21_correct__E22_correct,both_correct
E19_Smartphone_Benchmark,e19_real_phone_050_raw,Real,None (Camera ISP),Apple iPhone (iPhone X),0.004608154296875,0.252197265625,0.22743835449218752,1,1,1,E20_correct__E22_correct,E21_correct__E22_correct,both_correct
E19_Smartphone_Benchmark,e19_real_phone_051_raw,Real,None (Camera ISP),Apple iPhone (iPhone X),0.02423095703125,0.033203125,0.032305908203125004,1,1,1,E20_correct__E22_correct,E21_correct__E22_correct,both_correct
E19_Smartphone_Benchmark,e19_real_phone_052_raw,Real,None (Camera ISP),Apple iPhone (iPhone X),0.00036978721618652344,0.0006880760192871094,0.0006562471389770508,1,1,1,E20_correct__E22_correct,E21_correct__E22_correct,both_correct
E19_Smartphone_Benchmark,e19_real_phone_053_raw,Real,None (Camera ISP),Apple iPhone (iPhone X),0.004024505615234375,0.05987548828125,0.054290390014648436,1,1,1,E20_correct__E22_correct,E21_correct__E22_correct,both_correct
E19_Smartphone_Benchmark,e19_real_phone_054_raw,Real,None (Camera ISP),Apple iPhone (iPhone X),0.0013151168823242188,0.040771484375,0.036825847625732426,1,1,1,E20_correct__E22_correct,E21_correct__E22_correct,both_correct
E19_Smartphone_Benchmark,e19_real_phone_055_raw,Real,None (Camera ISP),Apple iPhone (iPhone X),0.0001214742660522461,0.01107025146484375,0.0099753737449646,1,1,1,E20_correct__E22_correct,E21_correct__E22_correct,both_correct
E19_Smartphone_Benchmark,e19_real_phone_056_raw,Real,None (Camera ISP),Apple iPhone (iPhone X),0.00031495094299316406,0.007175445556640625,0.006489396095275879,1,1,1,E20_correct__E22_correct,E21_correct__E22_correct,both_correct
E19_Smartphone_Benchmark,e19_real_phone_057_raw,Real,None (Camera ISP),Apple iPhone (iPhone X),0.0021648406982421875,0.00609588623046875,0.005702781677246094,1,1,1,E20_correct__E22_correct,E21_correct__E22_correct,both_correct
E19_Smartphone_Benchmark,e19_real_phone_058_raw,Real,None (Camera ISP),Apple iPhone (iPhone X),0.0014781951904296875,0.0016937255859375,0.0016721725463867188,1,1,1,E20_correct__E22_correct,E21_correct__E22_correct,both_correct
E19_Smartphone_Benchmark,e19_real_phone_059_raw,Real,None (Camera ISP),Apple iPhone (iPhone X),0.00033020973205566406,0.0003998279571533203,0.0003928661346435547,1,1,1,E20_correct__E22_correct,E21_correct__E22_correct,both_correct
E19_Smartphone_Benchmark,e19_real_phone_060_raw,Real,None (Camera ISP),Apple iPhone (iPhone X),8.481740951538086e-05,0.005260467529296875,0.004742902517318726,1,1,1,E20_correct__E22_correct,E21_correct__E22_correct,both_correct
E19_Smartphone_Benchmark,e19_real_phone_061_raw,Real,None (Camera ISP),Apple iPhone (iPhone X),6.920099258422852e-05,0.041839599609375,0.037662559747695924,1,1,1,E20_correct__E22_correct,E21_correct__E22_correct,both_correct
E19_Smartphone_Benchmark,e19_real_phone_062_raw,Real,None (Camera ISP),Apple iPhone (iPhone X),0.058135986328125,0.0265045166015625,0.02966766357421875,1,1,1,E20_correct__E22_correct,E21_correct__E22_correct,both_correct
E19_Smartphone_Benchmark,e19_real_phone_063_raw,Real,None (Camera ISP),Apple iPhone (iPhone X),0.0007853507995605469,0.1077880859375,0.09708781242370607,1,1,1,E20_correct__E22_correct,E21_correct__E22_correct,both_correct
E19_Smartphone_Benchmark,e19_real_phone_064_raw,Real,None (Camera ISP),Apple iPhone (iPhone X),0.000865936279296875,0.00034880638122558594,0.00040051937103271487,1,1,1,E20_correct__E22_correct,E21_correct__E22_correct,both_correct
E19_Smartphone_Benchmark,e19_real_phone_065_raw,Real,None (Camera ISP),Apple iPhone (iPhone X),0.00033545494079589844,0.00867462158203125,0.007840704917907716,1,1,1,E20_correct__E22_correct,E21_correct__E22_correct,both_correct
E19_Smartphone_Benchmark,e19_real_phone_066_raw,Real,None (Camera ISP),Samsung Galaxy (Galaxy S9),0.0167236328125,0.051361083984375,0.0478973388671875,1,1,1,E20_correct__E22_correct,E21_correct__E22_correct,both_correct
E19_Smartphone_Benchmark,e19_real_phone_067_raw,Real,None (Camera ISP),Samsung Galaxy (Galaxy S9),0.00945281982421875,0.11297607421875,0.10262374877929688,1,1,1,E20_correct__E22_correct,E21_correct__E22_correct,both_correct
E19_Smartphone_Benchmark,e19_real_phone_068_raw,Real,None (Camera ISP),Samsung Galaxy (Galaxy S9),0.0013723373413085938,0.0009775161743164062,0.001016998291015625,1,1,1,E20_correct__E22_correct,E21_correct__E22_correct,both_correct
E19_Smartphone_Benchmark,e19_real_phone_069_raw,Real,None (Camera ISP),Samsung Galaxy (Galaxy S9),0.0001055598258972168,0.005641937255859375,0.00508829951286316,1,1,1,E20_correct__E22_correct,E21_correct__E22_correct,both_correct
E19_Smartphone_Benchmark,e19_real_phone_070_raw,Real,None (Camera ISP),Samsung Galaxy (Galaxy S9),0.00015115737915039062,0.144775390625,0.13031296730041506,1,1,1,E20_correct__E22_correct,E21_correct__E22_correct,both_correct
E19_Smartphone_Benchmark,e19_real_phone_071_raw,Real,None (Camera ISP),Samsung Galaxy (Galaxy S9),0.011688232421875,0.06488037109375,0.0595611572265625,1,1,1,E20_correct__E22_correct,E21_correct__E22_correct,both_correct
E19_Smartphone_Benchmark,e19_real_phone_072_raw,Real,None (Camera ISP),Samsung Galaxy (Galaxy S9),0.00034999847412109375,0.57080078125,0.5137557029724121,1,0,0,E20_correct__E22_wrong,E21_wrong__E22_wrong,E20_correct__E21_wrong
E19_Smartphone_Benchmark,e19_real_phone_073_raw,Real,None (Camera ISP),Samsung Galaxy (Galaxy S9),0.002758026123046875,0.319091796875,0.2874584197998047,1,1,1,E20_correct__E22_correct,E21_correct__E22_correct,both_correct
E19_Smartphone_Benchmark,e19_real_phone_074_raw,Real,None (Camera ISP),Samsung Galaxy (Galaxy S9),0.020599365234375,0.04351806640625,0.0412261962890625,1,1,1,E20_correct__E22_correct,E21_correct__E22_correct,both_correct
E19_Smartphone_Benchmark,e19_real_phone_075_raw,Real,None (Camera ISP),Samsung Galaxy (Galaxy S9),0.003795623779296875,0.00579833984375,0.0055980682373046875,1,1,1,E20_correct__E22_correct,E21_correct__E22_correct,both_correct
E19_Smartphone_Benchmark,e19_real_phone_076_raw,Real,None (Camera ISP),Samsung Galaxy (Galaxy S9),0.0021820068359375,0.00206756591796875,0.002079010009765625,1,1,1,E20_correct__E22_correct,E21_correct__E22_correct,both_correct
E19_Smartphone_Benchmark,e19_real_phone_077_raw,Real,None (Camera ISP),Samsung Galaxy (Galaxy S9),0.00030541419982910156,0.017852783203125,0.01609804630279541,1,1,1,E20_correct__E22_correct,E21_correct__E22_correct,both_correct
E19_Smartphone_Benchmark,e19_real_phone_078_raw,Real,None (Camera ISP),Samsung Galaxy (Galaxy S9),0.01024627685546875,0.048675537109375,0.044832611083984376,1,1,1,E20_correct__E22_correct,E21_correct__E22_correct,both_correct
E19_Smartphone_Benchmark,e19_real_phone_079_raw,Real,None (Camera ISP),Samsung Galaxy (Galaxy S9),0.004520416259765625,0.37890625,0.34146766662597655,1,1,1,E20_correct__E22_correct,E21_correct__E22_correct,both_correct
E19_Smartphone_Benchmark,e19_real_phone_080_raw,Real,None (Camera ISP),Samsung Galaxy (Galaxy S9),0.1650390625,0.8427734375,0.775,1,0,0,E20_correct__E22_wrong,E21_wrong__E22_wrong,E20_correct__E21_wrong
E19_Smartphone_Benchmark,e19_real_phone_081_raw,Real,None (Camera ISP),Samsung Galaxy (Galaxy S9),0.0007762908935546875,0.9521484375,0.8570112228393555,1,0,0,E20_correct__E22_wrong,E21_wrong__E22_wrong,E20_correct__E21_wrong
E19_Smartphone_Benchmark,e19_real_phone_082_raw,Real,None (Camera ISP),Samsung Galaxy (Galaxy S9),7.843971252441406e-05,0.0011835098266601562,0.001073002815246582,1,1,1,E20_correct__E22_correct,E21_correct__E22_correct,both_correct
E19_Smartphone_Benchmark,e19_real_phone_083_raw,Real,None (Camera ISP),Samsung Galaxy (Galaxy S9),0.00208282470703125,0.00937652587890625,0.00864715576171875,1,1,1,E20_correct__E22_correct,E21_correct__E22_correct,both_correct
E19_Smartphone_Benchmark,e19_real_phone_084_raw,Real,None (Camera ISP),Samsung Galaxy (Galaxy S9),0.0015735626220703125,0.00046563148498535156,0.0005764245986938476,1,1,1,E20_correct__E22_correct,E21_correct__E22_correct,both_correct
E19_Smartphone_Benchmark,e19_real_phone_085_raw,Real,None (Camera ISP),Samsung Galaxy (Galaxy S9),0.0001647472381591797,0.94921875,0.854313349723816,1,0,0,E20_correct__E22_wrong,E21_wrong__E22_wrong,E20_correct__E21_wrong
E19_Smartphone_Benchmark,e19_real_phone_086_raw,Real,None (Camera ISP),Samsung Galaxy (Galaxy S9),0.0204925537109375,0.08331298828125,0.07703094482421875,1,1,1,E20_correct__E22_correct,E21_correct__E22_correct,both_correct
E19_Smartphone_Benchmark,e19_real_phone_087_raw,Real,None (Camera ISP),Samsung Galaxy (Galaxy S9),5.692243576049805e-05,0.0004029273986816406,0.00036832690238952637,1,1,1,E20_correct__E22_correct,E21_correct__E22_correct,both_correct
E19_Smartphone_Benchmark,e19_real_phone_088_raw,Real,None (Camera ISP),Samsung Galaxy (Galaxy S9),0.0002378225326538086,0.00034737586975097656,0.00033642053604125975,1,1,1,E20_correct__E22_correct,E21_correct__E22_correct,both_correct
E19_Smartphone_Benchmark,e19_real_phone_089_raw,Real,None (Camera ISP),Samsung Galaxy (Galaxy S9),0.000263214111328125,0.0003275871276855469,0.00032114982604980474,1,1,1,E20_correct__E22_correct,E21_correct__E22_correct,both_correct
E19_Smartphone_Benchmark,e19_real_phone_090_raw,Real,None (Camera ISP),Samsung Galaxy (Galaxy S9),0.29150390625,0.50830078125,0.48662109375,1,0,1,E20_correct__E22_correct,E21_wrong__E22_correct,E20_correct__E21_wrong
E19_Smartphone_Benchmark,e19_real_phone_091_raw,Real,None (Camera ISP),Samsung Galaxy (Galaxy S9),0.0001596212387084961,0.047515869140625,0.04278024435043335,1,1,1,E20_correct__E22_correct,E21_correct__E22_correct,both_correct
E19_Smartphone_Benchmark,e19_real_phone_092_raw,Real,None (Camera ISP),Samsung Galaxy (Galaxy S9),0.0030155181884765625,0.0016613006591796875,0.001796722412109375,1,1,1,E20_correct__E22_correct,E21_correct__E22_correct,both_correct
E19_Smartphone_Benchmark,e19_real_phone_093_raw,Real,None (Camera ISP),Samsung Galaxy (Galaxy S9),0.0050811767578125,0.11102294921875,0.10042877197265626,1,1,1,E20_correct__E22_correct,E21_correct__E22_correct,both_correct
E19_Smartphone_Benchmark,e19_real_phone_094_raw,Real,None (Camera ISP),Samsung Galaxy (Galaxy S9),0.0008759498596191406,0.0234222412109375,0.021167612075805663,1,1,1,E20_correct__E22_correct,E21_correct__E22_correct,both_correct
E19_Smartphone_Benchmark,e19_real_phone_095_raw,Real,None (Camera ISP),Samsung Galaxy (Galaxy S9),0.0005726814270019531,0.08868408203125,0.0798729419708252,1,1,1,E20_correct__E22_correct,E21_correct__E22_correct,both_correct
E19_Smartphone_Benchmark,e19_real_phone_096_raw,Real,None (Camera ISP),Samsung Galaxy (Galaxy S9),0.0012254714965820312,0.6982421875,0.6285405158996582,1,0,0,E20_correct__E22_wrong,E21_wrong__E22_wrong,E20_correct__E21_wrong
E19_Smartphone_Benchmark,e19_real_phone_097_raw,Real,None (Camera ISP),Samsung Galaxy (Galaxy S9),0.02044677734375,0.04534912109375,0.04285888671875,1,1,1,E20_correct__E22_correct,E21_correct__E22_correct,both_correct
E19_Smartphone_Benchmark,e19_real_phone_098_raw,Real,None (Camera ISP),Samsung Galaxy (Galaxy S9),0.03448486328125,0.5283203125,0.47893676757812503,1,0,1,E20_correct__E22_correct,E21_wrong__E22_correct,E20_correct__E21_wrong
E19_Smartphone_Benchmark,e19_real_phone_099_raw,Real,None (Camera ISP),Samsung Galaxy (Galaxy S9),0.006641387939453125,0.033782958984375,0.031068801879882816,1,1,1,E20_correct__E22_correct,E21_correct__E22_correct,both_correct
E19_Smartphone_Benchmark,e19_real_phone_100_raw,Real,None (Camera ISP),Samsung Galaxy (Galaxy S9),0.0005254745483398438,0.001979827880859375,0.0018343925476074219,1,1,1,E20_correct__E22_correct,E21_correct__E22_correct,both_correct
E19_Smartphone_Benchmark,e19_ai_001_wa,AI,"FLUX (Flux LoRA Synthetic Corpus, exact engine unspecified)",Synthetic (None),0.92333984375,0.98486328125,0.9787109375,1,1,1,E20_correct__E22_correct,E21_correct__E22_correct,both_correct
E19_Smartphone_Benchmark,e19_ai_002_wa,AI,"FLUX (Flux LoRA Synthetic Corpus, exact engine unspecified)",Synthetic (None),0.734375,0.95458984375,0.932568359375,1,1,1,E20_correct__E22_correct,E21_correct__E22_correct,both_correct
E19_Smartphone_Benchmark,e19_ai_003_wa,AI,"FLUX (Flux LoRA Synthetic Corpus, exact engine unspecified)",Synthetic (None),0.0273284912109375,0.52294921875,0.4733871459960937,0,1,0,E20_wrong__E22_wrong,E21_correct__E22_wrong,E20_wrong__E21_correct
E19_Smartphone_Benchmark,e19_ai_004_wa,AI,"FLUX (Flux LoRA Synthetic Corpus, exact engine unspecified)",Synthetic (None),0.2430419921875,0.6357421875,0.59647216796875,0,1,1,E20_wrong__E22_correct,E21_correct__E22_correct,E20_wrong__E21_correct
E19_Smartphone_Benchmark,e19_ai_005_wa,AI,"FLUX (Flux LoRA Synthetic Corpus, exact engine unspecified)",Synthetic (None),0.48876953125,0.95361328125,0.90712890625,0,1,1,E20_wrong__E22_correct,E21_correct__E22_correct,E20_wrong__E21_correct
E19_Smartphone_Benchmark,e19_ai_006_wa,AI,"FLUX (Flux LoRA Synthetic Corpus, exact engine unspecified)",Synthetic (None),0.0221099853515625,0.334716796875,0.3034561157226563,0,0,0,E20_wrong__E22_wrong,E21_wrong__E22_wrong,both_wrong
E19_Smartphone_Benchmark,e19_ai_007_wa,AI,"FLUX (Flux LoRA Synthetic Corpus, exact engine unspecified)",Synthetic (None),0.031982421875,0.63330078125,0.5731689453125,0,1,1,E20_wrong__E22_correct,E21_correct__E22_correct,E20_wrong__E21_correct
E19_Smartphone_Benchmark,e19_ai_008_wa,AI,"FLUX (Flux LoRA Synthetic Corpus, exact engine unspecified)",Synthetic (None),0.70458984375,0.96630859375,0.94013671875,1,1,1,E20_correct__E22_correct,E21_correct__E22_correct,both_correct
E19_Smartphone_Benchmark,e19_ai_009_wa,AI,"FLUX (Flux LoRA Synthetic Corpus, exact engine unspecified)",Synthetic (None),0.8466796875,0.966796875,0.95478515625,1,1,1,E20_correct__E22_correct,E21_correct__E22_correct,both_correct
E19_Smartphone_Benchmark,e19_ai_010_wa,AI,"FLUX (Flux LoRA Synthetic Corpus, exact engine unspecified)",Synthetic (None),0.1490478515625,0.830078125,0.76197509765625,0,1,1,E20_wrong__E22_correct,E21_correct__E22_correct,E20_wrong__E21_correct
E19_Smartphone_Benchmark,e19_ai_011_wa,AI,"FLUX (Flux LoRA Synthetic Corpus, exact engine unspecified)",Synthetic (None),0.01306915283203125,0.54345703125,0.49041824340820317,0,1,0,E20_wrong__E22_wrong,E21_correct__E22_wrong,E20_wrong__E21_correct
E19_Smartphone_Benchmark,e19_ai_012_wa,AI,"FLUX (Flux LoRA Synthetic Corpus, exact engine unspecified)",Synthetic (None),0.1878662109375,0.56640625,0.52855224609375,0,1,1,E20_wrong__E22_correct,E21_correct__E22_correct,E20_wrong__E21_correct
E19_Smartphone_Benchmark,e19_ai_013_wa,AI,"FLUX (Flux LoRA Synthetic Corpus, exact engine unspecified)",Synthetic (None),0.006122589111328125,0.544921875,0.4910419464111328,0,1,0,E20_wrong__E22_wrong,E21_correct__E22_wrong,E20_wrong__E21_correct
E19_Smartphone_Benchmark,e19_ai_014_wa,AI,"FLUX (Flux LoRA Synthetic Corpus, exact engine unspecified)",Synthetic (None),0.036346435546875,0.50537109375,0.4584686279296875,0,1,0,E20_wrong__E22_wrong,E21_correct__E22_wrong,E20_wrong__E21_correct
E19_Smartphone_Benchmark,e19_ai_015_wa,AI,"FLUX (Flux LoRA Synthetic Corpus, exact engine unspecified)",Synthetic (None),0.41748046875,0.640625,0.618310546875,0,1,1,E20_wrong__E22_correct,E21_correct__E22_correct,E20_wrong__E21_correct
E19_Smartphone_Benchmark,e19_ai_016_wa,AI,"FLUX (Flux LoRA Synthetic Corpus, exact engine unspecified)",Synthetic (None),0.53662109375,0.98095703125,0.9365234375000001,1,1,1,E20_correct__E22_correct,E21_correct__E22_correct,both_correct
E19_Smartphone_Benchmark,e19_ai_017_wa,AI,"FLUX (Flux LoRA Synthetic Corpus, exact engine unspecified)",Synthetic (None),0.572265625,0.41162109375,0.42768554687500004,1,0,0,E20_correct__E22_wrong,E21_wrong__E22_wrong,E20_correct__E21_wrong
E19_Smartphone_Benchmark,e19_ai_018_wa,AI,"FLUX (Flux LoRA Synthetic Corpus, exact engine unspecified)",Synthetic (None),0.0743408203125,0.70068359375,0.63804931640625,0,1,1,E20_wrong__E22_correct,E21_correct__E22_correct,E20_wrong__E21_correct
E19_Smartphone_Benchmark,e19_ai_019_wa,AI,"FLUX (Flux LoRA Synthetic Corpus, exact engine unspecified)",Synthetic (None),0.48486328125,0.82568359375,0.7916015625,0,1,1,E20_wrong__E22_correct,E21_correct__E22_correct,E20_wrong__E21_correct
E19_Smartphone_Benchmark,e19_ai_020_wa,AI,"FLUX (Flux LoRA Synthetic Corpus, exact engine unspecified)",Synthetic (None),0.90625,0.978515625,0.9712890625000001,1,1,1,E20_correct__E22_correct,E21_correct__E22_correct,both_correct
E19_Smartphone_Benchmark,e19_ai_021_wa,AI,Google Gemini (exact underlying model unspecified),Synthetic (None),0.49755859375,0.96435546875,0.91767578125,0,1,1,E20_wrong__E22_correct,E21_correct__E22_correct,E20_wrong__E21_correct
E19_Smartphone_Benchmark,e19_ai_022_wa,AI,Google Gemini (exact underlying model unspecified),Synthetic (None),0.9931640625,0.99853515625,0.997998046875,1,1,1,E20_correct__E22_correct,E21_correct__E22_correct,both_correct
E19_Smartphone_Benchmark,e19_ai_023_wa,AI,Google Gemini (exact underlying model unspecified),Synthetic (None),0.91650390625,0.90966796875,0.9103515625,1,1,1,E20_correct__E22_correct,E21_correct__E22_correct,both_correct
E19_Smartphone_Benchmark,e19_ai_024_wa,AI,Google Gemini (exact underlying model unspecified),Synthetic (None),0.76318359375,0.70556640625,0.711328125,1,1,1,E20_correct__E22_correct,E21_correct__E22_correct,both_correct
E19_Smartphone_Benchmark,e19_ai_025_wa,AI,Google Gemini (exact underlying model unspecified),Synthetic (None),0.904296875,0.69189453125,0.713134765625,1,1,1,E20_correct__E22_correct,E21_correct__E22_correct,both_correct
E19_Smartphone_Benchmark,e19_ai_026_wa,AI,Google Gemini (exact underlying model unspecified),Synthetic (None),0.47900390625,0.65625,0.638525390625,0,1,1,E20_wrong__E22_correct,E21_correct__E22_correct,E20_wrong__E21_correct
E19_Smartphone_Benchmark,e19_ai_027_wa,AI,Google Gemini (exact underlying model unspecified),Synthetic (None),0.8564453125,0.9765625,0.96455078125,1,1,1,E20_correct__E22_correct,E21_correct__E22_correct,both_correct
E19_Smartphone_Benchmark,e19_ai_028_wa,AI,Google Gemini (exact underlying model unspecified),Synthetic (None),0.89208984375,0.0,0.08920898437500001,1,0,0,E20_correct__E22_wrong,E21_wrong__E22_wrong,E20_correct__E21_wrong
E19_Smartphone_Benchmark,e19_ai_029_wa,AI,Google Gemini (exact underlying model unspecified),Synthetic (None),0.7109375,0.974609375,0.9482421875,1,1,1,E20_correct__E22_correct,E21_correct__E22_correct,both_correct
E19_Smartphone_Benchmark,e19_ai_030_wa,AI,Google Gemini (exact underlying model unspecified),Synthetic (None),0.537109375,0.81591796875,0.788037109375,1,1,1,E20_correct__E22_correct,E21_correct__E22_correct,both_correct
E19_Smartphone_Benchmark,e19_ai_031_raw,AI,Google Gemini (exact underlying model unspecified),Synthetic (None),0.814453125,0.923828125,0.912890625,1,1,1,E20_correct__E22_correct,E21_correct__E22_correct,both_correct
E19_Smartphone_Benchmark,e19_ai_032_raw,AI,Google Gemini (exact underlying model unspecified),Synthetic (None),0.9033203125,0.54541015625,0.5812011718750001,1,1,1,E20_correct__E22_correct,E21_correct__E22_correct,both_correct
E19_Smartphone_Benchmark,e19_ai_033_raw,AI,Google Gemini (exact underlying model unspecified),Synthetic (None),0.998046875,0.99853515625,0.998486328125,1,1,1,E20_correct__E22_correct,E21_correct__E22_correct,both_correct
E19_Smartphone_Benchmark,e19_ai_034_raw,AI,Google Gemini (exact underlying model unspecified),Synthetic (None),0.3544921875,0.951171875,0.89150390625,0,1,1,E20_wrong__E22_correct,E21_correct__E22_correct,E20_wrong__E21_correct
E19_Smartphone_Benchmark,e19_ai_035_raw,AI,Google Gemini (exact underlying model unspecified),Synthetic (None),0.2666015625,0.1688232421875,0.17860107421875002,0,0,0,E20_wrong__E22_wrong,E21_wrong__E22_wrong,both_wrong
E19_Smartphone_Benchmark,e19_ai_036_raw,AI,Google Gemini (exact underlying model unspecified),Synthetic (None),0.0010042190551757812,0.00015473365783691406,0.0002396821975708008,0,0,0,E20_wrong__E22_wrong,E21_wrong__E22_wrong,both_wrong
E19_Smartphone_Benchmark,e19_ai_037_raw,AI,Google Gemini (exact underlying model unspecified),Synthetic (None),0.75341796875,0.97314453125,0.951171875,1,1,1,E20_correct__E22_correct,E21_correct__E22_correct,both_correct
E19_Smartphone_Benchmark,e19_ai_038_raw,AI,Google Gemini (exact underlying model unspecified),Synthetic (None),0.943359375,0.994140625,0.9890625000000001,1,1,1,E20_correct__E22_correct,E21_correct__E22_correct,both_correct
E19_Smartphone_Benchmark,e19_ai_039_raw,AI,Google Gemini (exact underlying model unspecified),Synthetic (None),0.26220703125,0.090576171875,0.10773925781250002,0,0,0,E20_wrong__E22_wrong,E21_wrong__E22_wrong,both_wrong
E19_Smartphone_Benchmark,e19_ai_040_raw,AI,Google Gemini (exact underlying model unspecified),Synthetic (None),0.86865234375,0.40576171875,0.45205078125,1,0,0,E20_correct__E22_wrong,E21_wrong__E22_wrong,E20_correct__E21_wrong
E19_Smartphone_Benchmark,e19_ai_041_raw,AI,Midjourney (exact version unspecified),Synthetic (None),0.99658203125,1.0,0.9996582031250001,1,1,1,E20_correct__E22_correct,E21_correct__E22_correct,both_correct
E19_Smartphone_Benchmark,e19_ai_042_raw,AI,Midjourney (exact version unspecified),Synthetic (None),0.99853515625,0.99951171875,0.9994140625,1,1,1,E20_correct__E22_correct,E21_correct__E22_correct,both_correct
E19_Smartphone_Benchmark,e19_ai_043_raw,AI,Midjourney (exact version unspecified),Synthetic (None),0.94482421875,0.99365234375,0.98876953125,1,1,1,E20_correct__E22_correct,E21_correct__E22_correct,both_correct
E19_Smartphone_Benchmark,e19_ai_044_raw,AI,Midjourney (exact version unspecified),Synthetic (None),0.99951171875,0.99755859375,0.99775390625,1,1,1,E20_correct__E22_correct,E21_correct__E22_correct,both_correct
E19_Smartphone_Benchmark,e19_ai_045_raw,AI,Midjourney (exact version unspecified),Synthetic (None),0.97412109375,0.96923828125,0.9697265625,1,1,1,E20_correct__E22_correct,E21_correct__E22_correct,both_correct
E19_Smartphone_Benchmark,e19_ai_046_raw,AI,Midjourney (exact version unspecified),Synthetic (None),0.99951171875,0.99853515625,0.9986328125,1,1,1,E20_correct__E22_correct,E21_correct__E22_correct,both_correct
E19_Smartphone_Benchmark,e19_ai_047_raw,AI,Midjourney (exact version unspecified),Synthetic (None),0.451904296875,0.82275390625,0.7856689453125,0,1,1,E20_wrong__E22_correct,E21_correct__E22_correct,E20_wrong__E21_correct
E19_Smartphone_Benchmark,e19_ai_048_raw,AI,Midjourney (exact version unspecified),Synthetic (None),0.99169921875,0.982421875,0.983349609375,1,1,1,E20_correct__E22_correct,E21_correct__E22_correct,both_correct
E19_Smartphone_Benchmark,e19_ai_049_raw,AI,Midjourney (exact version unspecified),Synthetic (None),0.1949462890625,0.96728515625,0.89005126953125,0,1,1,E20_wrong__E22_correct,E21_correct__E22_correct,E20_wrong__E21_correct
E19_Smartphone_Benchmark,e19_ai_050_raw,AI,Midjourney (exact version unspecified),Synthetic (None),0.98583984375,0.998046875,0.9968261718750001,1,1,1,E20_correct__E22_correct,E21_correct__E22_correct,both_correct
E19_Smartphone_Benchmark,e19_ai_051_raw,AI,Midjourney (exact version unspecified),Synthetic (None),0.99853515625,0.99951171875,0.9994140625,1,1,1,E20_correct__E22_correct,E21_correct__E22_correct,both_correct
E19_Smartphone_Benchmark,e19_ai_052_raw,AI,Midjourney (exact version unspecified),Synthetic (None),1.0,0.99951171875,0.999560546875,1,1,1,E20_correct__E22_correct,E21_correct__E22_correct,both_correct
E19_Smartphone_Benchmark,e19_ai_053_raw,AI,Midjourney (exact version unspecified),Synthetic (None),0.97216796875,0.939453125,0.9427246093750001,1,1,1,E20_correct__E22_correct,E21_correct__E22_correct,both_correct
E19_Smartphone_Benchmark,e19_ai_054_raw,AI,Midjourney (exact version unspecified),Synthetic (None),0.939453125,0.998046875,0.9921875000000001,1,1,1,E20_correct__E22_correct,E21_correct__E22_correct,both_correct
E19_Smartphone_Benchmark,e19_ai_055_raw,AI,Midjourney (exact version unspecified),Synthetic (None),0.935546875,0.994140625,0.98828125,1,1,1,E20_correct__E22_correct,E21_correct__E22_correct,both_correct
E19_Smartphone_Benchmark,e19_ai_056_raw,AI,Midjourney (exact version unspecified),Synthetic (None),0.9697265625,0.98876953125,0.986865234375,1,1,1,E20_correct__E22_correct,E21_correct__E22_correct,both_correct
E19_Smartphone_Benchmark,e19_ai_057_raw,AI,Midjourney (exact version unspecified),Synthetic (None),0.9814453125,0.97900390625,0.979248046875,1,1,1,E20_correct__E22_correct,E21_correct__E22_correct,both_correct
E19_Smartphone_Benchmark,e19_ai_058_raw,AI,Midjourney (exact version unspecified),Synthetic (None),0.98779296875,1.0,0.998779296875,1,1,1,E20_correct__E22_correct,E21_correct__E22_correct,both_correct
E19_Smartphone_Benchmark,e19_ai_059_raw,AI,Midjourney (exact version unspecified),Synthetic (None),0.34716796875,0.99658203125,0.931640625,0,1,1,E20_wrong__E22_correct,E21_correct__E22_correct,E20_wrong__E21_correct
E19_Smartphone_Benchmark,e19_ai_060_raw,AI,Midjourney (exact version unspecified),Synthetic (None),0.796875,0.998046875,0.9779296875000001,1,1,1,E20_correct__E22_correct,E21_correct__E22_correct,both_correct
E19_Smartphone_Benchmark,e19_ai_061_raw,AI,OpenAI DALL-E (DALL-E 3),Synthetic (None),0.92138671875,0.91796875,0.918310546875,1,1,1,E20_correct__E22_correct,E21_correct__E22_correct,both_correct
E19_Smartphone_Benchmark,e19_ai_062_raw,AI,OpenAI DALL-E (DALL-E 3),Synthetic (None),0.974609375,0.9228515625,0.92802734375,1,1,1,E20_correct__E22_correct,E21_correct__E22_correct,both_correct
E19_Smartphone_Benchmark,e19_ai_063_raw,AI,OpenAI DALL-E (DALL-E 3),Synthetic (None),0.9912109375,0.92236328125,0.9292480468750001,1,1,1,E20_correct__E22_correct,E21_correct__E22_correct,both_correct
E19_Smartphone_Benchmark,e19_ai_064_raw,AI,OpenAI DALL-E (DALL-E 3),Synthetic (None),0.9814453125,0.97119140625,0.9722167968750001,1,1,1,E20_correct__E22_correct,E21_correct__E22_correct,both_correct
E19_Smartphone_Benchmark,e19_ai_065_raw,AI,OpenAI DALL-E (DALL-E 3),Synthetic (None),1.0,1.0,1.0,1,1,1,E20_correct__E22_correct,E21_correct__E22_correct,both_correct
E19_Smartphone_Benchmark,e19_ai_066_raw,AI,OpenAI DALL-E (DALL-E 3),Synthetic (None),0.9111328125,0.9814453125,0.9744140625,1,1,1,E20_correct__E22_correct,E21_correct__E22_correct,both_correct
E19_Smartphone_Benchmark,e19_ai_067_raw,AI,OpenAI DALL-E (DALL-E 3),Synthetic (None),0.378173828125,0.79931640625,0.7572021484375,0,1,1,E20_wrong__E22_correct,E21_correct__E22_correct,E20_wrong__E21_correct
E19_Smartphone_Benchmark,e19_ai_068_raw,AI,OpenAI DALL-E (DALL-E 3),Synthetic (None),0.978515625,0.98681640625,0.9859863281250001,1,1,1,E20_correct__E22_correct,E21_correct__E22_correct,both_correct
E19_Smartphone_Benchmark,e19_ai_069_raw,AI,OpenAI DALL-E (DALL-E 3),Synthetic (None),0.9794921875,0.99755859375,0.9957519531250001,1,1,1,E20_correct__E22_correct,E21_correct__E22_correct,both_correct
E19_Smartphone_Benchmark,e19_ai_070_raw,AI,OpenAI DALL-E (DALL-E 3),Synthetic (None),0.857421875,0.79833984375,0.804248046875,1,1,1,E20_correct__E22_correct,E21_correct__E22_correct,both_correct
E19_Smartphone_Benchmark,e19_ai_071_raw,AI,OpenAI DALL-E (DALL-E 3),Synthetic (None),0.986328125,0.927734375,0.93359375,1,1,1,E20_correct__E22_correct,E21_correct__E22_correct,both_correct
E19_Smartphone_Benchmark,e19_ai_072_raw,AI,OpenAI DALL-E (DALL-E 3),Synthetic (None),0.9853515625,0.0,0.09853515625,1,0,0,E20_correct__E22_wrong,E21_wrong__E22_wrong,E20_correct__E21_wrong
E19_Smartphone_Benchmark,e19_ai_073_raw,AI,OpenAI DALL-E (DALL-E 3),Synthetic (None),0.89013671875,0.9990234375,0.988134765625,1,1,1,E20_correct__E22_correct,E21_correct__E22_correct,both_correct
E19_Smartphone_Benchmark,e19_ai_074_raw,AI,OpenAI DALL-E (DALL-E 3),Synthetic (None),0.9970703125,0.99853515625,0.998388671875,1,1,1,E20_correct__E22_correct,E21_correct__E22_correct,both_correct
E19_Smartphone_Benchmark,e19_ai_075_raw,AI,OpenAI DALL-E (DALL-E 3),Synthetic (None),0.9375,0.9404296875,0.94013671875,1,1,1,E20_correct__E22_correct,E21_correct__E22_correct,both_correct
E19_Smartphone_Benchmark,e19_ai_076_raw,AI,OpenAI DALL-E (DALL-E 3),Synthetic (None),0.96728515625,0.91455078125,0.9198242187500001,1,1,1,E20_correct__E22_correct,E21_correct__E22_correct,both_correct
E19_Smartphone_Benchmark,e19_ai_077_raw,AI,OpenAI DALL-E (DALL-E 3),Synthetic (None),0.8544921875,0.76318359375,0.772314453125,1,1,1,E20_correct__E22_correct,E21_correct__E22_correct,both_correct
E19_Smartphone_Benchmark,e19_ai_078_raw,AI,OpenAI DALL-E (DALL-E 3),Synthetic (None),0.9326171875,0.85400390625,0.8618652343750001,1,1,1,E20_correct__E22_correct,E21_correct__E22_correct,both_correct
E19_Smartphone_Benchmark,e19_ai_079_raw,AI,OpenAI DALL-E (DALL-E 3),Synthetic (None),0.63134765625,0.9091796875,0.881396484375,1,1,1,E20_correct__E22_correct,E21_correct__E22_correct,both_correct
E19_Smartphone_Benchmark,e19_ai_080_raw,AI,OpenAI DALL-E (DALL-E 3),Synthetic (None),0.7998046875,0.7412109375,0.7470703125,1,1,1,E20_correct__E22_correct,E21_correct__E22_correct,both_correct
E19_Smartphone_Benchmark,e19_ai_081_raw,AI,Stability AI Stable Diffusion (exact version unspecified),Synthetic (None),0.974609375,0.99951171875,0.997021484375,1,1,1,E20_correct__E22_correct,E21_correct__E22_correct,both_correct
E19_Smartphone_Benchmark,e19_ai_082_raw,AI,Stability AI Stable Diffusion (exact version unspecified),Synthetic (None),0.95166015625,0.978515625,0.9758300781250001,1,1,1,E20_correct__E22_correct,E21_correct__E22_correct,both_correct
E19_Smartphone_Benchmark,e19_ai_083_raw,AI,Stability AI Stable Diffusion (exact version unspecified),Synthetic (None),0.9462890625,0.306884765625,0.3708251953125,1,0,0,E20_correct__E22_wrong,E21_wrong__E22_wrong,E20_correct__E21_wrong
E19_Smartphone_Benchmark,e19_ai_084_raw,AI,Stability AI Stable Diffusion (exact version unspecified),Synthetic (None),0.94580078125,0.99267578125,0.98798828125,1,1,1,E20_correct__E22_correct,E21_correct__E22_correct,both_correct
E19_Smartphone_Benchmark,e19_ai_085_raw,AI,Stability AI Stable Diffusion (exact version unspecified),Synthetic (None),0.361328125,0.7705078125,0.72958984375,0,1,1,E20_wrong__E22_correct,E21_correct__E22_correct,E20_wrong__E21_correct
E19_Smartphone_Benchmark,e19_ai_086_raw,AI,Stability AI Stable Diffusion (exact version unspecified),Synthetic (None),0.98388671875,0.919921875,0.9263183593750001,1,1,1,E20_correct__E22_correct,E21_correct__E22_correct,both_correct
E19_Smartphone_Benchmark,e19_ai_087_raw,AI,Stability AI Stable Diffusion (exact version unspecified),Synthetic (None),0.9921875,0.96728515625,0.9697753906250001,1,1,1,E20_correct__E22_correct,E21_correct__E22_correct,both_correct
E19_Smartphone_Benchmark,e19_ai_088_raw,AI,Stability AI Stable Diffusion (exact version unspecified),Synthetic (None),0.93798828125,0.9931640625,0.9876464843750001,1,1,1,E20_correct__E22_correct,E21_correct__E22_correct,both_correct
E19_Smartphone_Benchmark,e19_ai_089_raw,AI,Stability AI Stable Diffusion (exact version unspecified),Synthetic (None),0.673828125,0.99462890625,0.962548828125,1,1,1,E20_correct__E22_correct,E21_correct__E22_correct,both_correct
E19_Smartphone_Benchmark,e19_ai_090_raw,AI,Stability AI Stable Diffusion (exact version unspecified),Synthetic (None),0.9921875,0.9990234375,0.9983398437500001,1,1,1,E20_correct__E22_correct,E21_correct__E22_correct,both_correct
E19_Smartphone_Benchmark,e19_ai_091_raw,AI,Stability AI Stable Diffusion (exact version unspecified),Synthetic (None),0.96435546875,0.6630859375,0.693212890625,1,1,1,E20_correct__E22_correct,E21_correct__E22_correct,both_correct
E19_Smartphone_Benchmark,e19_ai_092_raw,AI,Stability AI Stable Diffusion (exact version unspecified),Synthetic (None),0.9970703125,0.99951171875,0.999267578125,1,1,1,E20_correct__E22_correct,E21_correct__E22_correct,both_correct
E19_Smartphone_Benchmark,e19_ai_093_raw,AI,Stability AI Stable Diffusion (exact version unspecified),Synthetic (None),0.94091796875,0.96728515625,0.9646484375000001,1,1,1,E20_correct__E22_correct,E21_correct__E22_correct,both_correct
E19_Smartphone_Benchmark,e19_ai_094_raw,AI,Stability AI Stable Diffusion (exact version unspecified),Synthetic (None),0.9853515625,0.99658203125,0.995458984375,1,1,1,E20_correct__E22_correct,E21_correct__E22_correct,both_correct
E19_Smartphone_Benchmark,e19_ai_095_raw,AI,Stability AI Stable Diffusion (exact version unspecified),Synthetic (None),0.98193359375,0.9990234375,0.997314453125,1,1,1,E20_correct__E22_correct,E21_correct__E22_correct,both_correct
E19_Smartphone_Benchmark,e19_ai_096_raw,AI,Stability AI Stable Diffusion (exact version unspecified),Synthetic (None),0.9921875,0.98681640625,0.9873535156250001,1,1,1,E20_correct__E22_correct,E21_correct__E22_correct,both_correct
E19_Smartphone_Benchmark,e19_ai_097_raw,AI,Stability AI Stable Diffusion (exact version unspecified),Synthetic (None),0.435302734375,0.1773681640625,0.20316162109375002,0,0,0,E20_wrong__E22_wrong,E21_wrong__E22_wrong,both_wrong
E19_Smartphone_Benchmark,e19_ai_098_raw,AI,Stability AI Stable Diffusion (exact version unspecified),Synthetic (None),0.3525390625,0.96728515625,0.9058105468750001,0,1,1,E20_wrong__E22_correct,E21_correct__E22_correct,E20_wrong__E21_correct
E19_Smartphone_Benchmark,e19_ai_099_raw,AI,Stability AI Stable Diffusion (exact version unspecified),Synthetic (None),0.9990234375,1.0,0.9999023437500001,1,1,1,E20_correct__E22_correct,E21_correct__E22_correct,both_correct
E19_Smartphone_Benchmark,e19_ai_100_raw,AI,Stability AI Stable Diffusion (exact version unspecified),Synthetic (None),0.95068359375,0.9951171875,0.990673828125,1,1,1,E20_correct__E22_correct,E21_correct__E22_correct,both_correct
E19_WhatsApp_Subset,e19_real_phone_001_wa,Real,None (Camera ISP),"Google Pixel (Pixel 7-9 family, exact model unspecified)",0.09185791015625,0.171875,0.163873291015625,1,1,1,E20_correct__E22_correct,E21_correct__E22_correct,both_correct
E19_WhatsApp_Subset,e19_real_phone_002_wa,Real,None (Camera ISP),"Google Pixel (Pixel 7-9 family, exact model unspecified)",0.007175445556640625,0.92041015625,0.8290866851806641,1,0,0,E20_correct__E22_wrong,E21_wrong__E22_wrong,E20_correct__E21_wrong
E19_WhatsApp_Subset,e19_real_phone_003_wa,Real,None (Camera ISP),"Google Pixel (Pixel 7-9 family, exact model unspecified)",0.037200927734375,0.939453125,0.8492279052734376,1,0,0,E20_correct__E22_wrong,E21_wrong__E22_wrong,E20_correct__E21_wrong
E19_WhatsApp_Subset,e19_real_phone_004_wa,Real,None (Camera ISP),"Google Pixel (Pixel 7-9 family, exact model unspecified)",0.01337432861328125,0.86328125,0.7782905578613282,1,0,0,E20_correct__E22_wrong,E21_wrong__E22_wrong,E20_correct__E21_wrong
E19_WhatsApp_Subset,e19_real_phone_005_wa,Real,None (Camera ISP),"Google Pixel (Pixel 7-9 family, exact model unspecified)",0.011871337890625,0.580078125,0.5232574462890626,1,0,0,E20_correct__E22_wrong,E21_wrong__E22_wrong,E20_correct__E21_wrong
E19_WhatsApp_Subset,e19_real_phone_006_wa,Real,None (Camera ISP),"Google Pixel (Pixel 7-9 family, exact model unspecified)",0.6064453125,0.62646484375,0.624462890625,0,0,0,E20_wrong__E22_wrong,E21_wrong__E22_wrong,both_wrong
E19_WhatsApp_Subset,e19_real_phone_007_wa,Real,None (Camera ISP),"Google Pixel (Pixel 7-9 family, exact model unspecified)",0.322265625,0.469482421875,0.4547607421875,1,1,1,E20_correct__E22_correct,E21_correct__E22_correct,both_correct
E19_WhatsApp_Subset,e19_real_phone_008_wa,Real,None (Camera ISP),"Google Pixel (Pixel 7-9 family, exact model unspecified)",0.01302337646484375,0.422119140625,0.3812095642089844,1,1,1,E20_correct__E22_correct,E21_correct__E22_correct,both_correct
E19_WhatsApp_Subset,e19_real_phone_009_wa,Real,None (Camera ISP),"Google Pixel (Pixel 7-9 family, exact model unspecified)",0.005535125732421875,0.70849609375,0.6381999969482423,1,0,0,E20_correct__E22_wrong,E21_wrong__E22_wrong,E20_correct__E21_wrong
E19_WhatsApp_Subset,e19_real_phone_010_wa,Real,None (Camera ISP),"Google Pixel (Pixel 7-9 family, exact model unspecified)",0.0008039474487304688,0.9326171875,0.8394358634948731,1,0,0,E20_correct__E22_wrong,E21_wrong__E22_wrong,E20_correct__E21_wrong
E19_WhatsApp_Subset,e19_real_phone_011_wa,Real,None (Camera ISP),"Google Pixel (Pixel 7-9 family, exact model unspecified)",0.144775390625,0.67578125,0.6226806640625001,1,0,0,E20_correct__E22_wrong,E21_wrong__E22_wrong,E20_correct__E21_wrong
E19_WhatsApp_Subset,e19_real_phone_012_wa,Real,None (Camera ISP),"Google Pixel (Pixel 7-9 family, exact model unspecified)",0.0045928955078125,0.0112457275390625,0.010580444335937501,1,1,1,E20_correct__E22_correct,E21_correct__E22_correct,both_correct
E19_WhatsApp_Subset,e19_real_phone_013_wa,Real,None (Camera ISP),"Google Pixel (Pixel 7-9 family, exact model unspecified)",0.006511688232421875,0.970703125,0.8742839813232423,1,0,0,E20_correct__E22_wrong,E21_wrong__E22_wrong,E20_correct__E21_wrong
E19_WhatsApp_Subset,e19_real_phone_014_wa,Real,None (Camera ISP),"Google Pixel (Pixel 7-9 family, exact model unspecified)",0.01322174072265625,1.9252300262451172e-05,0.0013395011425018312,1,1,1,E20_correct__E22_correct,E21_correct__E22_correct,both_correct
E19_WhatsApp_Subset,e19_real_phone_015_wa,Real,None (Camera ISP),"Google Pixel (Pixel 7-9 family, exact model unspecified)",0.00861358642578125,0.52783203125,0.4759101867675781,1,0,1,E20_correct__E22_correct,E21_wrong__E22_correct,E20_correct__E21_wrong
E19_WhatsApp_Subset,e19_real_phone_016_wa,Real,None (Camera ISP),"Google Pixel (Pixel 7-9 family, exact model unspecified)",0.03155517578125,0.9736328125,0.8794250488281251,1,0,0,E20_correct__E22_wrong,E21_wrong__E22_wrong,E20_correct__E21_wrong
E19_WhatsApp_Subset,e19_real_phone_017_wa,Real,None (Camera ISP),"Google Pixel (Pixel 7-9 family, exact model unspecified)",0.005344390869140625,0.325927734375,0.2938694000244141,1,1,1,E20_correct__E22_correct,E21_correct__E22_correct,both_correct
E19_WhatsApp_Subset,e19_real_phone_018_wa,Real,None (Camera ISP),"Google Pixel (Pixel 7-9 family, exact model unspecified)",0.00572967529296875,0.014007568359375,0.013179779052734375,1,1,1,E20_correct__E22_correct,E21_correct__E22_correct,both_correct
E19_WhatsApp_Subset,e19_real_phone_019_wa,Real,None (Camera ISP),"Google Pixel (Pixel 7-9 family, exact model unspecified)",0.01837158203125,0.6845703125,0.617950439453125,1,0,0,E20_correct__E22_wrong,E21_wrong__E22_wrong,E20_correct__E21_wrong
E19_WhatsApp_Subset,e19_real_phone_020_wa,Real,None (Camera ISP),"Google Pixel (Pixel 7-9 family, exact model unspecified)",0.0050811767578125,0.84033203125,0.7568069458007813,1,0,0,E20_correct__E22_wrong,E21_wrong__E22_wrong,E20_correct__E21_wrong
E19_WhatsApp_Subset,e19_real_phone_021_wa,Real,None (Camera ISP),"Google Pixel (Pixel 7-9 family, exact model unspecified)",0.07891845703125,0.734375,0.668829345703125,1,0,0,E20_correct__E22_wrong,E21_wrong__E22_wrong,E20_correct__E21_wrong
E19_WhatsApp_Subset,e19_real_phone_022_wa,Real,None (Camera ISP),"Google Pixel (Pixel 7-9 family, exact model unspecified)",0.00634002685546875,0.339111328125,0.3058341979980469,1,1,1,E20_correct__E22_correct,E21_correct__E22_correct,both_correct
E19_WhatsApp_Subset,e19_real_phone_023_wa,Real,None (Camera ISP),"Google Pixel (Pixel 7-9 family, exact model unspecified)",0.173095703125,0.455078125,0.42687988281250006,1,1,1,E20_correct__E22_correct,E21_correct__E22_correct,both_correct
E19_WhatsApp_Subset,e19_real_phone_024_wa,Real,None (Camera ISP),"Google Pixel (Pixel 7-9 family, exact model unspecified)",0.00269317626953125,0.90625,0.8158943176269532,1,0,0,E20_correct__E22_wrong,E21_wrong__E22_wrong,E20_correct__E21_wrong
E19_WhatsApp_Subset,e19_real_phone_025_wa,Real,None (Camera ISP),"Google Pixel (Pixel 7-9 family, exact model unspecified)",0.0006337165832519531,0.80810546875,0.7273582935333252,1,0,0,E20_correct__E22_wrong,E21_wrong__E22_wrong,E20_correct__E21_wrong
E19_WhatsApp_Subset,e19_real_phone_026_wa,Real,None (Camera ISP),"Google Pixel (Pixel 7-9 family, exact model unspecified)",0.32080078125,0.6806640625,0.6446777343750001,1,0,0,E20_correct__E22_wrong,E21_wrong__E22_wrong,E20_correct__E21_wrong
E19_WhatsApp_Subset,e19_real_phone_027_wa,Real,None (Camera ISP),"Google Pixel (Pixel 7-9 family, exact model unspecified)",0.004199981689453125,0.94580078125,0.8516407012939453,1,0,0,E20_correct__E22_wrong,E21_wrong__E22_wrong,E20_correct__E21_wrong
E19_WhatsApp_Subset,e19_real_phone_028_wa,Real,None (Camera ISP),"Google Pixel (Pixel 7-9 family, exact model unspecified)",0.01666259765625,0.036895751953125,0.0348724365234375,1,1,1,E20_correct__E22_correct,E21_correct__E22_correct,both_correct
E19_WhatsApp_Subset,e19_real_phone_029_wa,Real,None (Camera ISP),"Google Pixel (Pixel 7-9 family, exact model unspecified)",0.00254058837890625,0.9794921875,0.8817970275878907,1,0,0,E20_correct__E22_wrong,E21_wrong__E22_wrong,E20_correct__E21_wrong
E19_WhatsApp_Subset,e19_real_phone_030_wa,Real,None (Camera ISP),"Google Pixel (Pixel 7-9 family, exact model unspecified)",0.08135986328125,0.9375,0.851885986328125,1,0,0,E20_correct__E22_wrong,E21_wrong__E22_wrong,E20_correct__E21_wrong
E19_WhatsApp_Subset,e19_ai_001_wa,AI,"FLUX (Flux LoRA Synthetic Corpus, exact engine unspecified)",Synthetic (None),0.92333984375,0.98486328125,0.9787109375,1,1,1,E20_correct__E22_correct,E21_correct__E22_correct,both_correct
E19_WhatsApp_Subset,e19_ai_002_wa,AI,"FLUX (Flux LoRA Synthetic Corpus, exact engine unspecified)",Synthetic (None),0.734375,0.95458984375,0.932568359375,1,1,1,E20_correct__E22_correct,E21_correct__E22_correct,both_correct
E19_WhatsApp_Subset,e19_ai_003_wa,AI,"FLUX (Flux LoRA Synthetic Corpus, exact engine unspecified)",Synthetic (None),0.0273284912109375,0.52294921875,0.4733871459960937,0,1,0,E20_wrong__E22_wrong,E21_correct__E22_wrong,E20_wrong__E21_correct
E19_WhatsApp_Subset,e19_ai_004_wa,AI,"FLUX (Flux LoRA Synthetic Corpus, exact engine unspecified)",Synthetic (None),0.2430419921875,0.6357421875,0.59647216796875,0,1,1,E20_wrong__E22_correct,E21_correct__E22_correct,E20_wrong__E21_correct
E19_WhatsApp_Subset,e19_ai_005_wa,AI,"FLUX (Flux LoRA Synthetic Corpus, exact engine unspecified)",Synthetic (None),0.48876953125,0.95361328125,0.90712890625,0,1,1,E20_wrong__E22_correct,E21_correct__E22_correct,E20_wrong__E21_correct
E19_WhatsApp_Subset,e19_ai_006_wa,AI,"FLUX (Flux LoRA Synthetic Corpus, exact engine unspecified)",Synthetic (None),0.0221099853515625,0.334716796875,0.3034561157226563,0,0,0,E20_wrong__E22_wrong,E21_wrong__E22_wrong,both_wrong
E19_WhatsApp_Subset,e19_ai_007_wa,AI,"FLUX (Flux LoRA Synthetic Corpus, exact engine unspecified)",Synthetic (None),0.031982421875,0.63330078125,0.5731689453125,0,1,1,E20_wrong__E22_correct,E21_correct__E22_correct,E20_wrong__E21_correct
E19_WhatsApp_Subset,e19_ai_008_wa,AI,"FLUX (Flux LoRA Synthetic Corpus, exact engine unspecified)",Synthetic (None),0.70458984375,0.96630859375,0.94013671875,1,1,1,E20_correct__E22_correct,E21_correct__E22_correct,both_correct
E19_WhatsApp_Subset,e19_ai_009_wa,AI,"FLUX (Flux LoRA Synthetic Corpus, exact engine unspecified)",Synthetic (None),0.8466796875,0.966796875,0.95478515625,1,1,1,E20_correct__E22_correct,E21_correct__E22_correct,both_correct
E19_WhatsApp_Subset,e19_ai_010_wa,AI,"FLUX (Flux LoRA Synthetic Corpus, exact engine unspecified)",Synthetic (None),0.1490478515625,0.830078125,0.76197509765625,0,1,1,E20_wrong__E22_correct,E21_correct__E22_correct,E20_wrong__E21_correct
E19_WhatsApp_Subset,e19_ai_011_wa,AI,"FLUX (Flux LoRA Synthetic Corpus, exact engine unspecified)",Synthetic (None),0.01306915283203125,0.54345703125,0.49041824340820317,0,1,0,E20_wrong__E22_wrong,E21_correct__E22_wrong,E20_wrong__E21_correct
E19_WhatsApp_Subset,e19_ai_012_wa,AI,"FLUX (Flux LoRA Synthetic Corpus, exact engine unspecified)",Synthetic (None),0.1878662109375,0.56640625,0.52855224609375,0,1,1,E20_wrong__E22_correct,E21_correct__E22_correct,E20_wrong__E21_correct
E19_WhatsApp_Subset,e19_ai_013_wa,AI,"FLUX (Flux LoRA Synthetic Corpus, exact engine unspecified)",Synthetic (None),0.006122589111328125,0.544921875,0.4910419464111328,0,1,0,E20_wrong__E22_wrong,E21_correct__E22_wrong,E20_wrong__E21_correct
E19_WhatsApp_Subset,e19_ai_014_wa,AI,"FLUX (Flux LoRA Synthetic Corpus, exact engine unspecified)",Synthetic (None),0.036346435546875,0.50537109375,0.4584686279296875,0,1,0,E20_wrong__E22_wrong,E21_correct__E22_wrong,E20_wrong__E21_correct
E19_WhatsApp_Subset,e19_ai_015_wa,AI,"FLUX (Flux LoRA Synthetic Corpus, exact engine unspecified)",Synthetic (None),0.41748046875,0.640625,0.618310546875,0,1,1,E20_wrong__E22_correct,E21_correct__E22_correct,E20_wrong__E21_correct
E19_WhatsApp_Subset,e19_ai_016_wa,AI,"FLUX (Flux LoRA Synthetic Corpus, exact engine unspecified)",Synthetic (None),0.53662109375,0.98095703125,0.9365234375000001,1,1,1,E20_correct__E22_correct,E21_correct__E22_correct,both_correct
E19_WhatsApp_Subset,e19_ai_017_wa,AI,"FLUX (Flux LoRA Synthetic Corpus, exact engine unspecified)",Synthetic (None),0.572265625,0.41162109375,0.42768554687500004,1,0,0,E20_correct__E22_wrong,E21_wrong__E22_wrong,E20_correct__E21_wrong
E19_WhatsApp_Subset,e19_ai_018_wa,AI,"FLUX (Flux LoRA Synthetic Corpus, exact engine unspecified)",Synthetic (None),0.0743408203125,0.70068359375,0.63804931640625,0,1,1,E20_wrong__E22_correct,E21_correct__E22_correct,E20_wrong__E21_correct
E19_WhatsApp_Subset,e19_ai_019_wa,AI,"FLUX (Flux LoRA Synthetic Corpus, exact engine unspecified)",Synthetic (None),0.48486328125,0.82568359375,0.7916015625,0,1,1,E20_wrong__E22_correct,E21_correct__E22_correct,E20_wrong__E21_correct
E19_WhatsApp_Subset,e19_ai_020_wa,AI,"FLUX (Flux LoRA Synthetic Corpus, exact engine unspecified)",Synthetic (None),0.90625,0.978515625,0.9712890625000001,1,1,1,E20_correct__E22_correct,E21_correct__E22_correct,both_correct
E19_WhatsApp_Subset,e19_ai_021_wa,AI,Google Gemini (exact underlying model unspecified),Synthetic (None),0.49755859375,0.96435546875,0.91767578125,0,1,1,E20_wrong__E22_correct,E21_correct__E22_correct,E20_wrong__E21_correct
E19_WhatsApp_Subset,e19_ai_022_wa,AI,Google Gemini (exact underlying model unspecified),Synthetic (None),0.9931640625,0.99853515625,0.997998046875,1,1,1,E20_correct__E22_correct,E21_correct__E22_correct,both_correct
E19_WhatsApp_Subset,e19_ai_023_wa,AI,Google Gemini (exact underlying model unspecified),Synthetic (None),0.91650390625,0.90966796875,0.9103515625,1,1,1,E20_correct__E22_correct,E21_correct__E22_correct,both_correct
E19_WhatsApp_Subset,e19_ai_024_wa,AI,Google Gemini (exact underlying model unspecified),Synthetic (None),0.76318359375,0.70556640625,0.711328125,1,1,1,E20_correct__E22_correct,E21_correct__E22_correct,both_correct
E19_WhatsApp_Subset,e19_ai_025_wa,AI,Google Gemini (exact underlying model unspecified),Synthetic (None),0.904296875,0.69189453125,0.713134765625,1,1,1,E20_correct__E22_correct,E21_correct__E22_correct,both_correct
E19_WhatsApp_Subset,e19_ai_026_wa,AI,Google Gemini (exact underlying model unspecified),Synthetic (None),0.47900390625,0.65625,0.638525390625,0,1,1,E20_wrong__E22_correct,E21_correct__E22_correct,E20_wrong__E21_correct
E19_WhatsApp_Subset,e19_ai_027_wa,AI,Google Gemini (exact underlying model unspecified),Synthetic (None),0.85595703125,0.9765625,0.964501953125,1,1,1,E20_correct__E22_correct,E21_correct__E22_correct,both_correct
E19_WhatsApp_Subset,e19_ai_028_wa,AI,Google Gemini (exact underlying model unspecified),Synthetic (None),0.89208984375,0.0,0.08920898437500001,1,0,0,E20_correct__E22_wrong,E21_wrong__E22_wrong,E20_correct__E21_wrong
E19_WhatsApp_Subset,e19_ai_029_wa,AI,Google Gemini (exact underlying model unspecified),Synthetic (None),0.7109375,0.974609375,0.9482421875,1,1,1,E20_correct__E22_correct,E21_correct__E22_correct,both_correct
E19_WhatsApp_Subset,e19_ai_030_wa,AI,Google Gemini (exact underlying model unspecified),Synthetic (None),0.53759765625,0.81591796875,0.7880859375,1,1,1,E20_correct__E22_correct,E21_correct__E22_correct,both_correct
WhatsApp_N67_Benchmark,WhatsApp Image 2026-09-17 at 3.38.18 PM (1),Real,none,smartphone_unknown,0.039703369140625,0.75341796875,0.6820465087890625,1,0,0,E20_correct__E22_wrong,E21_wrong__E22_wrong,E20_correct__E21_wrong
WhatsApp_N67_Benchmark,WhatsApp Image 2026-09-17 at 3.38.18 PM (2),Real,none,smartphone_unknown,0.47314453125,0.7421875,0.715283203125,1,0,0,E20_correct__E22_wrong,E21_wrong__E22_wrong,E20_correct__E21_wrong
WhatsApp_N67_Benchmark,WhatsApp Image 2026-09-17 at 3.38.18 PM,Real,none,smartphone_unknown,0.978515625,0.415771484375,0.4720458984375,0,1,1,E20_wrong__E22_correct,E21_correct__E22_correct,E20_wrong__E21_correct
WhatsApp_N67_Benchmark,WhatsApp Image 2026-09-17 at 3.38.19 PM (1),Real,none,smartphone_unknown,0.85791015625,0.921875,0.915478515625,0,0,0,E20_wrong__E22_wrong,E21_wrong__E22_wrong,both_wrong
WhatsApp_N67_Benchmark,WhatsApp Image 2026-09-17 at 3.38.19 PM (2),Real,none,smartphone_unknown,0.494140625,0.1815185546875,0.21278076171875,1,1,1,E20_correct__E22_correct,E21_correct__E22_correct,both_correct
WhatsApp_N67_Benchmark,WhatsApp Image 2026-09-17 at 3.38.19 PM,Real,none,smartphone_unknown,0.5869140625,0.05023193359375,0.10390014648437501,0,1,1,E20_wrong__E22_correct,E21_correct__E22_correct,E20_wrong__E21_correct
WhatsApp_N67_Benchmark,WhatsApp Image 2026-09-17 at 3.38.21 PM (1),Real,none,smartphone_unknown,0.4111328125,0.89453125,0.84619140625,1,0,0,E20_correct__E22_wrong,E21_wrong__E22_wrong,E20_correct__E21_wrong
WhatsApp_N67_Benchmark,WhatsApp Image 2026-09-17 at 3.38.21 PM (2),Real,none,smartphone_unknown,0.97119140625,0.5791015625,0.6183105468750001,0,0,0,E20_wrong__E22_wrong,E21_wrong__E22_wrong,both_wrong
WhatsApp_N67_Benchmark,WhatsApp Image 2026-09-17 at 3.38.21 PM,Real,none,smartphone_unknown,0.24169921875,0.5498046875,0.518994140625,1,0,0,E20_correct__E22_wrong,E21_wrong__E22_wrong,E20_correct__E21_wrong
WhatsApp_N67_Benchmark,WhatsApp Image 2026-09-17 at 3.38.22 PM (1),Real,none,smartphone_unknown,0.1654052734375,0.5576171875,0.51839599609375,1,0,0,E20_correct__E22_wrong,E21_wrong__E22_wrong,E20_correct__E21_wrong
WhatsApp_N67_Benchmark,WhatsApp Image 2026-09-17 at 3.38.22 PM (2),Real,none,smartphone_unknown,0.9111328125,0.79638671875,0.807861328125,0,0,0,E20_wrong__E22_wrong,E21_wrong__E22_wrong,both_wrong
WhatsApp_N67_Benchmark,WhatsApp Image 2026-09-17 at 3.38.22 PM (3),Real,none,smartphone_unknown,0.6708984375,0.8115234375,0.7974609375,0,0,0,E20_wrong__E22_wrong,E21_wrong__E22_wrong,both_wrong
WhatsApp_N67_Benchmark,WhatsApp Image 2026-09-17 at 3.38.22 PM,Real,none,smartphone_unknown,0.05419921875,0.81005859375,0.73447265625,1,0,0,E20_correct__E22_wrong,E21_wrong__E22_wrong,E20_correct__E21_wrong
WhatsApp_N67_Benchmark,WhatsApp Image 2026-09-17 at 3.40.06 PM (1),Real,none,smartphone_unknown,0.97998046875,0.9306640625,0.9355957031250001,0,0,0,E20_wrong__E22_wrong,E21_wrong__E22_wrong,both_wrong
WhatsApp_N67_Benchmark,WhatsApp Image 2026-09-17 at 3.40.06 PM,Real,none,smartphone_unknown,0.63330078125,0.64892578125,0.6473632812500001,0,0,0,E20_wrong__E22_wrong,E21_wrong__E22_wrong,both_wrong
WhatsApp_N67_Benchmark,WhatsApp Image 2026-09-17 at 3.44.10 PM (1),Real,none,smartphone_unknown,0.061187744140625,0.103759765625,0.0995025634765625,1,1,1,E20_correct__E22_correct,E21_correct__E22_correct,both_correct
WhatsApp_N67_Benchmark,WhatsApp Image 2026-09-17 at 3.44.10 PM (2),Real,none,smartphone_unknown,0.447265625,0.1883544921875,0.21424560546875002,1,1,1,E20_correct__E22_correct,E21_correct__E22_correct,both_correct
WhatsApp_N67_Benchmark,WhatsApp Image 2026-09-17 at 3.44.10 PM (3),Real,none,smartphone_unknown,0.01322174072265625,0.497314453125,0.44890518188476564,1,1,1,E20_correct__E22_correct,E21_correct__E22_correct,both_correct
WhatsApp_N67_Benchmark,WhatsApp Image 2026-09-17 at 3.44.10 PM (4),Real,none,smartphone_unknown,0.043121337890625,0.70068359375,0.6349273681640625,1,0,0,E20_correct__E22_wrong,E21_wrong__E22_wrong,E20_correct__E21_wrong
WhatsApp_N67_Benchmark,WhatsApp Image 2026-09-17 at 3.44.10 PM (7),Real,none,smartphone_unknown,0.1275634765625,0.1278076171875,0.12778320312500002,1,1,1,E20_correct__E22_correct,E21_correct__E22_correct,both_correct
WhatsApp_N67_Benchmark,WhatsApp Image 2026-09-17 at 3.44.11 PM (1),Real,none,smartphone_unknown,0.255615234375,0.1190185546875,0.13267822265625,1,1,1,E20_correct__E22_correct,E21_correct__E22_correct,both_correct
WhatsApp_N67_Benchmark,WhatsApp Image 2026-09-17 at 3.44.11 PM (10),Real,none,smartphone_unknown,0.435546875,0.599609375,0.583203125,1,0,0,E20_correct__E22_wrong,E21_wrong__E22_wrong,E20_correct__E21_wrong
WhatsApp_N67_Benchmark,WhatsApp Image 2026-09-17 at 3.44.11 PM (11),Real,none,smartphone_unknown,0.5087890625,0.3701171875,0.38398437500000004,0,1,1,E20_wrong__E22_correct,E21_correct__E22_correct,E20_wrong__E21_correct
WhatsApp_N67_Benchmark,WhatsApp Image 2026-09-17 at 3.44.11 PM (12),Real,none,smartphone_unknown,0.537109375,0.49169921875,0.49624023437500003,0,1,1,E20_wrong__E22_correct,E21_correct__E22_correct,E20_wrong__E21_correct
WhatsApp_N67_Benchmark,WhatsApp Image 2026-09-17 at 3.44.11 PM (13),Real,none,smartphone_unknown,0.26953125,0.5400390625,0.51298828125,1,0,0,E20_correct__E22_wrong,E21_wrong__E22_wrong,E20_correct__E21_wrong
WhatsApp_N67_Benchmark,WhatsApp Image 2026-09-17 at 3.44.11 PM (14),Real,none,smartphone_unknown,0.5615234375,0.75341796875,0.734228515625,0,0,0,E20_wrong__E22_wrong,E21_wrong__E22_wrong,both_wrong
WhatsApp_N67_Benchmark,WhatsApp Image 2026-09-17 at 3.44.11 PM (15),Real,none,smartphone_unknown,0.1568603515625,0.89501953125,0.82120361328125,1,0,0,E20_correct__E22_wrong,E21_wrong__E22_wrong,E20_correct__E21_wrong
WhatsApp_N67_Benchmark,WhatsApp Image 2026-09-17 at 3.44.11 PM (2),Real,none,smartphone_unknown,0.0169219970703125,0.022979736328125,0.022373962402343753,1,1,1,E20_correct__E22_correct,E21_correct__E22_correct,both_correct
WhatsApp_N67_Benchmark,WhatsApp Image 2026-09-17 at 3.44.11 PM (3),Real,none,smartphone_unknown,0.034423828125,0.011505126953125,0.0137969970703125,1,1,1,E20_correct__E22_correct,E21_correct__E22_correct,both_correct
WhatsApp_N67_Benchmark,WhatsApp Image 2026-09-17 at 3.44.11 PM (4),Real,none,smartphone_unknown,0.1844482421875,0.175537109375,0.17642822265625,1,1,1,E20_correct__E22_correct,E21_correct__E22_correct,both_correct
WhatsApp_N67_Benchmark,WhatsApp Image 2026-09-17 at 3.44.11 PM (5),Real,none,smartphone_unknown,0.0352783203125,0.375,0.34102783203125003,1,1,1,E20_correct__E22_correct,E21_correct__E22_correct,both_correct
WhatsApp_N67_Benchmark,WhatsApp Image 2026-09-17 at 3.44.11 PM (7),Real,none,smartphone_unknown,0.1669921875,0.08477783203125,0.09299926757812502,1,1,1,E20_correct__E22_correct,E21_correct__E22_correct,both_correct
WhatsApp_N67_Benchmark,WhatsApp Image 2026-09-17 at 3.44.11 PM (8),Real,none,smartphone_unknown,0.7666015625,0.869140625,0.85888671875,0,0,0,E20_wrong__E22_wrong,E21_wrong__E22_wrong,both_wrong
WhatsApp_N67_Benchmark,WhatsApp Image 2026-09-17 at 3.44.11 PM,Real,none,smartphone_unknown,0.350341796875,0.6689453125,0.6370849609375,1,0,0,E20_correct__E22_wrong,E21_wrong__E22_wrong,E20_correct__E21_wrong
WhatsApp_N67_Benchmark,WhatsApp Image 2026-09-17 at 3.50.51 PM,AI,generator_unknown,none,0.1087646484375,0.892578125,0.8141967773437501,0,1,1,E20_wrong__E22_correct,E21_correct__E22_correct,E20_wrong__E21_correct
WhatsApp_N67_Benchmark,WhatsApp Image 2026-09-17 at 3.56.02 PM (1),AI,generator_unknown,none,0.42431640625,0.8056640625,0.767529296875,0,1,1,E20_wrong__E22_correct,E21_correct__E22_correct,E20_wrong__E21_correct
WhatsApp_N67_Benchmark,WhatsApp Image 2026-09-17 at 3.56.02 PM (2),AI,generator_unknown,none,0.38330078125,0.34228515625,0.34638671875,0,0,0,E20_wrong__E22_wrong,E21_wrong__E22_wrong,both_wrong
WhatsApp_N67_Benchmark,WhatsApp Image 2026-09-17 at 3.56.02 PM (3),AI,generator_unknown,none,0.1441650390625,0.57763671875,0.5342895507812501,0,1,1,E20_wrong__E22_correct,E21_correct__E22_correct,E20_wrong__E21_correct
WhatsApp_N67_Benchmark,WhatsApp Image 2026-09-17 at 3.56.02 PM,AI,generator_unknown,none,0.5810546875,0.6806640625,0.6707031250000001,1,1,1,E20_correct__E22_correct,E21_correct__E22_correct,both_correct
WhatsApp_N67_Benchmark,WhatsApp Image 2026-09-17 at 4.13.17 PM (1),AI,generator_unknown,none,0.0050201416015625,0.08447265625,0.07652740478515625,0,0,0,E20_wrong__E22_wrong,E21_wrong__E22_wrong,both_wrong
WhatsApp_N67_Benchmark,WhatsApp Image 2026-09-17 at 4.13.17 PM (2),AI,generator_unknown,none,0.274658203125,0.060302734375,0.08173828125,0,0,0,E20_wrong__E22_wrong,E21_wrong__E22_wrong,both_wrong
WhatsApp_N67_Benchmark,WhatsApp Image 2026-09-17 at 4.13.17 PM (3),AI,generator_unknown,none,0.1417236328125,0.57177734375,0.5287719726562501,0,1,1,E20_wrong__E22_correct,E21_correct__E22_correct,E20_wrong__E21_correct
WhatsApp_N67_Benchmark,WhatsApp Image 2026-09-17 at 4.13.17 PM (4),AI,generator_unknown,none,0.80029296875,0.7998046875,0.7998535156250001,1,1,1,E20_correct__E22_correct,E21_correct__E22_correct,both_correct
WhatsApp_N67_Benchmark,WhatsApp Image 2026-09-17 at 4.13.17 PM (5),AI,generator_unknown,none,0.65478515625,0.44580078125,0.46669921875000003,1,0,0,E20_correct__E22_wrong,E21_wrong__E22_wrong,E20_correct__E21_wrong
WhatsApp_N67_Benchmark,WhatsApp Image 2026-09-17 at 4.13.17 PM,AI,generator_unknown,none,0.0150146484375,0.016021728515625,0.0159210205078125,0,0,0,E20_wrong__E22_wrong,E21_wrong__E22_wrong,both_wrong
WhatsApp_N67_Benchmark,WhatsApp Image 2026-09-17 at 4.13.18 PM (1),AI,generator_unknown,none,0.08135986328125,0.7783203125,0.708624267578125,0,1,1,E20_wrong__E22_correct,E21_correct__E22_correct,E20_wrong__E21_correct
WhatsApp_N67_Benchmark,WhatsApp Image 2026-09-17 at 4.13.18 PM (2),AI,generator_unknown,none,0.9580078125,0.8896484375,0.896484375,1,1,1,E20_correct__E22_correct,E21_correct__E22_correct,both_correct
WhatsApp_N67_Benchmark,WhatsApp Image 2026-09-17 at 4.13.18 PM (3),AI,generator_unknown,none,0.0855712890625,0.759765625,0.6923461914062501,0,1,1,E20_wrong__E22_correct,E21_correct__E22_correct,E20_wrong__E21_correct
WhatsApp_N67_Benchmark,WhatsApp Image 2026-09-17 at 4.13.18 PM (4),AI,generator_unknown,none,0.45947265625,0.54638671875,0.5376953125,0,1,1,E20_wrong__E22_correct,E21_correct__E22_correct,E20_wrong__E21_correct
WhatsApp_N67_Benchmark,WhatsApp Image 2026-09-17 at 4.13.18 PM (5),AI,generator_unknown,none,0.669921875,0.98046875,0.9494140625,1,1,1,E20_correct__E22_correct,E21_correct__E22_correct,both_correct
WhatsApp_N67_Benchmark,WhatsApp Image 2026-09-17 at 4.13.18 PM (6),AI,generator_unknown,none,0.248046875,0.1673583984375,0.17542724609375002,0,0,0,E20_wrong__E22_wrong,E21_wrong__E22_wrong,both_wrong
WhatsApp_N67_Benchmark,WhatsApp Image 2026-09-17 at 4.13.18 PM,AI,generator_unknown,none,0.865234375,0.90283203125,0.8990722656250001,1,1,1,E20_correct__E22_correct,E21_correct__E22_correct,both_correct
WhatsApp_N67_Benchmark,WhatsApp Image 2026-09-17 at 4.28.11 PM (1),AI,generator_unknown,none,0.06268310546875,0.5478515625,0.499334716796875,0,1,0,E20_wrong__E22_wrong,E21_correct__E22_wrong,E20_wrong__E21_correct
WhatsApp_N67_Benchmark,WhatsApp Image 2026-09-17 at 4.28.11 PM (2),AI,generator_unknown,none,0.98388671875,0.97607421875,0.9768554687500001,1,1,1,E20_correct__E22_correct,E21_correct__E22_correct,both_correct
WhatsApp_N67_Benchmark,WhatsApp Image 2026-09-17 at 4.28.11 PM (3),AI,generator_unknown,none,0.3193359375,0.7216796875,0.6814453125000001,0,1,1,E20_wrong__E22_correct,E21_correct__E22_correct,E20_wrong__E21_correct
WhatsApp_N67_Benchmark,WhatsApp Image 2026-09-17 at 4.28.11 PM (4),AI,generator_unknown,none,0.00572967529296875,0.0039005279541015625,0.004083442687988281,0,0,0,E20_wrong__E22_wrong,E21_wrong__E22_wrong,both_wrong
WhatsApp_N67_Benchmark,WhatsApp Image 2026-09-17 at 4.28.11 PM (5),AI,generator_unknown,none,0.84228515625,0.254150390625,0.3129638671875,1,0,0,E20_correct__E22_wrong,E21_wrong__E22_wrong,E20_correct__E21_wrong
WhatsApp_N67_Benchmark,WhatsApp Image 2026-09-17 at 4.28.11 PM (6),AI,generator_unknown,none,0.2149658203125,0.76904296875,0.71363525390625,0,1,1,E20_wrong__E22_correct,E21_correct__E22_correct,E20_wrong__E21_correct
WhatsApp_N67_Benchmark,WhatsApp Image 2026-09-17 at 4.28.11 PM (7),AI,generator_unknown,none,0.292236328125,0.55224609375,0.5262451171875,0,1,1,E20_wrong__E22_correct,E21_correct__E22_correct,E20_wrong__E21_correct
WhatsApp_N67_Benchmark,WhatsApp Image 2026-09-17 at 4.28.11 PM,AI,generator_unknown,none,0.724609375,0.1995849609375,0.25208740234375,1,0,0,E20_correct__E22_wrong,E21_wrong__E22_wrong,E20_correct__E21_wrong
WhatsApp_N67_Benchmark,WhatsApp Image 2026-09-17 at 4.31.09 PM,AI,generator_unknown,none,0.98046875,0.7470703125,0.77041015625,1,1,1,E20_correct__E22_correct,E21_correct__E22_correct,both_correct
WhatsApp_N67_Benchmark,WhatsApp Image 2026-09-17 at 4.37.12 PM (1),AI,generator_unknown,none,0.98291015625,0.86572265625,0.87744140625,1,1,1,E20_correct__E22_correct,E21_correct__E22_correct,both_correct
WhatsApp_N67_Benchmark,WhatsApp Image 2026-09-17 at 4.37.12 PM (2),AI,generator_unknown,none,0.12347412109375,0.80078125,0.733050537109375,0,1,1,E20_wrong__E22_correct,E21_correct__E22_correct,E20_wrong__E21_correct
WhatsApp_N67_Benchmark,WhatsApp Image 2026-09-17 at 4.37.12 PM (3),AI,generator_unknown,none,0.87939453125,0.365478515625,0.4168701171875,1,0,0,E20_correct__E22_wrong,E21_wrong__E22_wrong,E20_correct__E21_wrong
WhatsApp_N67_Benchmark,WhatsApp Image 2026-09-17 at 4.37.12 PM,AI,generator_unknown,none,0.0173797607421875,0.2015380859375,0.18312225341796876,0,0,0,E20_wrong__E22_wrong,E21_wrong__E22_wrong,both_wrong
WhatsApp_N67_Benchmark,WhatsApp Image 2026-09-17 at 4.39.57 PM (1),AI,generator_unknown,none,0.63671875,0.943359375,0.9126953125,1,1,1,E20_correct__E22_correct,E21_correct__E22_correct,both_correct
WhatsApp_N67_Benchmark,WhatsApp Image 2026-09-17 at 4.39.57 PM,AI,generator_unknown,none,0.4765625,0.607421875,0.5943359375,0,1,1,E20_wrong__E22_correct,E21_correct__E22_correct,E20_wrong__E21_correct
