benchmark,image_id,label,e20_vs_e24_transition,e21_vs_e24_transition,generator,device_family
E14 Clean External,real_raise_135_r11850456t,Real,E20_correct__E24_correct,E21_wrong__E24_correct,camera,RAISE-1k
E14 Clean External,real_raise_122_r0fbe1b0ft,Real,E20_correct__E24_correct,E21_correct__E24_correct,camera,RAISE-1k
E14 Clean External,real_raise_supp_026_r0dd6e8f4t,Real,E20_correct__E24_wrong,E21_wrong__E24_wrong,camera,RAISE-1k
E14 Clean External,ai_sb_stable-diffusion-1-3_154_r0372042dt,AI,E20_wrong__E24_correct,E21_correct__E24_correct,stable-diffusion-1-3,Synthbuster
E14 Clean External,ai_sb_firefly_065_r045be2act,AI,E20_wrong__E24_wrong,E21_correct__E24_wrong,firefly,Synthbuster
E14 Clean External,ai_sb_stable-diffusion-1-3_161_r0a9384b1t,AI,E20_wrong__E24_correct,E21_correct__E24_correct,stable-diffusion-1-3,Synthbuster
E14 Clean External,ai_sb_firefly_064_r0372042dt,AI,E20_correct__E24_correct,E21_correct__E24_correct,firefly,Synthbuster
E14 Clean External,real_raise_053_r06b161adt,Real,E20_correct__E24_correct,E21_wrong__E24_correct,camera,RAISE-1k
E14 Clean External,ai_sb_stable-diffusion-1-4_188_r07cfb432t,AI,E20_wrong__E24_correct,E21_correct__E24_correct,stable-diffusion-1-4,Synthbuster
E14 Clean External,real_raise_115_r0f24ca4dt,Real,E20_correct__E24_correct,E21_wrong__E24_correct,camera,RAISE-1k
E14 Clean External,ai_sb_supp_stable-diffusion-1-4_019_r001d260dt,AI,E20_correct__E24_correct,E21_correct__E24_correct,stable-diffusion-1-4,Synthbuster
E14 Clean External,real_raise_150_r1378de81t,Real,E20_correct__E24_correct,E21_wrong__E24_correct,camera,RAISE-1k
E14 Clean External,ai_sb_stable-diffusion-1-3_166_r102b4aa4t,AI,E20_wrong__E24_wrong,E21_correct__E24_wrong,stable-diffusion-1-3,Synthbuster
E14 Clean External,real_raise_036_r04989a70t,Real,E20_correct__E24_correct,E21_correct__E24_correct,camera,RAISE-1k
E14 Clean External,ai_sb_dalle2_029_r1d9a31fct,AI,E20_wrong__E24_wrong,E21_correct__E24_wrong,dalle2,Synthbuster
E14 Clean External,real_raise_supp_005_r02513d19t,Real,E20_correct__E24_correct,E21_correct__E24_correct,camera,RAISE-1k
E14 Clean External,ai_sb_firefly_087_r1bdb6385t,AI,E20_wrong__E24_correct,E21_correct__E24_correct,firefly,Synthbuster
E14 Clean External,real_raise_250_r1f4a44a7t,Real,E20_correct__E24_correct,E21_wrong__E24_correct,camera,RAISE-1k
E14 Clean External,ai_sb_midjourney-v5_147_r1bdb6385t,AI,E20_wrong__E24_correct,E21_correct__E24_correct,midjourney-v5,Synthbuster
E14 Clean External,real_raise_043_r057282fet,Real,E20_correct__E24_wrong,E21_wrong__E24_wrong,camera,RAISE-1k
E14 Clean External,real_raise_092_r0b755540t,Real,E20_correct__E24_wrong,E21_wrong__E24_wrong,camera,RAISE-1k
E14 Clean External,real_raise_supp_035_r12cbfb1et,Real,E20_correct__E24_correct,E21_wrong__E24_correct,camera,RAISE-1k
E14 Clean External,ai_sb_stable-diffusion-1-3_160_r09a60f63t,AI,E20_correct__E24_correct,E21_correct__E24_correct,stable-diffusion-1-3,Synthbuster
E14 Clean External,ai_sb_dalle3_059_r1d9a31fct,AI,E20_correct__E24_correct,E21_correct__E24_correct,dalle3,Synthbuster
E14 Clean External,ai_sb_glide_091_r000da54ft,AI,E20_correct__E24_wrong,E21_correct__E24_wrong,glide,Synthbuster
E14 Clean External,ai_sb_firefly_068_r07cfb432t,AI,E20_wrong__E24_wrong,E21_correct__E24_wrong,firefly,Synthbuster
E14 Clean External,real_raise_046_r05db7e7ft,Real,E20_correct__E24_wrong,E21_correct__E24_wrong,camera,RAISE-1k
E14 Clean External,ai_sb_firefly_069_r08996953t,AI,E20_wrong__E24_correct,E21_correct__E24_correct,firefly,Synthbuster
E14 Clean External,real_raise_supp_004_r01d0b83bt,Real,E20_correct__E24_correct,E21_correct__E24_correct,camera,RAISE-1k
E14 Clean External,ai_sb_midjourney-v5_130_r09a60f63t,AI,E20_correct__E24_correct,E21_correct__E24_correct,midjourney-v5,Synthbuster
E14 Clean External,real_raise_191_r18d72ab2t,Real,E20_correct__E24_correct,E21_correct__E24_correct,camera,RAISE-1k
E14 Clean External,real_raise_208_r1aa53167t,Real,E20_correct__E24_correct,E21_correct__E24_correct,camera,RAISE-1k
E14 Clean External,real_raise_202_r1a4651edt,Real,E20_correct__E24_correct,E21_correct__E24_correct,camera,RAISE-1k
E14 Clean External,ai_sb_dalle2_003_r026b5360t,AI,E20_wrong__E24_correct,E21_correct__E24_correct,dalle2,Synthbuster
E14 Clean External,ai_sb_supp_dalle2_002_r002fc3e2t,AI,E20_correct__E24_correct,E21_correct__E24_correct,dalle2,Synthbuster
E14 Clean External,ai_sb_firefly_075_r0f5beb66t,AI,E20_wrong__E24_wrong,E21_wrong__E24_wrong,firefly,Synthbuster
E14 Clean External,ai_sb_midjourney-v5_146_r1ad2de34t,AI,E20_wrong__E24_correct,E21_correct__E24_correct,midjourney-v5,Synthbuster
E14 Clean External,ai_sb_stable-diffusion-2_231_r159d3942t,AI,E20_wrong__E24_wrong,E21_wrong__E24_wrong,stable-diffusion-2,Synthbuster
E14 Clean External,real_raise_075_r09851aa4t,Real,E20_correct__E24_correct,E21_correct__E24_correct,camera,RAISE-1k
E14 Clean External,real_raise_110_r0ea0825ft,Real,E20_wrong__E24_wrong,E21_wrong__E24_wrong,camera,RAISE-1k
E14 Clean External,ai_sb_glide_109_r138ad247t,AI,E20_wrong__E24_correct,E21_correct__E24_correct,glide,Synthbuster
E14 Clean External,ai_sb_stable-diffusion-1-4_192_r0b7b1156t,AI,E20_wrong__E24_correct,E21_correct__E24_correct,stable-diffusion-1-4,Synthbuster
E14 Clean External,real_raise_230_r1d00d8ect,Real,E20_correct__E24_correct,E21_wrong__E24_correct,camera,RAISE-1k
E14 Clean External,ai_sb_dalle3_056_r1ad2de34t,AI,E20_correct__E24_correct,E21_correct__E24_correct,dalle3,Synthbuster
E14 Clean External,real_raise_072_r09445479t,Real,E20_correct__E24_correct,E21_wrong__E24_correct,camera,RAISE-1k
E14 Clean External,ai_sb_stable-diffusion-1-3_179_r1d9a31fct,AI,E20_wrong__E24_wrong,E21_wrong__E24_wrong,stable-diffusion-1-3,Synthbuster
E14 Clean External,ai_sb_dalle2_010_r09a60f63t,AI,E20_correct__E24_correct,E21_correct__E24_correct,dalle2,Synthbuster
E14 Clean External,real_raise_supp_050_r1a8ee526t,Real,E20_correct__E24_wrong,E21_wrong__E24_wrong,camera,RAISE-1k
E14 Clean External,real_raise_022_r02f1ba48t,Real,E20_correct__E24_wrong,E21_wrong__E24_wrong,camera,RAISE-1k
E14 Clean External,ai_sb_glide_092_r0150031ft,AI,E20_wrong__E24_wrong,E21_correct__E24_wrong,glide,Synthbuster
E14 Clean External,real_raise_158_r14289905t,Real,E20_correct__E24_correct,E21_wrong__E24_correct,camera,RAISE-1k
E14 Clean External,real_raise_210_r1ae12b3ft,Real,E20_correct__E24_correct,E21_correct__E24_correct,camera,RAISE-1k
E14 Clean External,ai_sb_stable-diffusion-1-4_208_r1c9fdcf4t,AI,E20_wrong__E24_correct,E21_correct__E24_correct,stable-diffusion-1-4,Synthbuster
E14 Clean External,ai_sb_glide_097_r06743f8ft,AI,E20_correct__E24_correct,E21_correct__E24_correct,glide,Synthbuster
E14 Clean External,ai_sb_stable-diffusion-1-3_151_r000da54ft,AI,E20_wrong__E24_wrong,E21_correct__E24_wrong,stable-diffusion-1-3,Synthbuster
E14 Clean External,ai_sb_firefly_070_r09a60f63t,AI,E20_correct__E24_correct,E21_correct__E24_correct,firefly,Synthbuster
E14 Clean External,real_raise_189_r187df69ft,Real,E20_correct__E24_wrong,E21_wrong__E24_wrong,camera,RAISE-1k
E14 Clean External,ai_sb_stable-diffusion-2_234_r1900f7c7t,AI,E20_wrong__E24_correct,E21_correct__E24_correct,stable-diffusion-2,Synthbuster
E14 Clean External,ai_sb_firefly_088_r1c9fdcf4t,AI,E20_wrong__E24_correct,E21_correct__E24_correct,firefly,Synthbuster
E14 Clean External,real_raise_180_r173ee7e8t,Real,E20_correct__E24_correct,E21_correct__E24_correct,camera,RAISE-1k
E14 Clean External,real_raise_supp_022_r0b3220e1t,Real,E20_correct__E24_wrong,E21_wrong__E24_wrong,camera,RAISE-1k
E14 Clean External,ai_sb_stable-diffusion-2_228_r1297fd0bt,AI,E20_correct__E24_correct,E21_correct__E24_correct,stable-diffusion-2,Synthbuster
E14 Clean External,ai_sb_stable-diffusion-2_219_r08996953t,AI,E20_wrong__E24_correct,E21_correct__E24_correct,stable-diffusion-2,Synthbuster
E14 Clean External,ai_sb_stable-diffusion-1-3_171_r159d3942t,AI,E20_wrong__E24_correct,E21_correct__E24_correct,stable-diffusion-1-3,Synthbuster
E14 Clean External,real_raise_102_r0cfedd72t,Real,E20_correct__E24_correct,E21_correct__E24_correct,camera,RAISE-1k
E14 Clean External,ai_sb_stable-diffusion-1-4_193_r0cd4ffb0t,AI,E20_wrong__E24_correct,E21_correct__E24_correct,stable-diffusion-1-4,Synthbuster
E14 Clean External,real_raise_170_r15f16465t,Real,E20_correct__E24_correct,E21_wrong__E24_correct,camera,RAISE-1k
E14 Clean External,ai_sb_glide_118_r1c9fdcf4t,AI,E20_correct__E24_correct,E21_correct__E24_correct,glide,Synthbuster
E14 Clean External,real_raise_097_r0c1f588dt,Real,E20_correct__E24_correct,E21_wrong__E24_correct,camera,RAISE-1k
E14 Clean External,real_raise_121_r0faffef3t,Real,E20_correct__E24_correct,E21_wrong__E24_correct,camera,RAISE-1k
E14 Clean External,ai_sb_midjourney-v5_138_r1297fd0bt,AI,E20_correct__E24_wrong,E21_correct__E24_wrong,midjourney-v5,Synthbuster
E14 Clean External,real_raise_026_r0372042dt,Real,E20_correct__E24_wrong,E21_wrong__E24_wrong,camera,RAISE-1k
E14 Clean External,ai_sb_midjourney-v5_133_r0cd4ffb0t,AI,E20_correct__E24_correct,E21_correct__E24_correct,midjourney-v5,Synthbuster
E14 Clean External,real_raise_185_r180bcbd7t,Real,E20_correct__E24_correct,E21_wrong__E24_correct,camera,RAISE-1k
E14 Clean External,real_raise_080_r0a19cb85t,Real,E20_correct__E24_correct,E21_correct__E24_correct,camera,RAISE-1k
E14 Clean External,ai_sb_stable-diffusion-1-4_187_r06743f8ft,AI,E20_correct__E24_correct,E21_correct__E24_correct,stable-diffusion-1-4,Synthbuster
E14 Clean External,real_raise_123_r0fdfc4f0t,Real,E20_correct__E24_correct,E21_wrong__E24_correct,camera,RAISE-1k
E14 Clean External,ai_sb_glide_107_r116825e2t,AI,E20_wrong__E24_correct,E21_correct__E24_correct,glide,Synthbuster
E14 Clean External,real_raise_045_r05bf2f53t,Real,E20_correct__E24_correct,E21_wrong__E24_correct,camera,RAISE-1k
E14 Clean External,ai_sb_dalle3_053_r17fe8532t,AI,E20_correct__E24_correct,E21_correct__E24_correct,dalle3,Synthbuster
E14 Clean External,ai_sb_stable-diffusion-2_213_r026b5360t,AI,E20_correct__E24_correct,E21_correct__E24_correct,stable-diffusion-2,Synthbuster
E14 Clean External,real_raise_018_r0279b17bt,Real,E20_correct__E24_correct,E21_correct__E24_correct,camera,RAISE-1k
E14 Clean External,real_raise_055_r0703243bt,Real,E20_correct__E24_correct,E21_wrong__E24_correct,camera,RAISE-1k
E14 Clean External,ai_sb_firefly_079_r138ad247t,AI,E20_wrong__E24_correct,E21_correct__E24_correct,firefly,Synthbuster
E14 Clean External,ai_sb_firefly_090_r1e9082f9t,AI,E20_wrong__E24_wrong,E21_correct__E24_wrong,firefly,Synthbuster
E14 Clean External,ai_sb_stable-diffusion-2_225_r0f5beb66t,AI,E20_wrong__E24_correct,E21_correct__E24_correct,stable-diffusion-2,Synthbuster
E14 Clean External,ai_sb_supp_stable-diffusion-1-4_020_r002fc3e2t,AI,E20_wrong__E24_correct,E21_correct__E24_correct,stable-diffusion-1-4,Synthbuster
E14 Clean External,real_raise_206_r1a8fe570t,Real,E20_correct__E24_correct,E21_correct__E24_correct,camera,RAISE-1k
E14 Clean External,real_raise_058_r079d086et,Real,E20_correct__E24_correct,E21_correct__E24_correct,camera,RAISE-1k
E14 Clean External,ai_sb_glide_101_r0a9384b1t,AI,E20_wrong__E24_wrong,E21_correct__E24_wrong,glide,Synthbuster
E14 Clean External,real_raise_supp_041_r15efd876t,Real,E20_correct__E24_correct,E21_wrong__E24_correct,camera,RAISE-1k
E14 Clean External,real_raise_supp_009_r04395e54t,Real,E20_correct__E24_wrong,E21_wrong__E24_wrong,camera,RAISE-1k
E14 Clean External,real_raise_152_r13934dc7t,Real,E20_correct__E24_wrong,E21_wrong__E24_wrong,camera,RAISE-1k
E14 Clean External,real_raise_supp_028_r0f25b326t,Real,E20_correct__E24_wrong,E21_wrong__E24_wrong,camera,RAISE-1k
E14 Clean External,real_raise_supp_014_r070a874ct,Real,E20_correct__E24_correct,E21_correct__E24_correct,camera,RAISE-1k
E14 Clean External,real_raise_supp_006_r02d732f8t,Real,E20_correct__E24_correct,E21_correct__E24_correct,camera,RAISE-1k
E14 Clean External,ai_sb_dalle2_022_r169c7350t,AI,E20_wrong__E24_correct,E21_correct__E24_correct,dalle2,Synthbuster
E14 Clean External,real_raise_supp_025_r0cea5432t,Real,E20_correct__E24_wrong,E21_wrong__E24_wrong,camera,RAISE-1k
E14 Clean External,real_raise_242_r1e8acc5ct,Real,E20_correct__E24_correct,E21_correct__E24_correct,camera,RAISE-1k
E14 Clean External,ai_sb_midjourney-v5_126_r056f233bt,AI,E20_correct__E24_correct,E21_correct__E24_correct,midjourney-v5,Synthbuster
E14 Clean External,real_raise_035_r047aa954t,Real,E20_correct__E24_correct,E21_correct__E24_correct,camera,RAISE-1k
E14 Clean External,ai_sb_dalle2_012_r0b7b1156t,AI,E20_wrong__E24_correct,E21_correct__E24_correct,dalle2,Synthbuster
E14 Clean External,real_raise_184_r17f60607t,Real,E20_correct__E24_correct,E21_wrong__E24_correct,camera,RAISE-1k
E14 Clean External,real_raise_127_r1070b804t,Real,E20_correct__E24_correct,E21_wrong__E24_correct,camera,RAISE-1k
E14 Clean External,ai_sb_stable-diffusion-1-3_176_r1ad2de34t,AI,E20_wrong__E24_correct,E21_correct__E24_correct,stable-diffusion-1-3,Synthbuster
E14 Clean External,ai_sb_firefly_076_r102b4aa4t,AI,E20_wrong__E24_wrong,E21_correct__E24_wrong,firefly,Synthbuster
E14 Clean External,ai_sb_supp_stable-diffusion-2_024_r00444b95t,AI,E20_wrong__E24_correct,E21_correct__E24_correct,stable-diffusion-2,Synthbuster
E14 Clean External,ai_sb_stable-diffusion-2_215_r045be2act,AI,E20_wrong__E24_correct,E21_correct__E24_correct,stable-diffusion-2,Synthbuster
E14 Clean External,ai_sb_stable-diffusion-1-3_177_r1bdb6385t,AI,E20_wrong__E24_correct,E21_correct__E24_correct,stable-diffusion-1-3,Synthbuster
E14 Clean External,ai_sb_stable-diffusion-2_212_r0150031ft,AI,E20_wrong__E24_correct,E21_correct__E24_correct,stable-diffusion-2,Synthbuster
E14 Clean External,real_raise_supp_039_r14902ba4t,Real,E20_correct__E24_correct,E21_wrong__E24_correct,camera,RAISE-1k
E14 Clean External,real_raise_070_r08d2b4dat,Real,E20_correct__E24_correct,E21_correct__E24_correct,camera,RAISE-1k
E14 Clean External,ai_sb_dalle2_001_r000da54ft,AI,E20_wrong__E24_wrong,E21_correct__E24_wrong,dalle2,Synthbuster
E14 Clean External,real_raise_114_r0f137652t,Real,E20_wrong__E24_correct,E21_wrong__E24_correct,camera,RAISE-1k
E14 Clean External,ai_sb_supp_midjourney-v5_013_r001d260dt,AI,E20_correct__E24_correct,E21_correct__E24_correct,midjourney-v5,Synthbuster
E14 Clean External,real_raise_supp_001_r001d260dt,Real,E20_correct__E24_correct,E21_wrong__E24_correct,camera,RAISE-1k
E14 Clean External,real_raise_212_r1b1c1019t,Real,E20_correct__E24_correct,E21_wrong__E24_correct,camera,RAISE-1k
E14 Clean External,ai_sb_stable-diffusion-1-3_170_r145221d9t,AI,E20_wrong__E24_correct,E21_correct__E24_correct,stable-diffusion-1-3,Synthbuster
E14 Clean External,ai_sb_glide_094_r0372042dt,AI,E20_wrong__E24_correct,E21_correct__E24_correct,glide,Synthbuster
E14 Clean External,real_raise_218_r1be2a3d5t,Real,E20_correct__E24_wrong,E21_wrong__E24_wrong,camera,RAISE-1k
E14 Clean External,real_raise_supp_034_r1267fa5bt,Real,E20_correct__E24_correct,E21_wrong__E24_correct,camera,RAISE-1k
E14 Clean External,real_raise_120_r0f98115dt,Real,E20_correct__E24_correct,E21_wrong__E24_correct,camera,RAISE-1k
E14 Clean External,real_raise_173_r1645a09ct,Real,E20_correct__E24_correct,E21_correct__E24_correct,camera,RAISE-1k
E14 Clean External,real_raise_002_r005f3e70t,Real,E20_correct__E24_correct,E21_wrong__E24_correct,camera,RAISE-1k
E14 Clean External,real_raise_221_r1c23e440t,Real,E20_correct__E24_correct,E21_wrong__E24_correct,camera,RAISE-1k
E14 Clean External,real_raise_167_r15919202t,Real,E20_correct__E24_correct,E21_wrong__E24_correct,camera,RAISE-1k
E14 Clean External,real_raise_111_r0eb8dfb5t,Real,E20_correct__E24_correct,E21_wrong__E24_correct,camera,RAISE-1k
E14 Clean External,real_raise_028_r03aa5df1t,Real,E20_correct__E24_correct,E21_wrong__E24_correct,camera,RAISE-1k
E14 Clean External,ai_sb_stable-diffusion-2_214_r0372042dt,AI,E20_correct__E24_correct,E21_correct__E24_correct,stable-diffusion-2,Synthbuster
E14 Clean External,real_raise_supp_060_r1f06581bt,Real,E20_correct__E24_correct,E21_wrong__E24_correct,camera,RAISE-1k
E14 Clean External,real_raise_030_r03f70ccdt,Real,E20_correct__E24_correct,E21_wrong__E24_correct,camera,RAISE-1k
E14 Clean External,ai_sb_stable-diffusion-1-3_162_r0b7b1156t,AI,E20_wrong__E24_correct,E21_correct__E24_correct,stable-diffusion-1-3,Synthbuster
E14 Clean External,real_raise_171_r1618da9dt,Real,E20_correct__E24_correct,E21_correct__E24_correct,camera,RAISE-1k
E14 Clean External,real_raise_238_r1de76a54t,Real,E20_correct__E24_correct,E21_wrong__E24_correct,camera,RAISE-1k
E14 Clean External,real_raise_197_r19b49f2ct,Real,E20_correct__E24_correct,E21_correct__E24_correct,camera,RAISE-1k
E14 Clean External,real_raise_078_r09d7cd4et,Real,E20_wrong__E24_wrong,E21_wrong__E24_wrong,camera,RAISE-1k
E14 Clean External,real_raise_085_r0aaa70c3t,Real,E20_correct__E24_wrong,E21_wrong__E24_wrong,camera,RAISE-1k
E14 Clean External,real_raise_216_r1bc3dd23t,Real,E20_correct__E24_correct,E21_correct__E24_correct,camera,RAISE-1k
E14 Clean External,ai_sb_firefly_081_r159d3942t,AI,E20_wrong__E24_wrong,E21_wrong__E24_wrong,firefly,Synthbuster
E14 Clean External,real_raise_196_r1986e42bt,Real,E20_correct__E24_correct,E21_wrong__E24_correct,camera,RAISE-1k
E14 Clean External,real_raise_126_r102b4aa4t,Real,E20_correct__E24_correct,E21_wrong__E24_correct,camera,RAISE-1k
E14 Clean External,ai_sb_stable-diffusion-1-4_203_r17fe8532t,AI,E20_correct__E24_correct,E21_correct__E24_correct,stable-diffusion-1-4,Synthbuster
E14 Clean External,real_raise_117_r0f4ece9bt,Real,E20_correct__E24_correct,E21_wrong__E24_correct,camera,RAISE-1k
E14 Clean External,ai_sb_stable-diffusion-2_236_r1ad2de34t,AI,E20_wrong__E24_correct,E21_correct__E24_correct,stable-diffusion-2,Synthbuster
E14 Clean External,ai_sb_stable-diffusion-1-3_153_r026b5360t,AI,E20_wrong__E24_correct,E21_correct__E24_correct,stable-diffusion-1-3,Synthbuster
E14 Clean External,ai_sb_midjourney-v5_142_r169c7350t,AI,E20_wrong__E24_correct,E21_correct__E24_correct,midjourney-v5,Synthbuster
E14 Clean External,ai_sb_dalle3_057_r1bdb6385t,AI,E20_correct__E24_correct,E21_correct__E24_correct,dalle3,Synthbuster
E14 Clean External,real_raise_233_r1d679eaet,Real,E20_correct__E24_correct,E21_correct__E24_correct,camera,RAISE-1k
E14 Clean External,real_raise_249_r1f3e6681t,Real,E20_correct__E24_correct,E21_wrong__E24_correct,camera,RAISE-1k
E14 Clean External,ai_sb_stable-diffusion-2_240_r1e9082f9t,AI,E20_correct__E24_correct,E21_correct__E24_correct,stable-diffusion-2,Synthbuster
E14 Clean External,real_raise_181_r17754c77t,Real,E20_correct__E24_wrong,E21_wrong__E24_wrong,camera,RAISE-1k
E14 Clean External,real_raise_supp_019_r098cf7aet,Real,E20_correct__E24_correct,E21_correct__E24_correct,camera,RAISE-1k
E14 Clean External,real_raise_156_r140f3432t,Real,E20_correct__E24_correct,E21_correct__E24_correct,camera,RAISE-1k
E14 Clean External,ai_sb_dalle3_051_r159d3942t,AI,E20_correct__E24_correct,E21_correct__E24_correct,dalle3,Synthbuster
E14 Clean External,real_raise_159_r145215fft,Real,E20_correct__E24_wrong,E21_wrong__E24_wrong,camera,RAISE-1k
E14 Clean External,ai_sb_dalle2_002_r0150031ft,AI,E20_wrong__E24_wrong,E21_correct__E24_wrong,dalle2,Synthbuster
E14 Clean External,real_raise_038_r04cfa379t,Real,E20_correct__E24_wrong,E21_wrong__E24_wrong,camera,RAISE-1k
E14 Clean External,ai_sb_stable-diffusion-1-3_157_r06743f8ft,AI,E20_correct__E24_correct,E21_correct__E24_correct,stable-diffusion-1-3,Synthbuster
E14 Clean External,ai_sb_supp_glide_010_r001d260dt,AI,E20_correct__E24_correct,E21_correct__E24_correct,glide,Synthbuster
E14 Clean External,ai_sb_midjourney-v5_127_r06743f8ft,AI,E20_correct__E24_correct,E21_correct__E24_correct,midjourney-v5,Synthbuster
E14 Clean External,ai_sb_dalle2_021_r159d3942t,AI,E20_wrong__E24_correct,E21_correct__E24_correct,dalle2,Synthbuster
E14 Clean External,real_raise_229_r1ceba29dt,Real,E20_correct__E24_correct,E21_wrong__E24_correct,camera,RAISE-1k
E14 Clean External,ai_sb_glide_095_r045be2act,AI,E20_wrong__E24_wrong,E21_correct__E24_wrong,glide,Synthbuster
E14 Clean External,ai_sb_stable-diffusion-1-3_169_r138ad247t,AI,E20_wrong__E24_correct,E21_correct__E24_correct,stable-diffusion-1-3,Synthbuster
E14 Clean External,real_raise_093_r0b841e5at,Real,E20_correct__E24_wrong,E21_wrong__E24_wrong,camera,RAISE-1k
E14 Clean External,ai_sb_stable-diffusion-2_216_r056f233bt,AI,E20_wrong__E24_correct,E21_correct__E24_correct,stable-diffusion-2,Synthbuster
E14 Clean External,real_raise_119_r0f8e5907t,Real,E20_correct__E24_wrong,E21_wrong__E24_wrong,camera,RAISE-1k
E14 Clean External,ai_sb_dalle2_018_r1297fd0bt,AI,E20_wrong__E24_wrong,E21_correct__E24_wrong,dalle2,Synthbuster
E14 Clean External,real_raise_096_r0bf7f938t,Real,E20_correct__E24_wrong,E21_wrong__E24_wrong,camera,RAISE-1k
E14 Clean External,ai_sb_supp_stable-diffusion-1-4_021_r00444b95t,AI,E20_wrong__E24_correct,E21_correct__E24_correct,stable-diffusion-1-4,Synthbuster
E14 Clean External,real_raise_213_r1b4e82c4t,Real,E20_correct__E24_correct,E21_wrong__E24_correct,camera,RAISE-1k
E14 Clean External,ai_sb_stable-diffusion-1-4_196_r102b4aa4t,AI,E20_wrong__E24_correct,E21_correct__E24_correct,stable-diffusion-1-4,Synthbuster
E14 Clean External,ai_sb_dalle2_026_r1ad2de34t,AI,E20_wrong__E24_wrong,E21_wrong__E24_wrong,dalle2,Synthbuster
E14 Clean External,real_raise_091_r0b61ed37t,Real,E20_correct__E24_wrong,E21_wrong__E24_wrong,camera,RAISE-1k
E14 Clean External,ai_sb_stable-diffusion-1-4_190_r09a60f63t,AI,E20_correct__E24_correct,E21_correct__E24_correct,stable-diffusion-1-4,Synthbuster
E14 Clean External,ai_sb_firefly_067_r06743f8ft,AI,E20_correct__E24_correct,E21_correct__E24_correct,firefly,Synthbuster
E14 Clean External,real_raise_069_r08b12799t,Real,E20_correct__E24_wrong,E21_wrong__E24_wrong,camera,RAISE-1k
E14 Clean External,ai_sb_midjourney-v5_149_r1d9a31fct,AI,E20_wrong__E24_correct,E21_correct__E24_correct,midjourney-v5,Synthbuster
E14 Clean External,ai_sb_glide_102_r0b7b1156t,AI,E20_correct__E24_correct,E21_correct__E24_correct,glide,Synthbuster
E14 Clean External,ai_sb_glide_108_r1297fd0bt,AI,E20_wrong__E24_wrong,E21_correct__E24_wrong,glide,Synthbuster
E14 Clean External,ai_sb_stable-diffusion-2_233_r17fe8532t,AI,E20_wrong__E24_correct,E21_correct__E24_correct,stable-diffusion-2,Synthbuster
E14 Clean External,ai_sb_stable-diffusion-2_224_r0e7b407bt,AI,E20_wrong__E24_wrong,E21_correct__E24_wrong,stable-diffusion-2,Synthbuster
E14 Clean External,real_raise_supp_043_r16ea6386t,Real,E20_correct__E24_correct,E21_wrong__E24_correct,camera,RAISE-1k
E14 Clean External,real_raise_140_r125f6e84t,Real,E20_correct__E24_correct,E21_correct__E24_correct,camera,RAISE-1k
E14 Clean External,real_raise_137_r11c4de0et,Real,E20_correct__E24_correct,E21_correct__E24_correct,camera,RAISE-1k
E14 Clean External,ai_sb_firefly_083_r17fe8532t,AI,E20_wrong__E24_correct,E21_correct__E24_correct,firefly,Synthbuster
E14 Clean External,real_raise_supp_055_r1ca254b2t,Real,E20_correct__E24_correct,E21_wrong__E24_correct,camera,RAISE-1k
E14 Clean External,ai_sb_midjourney-v5_123_r026b5360t,AI,E20_correct__E24_correct,E21_correct__E24_correct,midjourney-v5,Synthbuster
E14 Clean External,real_raise_125_r101d6690t,Real,E20_correct__E24_correct,E21_correct__E24_correct,camera,RAISE-1k
E14 Clean External,ai_sb_stable-diffusion-1-4_210_r1e9082f9t,AI,E20_wrong__E24_correct,E21_correct__E24_correct,stable-diffusion-1-4,Synthbuster
E14 Clean External,ai_sb_midjourney-v5_135_r0f5beb66t,AI,E20_correct__E24_correct,E21_correct__E24_correct,midjourney-v5,Synthbuster
E14 Clean External,real_raise_172_r163967d4t,Real,E20_correct__E24_correct,E21_correct__E24_correct,camera,RAISE-1k
E14 Clean External,ai_sb_dalle2_030_r1e9082f9t,AI,E20_wrong__E24_correct,E21_correct__E24_correct,dalle2,Synthbuster
E14 Clean External,real_raise_100_r0c9910e4t,Real,E20_wrong__E24_wrong,E21_correct__E24_wrong,camera,RAISE-1k
E14 Clean External,real_raise_162_r14c2d3fct,Real,E20_correct__E24_wrong,E21_wrong__E24_wrong,camera,RAISE-1k
E14 Clean External,ai_sb_dalle2_027_r1bdb6385t,AI,E20_wrong__E24_correct,E21_correct__E24_correct,dalle2,Synthbuster
E14 Clean External,ai_sb_dalle3_052_r169c7350t,AI,E20_correct__E24_correct,E21_correct__E24_correct,dalle3,Synthbuster
E14 Clean External,ai_sb_glide_106_r102b4aa4t,AI,E20_wrong__E24_wrong,E21_correct__E24_wrong,glide,Synthbuster
E14 Clean External,real_raise_054_r06cad2d6t,Real,E20_correct__E24_correct,E21_wrong__E24_correct,camera,RAISE-1k
E14 Clean External,ai_sb_dalle2_025_r1a2095b2t,AI,E20_wrong__E24_correct,E21_correct__E24_correct,dalle2,Synthbuster
E14 Degraded External,real_raise_135_r11850456t_test_whatsapp_q75,Real,E20_correct__E24_correct,E21_wrong__E24_correct,camera,unknown
E14 Degraded External,real_raise_135_r11850456t_test_resize_q80,Real,E20_correct__E24_correct,E21_wrong__E24_correct,camera,unknown
E14 Degraded External,real_raise_135_r11850456t_test_double_jpeg,Real,E20_correct__E24_correct,E21_wrong__E24_correct,camera,unknown
E14 Degraded External,real_raise_122_r0fbe1b0ft_test_whatsapp_q75,Real,E20_correct__E24_correct,E21_wrong__E24_correct,camera,unknown
E14 Degraded External,real_raise_122_r0fbe1b0ft_test_resize_q80,Real,E20_wrong__E24_correct,E21_wrong__E24_correct,camera,unknown
E14 Degraded External,real_raise_122_r0fbe1b0ft_test_double_jpeg,Real,E20_correct__E24_correct,E21_wrong__E24_correct,camera,unknown
E14 Degraded External,real_raise_supp_026_r0dd6e8f4t_test_whatsapp_q75,Real,E20_correct__E24_wrong,E21_wrong__E24_wrong,camera,unknown
E14 Degraded External,real_raise_supp_026_r0dd6e8f4t_test_resize_q80,Real,E20_correct__E24_wrong,E21_wrong__E24_wrong,camera,unknown
E14 Degraded External,real_raise_supp_026_r0dd6e8f4t_test_double_jpeg,Real,E20_correct__E24_wrong,E21_wrong__E24_wrong,camera,unknown
E14 Degraded External,ai_sb_stable-diffusion-1-3_154_r0372042dt_test_whatsapp_q75,AI,E20_wrong__E24_correct,E21_correct__E24_correct,stable-diffusion-1-3,unknown
E14 Degraded External,ai_sb_stable-diffusion-1-3_154_r0372042dt_test_resize_q80,AI,E20_wrong__E24_correct,E21_correct__E24_correct,stable-diffusion-1-3,unknown
E14 Degraded External,ai_sb_stable-diffusion-1-3_154_r0372042dt_test_double_jpeg,AI,E20_wrong__E24_correct,E21_correct__E24_correct,stable-diffusion-1-3,unknown
E14 Degraded External,ai_sb_firefly_065_r045be2act_test_whatsapp_q75,AI,E20_wrong__E24_wrong,E21_correct__E24_wrong,firefly,unknown
E14 Degraded External,ai_sb_firefly_065_r045be2act_test_resize_q80,AI,E20_wrong__E24_wrong,E21_correct__E24_wrong,firefly,unknown
E14 Degraded External,ai_sb_firefly_065_r045be2act_test_double_jpeg,AI,E20_wrong__E24_wrong,E21_wrong__E24_wrong,firefly,unknown
E14 Degraded External,ai_sb_stable-diffusion-1-3_161_r0a9384b1t_test_whatsapp_q75,AI,E20_wrong__E24_correct,E21_correct__E24_correct,stable-diffusion-1-3,unknown
E14 Degraded External,ai_sb_stable-diffusion-1-3_161_r0a9384b1t_test_resize_q80,AI,E20_wrong__E24_correct,E21_correct__E24_correct,stable-diffusion-1-3,unknown
E14 Degraded External,ai_sb_stable-diffusion-1-3_161_r0a9384b1t_test_double_jpeg,AI,E20_wrong__E24_correct,E21_correct__E24_correct,stable-diffusion-1-3,unknown
E14 Degraded External,ai_sb_firefly_064_r0372042dt_test_whatsapp_q75,AI,E20_correct__E24_correct,E21_correct__E24_correct,firefly,unknown
E14 Degraded External,ai_sb_firefly_064_r0372042dt_test_resize_q80,AI,E20_correct__E24_correct,E21_correct__E24_correct,firefly,unknown
E14 Degraded External,ai_sb_firefly_064_r0372042dt_test_double_jpeg,AI,E20_correct__E24_correct,E21_correct__E24_correct,firefly,unknown
E14 Degraded External,real_raise_053_r06b161adt_test_whatsapp_q75,Real,E20_correct__E24_wrong,E21_wrong__E24_wrong,camera,unknown
E14 Degraded External,real_raise_053_r06b161adt_test_resize_q80,Real,E20_correct__E24_wrong,E21_wrong__E24_wrong,camera,unknown
E14 Degraded External,real_raise_053_r06b161adt_test_double_jpeg,Real,E20_correct__E24_wrong,E21_wrong__E24_wrong,camera,unknown
E14 Degraded External,ai_sb_stable-diffusion-1-4_188_r07cfb432t_test_whatsapp_q75,AI,E20_wrong__E24_correct,E21_correct__E24_correct,stable-diffusion-1-4,unknown
E14 Degraded External,ai_sb_stable-diffusion-1-4_188_r07cfb432t_test_resize_q80,AI,E20_wrong__E24_correct,E21_correct__E24_correct,stable-diffusion-1-4,unknown
E14 Degraded External,ai_sb_stable-diffusion-1-4_188_r07cfb432t_test_double_jpeg,AI,E20_wrong__E24_correct,E21_correct__E24_correct,stable-diffusion-1-4,unknown
E14 Degraded External,real_raise_115_r0f24ca4dt_test_whatsapp_q75,Real,E20_correct__E24_correct,E21_wrong__E24_correct,camera,unknown
E14 Degraded External,real_raise_115_r0f24ca4dt_test_resize_q80,Real,E20_correct__E24_correct,E21_wrong__E24_correct,camera,unknown
E14 Degraded External,real_raise_115_r0f24ca4dt_test_double_jpeg,Real,E20_correct__E24_correct,E21_wrong__E24_correct,camera,unknown
E14 Degraded External,ai_sb_supp_stable-diffusion-1-4_019_r001d260dt_test_whatsapp_q75,AI,E20_correct__E24_correct,E21_correct__E24_correct,stable-diffusion-1-4,unknown
E14 Degraded External,ai_sb_supp_stable-diffusion-1-4_019_r001d260dt_test_resize_q80,AI,E20_correct__E24_correct,E21_correct__E24_correct,stable-diffusion-1-4,unknown
E14 Degraded External,ai_sb_supp_stable-diffusion-1-4_019_r001d260dt_test_double_jpeg,AI,E20_correct__E24_wrong,E21_wrong__E24_wrong,stable-diffusion-1-4,unknown
E14 Degraded External,real_raise_150_r1378de81t_test_whatsapp_q75,Real,E20_correct__E24_correct,E21_wrong__E24_correct,camera,unknown
E14 Degraded External,real_raise_150_r1378de81t_test_resize_q80,Real,E20_correct__E24_correct,E21_correct__E24_correct,camera,unknown
E14 Degraded External,real_raise_150_r1378de81t_test_double_jpeg,Real,E20_correct__E24_correct,E21_wrong__E24_correct,camera,unknown
E14 Degraded External,ai_sb_stable-diffusion-1-3_166_r102b4aa4t_test_whatsapp_q75,AI,E20_wrong__E24_correct,E21_correct__E24_correct,stable-diffusion-1-3,unknown
E14 Degraded External,ai_sb_stable-diffusion-1-3_166_r102b4aa4t_test_resize_q80,AI,E20_wrong__E24_correct,E21_correct__E24_correct,stable-diffusion-1-3,unknown
E14 Degraded External,ai_sb_stable-diffusion-1-3_166_r102b4aa4t_test_double_jpeg,AI,E20_wrong__E24_correct,E21_correct__E24_correct,stable-diffusion-1-3,unknown
E14 Degraded External,real_raise_036_r04989a70t_test_whatsapp_q75,Real,E20_correct__E24_correct,E21_correct__E24_correct,camera,unknown
E14 Degraded External,real_raise_036_r04989a70t_test_resize_q80,Real,E20_correct__E24_correct,E21_correct__E24_correct,camera,unknown
E14 Degraded External,real_raise_036_r04989a70t_test_double_jpeg,Real,E20_correct__E24_correct,E21_correct__E24_correct,camera,unknown
E14 Degraded External,ai_sb_dalle2_029_r1d9a31fct_test_whatsapp_q75,AI,E20_wrong__E24_wrong,E21_correct__E24_wrong,dalle2,unknown
E14 Degraded External,ai_sb_dalle2_029_r1d9a31fct_test_resize_q80,AI,E20_wrong__E24_wrong,E21_correct__E24_wrong,dalle2,unknown
E14 Degraded External,ai_sb_dalle2_029_r1d9a31fct_test_double_jpeg,AI,E20_wrong__E24_wrong,E21_correct__E24_wrong,dalle2,unknown
E14 Degraded External,real_raise_supp_005_r02513d19t_test_whatsapp_q75,Real,E20_correct__E24_correct,E21_correct__E24_correct,camera,unknown
E14 Degraded External,real_raise_supp_005_r02513d19t_test_resize_q80,Real,E20_correct__E24_correct,E21_correct__E24_correct,camera,unknown
E14 Degraded External,real_raise_supp_005_r02513d19t_test_double_jpeg,Real,E20_correct__E24_correct,E21_correct__E24_correct,camera,unknown
E14 Degraded External,ai_sb_firefly_087_r1bdb6385t_test_whatsapp_q75,AI,E20_wrong__E24_correct,E21_correct__E24_correct,firefly,unknown
E14 Degraded External,ai_sb_firefly_087_r1bdb6385t_test_resize_q80,AI,E20_wrong__E24_correct,E21_correct__E24_correct,firefly,unknown
E14 Degraded External,ai_sb_firefly_087_r1bdb6385t_test_double_jpeg,AI,E20_wrong__E24_correct,E21_correct__E24_correct,firefly,unknown
E14 Degraded External,real_raise_250_r1f4a44a7t_test_whatsapp_q75,Real,E20_correct__E24_correct,E21_wrong__E24_correct,camera,unknown
E14 Degraded External,real_raise_250_r1f4a44a7t_test_resize_q80,Real,E20_correct__E24_correct,E21_wrong__E24_correct,camera,unknown
E14 Degraded External,real_raise_250_r1f4a44a7t_test_double_jpeg,Real,E20_correct__E24_correct,E21_wrong__E24_correct,camera,unknown
E14 Degraded External,ai_sb_midjourney-v5_147_r1bdb6385t_test_whatsapp_q75,AI,E20_wrong__E24_correct,E21_correct__E24_correct,midjourney-v5,unknown
E14 Degraded External,ai_sb_midjourney-v5_147_r1bdb6385t_test_resize_q80,AI,E20_wrong__E24_correct,E21_correct__E24_correct,midjourney-v5,unknown
E14 Degraded External,ai_sb_midjourney-v5_147_r1bdb6385t_test_double_jpeg,AI,E20_wrong__E24_correct,E21_correct__E24_correct,midjourney-v5,unknown
E14 Degraded External,real_raise_043_r057282fet_test_whatsapp_q75,Real,E20_correct__E24_wrong,E21_wrong__E24_wrong,camera,unknown
E14 Degraded External,real_raise_043_r057282fet_test_resize_q80,Real,E20_correct__E24_wrong,E21_wrong__E24_wrong,camera,unknown
E14 Degraded External,real_raise_043_r057282fet_test_double_jpeg,Real,E20_correct__E24_correct,E21_wrong__E24_correct,camera,unknown
E14 Degraded External,real_raise_092_r0b755540t_test_whatsapp_q75,Real,E20_correct__E24_wrong,E21_wrong__E24_wrong,camera,unknown
E14 Degraded External,real_raise_092_r0b755540t_test_resize_q80,Real,E20_correct__E24_wrong,E21_wrong__E24_wrong,camera,unknown
E14 Degraded External,real_raise_092_r0b755540t_test_double_jpeg,Real,E20_correct__E24_wrong,E21_wrong__E24_wrong,camera,unknown
E14 Degraded External,real_raise_supp_035_r12cbfb1et_test_whatsapp_q75,Real,E20_correct__E24_correct,E21_wrong__E24_correct,camera,unknown
E14 Degraded External,real_raise_supp_035_r12cbfb1et_test_resize_q80,Real,E20_correct__E24_correct,E21_wrong__E24_correct,camera,unknown
E14 Degraded External,real_raise_supp_035_r12cbfb1et_test_double_jpeg,Real,E20_correct__E24_correct,E21_correct__E24_correct,camera,unknown
E14 Degraded External,ai_sb_stable-diffusion-1-3_160_r09a60f63t_test_whatsapp_q75,AI,E20_correct__E24_correct,E21_correct__E24_correct,stable-diffusion-1-3,unknown
E14 Degraded External,ai_sb_stable-diffusion-1-3_160_r09a60f63t_test_resize_q80,AI,E20_correct__E24_correct,E21_correct__E24_correct,stable-diffusion-1-3,unknown
E14 Degraded External,ai_sb_stable-diffusion-1-3_160_r09a60f63t_test_double_jpeg,AI,E20_correct__E24_correct,E21_correct__E24_correct,stable-diffusion-1-3,unknown
E14 Degraded External,ai_sb_dalle3_059_r1d9a31fct_test_whatsapp_q75,AI,E20_correct__E24_correct,E21_correct__E24_correct,dalle3,unknown
E14 Degraded External,ai_sb_dalle3_059_r1d9a31fct_test_resize_q80,AI,E20_correct__E24_correct,E21_correct__E24_correct,dalle3,unknown
E14 Degraded External,ai_sb_dalle3_059_r1d9a31fct_test_double_jpeg,AI,E20_correct__E24_correct,E21_correct__E24_correct,dalle3,unknown
E14 Degraded External,ai_sb_glide_091_r000da54ft_test_whatsapp_q75,AI,E20_correct__E24_correct,E21_correct__E24_correct,glide,unknown
E14 Degraded External,ai_sb_glide_091_r000da54ft_test_resize_q80,AI,E20_correct__E24_wrong,E21_correct__E24_wrong,glide,unknown
E14 Degraded External,ai_sb_glide_091_r000da54ft_test_double_jpeg,AI,E20_correct__E24_correct,E21_correct__E24_correct,glide,unknown
E14 Degraded External,ai_sb_firefly_068_r07cfb432t_test_whatsapp_q75,AI,E20_wrong__E24_wrong,E21_correct__E24_wrong,firefly,unknown
E14 Degraded External,ai_sb_firefly_068_r07cfb432t_test_resize_q80,AI,E20_wrong__E24_wrong,E21_correct__E24_wrong,firefly,unknown
E14 Degraded External,ai_sb_firefly_068_r07cfb432t_test_double_jpeg,AI,E20_wrong__E24_wrong,E21_wrong__E24_wrong,firefly,unknown
E14 Degraded External,real_raise_046_r05db7e7ft_test_whatsapp_q75,Real,E20_correct__E24_wrong,E21_correct__E24_wrong,camera,unknown
E14 Degraded External,real_raise_046_r05db7e7ft_test_resize_q80,Real,E20_correct__E24_wrong,E21_correct__E24_wrong,camera,unknown
E14 Degraded External,real_raise_046_r05db7e7ft_test_double_jpeg,Real,E20_correct__E24_wrong,E21_correct__E24_wrong,camera,unknown
E14 Degraded External,ai_sb_firefly_069_r08996953t_test_whatsapp_q75,AI,E20_wrong__E24_correct,E21_correct__E24_correct,firefly,unknown
E14 Degraded External,ai_sb_firefly_069_r08996953t_test_resize_q80,AI,E20_wrong__E24_correct,E21_correct__E24_correct,firefly,unknown
E14 Degraded External,ai_sb_firefly_069_r08996953t_test_double_jpeg,AI,E20_wrong__E24_correct,E21_correct__E24_correct,firefly,unknown
E14 Degraded External,real_raise_supp_004_r01d0b83bt_test_whatsapp_q75,Real,E20_correct__E24_correct,E21_correct__E24_correct,camera,unknown
E14 Degraded External,real_raise_supp_004_r01d0b83bt_test_resize_q80,Real,E20_correct__E24_correct,E21_correct__E24_correct,camera,unknown
E14 Degraded External,real_raise_supp_004_r01d0b83bt_test_double_jpeg,Real,E20_correct__E24_correct,E21_correct__E24_correct,camera,unknown
E14 Degraded External,ai_sb_midjourney-v5_130_r09a60f63t_test_whatsapp_q75,AI,E20_correct__E24_correct,E21_correct__E24_correct,midjourney-v5,unknown
E14 Degraded External,ai_sb_midjourney-v5_130_r09a60f63t_test_resize_q80,AI,E20_correct__E24_correct,E21_correct__E24_correct,midjourney-v5,unknown
E14 Degraded External,ai_sb_midjourney-v5_130_r09a60f63t_test_double_jpeg,AI,E20_correct__E24_correct,E21_correct__E24_correct,midjourney-v5,unknown
E14 Degraded External,real_raise_191_r18d72ab2t_test_whatsapp_q75,Real,E20_correct__E24_correct,E21_correct__E24_correct,camera,unknown
E14 Degraded External,real_raise_191_r18d72ab2t_test_resize_q80,Real,E20_correct__E24_correct,E21_correct__E24_correct,camera,unknown
E14 Degraded External,real_raise_191_r18d72ab2t_test_double_jpeg,Real,E20_correct__E24_correct,E21_wrong__E24_correct,camera,unknown
E14 Degraded External,real_raise_208_r1aa53167t_test_whatsapp_q75,Real,E20_correct__E24_correct,E21_correct__E24_correct,camera,unknown
E14 Degraded External,real_raise_208_r1aa53167t_test_resize_q80,Real,E20_correct__E24_correct,E21_correct__E24_correct,camera,unknown
E14 Degraded External,real_raise_208_r1aa53167t_test_double_jpeg,Real,E20_correct__E24_correct,E21_correct__E24_correct,camera,unknown
E14 Degraded External,real_raise_202_r1a4651edt_test_whatsapp_q75,Real,E20_correct__E24_correct,E21_correct__E24_correct,camera,unknown
E14 Degraded External,real_raise_202_r1a4651edt_test_resize_q80,Real,E20_correct__E24_correct,E21_correct__E24_correct,camera,unknown
E14 Degraded External,real_raise_202_r1a4651edt_test_double_jpeg,Real,E20_correct__E24_correct,E21_correct__E24_correct,camera,unknown
E14 Degraded External,ai_sb_dalle2_003_r026b5360t_test_whatsapp_q75,AI,E20_wrong__E24_correct,E21_correct__E24_correct,dalle2,unknown
E14 Degraded External,ai_sb_dalle2_003_r026b5360t_test_resize_q80,AI,E20_wrong__E24_correct,E21_correct__E24_correct,dalle2,unknown
E14 Degraded External,ai_sb_dalle2_003_r026b5360t_test_double_jpeg,AI,E20_wrong__E24_correct,E21_correct__E24_correct,dalle2,unknown
E14 Degraded External,ai_sb_supp_dalle2_002_r002fc3e2t_test_whatsapp_q75,AI,E20_correct__E24_correct,E21_correct__E24_correct,dalle2,unknown
E14 Degraded External,ai_sb_supp_dalle2_002_r002fc3e2t_test_resize_q80,AI,E20_correct__E24_correct,E21_correct__E24_correct,dalle2,unknown
E14 Degraded External,ai_sb_supp_dalle2_002_r002fc3e2t_test_double_jpeg,AI,E20_correct__E24_correct,E21_correct__E24_correct,dalle2,unknown
E14 Degraded External,ai_sb_firefly_075_r0f5beb66t_test_whatsapp_q75,AI,E20_wrong__E24_wrong,E21_wrong__E24_wrong,firefly,unknown
E14 Degraded External,ai_sb_firefly_075_r0f5beb66t_test_resize_q80,AI,E20_wrong__E24_wrong,E21_wrong__E24_wrong,firefly,unknown
E14 Degraded External,ai_sb_firefly_075_r0f5beb66t_test_double_jpeg,AI,E20_wrong__E24_wrong,E21_wrong__E24_wrong,firefly,unknown
E14 Degraded External,ai_sb_midjourney-v5_146_r1ad2de34t_test_whatsapp_q75,AI,E20_wrong__E24_correct,E21_correct__E24_correct,midjourney-v5,unknown
E14 Degraded External,ai_sb_midjourney-v5_146_r1ad2de34t_test_resize_q80,AI,E20_wrong__E24_wrong,E21_correct__E24_wrong,midjourney-v5,unknown
E14 Degraded External,ai_sb_midjourney-v5_146_r1ad2de34t_test_double_jpeg,AI,E20_wrong__E24_correct,E21_correct__E24_correct,midjourney-v5,unknown
E14 Degraded External,ai_sb_stable-diffusion-2_231_r159d3942t_test_whatsapp_q75,AI,E20_wrong__E24_wrong,E21_wrong__E24_wrong,stable-diffusion-2,unknown
E14 Degraded External,ai_sb_stable-diffusion-2_231_r159d3942t_test_resize_q80,AI,E20_wrong__E24_wrong,E21_wrong__E24_wrong,stable-diffusion-2,unknown
E14 Degraded External,ai_sb_stable-diffusion-2_231_r159d3942t_test_double_jpeg,AI,E20_wrong__E24_wrong,E21_wrong__E24_wrong,stable-diffusion-2,unknown
E14 Degraded External,real_raise_075_r09851aa4t_test_whatsapp_q75,Real,E20_correct__E24_correct,E21_correct__E24_correct,camera,unknown
E14 Degraded External,real_raise_075_r09851aa4t_test_resize_q80,Real,E20_correct__E24_correct,E21_correct__E24_correct,camera,unknown
E14 Degraded External,real_raise_075_r09851aa4t_test_double_jpeg,Real,E20_correct__E24_correct,E21_correct__E24_correct,camera,unknown
E14 Degraded External,real_raise_110_r0ea0825ft_test_whatsapp_q75,Real,E20_wrong__E24_wrong,E21_wrong__E24_wrong,camera,unknown
E14 Degraded External,real_raise_110_r0ea0825ft_test_resize_q80,Real,E20_wrong__E24_wrong,E21_wrong__E24_wrong,camera,unknown
E14 Degraded External,real_raise_110_r0ea0825ft_test_double_jpeg,Real,E20_wrong__E24_wrong,E21_wrong__E24_wrong,camera,unknown
E14 Degraded External,ai_sb_glide_109_r138ad247t_test_whatsapp_q75,AI,E20_wrong__E24_correct,E21_correct__E24_correct,glide,unknown
E14 Degraded External,ai_sb_glide_109_r138ad247t_test_resize_q80,AI,E20_wrong__E24_correct,E21_correct__E24_correct,glide,unknown
E14 Degraded External,ai_sb_glide_109_r138ad247t_test_double_jpeg,AI,E20_wrong__E24_correct,E21_correct__E24_correct,glide,unknown
E14 Degraded External,ai_sb_stable-diffusion-1-4_192_r0b7b1156t_test_whatsapp_q75,AI,E20_wrong__E24_correct,E21_correct__E24_correct,stable-diffusion-1-4,unknown
E14 Degraded External,ai_sb_stable-diffusion-1-4_192_r0b7b1156t_test_resize_q80,AI,E20_wrong__E24_correct,E21_correct__E24_correct,stable-diffusion-1-4,unknown
E14 Degraded External,ai_sb_stable-diffusion-1-4_192_r0b7b1156t_test_double_jpeg,AI,E20_wrong__E24_correct,E21_correct__E24_correct,stable-diffusion-1-4,unknown
E14 Degraded External,real_raise_230_r1d00d8ect_test_whatsapp_q75,Real,E20_correct__E24_correct,E21_wrong__E24_correct,camera,unknown
E14 Degraded External,real_raise_230_r1d00d8ect_test_resize_q80,Real,E20_correct__E24_correct,E21_wrong__E24_correct,camera,unknown
E14 Degraded External,real_raise_230_r1d00d8ect_test_double_jpeg,Real,E20_correct__E24_correct,E21_wrong__E24_correct,camera,unknown
E14 Degraded External,ai_sb_dalle3_056_r1ad2de34t_test_whatsapp_q75,AI,E20_correct__E24_correct,E21_correct__E24_correct,dalle3,unknown
E14 Degraded External,ai_sb_dalle3_056_r1ad2de34t_test_resize_q80,AI,E20_correct__E24_correct,E21_correct__E24_correct,dalle3,unknown
E14 Degraded External,ai_sb_dalle3_056_r1ad2de34t_test_double_jpeg,AI,E20_wrong__E24_correct,E21_correct__E24_correct,dalle3,unknown
E14 Degraded External,real_raise_072_r09445479t_test_whatsapp_q75,Real,E20_correct__E24_correct,E21_wrong__E24_correct,camera,unknown
E14 Degraded External,real_raise_072_r09445479t_test_resize_q80,Real,E20_correct__E24_correct,E21_wrong__E24_correct,camera,unknown
E14 Degraded External,real_raise_072_r09445479t_test_double_jpeg,Real,E20_correct__E24_correct,E21_wrong__E24_correct,camera,unknown
E14 Degraded External,ai_sb_stable-diffusion-1-3_179_r1d9a31fct_test_whatsapp_q75,AI,E20_wrong__E24_wrong,E21_wrong__E24_wrong,stable-diffusion-1-3,unknown
E14 Degraded External,ai_sb_stable-diffusion-1-3_179_r1d9a31fct_test_resize_q80,AI,E20_wrong__E24_wrong,E21_wrong__E24_wrong,stable-diffusion-1-3,unknown
E14 Degraded External,ai_sb_stable-diffusion-1-3_179_r1d9a31fct_test_double_jpeg,AI,E20_wrong__E24_wrong,E21_wrong__E24_wrong,stable-diffusion-1-3,unknown
E14 Degraded External,ai_sb_dalle2_010_r09a60f63t_test_whatsapp_q75,AI,E20_correct__E24_correct,E21_correct__E24_correct,dalle2,unknown
E14 Degraded External,ai_sb_dalle2_010_r09a60f63t_test_resize_q80,AI,E20_correct__E24_correct,E21_correct__E24_correct,dalle2,unknown
E14 Degraded External,ai_sb_dalle2_010_r09a60f63t_test_double_jpeg,AI,E20_correct__E24_correct,E21_correct__E24_correct,dalle2,unknown
E14 Degraded External,real_raise_supp_050_r1a8ee526t_test_whatsapp_q75,Real,E20_correct__E24_wrong,E21_wrong__E24_wrong,camera,unknown
E14 Degraded External,real_raise_supp_050_r1a8ee526t_test_resize_q80,Real,E20_correct__E24_wrong,E21_wrong__E24_wrong,camera,unknown
E14 Degraded External,real_raise_supp_050_r1a8ee526t_test_double_jpeg,Real,E20_correct__E24_wrong,E21_wrong__E24_wrong,camera,unknown
E14 Degraded External,real_raise_022_r02f1ba48t_test_whatsapp_q75,Real,E20_correct__E24_wrong,E21_wrong__E24_wrong,camera,unknown
E14 Degraded External,real_raise_022_r02f1ba48t_test_resize_q80,Real,E20_correct__E24_wrong,E21_wrong__E24_wrong,camera,unknown
E14 Degraded External,real_raise_022_r02f1ba48t_test_double_jpeg,Real,E20_correct__E24_wrong,E21_wrong__E24_wrong,camera,unknown
E14 Degraded External,ai_sb_glide_092_r0150031ft_test_whatsapp_q75,AI,E20_wrong__E24_wrong,E21_correct__E24_wrong,glide,unknown
E14 Degraded External,ai_sb_glide_092_r0150031ft_test_resize_q80,AI,E20_wrong__E24_wrong,E21_correct__E24_wrong,glide,unknown
E14 Degraded External,ai_sb_glide_092_r0150031ft_test_double_jpeg,AI,E20_wrong__E24_wrong,E21_correct__E24_wrong,glide,unknown
E14 Degraded External,real_raise_158_r14289905t_test_whatsapp_q75,Real,E20_correct__E24_correct,E21_wrong__E24_correct,camera,unknown
E14 Degraded External,real_raise_158_r14289905t_test_resize_q80,Real,E20_correct__E24_correct,E21_wrong__E24_correct,camera,unknown
E14 Degraded External,real_raise_158_r14289905t_test_double_jpeg,Real,E20_correct__E24_correct,E21_wrong__E24_correct,camera,unknown
E14 Degraded External,real_raise_210_r1ae12b3ft_test_whatsapp_q75,Real,E20_correct__E24_correct,E21_correct__E24_correct,camera,unknown
E14 Degraded External,real_raise_210_r1ae12b3ft_test_resize_q80,Real,E20_correct__E24_correct,E21_correct__E24_correct,camera,unknown
E14 Degraded External,real_raise_210_r1ae12b3ft_test_double_jpeg,Real,E20_correct__E24_correct,E21_correct__E24_correct,camera,unknown
E14 Degraded External,ai_sb_stable-diffusion-1-4_208_r1c9fdcf4t_test_whatsapp_q75,AI,E20_wrong__E24_correct,E21_correct__E24_correct,stable-diffusion-1-4,unknown
E14 Degraded External,ai_sb_stable-diffusion-1-4_208_r1c9fdcf4t_test_resize_q80,AI,E20_wrong__E24_correct,E21_correct__E24_correct,stable-diffusion-1-4,unknown
E14 Degraded External,ai_sb_stable-diffusion-1-4_208_r1c9fdcf4t_test_double_jpeg,AI,E20_wrong__E24_correct,E21_correct__E24_correct,stable-diffusion-1-4,unknown
E14 Degraded External,ai_sb_glide_097_r06743f8ft_test_whatsapp_q75,AI,E20_wrong__E24_wrong,E21_correct__E24_wrong,glide,unknown
E14 Degraded External,ai_sb_glide_097_r06743f8ft_test_resize_q80,AI,E20_correct__E24_wrong,E21_correct__E24_wrong,glide,unknown
E14 Degraded External,ai_sb_glide_097_r06743f8ft_test_double_jpeg,AI,E20_wrong__E24_wrong,E21_wrong__E24_wrong,glide,unknown
E14 Degraded External,ai_sb_stable-diffusion-1-3_151_r000da54ft_test_whatsapp_q75,AI,E20_wrong__E24_wrong,E21_correct__E24_wrong,stable-diffusion-1-3,unknown
E14 Degraded External,ai_sb_stable-diffusion-1-3_151_r000da54ft_test_resize_q80,AI,E20_wrong__E24_wrong,E21_correct__E24_wrong,stable-diffusion-1-3,unknown
E14 Degraded External,ai_sb_stable-diffusion-1-3_151_r000da54ft_test_double_jpeg,AI,E20_wrong__E24_wrong,E21_correct__E24_wrong,stable-diffusion-1-3,unknown
E14 Degraded External,ai_sb_firefly_070_r09a60f63t_test_whatsapp_q75,AI,E20_correct__E24_correct,E21_correct__E24_correct,firefly,unknown
E14 Degraded External,ai_sb_firefly_070_r09a60f63t_test_resize_q80,AI,E20_correct__E24_correct,E21_correct__E24_correct,firefly,unknown
E14 Degraded External,ai_sb_firefly_070_r09a60f63t_test_double_jpeg,AI,E20_correct__E24_correct,E21_correct__E24_correct,firefly,unknown
E14 Degraded External,real_raise_189_r187df69ft_test_whatsapp_q75,Real,E20_correct__E24_wrong,E21_wrong__E24_wrong,camera,unknown
E14 Degraded External,real_raise_189_r187df69ft_test_resize_q80,Real,E20_correct__E24_wrong,E21_wrong__E24_wrong,camera,unknown
E14 Degraded External,real_raise_189_r187df69ft_test_double_jpeg,Real,E20_correct__E24_wrong,E21_wrong__E24_wrong,camera,unknown
E14 Degraded External,ai_sb_stable-diffusion-2_234_r1900f7c7t_test_whatsapp_q75,AI,E20_wrong__E24_correct,E21_correct__E24_correct,stable-diffusion-2,unknown
E14 Degraded External,ai_sb_stable-diffusion-2_234_r1900f7c7t_test_resize_q80,AI,E20_wrong__E24_correct,E21_correct__E24_correct,stable-diffusion-2,unknown
E14 Degraded External,ai_sb_stable-diffusion-2_234_r1900f7c7t_test_double_jpeg,AI,E20_wrong__E24_correct,E21_correct__E24_correct,stable-diffusion-2,unknown
E14 Degraded External,ai_sb_firefly_088_r1c9fdcf4t_test_whatsapp_q75,AI,E20_wrong__E24_correct,E21_correct__E24_correct,firefly,unknown
E14 Degraded External,ai_sb_firefly_088_r1c9fdcf4t_test_resize_q80,AI,E20_wrong__E24_correct,E21_correct__E24_correct,firefly,unknown
E14 Degraded External,ai_sb_firefly_088_r1c9fdcf4t_test_double_jpeg,AI,E20_wrong__E24_correct,E21_correct__E24_correct,firefly,unknown
E14 Degraded External,real_raise_180_r173ee7e8t_test_whatsapp_q75,Real,E20_correct__E24_correct,E21_correct__E24_correct,camera,unknown
E14 Degraded External,real_raise_180_r173ee7e8t_test_resize_q80,Real,E20_correct__E24_correct,E21_correct__E24_correct,camera,unknown
E14 Degraded External,real_raise_180_r173ee7e8t_test_double_jpeg,Real,E20_correct__E24_correct,E21_correct__E24_correct,camera,unknown
E14 Degraded External,real_raise_supp_022_r0b3220e1t_test_whatsapp_q75,Real,E20_correct__E24_wrong,E21_wrong__E24_wrong,camera,unknown
E14 Degraded External,real_raise_supp_022_r0b3220e1t_test_resize_q80,Real,E20_correct__E24_wrong,E21_wrong__E24_wrong,camera,unknown
E14 Degraded External,real_raise_supp_022_r0b3220e1t_test_double_jpeg,Real,E20_correct__E24_wrong,E21_wrong__E24_wrong,camera,unknown
E14 Degraded External,ai_sb_stable-diffusion-2_228_r1297fd0bt_test_whatsapp_q75,AI,E20_correct__E24_correct,E21_correct__E24_correct,stable-diffusion-2,unknown
E14 Degraded External,ai_sb_stable-diffusion-2_228_r1297fd0bt_test_resize_q80,AI,E20_correct__E24_correct,E21_correct__E24_correct,stable-diffusion-2,unknown
E14 Degraded External,ai_sb_stable-diffusion-2_228_r1297fd0bt_test_double_jpeg,AI,E20_correct__E24_correct,E21_correct__E24_correct,stable-diffusion-2,unknown
E14 Degraded External,ai_sb_stable-diffusion-2_219_r08996953t_test_whatsapp_q75,AI,E20_wrong__E24_correct,E21_correct__E24_correct,stable-diffusion-2,unknown
E14 Degraded External,ai_sb_stable-diffusion-2_219_r08996953t_test_resize_q80,AI,E20_wrong__E24_correct,E21_correct__E24_correct,stable-diffusion-2,unknown
E14 Degraded External,ai_sb_stable-diffusion-2_219_r08996953t_test_double_jpeg,AI,E20_wrong__E24_correct,E21_correct__E24_correct,stable-diffusion-2,unknown
E14 Degraded External,ai_sb_stable-diffusion-1-3_171_r159d3942t_test_whatsapp_q75,AI,E20_wrong__E24_correct,E21_correct__E24_correct,stable-diffusion-1-3,unknown
E14 Degraded External,ai_sb_stable-diffusion-1-3_171_r159d3942t_test_resize_q80,AI,E20_wrong__E24_correct,E21_correct__E24_correct,stable-diffusion-1-3,unknown
E14 Degraded External,ai_sb_stable-diffusion-1-3_171_r159d3942t_test_double_jpeg,AI,E20_wrong__E24_correct,E21_wrong__E24_correct,stable-diffusion-1-3,unknown
E14 Degraded External,real_raise_102_r0cfedd72t_test_whatsapp_q75,Real,E20_correct__E24_correct,E21_correct__E24_correct,camera,unknown
E14 Degraded External,real_raise_102_r0cfedd72t_test_resize_q80,Real,E20_correct__E24_correct,E21_correct__E24_correct,camera,unknown
E14 Degraded External,real_raise_102_r0cfedd72t_test_double_jpeg,Real,E20_correct__E24_correct,E21_correct__E24_correct,camera,unknown
E14 Degraded External,ai_sb_stable-diffusion-1-4_193_r0cd4ffb0t_test_whatsapp_q75,AI,E20_wrong__E24_correct,E21_correct__E24_correct,stable-diffusion-1-4,unknown
E14 Degraded External,ai_sb_stable-diffusion-1-4_193_r0cd4ffb0t_test_resize_q80,AI,E20_wrong__E24_correct,E21_correct__E24_correct,stable-diffusion-1-4,unknown
E14 Degraded External,ai_sb_stable-diffusion-1-4_193_r0cd4ffb0t_test_double_jpeg,AI,E20_wrong__E24_correct,E21_correct__E24_correct,stable-diffusion-1-4,unknown
E14 Degraded External,real_raise_170_r15f16465t_test_whatsapp_q75,Real,E20_correct__E24_correct,E21_correct__E24_correct,camera,unknown
E14 Degraded External,real_raise_170_r15f16465t_test_resize_q80,Real,E20_correct__E24_correct,E21_correct__E24_correct,camera,unknown
E14 Degraded External,real_raise_170_r15f16465t_test_double_jpeg,Real,E20_correct__E24_correct,E21_correct__E24_correct,camera,unknown
E14 Degraded External,ai_sb_glide_118_r1c9fdcf4t_test_whatsapp_q75,AI,E20_correct__E24_correct,E21_correct__E24_correct,glide,unknown
E14 Degraded External,ai_sb_glide_118_r1c9fdcf4t_test_resize_q80,AI,E20_correct__E24_correct,E21_correct__E24_correct,glide,unknown
E14 Degraded External,ai_sb_glide_118_r1c9fdcf4t_test_double_jpeg,AI,E20_wrong__E24_correct,E21_correct__E24_correct,glide,unknown
E14 Degraded External,real_raise_097_r0c1f588dt_test_whatsapp_q75,Real,E20_correct__E24_correct,E21_wrong__E24_correct,camera,unknown
E14 Degraded External,real_raise_097_r0c1f588dt_test_resize_q80,Real,E20_correct__E24_correct,E21_wrong__E24_correct,camera,unknown
E14 Degraded External,real_raise_097_r0c1f588dt_test_double_jpeg,Real,E20_correct__E24_correct,E21_wrong__E24_correct,camera,unknown
E14 Degraded External,real_raise_121_r0faffef3t_test_whatsapp_q75,Real,E20_correct__E24_correct,E21_wrong__E24_correct,camera,unknown
E14 Degraded External,real_raise_121_r0faffef3t_test_resize_q80,Real,E20_correct__E24_correct,E21_wrong__E24_correct,camera,unknown
E14 Degraded External,real_raise_121_r0faffef3t_test_double_jpeg,Real,E20_correct__E24_correct,E21_wrong__E24_correct,camera,unknown
E14 Degraded External,ai_sb_midjourney-v5_138_r1297fd0bt_test_whatsapp_q75,AI,E20_wrong__E24_wrong,E21_correct__E24_wrong,midjourney-v5,unknown
E14 Degraded External,ai_sb_midjourney-v5_138_r1297fd0bt_test_resize_q80,AI,E20_wrong__E24_wrong,E21_correct__E24_wrong,midjourney-v5,unknown
E14 Degraded External,ai_sb_midjourney-v5_138_r1297fd0bt_test_double_jpeg,AI,E20_wrong__E24_wrong,E21_wrong__E24_wrong,midjourney-v5,unknown
E14 Degraded External,real_raise_026_r0372042dt_test_whatsapp_q75,Real,E20_correct__E24_wrong,E21_wrong__E24_wrong,camera,unknown
E14 Degraded External,real_raise_026_r0372042dt_test_resize_q80,Real,E20_correct__E24_wrong,E21_wrong__E24_wrong,camera,unknown
E14 Degraded External,real_raise_026_r0372042dt_test_double_jpeg,Real,E20_correct__E24_wrong,E21_wrong__E24_wrong,camera,unknown
E14 Degraded External,ai_sb_midjourney-v5_133_r0cd4ffb0t_test_whatsapp_q75,AI,E20_correct__E24_correct,E21_correct__E24_correct,midjourney-v5,unknown
E14 Degraded External,ai_sb_midjourney-v5_133_r0cd4ffb0t_test_resize_q80,AI,E20_wrong__E24_correct,E21_correct__E24_correct,midjourney-v5,unknown
E14 Degraded External,ai_sb_midjourney-v5_133_r0cd4ffb0t_test_double_jpeg,AI,E20_correct__E24_correct,E21_correct__E24_correct,midjourney-v5,unknown
E14 Degraded External,real_raise_185_r180bcbd7t_test_whatsapp_q75,Real,E20_correct__E24_correct,E21_wrong__E24_correct,camera,unknown
E14 Degraded External,real_raise_185_r180bcbd7t_test_resize_q80,Real,E20_correct__E24_correct,E21_wrong__E24_correct,camera,unknown
E14 Degraded External,real_raise_185_r180bcbd7t_test_double_jpeg,Real,E20_correct__E24_correct,E21_wrong__E24_correct,camera,unknown
E14 Degraded External,real_raise_080_r0a19cb85t_test_whatsapp_q75,Real,E20_correct__E24_correct,E21_correct__E24_correct,camera,unknown
E14 Degraded External,real_raise_080_r0a19cb85t_test_resize_q80,Real,E20_correct__E24_correct,E21_correct__E24_correct,camera,unknown
E14 Degraded External,real_raise_080_r0a19cb85t_test_double_jpeg,Real,E20_correct__E24_correct,E21_correct__E24_correct,camera,unknown
E14 Degraded External,ai_sb_stable-diffusion-1-4_187_r06743f8ft_test_whatsapp_q75,AI,E20_correct__E24_correct,E21_correct__E24_correct,stable-diffusion-1-4,unknown
E14 Degraded External,ai_sb_stable-diffusion-1-4_187_r06743f8ft_test_resize_q80,AI,E20_correct__E24_correct,E21_correct__E24_correct,stable-diffusion-1-4,unknown
E14 Degraded External,ai_sb_stable-diffusion-1-4_187_r06743f8ft_test_double_jpeg,AI,E20_correct__E24_correct,E21_correct__E24_correct,stable-diffusion-1-4,unknown
E14 Degraded External,real_raise_123_r0fdfc4f0t_test_whatsapp_q75,Real,E20_correct__E24_correct,E21_wrong__E24_correct,camera,unknown
E14 Degraded External,real_raise_123_r0fdfc4f0t_test_resize_q80,Real,E20_correct__E24_correct,E21_wrong__E24_correct,camera,unknown
E14 Degraded External,real_raise_123_r0fdfc4f0t_test_double_jpeg,Real,E20_correct__E24_correct,E21_correct__E24_correct,camera,unknown
E14 Degraded External,ai_sb_glide_107_r116825e2t_test_whatsapp_q75,AI,E20_wrong__E24_correct,E21_correct__E24_correct,glide,unknown
E14 Degraded External,ai_sb_glide_107_r116825e2t_test_resize_q80,AI,E20_wrong__E24_correct,E21_correct__E24_correct,glide,unknown
E14 Degraded External,ai_sb_glide_107_r116825e2t_test_double_jpeg,AI,E20_wrong__E24_correct,E21_correct__E24_correct,glide,unknown
E14 Degraded External,real_raise_045_r05bf2f53t_test_whatsapp_q75,Real,E20_correct__E24_correct,E21_wrong__E24_correct,camera,unknown
E14 Degraded External,real_raise_045_r05bf2f53t_test_resize_q80,Real,E20_correct__E24_correct,E21_wrong__E24_correct,camera,unknown
E14 Degraded External,real_raise_045_r05bf2f53t_test_double_jpeg,Real,E20_correct__E24_correct,E21_wrong__E24_correct,camera,unknown
E14 Degraded External,ai_sb_dalle3_053_r17fe8532t_test_whatsapp_q75,AI,E20_wrong__E24_correct,E21_correct__E24_correct,dalle3,unknown
E14 Degraded External,ai_sb_dalle3_053_r17fe8532t_test_resize_q80,AI,E20_wrong__E24_correct,E21_correct__E24_correct,dalle3,unknown
E14 Degraded External,ai_sb_dalle3_053_r17fe8532t_test_double_jpeg,AI,E20_wrong__E24_correct,E21_correct__E24_correct,dalle3,unknown
E14 Degraded External,ai_sb_stable-diffusion-2_213_r026b5360t_test_whatsapp_q75,AI,E20_correct__E24_correct,E21_correct__E24_correct,stable-diffusion-2,unknown
E14 Degraded External,ai_sb_stable-diffusion-2_213_r026b5360t_test_resize_q80,AI,E20_correct__E24_correct,E21_correct__E24_correct,stable-diffusion-2,unknown
E14 Degraded External,ai_sb_stable-diffusion-2_213_r026b5360t_test_double_jpeg,AI,E20_correct__E24_correct,E21_correct__E24_correct,stable-diffusion-2,unknown
E14 Degraded External,real_raise_018_r0279b17bt_test_whatsapp_q75,Real,E20_correct__E24_correct,E21_correct__E24_correct,camera,unknown
E14 Degraded External,real_raise_018_r0279b17bt_test_resize_q80,Real,E20_correct__E24_correct,E21_correct__E24_correct,camera,unknown
E14 Degraded External,real_raise_018_r0279b17bt_test_double_jpeg,Real,E20_correct__E24_correct,E21_correct__E24_correct,camera,unknown
E14 Degraded External,real_raise_055_r0703243bt_test_whatsapp_q75,Real,E20_correct__E24_correct,E21_wrong__E24_correct,camera,unknown
E14 Degraded External,real_raise_055_r0703243bt_test_resize_q80,Real,E20_correct__E24_correct,E21_wrong__E24_correct,camera,unknown
E14 Degraded External,real_raise_055_r0703243bt_test_double_jpeg,Real,E20_correct__E24_correct,E21_wrong__E24_correct,camera,unknown
E14 Degraded External,ai_sb_firefly_079_r138ad247t_test_whatsapp_q75,AI,E20_wrong__E24_correct,E21_correct__E24_correct,firefly,unknown
E14 Degraded External,ai_sb_firefly_079_r138ad247t_test_resize_q80,AI,E20_wrong__E24_correct,E21_correct__E24_correct,firefly,unknown
E14 Degraded External,ai_sb_firefly_079_r138ad247t_test_double_jpeg,AI,E20_wrong__E24_correct,E21_correct__E24_correct,firefly,unknown
E14 Degraded External,ai_sb_firefly_090_r1e9082f9t_test_whatsapp_q75,AI,E20_wrong__E24_wrong,E21_correct__E24_wrong,firefly,unknown
E14 Degraded External,ai_sb_firefly_090_r1e9082f9t_test_resize_q80,AI,E20_wrong__E24_wrong,E21_correct__E24_wrong,firefly,unknown
E14 Degraded External,ai_sb_firefly_090_r1e9082f9t_test_double_jpeg,AI,E20_wrong__E24_wrong,E21_correct__E24_wrong,firefly,unknown
E14 Degraded External,ai_sb_stable-diffusion-2_225_r0f5beb66t_test_whatsapp_q75,AI,E20_wrong__E24_correct,E21_correct__E24_correct,stable-diffusion-2,unknown
E14 Degraded External,ai_sb_stable-diffusion-2_225_r0f5beb66t_test_resize_q80,AI,E20_wrong__E24_correct,E21_correct__E24_correct,stable-diffusion-2,unknown
E14 Degraded External,ai_sb_stable-diffusion-2_225_r0f5beb66t_test_double_jpeg,AI,E20_wrong__E24_correct,E21_correct__E24_correct,stable-diffusion-2,unknown
E14 Degraded External,ai_sb_supp_stable-diffusion-1-4_020_r002fc3e2t_test_whatsapp_q75,AI,E20_wrong__E24_correct,E21_correct__E24_correct,stable-diffusion-1-4,unknown
E14 Degraded External,ai_sb_supp_stable-diffusion-1-4_020_r002fc3e2t_test_resize_q80,AI,E20_wrong__E24_correct,E21_correct__E24_correct,stable-diffusion-1-4,unknown
E14 Degraded External,ai_sb_supp_stable-diffusion-1-4_020_r002fc3e2t_test_double_jpeg,AI,E20_wrong__E24_correct,E21_wrong__E24_correct,stable-diffusion-1-4,unknown
E14 Degraded External,real_raise_206_r1a8fe570t_test_whatsapp_q75,Real,E20_correct__E24_correct,E21_correct__E24_correct,camera,unknown
E14 Degraded External,real_raise_206_r1a8fe570t_test_resize_q80,Real,E20_correct__E24_correct,E21_correct__E24_correct,camera,unknown
E14 Degraded External,real_raise_206_r1a8fe570t_test_double_jpeg,Real,E20_correct__E24_correct,E21_correct__E24_correct,camera,unknown
E14 Degraded External,real_raise_058_r079d086et_test_whatsapp_q75,Real,E20_correct__E24_correct,E21_correct__E24_correct,camera,unknown
E14 Degraded External,real_raise_058_r079d086et_test_resize_q80,Real,E20_correct__E24_correct,E21_correct__E24_correct,camera,unknown
E14 Degraded External,real_raise_058_r079d086et_test_double_jpeg,Real,E20_correct__E24_correct,E21_correct__E24_correct,camera,unknown
E14 Degraded External,ai_sb_glide_101_r0a9384b1t_test_whatsapp_q75,AI,E20_wrong__E24_correct,E21_correct__E24_correct,glide,unknown
E14 Degraded External,ai_sb_glide_101_r0a9384b1t_test_resize_q80,AI,E20_wrong__E24_correct,E21_correct__E24_correct,glide,unknown
E14 Degraded External,ai_sb_glide_101_r0a9384b1t_test_double_jpeg,AI,E20_wrong__E24_correct,E21_wrong__E24_correct,glide,unknown
E14 Degraded External,real_raise_supp_041_r15efd876t_test_whatsapp_q75,Real,E20_correct__E24_correct,E21_wrong__E24_correct,camera,unknown
E14 Degraded External,real_raise_supp_041_r15efd876t_test_resize_q80,Real,E20_correct__E24_correct,E21_wrong__E24_correct,camera,unknown
E14 Degraded External,real_raise_supp_041_r15efd876t_test_double_jpeg,Real,E20_correct__E24_correct,E21_wrong__E24_correct,camera,unknown
E14 Degraded External,real_raise_supp_009_r04395e54t_test_whatsapp_q75,Real,E20_correct__E24_wrong,E21_wrong__E24_wrong,camera,unknown
E14 Degraded External,real_raise_supp_009_r04395e54t_test_resize_q80,Real,E20_correct__E24_wrong,E21_wrong__E24_wrong,camera,unknown
E14 Degraded External,real_raise_supp_009_r04395e54t_test_double_jpeg,Real,E20_correct__E24_correct,E21_wrong__E24_correct,camera,unknown
E14 Degraded External,real_raise_152_r13934dc7t_test_whatsapp_q75,Real,E20_correct__E24_wrong,E21_wrong__E24_wrong,camera,unknown
E14 Degraded External,real_raise_152_r13934dc7t_test_resize_q80,Real,E20_correct__E24_wrong,E21_correct__E24_wrong,camera,unknown
E14 Degraded External,real_raise_152_r13934dc7t_test_double_jpeg,Real,E20_correct__E24_wrong,E21_wrong__E24_wrong,camera,unknown
E14 Degraded External,real_raise_supp_028_r0f25b326t_test_whatsapp_q75,Real,E20_correct__E24_wrong,E21_wrong__E24_wrong,camera,unknown
E14 Degraded External,real_raise_supp_028_r0f25b326t_test_resize_q80,Real,E20_correct__E24_wrong,E21_wrong__E24_wrong,camera,unknown
E14 Degraded External,real_raise_supp_028_r0f25b326t_test_double_jpeg,Real,E20_correct__E24_wrong,E21_wrong__E24_wrong,camera,unknown
E14 Degraded External,real_raise_supp_014_r070a874ct_test_whatsapp_q75,Real,E20_correct__E24_correct,E21_wrong__E24_correct,camera,unknown
E14 Degraded External,real_raise_supp_014_r070a874ct_test_resize_q80,Real,E20_correct__E24_correct,E21_correct__E24_correct,camera,unknown
E14 Degraded External,real_raise_supp_014_r070a874ct_test_double_jpeg,Real,E20_correct__E24_correct,E21_correct__E24_correct,camera,unknown
E14 Degraded External,real_raise_supp_006_r02d732f8t_test_whatsapp_q75,Real,E20_correct__E24_correct,E21_correct__E24_correct,camera,unknown
E14 Degraded External,real_raise_supp_006_r02d732f8t_test_resize_q80,Real,E20_correct__E24_correct,E21_correct__E24_correct,camera,unknown
E14 Degraded External,real_raise_supp_006_r02d732f8t_test_double_jpeg,Real,E20_correct__E24_correct,E21_correct__E24_correct,camera,unknown
E14 Degraded External,ai_sb_dalle2_022_r169c7350t_test_whatsapp_q75,AI,E20_wrong__E24_correct,E21_correct__E24_correct,dalle2,unknown
E14 Degraded External,ai_sb_dalle2_022_r169c7350t_test_resize_q80,AI,E20_wrong__E24_correct,E21_correct__E24_correct,dalle2,unknown
E14 Degraded External,ai_sb_dalle2_022_r169c7350t_test_double_jpeg,AI,E20_wrong__E24_correct,E21_correct__E24_correct,dalle2,unknown
E14 Degraded External,real_raise_supp_025_r0cea5432t_test_whatsapp_q75,Real,E20_correct__E24_wrong,E21_wrong__E24_wrong,camera,unknown
E14 Degraded External,real_raise_supp_025_r0cea5432t_test_resize_q80,Real,E20_correct__E24_wrong,E21_wrong__E24_wrong,camera,unknown
E14 Degraded External,real_raise_supp_025_r0cea5432t_test_double_jpeg,Real,E20_correct__E24_wrong,E21_wrong__E24_wrong,camera,unknown
E14 Degraded External,real_raise_242_r1e8acc5ct_test_whatsapp_q75,Real,E20_correct__E24_correct,E21_correct__E24_correct,camera,unknown
E14 Degraded External,real_raise_242_r1e8acc5ct_test_resize_q80,Real,E20_correct__E24_correct,E21_correct__E24_correct,camera,unknown
E14 Degraded External,real_raise_242_r1e8acc5ct_test_double_jpeg,Real,E20_correct__E24_correct,E21_correct__E24_correct,camera,unknown
E14 Degraded External,ai_sb_midjourney-v5_126_r056f233bt_test_whatsapp_q75,AI,E20_correct__E24_correct,E21_correct__E24_correct,midjourney-v5,unknown
E14 Degraded External,ai_sb_midjourney-v5_126_r056f233bt_test_resize_q80,AI,E20_correct__E24_wrong,E21_correct__E24_wrong,midjourney-v5,unknown
E14 Degraded External,ai_sb_midjourney-v5_126_r056f233bt_test_double_jpeg,AI,E20_correct__E24_wrong,E21_wrong__E24_wrong,midjourney-v5,unknown
E14 Degraded External,real_raise_035_r047aa954t_test_whatsapp_q75,Real,E20_correct__E24_correct,E21_correct__E24_correct,camera,unknown
E14 Degraded External,real_raise_035_r047aa954t_test_resize_q80,Real,E20_correct__E24_correct,E21_correct__E24_correct,camera,unknown
E14 Degraded External,real_raise_035_r047aa954t_test_double_jpeg,Real,E20_correct__E24_correct,E21_correct__E24_correct,camera,unknown
E14 Degraded External,ai_sb_dalle2_012_r0b7b1156t_test_whatsapp_q75,AI,E20_wrong__E24_correct,E21_correct__E24_correct,dalle2,unknown
E14 Degraded External,ai_sb_dalle2_012_r0b7b1156t_test_resize_q80,AI,E20_wrong__E24_correct,E21_correct__E24_correct,dalle2,unknown
E14 Degraded External,ai_sb_dalle2_012_r0b7b1156t_test_double_jpeg,AI,E20_wrong__E24_wrong,E21_correct__E24_wrong,dalle2,unknown
E14 Degraded External,real_raise_184_r17f60607t_test_whatsapp_q75,Real,E20_correct__E24_correct,E21_correct__E24_correct,camera,unknown
E14 Degraded External,real_raise_184_r17f60607t_test_resize_q80,Real,E20_correct__E24_correct,E21_correct__E24_correct,camera,unknown
E14 Degraded External,real_raise_184_r17f60607t_test_double_jpeg,Real,E20_correct__E24_correct,E21_correct__E24_correct,camera,unknown
E14 Degraded External,real_raise_127_r1070b804t_test_whatsapp_q75,Real,E20_correct__E24_correct,E21_wrong__E24_correct,camera,unknown
E14 Degraded External,real_raise_127_r1070b804t_test_resize_q80,Real,E20_correct__E24_correct,E21_wrong__E24_correct,camera,unknown
E14 Degraded External,real_raise_127_r1070b804t_test_double_jpeg,Real,E20_correct__E24_correct,E21_wrong__E24_correct,camera,unknown
E14 Degraded External,ai_sb_stable-diffusion-1-3_176_r1ad2de34t_test_whatsapp_q75,AI,E20_wrong__E24_correct,E21_correct__E24_correct,stable-diffusion-1-3,unknown
E14 Degraded External,ai_sb_stable-diffusion-1-3_176_r1ad2de34t_test_resize_q80,AI,E20_wrong__E24_correct,E21_correct__E24_correct,stable-diffusion-1-3,unknown
E14 Degraded External,ai_sb_stable-diffusion-1-3_176_r1ad2de34t_test_double_jpeg,AI,E20_wrong__E24_correct,E21_correct__E24_correct,stable-diffusion-1-3,unknown
E14 Degraded External,ai_sb_firefly_076_r102b4aa4t_test_whatsapp_q75,AI,E20_wrong__E24_wrong,E21_correct__E24_wrong,firefly,unknown
E14 Degraded External,ai_sb_firefly_076_r102b4aa4t_test_resize_q80,AI,E20_wrong__E24_wrong,E21_correct__E24_wrong,firefly,unknown
E14 Degraded External,ai_sb_firefly_076_r102b4aa4t_test_double_jpeg,AI,E20_wrong__E24_wrong,E21_correct__E24_wrong,firefly,unknown
E14 Degraded External,ai_sb_supp_stable-diffusion-2_024_r00444b95t_test_whatsapp_q75,AI,E20_wrong__E24_correct,E21_correct__E24_correct,stable-diffusion-2,unknown
E14 Degraded External,ai_sb_supp_stable-diffusion-2_024_r00444b95t_test_resize_q80,AI,E20_wrong__E24_correct,E21_correct__E24_correct,stable-diffusion-2,unknown
E14 Degraded External,ai_sb_supp_stable-diffusion-2_024_r00444b95t_test_double_jpeg,AI,E20_wrong__E24_correct,E21_correct__E24_correct,stable-diffusion-2,unknown
E14 Degraded External,ai_sb_stable-diffusion-2_215_r045be2act_test_whatsapp_q75,AI,E20_wrong__E24_correct,E21_correct__E24_correct,stable-diffusion-2,unknown
E14 Degraded External,ai_sb_stable-diffusion-2_215_r045be2act_test_resize_q80,AI,E20_wrong__E24_correct,E21_correct__E24_correct,stable-diffusion-2,unknown
E14 Degraded External,ai_sb_stable-diffusion-2_215_r045be2act_test_double_jpeg,AI,E20_wrong__E24_correct,E21_correct__E24_correct,stable-diffusion-2,unknown
E14 Degraded External,ai_sb_stable-diffusion-1-3_177_r1bdb6385t_test_whatsapp_q75,AI,E20_wrong__E24_correct,E21_correct__E24_correct,stable-diffusion-1-3,unknown
E14 Degraded External,ai_sb_stable-diffusion-1-3_177_r1bdb6385t_test_resize_q80,AI,E20_wrong__E24_correct,E21_correct__E24_correct,stable-diffusion-1-3,unknown
E14 Degraded External,ai_sb_stable-diffusion-1-3_177_r1bdb6385t_test_double_jpeg,AI,E20_wrong__E24_correct,E21_correct__E24_correct,stable-diffusion-1-3,unknown
E14 Degraded External,ai_sb_stable-diffusion-2_212_r0150031ft_test_whatsapp_q75,AI,E20_wrong__E24_correct,E21_correct__E24_correct,stable-diffusion-2,unknown
E14 Degraded External,ai_sb_stable-diffusion-2_212_r0150031ft_test_resize_q80,AI,E20_wrong__E24_correct,E21_correct__E24_correct,stable-diffusion-2,unknown
E14 Degraded External,ai_sb_stable-diffusion-2_212_r0150031ft_test_double_jpeg,AI,E20_wrong__E24_correct,E21_correct__E24_correct,stable-diffusion-2,unknown
E14 Degraded External,real_raise_supp_039_r14902ba4t_test_whatsapp_q75,Real,E20_correct__E24_correct,E21_wrong__E24_correct,camera,unknown
E14 Degraded External,real_raise_supp_039_r14902ba4t_test_resize_q80,Real,E20_correct__E24_correct,E21_wrong__E24_correct,camera,unknown
E14 Degraded External,real_raise_supp_039_r14902ba4t_test_double_jpeg,Real,E20_correct__E24_correct,E21_wrong__E24_correct,camera,unknown
E14 Degraded External,real_raise_070_r08d2b4dat_test_whatsapp_q75,Real,E20_correct__E24_correct,E21_correct__E24_correct,camera,unknown
E14 Degraded External,real_raise_070_r08d2b4dat_test_resize_q80,Real,E20_correct__E24_correct,E21_correct__E24_correct,camera,unknown
E14 Degraded External,real_raise_070_r08d2b4dat_test_double_jpeg,Real,E20_correct__E24_correct,E21_correct__E24_correct,camera,unknown
E14 Degraded External,ai_sb_dalle2_001_r000da54ft_test_whatsapp_q75,AI,E20_wrong__E24_wrong,E21_correct__E24_wrong,dalle2,unknown
E14 Degraded External,ai_sb_dalle2_001_r000da54ft_test_resize_q80,AI,E20_wrong__E24_wrong,E21_correct__E24_wrong,dalle2,unknown
E14 Degraded External,ai_sb_dalle2_001_r000da54ft_test_double_jpeg,AI,E20_wrong__E24_wrong,E21_correct__E24_wrong,dalle2,unknown
E14 Degraded External,real_raise_114_r0f137652t_test_whatsapp_q75,Real,E20_wrong__E24_correct,E21_wrong__E24_correct,camera,unknown
E14 Degraded External,real_raise_114_r0f137652t_test_resize_q80,Real,E20_wrong__E24_correct,E21_wrong__E24_correct,camera,unknown
E14 Degraded External,real_raise_114_r0f137652t_test_double_jpeg,Real,E20_wrong__E24_correct,E21_wrong__E24_correct,camera,unknown
E14 Degraded External,ai_sb_supp_midjourney-v5_013_r001d260dt_test_whatsapp_q75,AI,E20_correct__E24_correct,E21_correct__E24_correct,midjourney-v5,unknown
E14 Degraded External,ai_sb_supp_midjourney-v5_013_r001d260dt_test_resize_q80,AI,E20_correct__E24_correct,E21_correct__E24_correct,midjourney-v5,unknown
E14 Degraded External,ai_sb_supp_midjourney-v5_013_r001d260dt_test_double_jpeg,AI,E20_correct__E24_wrong,E21_correct__E24_wrong,midjourney-v5,unknown
E14 Degraded External,real_raise_supp_001_r001d260dt_test_whatsapp_q75,Real,E20_correct__E24_correct,E21_wrong__E24_correct,camera,unknown
E14 Degraded External,real_raise_supp_001_r001d260dt_test_resize_q80,Real,E20_correct__E24_correct,E21_wrong__E24_correct,camera,unknown
E14 Degraded External,real_raise_supp_001_r001d260dt_test_double_jpeg,Real,E20_correct__E24_correct,E21_wrong__E24_correct,camera,unknown
E14 Degraded External,real_raise_212_r1b1c1019t_test_whatsapp_q75,Real,E20_correct__E24_correct,E21_wrong__E24_correct,camera,unknown
E14 Degraded External,real_raise_212_r1b1c1019t_test_resize_q80,Real,E20_correct__E24_correct,E21_wrong__E24_correct,camera,unknown
E14 Degraded External,real_raise_212_r1b1c1019t_test_double_jpeg,Real,E20_correct__E24_correct,E21_wrong__E24_correct,camera,unknown
E14 Degraded External,ai_sb_stable-diffusion-1-3_170_r145221d9t_test_whatsapp_q75,AI,E20_wrong__E24_correct,E21_correct__E24_correct,stable-diffusion-1-3,unknown
E14 Degraded External,ai_sb_stable-diffusion-1-3_170_r145221d9t_test_resize_q80,AI,E20_wrong__E24_wrong,E21_correct__E24_wrong,stable-diffusion-1-3,unknown
E14 Degraded External,ai_sb_stable-diffusion-1-3_170_r145221d9t_test_double_jpeg,AI,E20_wrong__E24_wrong,E21_wrong__E24_wrong,stable-diffusion-1-3,unknown
E14 Degraded External,ai_sb_glide_094_r0372042dt_test_whatsapp_q75,AI,E20_wrong__E24_correct,E21_correct__E24_correct,glide,unknown
E14 Degraded External,ai_sb_glide_094_r0372042dt_test_resize_q80,AI,E20_wrong__E24_correct,E21_correct__E24_correct,glide,unknown
E14 Degraded External,ai_sb_glide_094_r0372042dt_test_double_jpeg,AI,E20_wrong__E24_correct,E21_correct__E24_correct,glide,unknown
E14 Degraded External,real_raise_218_r1be2a3d5t_test_whatsapp_q75,Real,E20_correct__E24_wrong,E21_wrong__E24_wrong,camera,unknown
E14 Degraded External,real_raise_218_r1be2a3d5t_test_resize_q80,Real,E20_correct__E24_wrong,E21_wrong__E24_wrong,camera,unknown
E14 Degraded External,real_raise_218_r1be2a3d5t_test_double_jpeg,Real,E20_correct__E24_wrong,E21_wrong__E24_wrong,camera,unknown
E14 Degraded External,real_raise_supp_034_r1267fa5bt_test_whatsapp_q75,Real,E20_correct__E24_correct,E21_wrong__E24_correct,camera,unknown
E14 Degraded External,real_raise_supp_034_r1267fa5bt_test_resize_q80,Real,E20_correct__E24_correct,E21_wrong__E24_correct,camera,unknown
E14 Degraded External,real_raise_supp_034_r1267fa5bt_test_double_jpeg,Real,E20_correct__E24_correct,E21_wrong__E24_correct,camera,unknown
E14 Degraded External,real_raise_120_r0f98115dt_test_whatsapp_q75,Real,E20_correct__E24_correct,E21_wrong__E24_correct,camera,unknown
E14 Degraded External,real_raise_120_r0f98115dt_test_resize_q80,Real,E20_correct__E24_correct,E21_wrong__E24_correct,camera,unknown
E14 Degraded External,real_raise_120_r0f98115dt_test_double_jpeg,Real,E20_correct__E24_correct,E21_wrong__E24_correct,camera,unknown
E14 Degraded External,real_raise_173_r1645a09ct_test_whatsapp_q75,Real,E20_correct__E24_correct,E21_correct__E24_correct,camera,unknown
E14 Degraded External,real_raise_173_r1645a09ct_test_resize_q80,Real,E20_correct__E24_correct,E21_correct__E24_correct,camera,unknown
E14 Degraded External,real_raise_173_r1645a09ct_test_double_jpeg,Real,E20_correct__E24_correct,E21_correct__E24_correct,camera,unknown
E14 Degraded External,real_raise_002_r005f3e70t_test_whatsapp_q75,Real,E20_correct__E24_correct,E21_wrong__E24_correct,camera,unknown
E14 Degraded External,real_raise_002_r005f3e70t_test_resize_q80,Real,E20_correct__E24_correct,E21_wrong__E24_correct,camera,unknown
E14 Degraded External,real_raise_002_r005f3e70t_test_double_jpeg,Real,E20_correct__E24_correct,E21_wrong__E24_correct,camera,unknown
E14 Degraded External,real_raise_221_r1c23e440t_test_whatsapp_q75,Real,E20_correct__E24_correct,E21_wrong__E24_correct,camera,unknown
E14 Degraded External,real_raise_221_r1c23e440t_test_resize_q80,Real,E20_correct__E24_correct,E21_wrong__E24_correct,camera,unknown
E14 Degraded External,real_raise_221_r1c23e440t_test_double_jpeg,Real,E20_correct__E24_correct,E21_correct__E24_correct,camera,unknown
E14 Degraded External,real_raise_167_r15919202t_test_whatsapp_q75,Real,E20_correct__E24_correct,E21_wrong__E24_correct,camera,unknown
E14 Degraded External,real_raise_167_r15919202t_test_resize_q80,Real,E20_correct__E24_correct,E21_wrong__E24_correct,camera,unknown
E14 Degraded External,real_raise_167_r15919202t_test_double_jpeg,Real,E20_correct__E24_correct,E21_wrong__E24_correct,camera,unknown
E14 Degraded External,real_raise_111_r0eb8dfb5t_test_whatsapp_q75,Real,E20_correct__E24_correct,E21_wrong__E24_correct,camera,unknown
E14 Degraded External,real_raise_111_r0eb8dfb5t_test_resize_q80,Real,E20_correct__E24_correct,E21_correct__E24_correct,camera,unknown
E14 Degraded External,real_raise_111_r0eb8dfb5t_test_double_jpeg,Real,E20_correct__E24_correct,E21_correct__E24_correct,camera,unknown
E14 Degraded External,real_raise_028_r03aa5df1t_test_whatsapp_q75,Real,E20_correct__E24_correct,E21_wrong__E24_correct,camera,unknown
E14 Degraded External,real_raise_028_r03aa5df1t_test_resize_q80,Real,E20_correct__E24_correct,E21_wrong__E24_correct,camera,unknown
E14 Degraded External,real_raise_028_r03aa5df1t_test_double_jpeg,Real,E20_correct__E24_correct,E21_wrong__E24_correct,camera,unknown
E14 Degraded External,ai_sb_stable-diffusion-2_214_r0372042dt_test_whatsapp_q75,AI,E20_correct__E24_correct,E21_correct__E24_correct,stable-diffusion-2,unknown
E14 Degraded External,ai_sb_stable-diffusion-2_214_r0372042dt_test_resize_q80,AI,E20_correct__E24_correct,E21_correct__E24_correct,stable-diffusion-2,unknown
E14 Degraded External,ai_sb_stable-diffusion-2_214_r0372042dt_test_double_jpeg,AI,E20_correct__E24_correct,E21_correct__E24_correct,stable-diffusion-2,unknown
E14 Degraded External,real_raise_supp_060_r1f06581bt_test_whatsapp_q75,Real,E20_correct__E24_correct,E21_wrong__E24_correct,camera,unknown
E14 Degraded External,real_raise_supp_060_r1f06581bt_test_resize_q80,Real,E20_correct__E24_correct,E21_wrong__E24_correct,camera,unknown
E14 Degraded External,real_raise_supp_060_r1f06581bt_test_double_jpeg,Real,E20_correct__E24_correct,E21_wrong__E24_correct,camera,unknown
E14 Degraded External,real_raise_030_r03f70ccdt_test_whatsapp_q75,Real,E20_correct__E24_correct,E21_wrong__E24_correct,camera,unknown
E14 Degraded External,real_raise_030_r03f70ccdt_test_resize_q80,Real,E20_correct__E24_correct,E21_wrong__E24_correct,camera,unknown
E14 Degraded External,real_raise_030_r03f70ccdt_test_double_jpeg,Real,E20_correct__E24_correct,E21_wrong__E24_correct,camera,unknown
E14 Degraded External,ai_sb_stable-diffusion-1-3_162_r0b7b1156t_test_whatsapp_q75,AI,E20_wrong__E24_correct,E21_correct__E24_correct,stable-diffusion-1-3,unknown
E14 Degraded External,ai_sb_stable-diffusion-1-3_162_r0b7b1156t_test_resize_q80,AI,E20_wrong__E24_correct,E21_correct__E24_correct,stable-diffusion-1-3,unknown
E14 Degraded External,ai_sb_stable-diffusion-1-3_162_r0b7b1156t_test_double_jpeg,AI,E20_wrong__E24_correct,E21_correct__E24_correct,stable-diffusion-1-3,unknown
E14 Degraded External,real_raise_171_r1618da9dt_test_whatsapp_q75,Real,E20_correct__E24_correct,E21_wrong__E24_correct,camera,unknown
E14 Degraded External,real_raise_171_r1618da9dt_test_resize_q80,Real,E20_correct__E24_correct,E21_wrong__E24_correct,camera,unknown
E14 Degraded External,real_raise_171_r1618da9dt_test_double_jpeg,Real,E20_correct__E24_correct,E21_correct__E24_correct,camera,unknown
E14 Degraded External,real_raise_238_r1de76a54t_test_whatsapp_q75,Real,E20_correct__E24_correct,E21_wrong__E24_correct,camera,unknown
E14 Degraded External,real_raise_238_r1de76a54t_test_resize_q80,Real,E20_correct__E24_correct,E21_wrong__E24_correct,camera,unknown
E14 Degraded External,real_raise_238_r1de76a54t_test_double_jpeg,Real,E20_correct__E24_correct,E21_wrong__E24_correct,camera,unknown
E14 Degraded External,real_raise_197_r19b49f2ct_test_whatsapp_q75,Real,E20_correct__E24_correct,E21_correct__E24_correct,camera,unknown
E14 Degraded External,real_raise_197_r19b49f2ct_test_resize_q80,Real,E20_correct__E24_correct,E21_correct__E24_correct,camera,unknown
E14 Degraded External,real_raise_197_r19b49f2ct_test_double_jpeg,Real,E20_correct__E24_correct,E21_correct__E24_correct,camera,unknown
E14 Degraded External,real_raise_078_r09d7cd4et_test_whatsapp_q75,Real,E20_wrong__E24_wrong,E21_wrong__E24_wrong,camera,unknown
E14 Degraded External,real_raise_078_r09d7cd4et_test_resize_q80,Real,E20_wrong__E24_wrong,E21_wrong__E24_wrong,camera,unknown
E14 Degraded External,real_raise_078_r09d7cd4et_test_double_jpeg,Real,E20_correct__E24_wrong,E21_wrong__E24_wrong,camera,unknown
E14 Degraded External,real_raise_085_r0aaa70c3t_test_whatsapp_q75,Real,E20_correct__E24_wrong,E21_wrong__E24_wrong,camera,unknown
E14 Degraded External,real_raise_085_r0aaa70c3t_test_resize_q80,Real,E20_correct__E24_wrong,E21_wrong__E24_wrong,camera,unknown
E14 Degraded External,real_raise_085_r0aaa70c3t_test_double_jpeg,Real,E20_correct__E24_wrong,E21_wrong__E24_wrong,camera,unknown
E14 Degraded External,real_raise_216_r1bc3dd23t_test_whatsapp_q75,Real,E20_correct__E24_correct,E21_correct__E24_correct,camera,unknown
E14 Degraded External,real_raise_216_r1bc3dd23t_test_resize_q80,Real,E20_correct__E24_correct,E21_correct__E24_correct,camera,unknown
E14 Degraded External,real_raise_216_r1bc3dd23t_test_double_jpeg,Real,E20_correct__E24_correct,E21_correct__E24_correct,camera,unknown
E14 Degraded External,ai_sb_firefly_081_r159d3942t_test_whatsapp_q75,AI,E20_wrong__E24_wrong,E21_wrong__E24_wrong,firefly,unknown
E14 Degraded External,ai_sb_firefly_081_r159d3942t_test_resize_q80,AI,E20_wrong__E24_wrong,E21_wrong__E24_wrong,firefly,unknown
E14 Degraded External,ai_sb_firefly_081_r159d3942t_test_double_jpeg,AI,E20_wrong__E24_wrong,E21_wrong__E24_wrong,firefly,unknown
E14 Degraded External,real_raise_196_r1986e42bt_test_whatsapp_q75,Real,E20_correct__E24_correct,E21_wrong__E24_correct,camera,unknown
E14 Degraded External,real_raise_196_r1986e42bt_test_resize_q80,Real,E20_correct__E24_correct,E21_wrong__E24_correct,camera,unknown
E14 Degraded External,real_raise_196_r1986e42bt_test_double_jpeg,Real,E20_correct__E24_correct,E21_wrong__E24_correct,camera,unknown
E14 Degraded External,real_raise_126_r102b4aa4t_test_whatsapp_q75,Real,E20_correct__E24_correct,E21_wrong__E24_correct,camera,unknown
E14 Degraded External,real_raise_126_r102b4aa4t_test_resize_q80,Real,E20_correct__E24_correct,E21_wrong__E24_correct,camera,unknown
E14 Degraded External,real_raise_126_r102b4aa4t_test_double_jpeg,Real,E20_correct__E24_correct,E21_wrong__E24_correct,camera,unknown
E14 Degraded External,ai_sb_stable-diffusion-1-4_203_r17fe8532t_test_whatsapp_q75,AI,E20_correct__E24_correct,E21_correct__E24_correct,stable-diffusion-1-4,unknown
E14 Degraded External,ai_sb_stable-diffusion-1-4_203_r17fe8532t_test_resize_q80,AI,E20_correct__E24_correct,E21_correct__E24_correct,stable-diffusion-1-4,unknown
E14 Degraded External,ai_sb_stable-diffusion-1-4_203_r17fe8532t_test_double_jpeg,AI,E20_correct__E24_correct,E21_correct__E24_correct,stable-diffusion-1-4,unknown
E14 Degraded External,real_raise_117_r0f4ece9bt_test_whatsapp_q75,Real,E20_correct__E24_correct,E21_wrong__E24_correct,camera,unknown
E14 Degraded External,real_raise_117_r0f4ece9bt_test_resize_q80,Real,E20_correct__E24_correct,E21_wrong__E24_correct,camera,unknown
E14 Degraded External,real_raise_117_r0f4ece9bt_test_double_jpeg,Real,E20_correct__E24_correct,E21_wrong__E24_correct,camera,unknown
E14 Degraded External,ai_sb_stable-diffusion-2_236_r1ad2de34t_test_whatsapp_q75,AI,E20_wrong__E24_correct,E21_correct__E24_correct,stable-diffusion-2,unknown
E14 Degraded External,ai_sb_stable-diffusion-2_236_r1ad2de34t_test_resize_q80,AI,E20_wrong__E24_correct,E21_correct__E24_correct,stable-diffusion-2,unknown
E14 Degraded External,ai_sb_stable-diffusion-2_236_r1ad2de34t_test_double_jpeg,AI,E20_wrong__E24_correct,E21_correct__E24_correct,stable-diffusion-2,unknown
E14 Degraded External,ai_sb_stable-diffusion-1-3_153_r026b5360t_test_whatsapp_q75,AI,E20_wrong__E24_correct,E21_correct__E24_correct,stable-diffusion-1-3,unknown
E14 Degraded External,ai_sb_stable-diffusion-1-3_153_r026b5360t_test_resize_q80,AI,E20_wrong__E24_correct,E21_correct__E24_correct,stable-diffusion-1-3,unknown
E14 Degraded External,ai_sb_stable-diffusion-1-3_153_r026b5360t_test_double_jpeg,AI,E20_wrong__E24_correct,E21_wrong__E24_correct,stable-diffusion-1-3,unknown
E14 Degraded External,ai_sb_midjourney-v5_142_r169c7350t_test_whatsapp_q75,AI,E20_wrong__E24_correct,E21_correct__E24_correct,midjourney-v5,unknown
E14 Degraded External,ai_sb_midjourney-v5_142_r169c7350t_test_resize_q80,AI,E20_wrong__E24_correct,E21_correct__E24_correct,midjourney-v5,unknown
E14 Degraded External,ai_sb_midjourney-v5_142_r169c7350t_test_double_jpeg,AI,E20_wrong__E24_correct,E21_correct__E24_correct,midjourney-v5,unknown
E14 Degraded External,ai_sb_dalle3_057_r1bdb6385t_test_whatsapp_q75,AI,E20_correct__E24_correct,E21_correct__E24_correct,dalle3,unknown
E14 Degraded External,ai_sb_dalle3_057_r1bdb6385t_test_resize_q80,AI,E20_correct__E24_correct,E21_correct__E24_correct,dalle3,unknown
E14 Degraded External,ai_sb_dalle3_057_r1bdb6385t_test_double_jpeg,AI,E20_wrong__E24_correct,E21_correct__E24_correct,dalle3,unknown
E14 Degraded External,real_raise_233_r1d679eaet_test_whatsapp_q75,Real,E20_correct__E24_correct,E21_correct__E24_correct,camera,unknown
E14 Degraded External,real_raise_233_r1d679eaet_test_resize_q80,Real,E20_correct__E24_correct,E21_correct__E24_correct,camera,unknown
E14 Degraded External,real_raise_233_r1d679eaet_test_double_jpeg,Real,E20_correct__E24_correct,E21_correct__E24_correct,camera,unknown
E14 Degraded External,real_raise_249_r1f3e6681t_test_whatsapp_q75,Real,E20_correct__E24_correct,E21_wrong__E24_correct,camera,unknown
E14 Degraded External,real_raise_249_r1f3e6681t_test_resize_q80,Real,E20_correct__E24_correct,E21_correct__E24_correct,camera,unknown
E14 Degraded External,real_raise_249_r1f3e6681t_test_double_jpeg,Real,E20_correct__E24_correct,E21_correct__E24_correct,camera,unknown
E14 Degraded External,ai_sb_stable-diffusion-2_240_r1e9082f9t_test_whatsapp_q75,AI,E20_correct__E24_correct,E21_correct__E24_correct,stable-diffusion-2,unknown
E14 Degraded External,ai_sb_stable-diffusion-2_240_r1e9082f9t_test_resize_q80,AI,E20_correct__E24_correct,E21_correct__E24_correct,stable-diffusion-2,unknown
E14 Degraded External,ai_sb_stable-diffusion-2_240_r1e9082f9t_test_double_jpeg,AI,E20_correct__E24_correct,E21_correct__E24_correct,stable-diffusion-2,unknown
E14 Degraded External,real_raise_181_r17754c77t_test_whatsapp_q75,Real,E20_correct__E24_wrong,E21_wrong__E24_wrong,camera,unknown
E14 Degraded External,real_raise_181_r17754c77t_test_resize_q80,Real,E20_correct__E24_correct,E21_wrong__E24_correct,camera,unknown
E14 Degraded External,real_raise_181_r17754c77t_test_double_jpeg,Real,E20_correct__E24_correct,E21_correct__E24_correct,camera,unknown
E14 Degraded External,real_raise_supp_019_r098cf7aet_test_whatsapp_q75,Real,E20_correct__E24_correct,E21_correct__E24_correct,camera,unknown
E14 Degraded External,real_raise_supp_019_r098cf7aet_test_resize_q80,Real,E20_correct__E24_correct,E21_correct__E24_correct,camera,unknown
E14 Degraded External,real_raise_supp_019_r098cf7aet_test_double_jpeg,Real,E20_correct__E24_correct,E21_correct__E24_correct,camera,unknown
E14 Degraded External,real_raise_156_r140f3432t_test_whatsapp_q75,Real,E20_correct__E24_correct,E21_correct__E24_correct,camera,unknown
E14 Degraded External,real_raise_156_r140f3432t_test_resize_q80,Real,E20_correct__E24_correct,E21_correct__E24_correct,camera,unknown
E14 Degraded External,real_raise_156_r140f3432t_test_double_jpeg,Real,E20_correct__E24_correct,E21_correct__E24_correct,camera,unknown
E14 Degraded External,ai_sb_dalle3_051_r159d3942t_test_whatsapp_q75,AI,E20_correct__E24_correct,E21_correct__E24_correct,dalle3,unknown
E14 Degraded External,ai_sb_dalle3_051_r159d3942t_test_resize_q80,AI,E20_correct__E24_correct,E21_correct__E24_correct,dalle3,unknown
E14 Degraded External,ai_sb_dalle3_051_r159d3942t_test_double_jpeg,AI,E20_correct__E24_correct,E21_correct__E24_correct,dalle3,unknown
E14 Degraded External,real_raise_159_r145215fft_test_whatsapp_q75,Real,E20_correct__E24_wrong,E21_wrong__E24_wrong,camera,unknown
E14 Degraded External,real_raise_159_r145215fft_test_resize_q80,Real,E20_correct__E24_wrong,E21_wrong__E24_wrong,camera,unknown
E14 Degraded External,real_raise_159_r145215fft_test_double_jpeg,Real,E20_correct__E24_wrong,E21_wrong__E24_wrong,camera,unknown
E14 Degraded External,ai_sb_dalle2_002_r0150031ft_test_whatsapp_q75,AI,E20_wrong__E24_wrong,E21_correct__E24_wrong,dalle2,unknown
E14 Degraded External,ai_sb_dalle2_002_r0150031ft_test_resize_q80,AI,E20_wrong__E24_wrong,E21_correct__E24_wrong,dalle2,unknown
E14 Degraded External,ai_sb_dalle2_002_r0150031ft_test_double_jpeg,AI,E20_wrong__E24_wrong,E21_correct__E24_wrong,dalle2,unknown
E14 Degraded External,real_raise_038_r04cfa379t_test_whatsapp_q75,Real,E20_correct__E24_wrong,E21_wrong__E24_wrong,camera,unknown
E14 Degraded External,real_raise_038_r04cfa379t_test_resize_q80,Real,E20_correct__E24_wrong,E21_wrong__E24_wrong,camera,unknown
E14 Degraded External,real_raise_038_r04cfa379t_test_double_jpeg,Real,E20_correct__E24_wrong,E21_wrong__E24_wrong,camera,unknown
E14 Degraded External,ai_sb_stable-diffusion-1-3_157_r06743f8ft_test_whatsapp_q75,AI,E20_correct__E24_correct,E21_correct__E24_correct,stable-diffusion-1-3,unknown
E14 Degraded External,ai_sb_stable-diffusion-1-3_157_r06743f8ft_test_resize_q80,AI,E20_correct__E24_correct,E21_correct__E24_correct,stable-diffusion-1-3,unknown
E14 Degraded External,ai_sb_stable-diffusion-1-3_157_r06743f8ft_test_double_jpeg,AI,E20_correct__E24_correct,E21_correct__E24_correct,stable-diffusion-1-3,unknown
E14 Degraded External,ai_sb_supp_glide_010_r001d260dt_test_whatsapp_q75,AI,E20_correct__E24_correct,E21_correct__E24_correct,glide,unknown
E14 Degraded External,ai_sb_supp_glide_010_r001d260dt_test_resize_q80,AI,E20_correct__E24_correct,E21_correct__E24_correct,glide,unknown
E14 Degraded External,ai_sb_supp_glide_010_r001d260dt_test_double_jpeg,AI,E20_correct__E24_correct,E21_correct__E24_correct,glide,unknown
E14 Degraded External,ai_sb_midjourney-v5_127_r06743f8ft_test_whatsapp_q75,AI,E20_correct__E24_correct,E21_correct__E24_correct,midjourney-v5,unknown
E14 Degraded External,ai_sb_midjourney-v5_127_r06743f8ft_test_resize_q80,AI,E20_correct__E24_correct,E21_correct__E24_correct,midjourney-v5,unknown
E14 Degraded External,ai_sb_midjourney-v5_127_r06743f8ft_test_double_jpeg,AI,E20_correct__E24_correct,E21_correct__E24_correct,midjourney-v5,unknown
E14 Degraded External,ai_sb_dalle2_021_r159d3942t_test_whatsapp_q75,AI,E20_wrong__E24_correct,E21_correct__E24_correct,dalle2,unknown
E14 Degraded External,ai_sb_dalle2_021_r159d3942t_test_resize_q80,AI,E20_wrong__E24_correct,E21_correct__E24_correct,dalle2,unknown
E14 Degraded External,ai_sb_dalle2_021_r159d3942t_test_double_jpeg,AI,E20_wrong__E24_correct,E21_correct__E24_correct,dalle2,unknown
E14 Degraded External,real_raise_229_r1ceba29dt_test_whatsapp_q75,Real,E20_correct__E24_correct,E21_wrong__E24_correct,camera,unknown
E14 Degraded External,real_raise_229_r1ceba29dt_test_resize_q80,Real,E20_correct__E24_correct,E21_wrong__E24_correct,camera,unknown
E14 Degraded External,real_raise_229_r1ceba29dt_test_double_jpeg,Real,E20_correct__E24_correct,E21_wrong__E24_correct,camera,unknown
E14 Degraded External,ai_sb_glide_095_r045be2act_test_whatsapp_q75,AI,E20_wrong__E24_wrong,E21_correct__E24_wrong,glide,unknown
E14 Degraded External,ai_sb_glide_095_r045be2act_test_resize_q80,AI,E20_wrong__E24_wrong,E21_correct__E24_wrong,glide,unknown
E14 Degraded External,ai_sb_glide_095_r045be2act_test_double_jpeg,AI,E20_wrong__E24_wrong,E21_correct__E24_wrong,glide,unknown
E14 Degraded External,ai_sb_stable-diffusion-1-3_169_r138ad247t_test_whatsapp_q75,AI,E20_wrong__E24_correct,E21_correct__E24_correct,stable-diffusion-1-3,unknown
E14 Degraded External,ai_sb_stable-diffusion-1-3_169_r138ad247t_test_resize_q80,AI,E20_wrong__E24_correct,E21_wrong__E24_correct,stable-diffusion-1-3,unknown
E14 Degraded External,ai_sb_stable-diffusion-1-3_169_r138ad247t_test_double_jpeg,AI,E20_wrong__E24_correct,E21_wrong__E24_correct,stable-diffusion-1-3,unknown
E14 Degraded External,real_raise_093_r0b841e5at_test_whatsapp_q75,Real,E20_correct__E24_wrong,E21_wrong__E24_wrong,camera,unknown
E14 Degraded External,real_raise_093_r0b841e5at_test_resize_q80,Real,E20_correct__E24_wrong,E21_wrong__E24_wrong,camera,unknown
E14 Degraded External,real_raise_093_r0b841e5at_test_double_jpeg,Real,E20_correct__E24_wrong,E21_wrong__E24_wrong,camera,unknown
E14 Degraded External,ai_sb_stable-diffusion-2_216_r056f233bt_test_whatsapp_q75,AI,E20_wrong__E24_correct,E21_correct__E24_correct,stable-diffusion-2,unknown
E14 Degraded External,ai_sb_stable-diffusion-2_216_r056f233bt_test_resize_q80,AI,E20_wrong__E24_correct,E21_correct__E24_correct,stable-diffusion-2,unknown
E14 Degraded External,ai_sb_stable-diffusion-2_216_r056f233bt_test_double_jpeg,AI,E20_wrong__E24_correct,E21_correct__E24_correct,stable-diffusion-2,unknown
E14 Degraded External,real_raise_119_r0f8e5907t_test_whatsapp_q75,Real,E20_correct__E24_wrong,E21_wrong__E24_wrong,camera,unknown
E14 Degraded External,real_raise_119_r0f8e5907t_test_resize_q80,Real,E20_correct__E24_wrong,E21_wrong__E24_wrong,camera,unknown
E14 Degraded External,real_raise_119_r0f8e5907t_test_double_jpeg,Real,E20_correct__E24_wrong,E21_wrong__E24_wrong,camera,unknown
E14 Degraded External,ai_sb_dalle2_018_r1297fd0bt_test_whatsapp_q75,AI,E20_wrong__E24_wrong,E21_correct__E24_wrong,dalle2,unknown
E14 Degraded External,ai_sb_dalle2_018_r1297fd0bt_test_resize_q80,AI,E20_wrong__E24_wrong,E21_correct__E24_wrong,dalle2,unknown
E14 Degraded External,ai_sb_dalle2_018_r1297fd0bt_test_double_jpeg,AI,E20_wrong__E24_wrong,E21_correct__E24_wrong,dalle2,unknown
E14 Degraded External,real_raise_096_r0bf7f938t_test_whatsapp_q75,Real,E20_correct__E24_wrong,E21_wrong__E24_wrong,camera,unknown
E14 Degraded External,real_raise_096_r0bf7f938t_test_resize_q80,Real,E20_correct__E24_wrong,E21_wrong__E24_wrong,camera,unknown
E14 Degraded External,real_raise_096_r0bf7f938t_test_double_jpeg,Real,E20_correct__E24_wrong,E21_wrong__E24_wrong,camera,unknown
E14 Degraded External,ai_sb_supp_stable-diffusion-1-4_021_r00444b95t_test_whatsapp_q75,AI,E20_wrong__E24_wrong,E21_correct__E24_wrong,stable-diffusion-1-4,unknown
E14 Degraded External,ai_sb_supp_stable-diffusion-1-4_021_r00444b95t_test_resize_q80,AI,E20_wrong__E24_wrong,E21_correct__E24_wrong,stable-diffusion-1-4,unknown
E14 Degraded External,ai_sb_supp_stable-diffusion-1-4_021_r00444b95t_test_double_jpeg,AI,E20_wrong__E24_wrong,E21_wrong__E24_wrong,stable-diffusion-1-4,unknown
E14 Degraded External,real_raise_213_r1b4e82c4t_test_whatsapp_q75,Real,E20_correct__E24_correct,E21_wrong__E24_correct,camera,unknown
E14 Degraded External,real_raise_213_r1b4e82c4t_test_resize_q80,Real,E20_correct__E24_correct,E21_wrong__E24_correct,camera,unknown
E14 Degraded External,real_raise_213_r1b4e82c4t_test_double_jpeg,Real,E20_correct__E24_correct,E21_wrong__E24_correct,camera,unknown
E14 Degraded External,ai_sb_stable-diffusion-1-4_196_r102b4aa4t_test_whatsapp_q75,AI,E20_wrong__E24_correct,E21_correct__E24_correct,stable-diffusion-1-4,unknown
E14 Degraded External,ai_sb_stable-diffusion-1-4_196_r102b4aa4t_test_resize_q80,AI,E20_wrong__E24_correct,E21_correct__E24_correct,stable-diffusion-1-4,unknown
E14 Degraded External,ai_sb_stable-diffusion-1-4_196_r102b4aa4t_test_double_jpeg,AI,E20_wrong__E24_correct,E21_correct__E24_correct,stable-diffusion-1-4,unknown
E14 Degraded External,ai_sb_dalle2_026_r1ad2de34t_test_whatsapp_q75,AI,E20_wrong__E24_wrong,E21_wrong__E24_wrong,dalle2,unknown
E14 Degraded External,ai_sb_dalle2_026_r1ad2de34t_test_resize_q80,AI,E20_wrong__E24_wrong,E21_wrong__E24_wrong,dalle2,unknown
E14 Degraded External,ai_sb_dalle2_026_r1ad2de34t_test_double_jpeg,AI,E20_wrong__E24_wrong,E21_wrong__E24_wrong,dalle2,unknown
E14 Degraded External,real_raise_091_r0b61ed37t_test_whatsapp_q75,Real,E20_correct__E24_wrong,E21_wrong__E24_wrong,camera,unknown
E14 Degraded External,real_raise_091_r0b61ed37t_test_resize_q80,Real,E20_correct__E24_wrong,E21_wrong__E24_wrong,camera,unknown
E14 Degraded External,real_raise_091_r0b61ed37t_test_double_jpeg,Real,E20_correct__E24_wrong,E21_correct__E24_wrong,camera,unknown
E14 Degraded External,ai_sb_stable-diffusion-1-4_190_r09a60f63t_test_whatsapp_q75,AI,E20_correct__E24_correct,E21_correct__E24_correct,stable-diffusion-1-4,unknown
E14 Degraded External,ai_sb_stable-diffusion-1-4_190_r09a60f63t_test_resize_q80,AI,E20_correct__E24_correct,E21_correct__E24_correct,stable-diffusion-1-4,unknown
E14 Degraded External,ai_sb_stable-diffusion-1-4_190_r09a60f63t_test_double_jpeg,AI,E20_correct__E24_correct,E21_correct__E24_correct,stable-diffusion-1-4,unknown
E14 Degraded External,ai_sb_firefly_067_r06743f8ft_test_whatsapp_q75,AI,E20_correct__E24_correct,E21_correct__E24_correct,firefly,unknown
E14 Degraded External,ai_sb_firefly_067_r06743f8ft_test_resize_q80,AI,E20_correct__E24_correct,E21_correct__E24_correct,firefly,unknown
E14 Degraded External,ai_sb_firefly_067_r06743f8ft_test_double_jpeg,AI,E20_correct__E24_correct,E21_correct__E24_correct,firefly,unknown
E14 Degraded External,real_raise_069_r08b12799t_test_whatsapp_q75,Real,E20_correct__E24_wrong,E21_wrong__E24_wrong,camera,unknown
E14 Degraded External,real_raise_069_r08b12799t_test_resize_q80,Real,E20_correct__E24_wrong,E21_wrong__E24_wrong,camera,unknown
E14 Degraded External,real_raise_069_r08b12799t_test_double_jpeg,Real,E20_correct__E24_wrong,E21_wrong__E24_wrong,camera,unknown
E14 Degraded External,ai_sb_midjourney-v5_149_r1d9a31fct_test_whatsapp_q75,AI,E20_wrong__E24_correct,E21_wrong__E24_correct,midjourney-v5,unknown
E14 Degraded External,ai_sb_midjourney-v5_149_r1d9a31fct_test_resize_q80,AI,E20_wrong__E24_correct,E21_wrong__E24_correct,midjourney-v5,unknown
E14 Degraded External,ai_sb_midjourney-v5_149_r1d9a31fct_test_double_jpeg,AI,E20_wrong__E24_correct,E21_wrong__E24_correct,midjourney-v5,unknown
E14 Degraded External,ai_sb_glide_102_r0b7b1156t_test_whatsapp_q75,AI,E20_correct__E24_correct,E21_correct__E24_correct,glide,unknown
E14 Degraded External,ai_sb_glide_102_r0b7b1156t_test_resize_q80,AI,E20_correct__E24_correct,E21_correct__E24_correct,glide,unknown
E14 Degraded External,ai_sb_glide_102_r0b7b1156t_test_double_jpeg,AI,E20_correct__E24_correct,E21_correct__E24_correct,glide,unknown
E14 Degraded External,ai_sb_glide_108_r1297fd0bt_test_whatsapp_q75,AI,E20_wrong__E24_wrong,E21_correct__E24_wrong,glide,unknown
E14 Degraded External,ai_sb_glide_108_r1297fd0bt_test_resize_q80,AI,E20_wrong__E24_wrong,E21_correct__E24_wrong,glide,unknown
E14 Degraded External,ai_sb_glide_108_r1297fd0bt_test_double_jpeg,AI,E20_wrong__E24_wrong,E21_correct__E24_wrong,glide,unknown
E14 Degraded External,ai_sb_stable-diffusion-2_233_r17fe8532t_test_whatsapp_q75,AI,E20_correct__E24_correct,E21_correct__E24_correct,stable-diffusion-2,unknown
E14 Degraded External,ai_sb_stable-diffusion-2_233_r17fe8532t_test_resize_q80,AI,E20_correct__E24_correct,E21_correct__E24_correct,stable-diffusion-2,unknown
E14 Degraded External,ai_sb_stable-diffusion-2_233_r17fe8532t_test_double_jpeg,AI,E20_correct__E24_correct,E21_correct__E24_correct,stable-diffusion-2,unknown
E14 Degraded External,ai_sb_stable-diffusion-2_224_r0e7b407bt_test_whatsapp_q75,AI,E20_wrong__E24_wrong,E21_correct__E24_wrong,stable-diffusion-2,unknown
E14 Degraded External,ai_sb_stable-diffusion-2_224_r0e7b407bt_test_resize_q80,AI,E20_wrong__E24_wrong,E21_correct__E24_wrong,stable-diffusion-2,unknown
E14 Degraded External,ai_sb_stable-diffusion-2_224_r0e7b407bt_test_double_jpeg,AI,E20_wrong__E24_correct,E21_correct__E24_correct,stable-diffusion-2,unknown
E14 Degraded External,real_raise_supp_043_r16ea6386t_test_whatsapp_q75,Real,E20_correct__E24_correct,E21_wrong__E24_correct,camera,unknown
E14 Degraded External,real_raise_supp_043_r16ea6386t_test_resize_q80,Real,E20_correct__E24_correct,E21_wrong__E24_correct,camera,unknown
E14 Degraded External,real_raise_supp_043_r16ea6386t_test_double_jpeg,Real,E20_correct__E24_correct,E21_wrong__E24_correct,camera,unknown
E14 Degraded External,real_raise_140_r125f6e84t_test_whatsapp_q75,Real,E20_correct__E24_correct,E21_correct__E24_correct,camera,unknown
E14 Degraded External,real_raise_140_r125f6e84t_test_resize_q80,Real,E20_correct__E24_correct,E21_correct__E24_correct,camera,unknown
E14 Degraded External,real_raise_140_r125f6e84t_test_double_jpeg,Real,E20_correct__E24_correct,E21_correct__E24_correct,camera,unknown
E14 Degraded External,real_raise_137_r11c4de0et_test_whatsapp_q75,Real,E20_correct__E24_correct,E21_correct__E24_correct,camera,unknown
E14 Degraded External,real_raise_137_r11c4de0et_test_resize_q80,Real,E20_correct__E24_correct,E21_correct__E24_correct,camera,unknown
E14 Degraded External,real_raise_137_r11c4de0et_test_double_jpeg,Real,E20_correct__E24_correct,E21_correct__E24_correct,camera,unknown
E14 Degraded External,ai_sb_firefly_083_r17fe8532t_test_whatsapp_q75,AI,E20_wrong__E24_correct,E21_correct__E24_correct,firefly,unknown
E14 Degraded External,ai_sb_firefly_083_r17fe8532t_test_resize_q80,AI,E20_wrong__E24_correct,E21_correct__E24_correct,firefly,unknown
E14 Degraded External,ai_sb_firefly_083_r17fe8532t_test_double_jpeg,AI,E20_wrong__E24_correct,E21_correct__E24_correct,firefly,unknown
E14 Degraded External,real_raise_supp_055_r1ca254b2t_test_whatsapp_q75,Real,E20_correct__E24_correct,E21_correct__E24_correct,camera,unknown
E14 Degraded External,real_raise_supp_055_r1ca254b2t_test_resize_q80,Real,E20_correct__E24_correct,E21_correct__E24_correct,camera,unknown
E14 Degraded External,real_raise_supp_055_r1ca254b2t_test_double_jpeg,Real,E20_correct__E24_correct,E21_correct__E24_correct,camera,unknown
E14 Degraded External,ai_sb_midjourney-v5_123_r026b5360t_test_whatsapp_q75,AI,E20_correct__E24_correct,E21_correct__E24_correct,midjourney-v5,unknown
E14 Degraded External,ai_sb_midjourney-v5_123_r026b5360t_test_resize_q80,AI,E20_correct__E24_correct,E21_correct__E24_correct,midjourney-v5,unknown
E14 Degraded External,ai_sb_midjourney-v5_123_r026b5360t_test_double_jpeg,AI,E20_correct__E24_correct,E21_correct__E24_correct,midjourney-v5,unknown
E14 Degraded External,real_raise_125_r101d6690t_test_whatsapp_q75,Real,E20_correct__E24_correct,E21_correct__E24_correct,camera,unknown
E14 Degraded External,real_raise_125_r101d6690t_test_resize_q80,Real,E20_correct__E24_correct,E21_correct__E24_correct,camera,unknown
E14 Degraded External,real_raise_125_r101d6690t_test_double_jpeg,Real,E20_correct__E24_correct,E21_correct__E24_correct,camera,unknown
E14 Degraded External,ai_sb_stable-diffusion-1-4_210_r1e9082f9t_test_whatsapp_q75,AI,E20_correct__E24_correct,E21_correct__E24_correct,stable-diffusion-1-4,unknown
E14 Degraded External,ai_sb_stable-diffusion-1-4_210_r1e9082f9t_test_resize_q80,AI,E20_correct__E24_correct,E21_correct__E24_correct,stable-diffusion-1-4,unknown
E14 Degraded External,ai_sb_stable-diffusion-1-4_210_r1e9082f9t_test_double_jpeg,AI,E20_correct__E24_correct,E21_correct__E24_correct,stable-diffusion-1-4,unknown
E14 Degraded External,ai_sb_midjourney-v5_135_r0f5beb66t_test_whatsapp_q75,AI,E20_correct__E24_correct,E21_correct__E24_correct,midjourney-v5,unknown
E14 Degraded External,ai_sb_midjourney-v5_135_r0f5beb66t_test_resize_q80,AI,E20_correct__E24_correct,E21_correct__E24_correct,midjourney-v5,unknown
E14 Degraded External,ai_sb_midjourney-v5_135_r0f5beb66t_test_double_jpeg,AI,E20_correct__E24_correct,E21_correct__E24_correct,midjourney-v5,unknown
E14 Degraded External,real_raise_172_r163967d4t_test_whatsapp_q75,Real,E20_correct__E24_correct,E21_correct__E24_correct,camera,unknown
E14 Degraded External,real_raise_172_r163967d4t_test_resize_q80,Real,E20_correct__E24_correct,E21_correct__E24_correct,camera,unknown
E14 Degraded External,real_raise_172_r163967d4t_test_double_jpeg,Real,E20_correct__E24_correct,E21_correct__E24_correct,camera,unknown
E14 Degraded External,ai_sb_dalle2_030_r1e9082f9t_test_whatsapp_q75,AI,E20_wrong__E24_correct,E21_correct__E24_correct,dalle2,unknown
E14 Degraded External,ai_sb_dalle2_030_r1e9082f9t_test_resize_q80,AI,E20_wrong__E24_correct,E21_correct__E24_correct,dalle2,unknown
E14 Degraded External,ai_sb_dalle2_030_r1e9082f9t_test_double_jpeg,AI,E20_wrong__E24_correct,E21_correct__E24_correct,dalle2,unknown
E14 Degraded External,real_raise_100_r0c9910e4t_test_whatsapp_q75,Real,E20_wrong__E24_wrong,E21_wrong__E24_wrong,camera,unknown
E14 Degraded External,real_raise_100_r0c9910e4t_test_resize_q80,Real,E20_wrong__E24_wrong,E21_correct__E24_wrong,camera,unknown
E14 Degraded External,real_raise_100_r0c9910e4t_test_double_jpeg,Real,E20_correct__E24_wrong,E21_correct__E24_wrong,camera,unknown
E14 Degraded External,real_raise_162_r14c2d3fct_test_whatsapp_q75,Real,E20_correct__E24_wrong,E21_wrong__E24_wrong,camera,unknown
E14 Degraded External,real_raise_162_r14c2d3fct_test_resize_q80,Real,E20_correct__E24_wrong,E21_wrong__E24_wrong,camera,unknown
E14 Degraded External,real_raise_162_r14c2d3fct_test_double_jpeg,Real,E20_correct__E24_wrong,E21_wrong__E24_wrong,camera,unknown
E14 Degraded External,ai_sb_dalle2_027_r1bdb6385t_test_whatsapp_q75,AI,E20_wrong__E24_correct,E21_correct__E24_correct,dalle2,unknown
E14 Degraded External,ai_sb_dalle2_027_r1bdb6385t_test_resize_q80,AI,E20_wrong__E24_correct,E21_correct__E24_correct,dalle2,unknown
E14 Degraded External,ai_sb_dalle2_027_r1bdb6385t_test_double_jpeg,AI,E20_wrong__E24_correct,E21_correct__E24_correct,dalle2,unknown
E14 Degraded External,ai_sb_dalle3_052_r169c7350t_test_whatsapp_q75,AI,E20_correct__E24_correct,E21_correct__E24_correct,dalle3,unknown
E14 Degraded External,ai_sb_dalle3_052_r169c7350t_test_resize_q80,AI,E20_correct__E24_correct,E21_correct__E24_correct,dalle3,unknown
E14 Degraded External,ai_sb_dalle3_052_r169c7350t_test_double_jpeg,AI,E20_correct__E24_correct,E21_correct__E24_correct,dalle3,unknown
E14 Degraded External,ai_sb_glide_106_r102b4aa4t_test_whatsapp_q75,AI,E20_wrong__E24_correct,E21_correct__E24_correct,glide,unknown
E14 Degraded External,ai_sb_glide_106_r102b4aa4t_test_resize_q80,AI,E20_wrong__E24_correct,E21_correct__E24_correct,glide,unknown
E14 Degraded External,ai_sb_glide_106_r102b4aa4t_test_double_jpeg,AI,E20_wrong__E24_correct,E21_correct__E24_correct,glide,unknown
E14 Degraded External,real_raise_054_r06cad2d6t_test_whatsapp_q75,Real,E20_correct__E24_wrong,E21_wrong__E24_wrong,camera,unknown
E14 Degraded External,real_raise_054_r06cad2d6t_test_resize_q80,Real,E20_correct__E24_correct,E21_wrong__E24_correct,camera,unknown
E14 Degraded External,real_raise_054_r06cad2d6t_test_double_jpeg,Real,E20_correct__E24_wrong,E21_wrong__E24_wrong,camera,unknown
E14 Degraded External,ai_sb_dalle2_025_r1a2095b2t_test_whatsapp_q75,AI,E20_wrong__E24_correct,E21_correct__E24_correct,dalle2,unknown
E14 Degraded External,ai_sb_dalle2_025_r1a2095b2t_test_resize_q80,AI,E20_wrong__E24_correct,E21_correct__E24_correct,dalle2,unknown
E14 Degraded External,ai_sb_dalle2_025_r1a2095b2t_test_double_jpeg,AI,E20_wrong__E24_correct,E21_correct__E24_correct,dalle2,unknown
E19 Smartphone Benchmark,e19_real_phone_001_wa,Real,E20_correct__E24_wrong,E21_correct__E24_wrong,None (Camera ISP),"Google Pixel (Pixel 7-9 family, exact model unspecified)"
E19 Smartphone Benchmark,e19_real_phone_002_wa,Real,E20_correct__E24_correct,E21_wrong__E24_correct,None (Camera ISP),"Google Pixel (Pixel 7-9 family, exact model unspecified)"
E19 Smartphone Benchmark,e19_real_phone_003_wa,Real,E20_correct__E24_wrong,E21_wrong__E24_wrong,None (Camera ISP),"Google Pixel (Pixel 7-9 family, exact model unspecified)"
E19 Smartphone Benchmark,e19_real_phone_004_wa,Real,E20_correct__E24_correct,E21_wrong__E24_correct,None (Camera ISP),"Google Pixel (Pixel 7-9 family, exact model unspecified)"
E19 Smartphone Benchmark,e19_real_phone_005_wa,Real,E20_correct__E24_correct,E21_wrong__E24_correct,None (Camera ISP),"Google Pixel (Pixel 7-9 family, exact model unspecified)"
E19 Smartphone Benchmark,e19_real_phone_006_wa,Real,E20_wrong__E24_wrong,E21_wrong__E24_wrong,None (Camera ISP),"Google Pixel (Pixel 7-9 family, exact model unspecified)"
E19 Smartphone Benchmark,e19_real_phone_007_wa,Real,E20_correct__E24_correct,E21_correct__E24_correct,None (Camera ISP),"Google Pixel (Pixel 7-9 family, exact model unspecified)"
E19 Smartphone Benchmark,e19_real_phone_008_wa,Real,E20_correct__E24_correct,E21_correct__E24_correct,None (Camera ISP),"Google Pixel (Pixel 7-9 family, exact model unspecified)"
E19 Smartphone Benchmark,e19_real_phone_009_wa,Real,E20_correct__E24_correct,E21_wrong__E24_correct,None (Camera ISP),"Google Pixel (Pixel 7-9 family, exact model unspecified)"
E19 Smartphone Benchmark,e19_real_phone_010_wa,Real,E20_correct__E24_correct,E21_wrong__E24_correct,None (Camera ISP),"Google Pixel (Pixel 7-9 family, exact model unspecified)"
E19 Smartphone Benchmark,e19_real_phone_011_wa,Real,E20_correct__E24_correct,E21_wrong__E24_correct,None (Camera ISP),"Google Pixel (Pixel 7-9 family, exact model unspecified)"
E19 Smartphone Benchmark,e19_real_phone_012_wa,Real,E20_correct__E24_correct,E21_correct__E24_correct,None (Camera ISP),"Google Pixel (Pixel 7-9 family, exact model unspecified)"
E19 Smartphone Benchmark,e19_real_phone_013_wa,Real,E20_correct__E24_correct,E21_wrong__E24_correct,None (Camera ISP),"Google Pixel (Pixel 7-9 family, exact model unspecified)"
E19 Smartphone Benchmark,e19_real_phone_014_wa,Real,E20_correct__E24_correct,E21_correct__E24_correct,None (Camera ISP),"Google Pixel (Pixel 7-9 family, exact model unspecified)"
E19 Smartphone Benchmark,e19_real_phone_015_wa,Real,E20_correct__E24_wrong,E21_wrong__E24_wrong,None (Camera ISP),"Google Pixel (Pixel 7-9 family, exact model unspecified)"
E19 Smartphone Benchmark,e19_real_phone_016_wa,Real,E20_correct__E24_wrong,E21_wrong__E24_wrong,None (Camera ISP),"Google Pixel (Pixel 7-9 family, exact model unspecified)"
E19 Smartphone Benchmark,e19_real_phone_017_wa,Real,E20_correct__E24_correct,E21_correct__E24_correct,None (Camera ISP),"Google Pixel (Pixel 7-9 family, exact model unspecified)"
E19 Smartphone Benchmark,e19_real_phone_018_wa,Real,E20_correct__E24_correct,E21_correct__E24_correct,None (Camera ISP),"Google Pixel (Pixel 7-9 family, exact model unspecified)"
E19 Smartphone Benchmark,e19_real_phone_019_wa,Real,E20_correct__E24_correct,E21_wrong__E24_correct,None (Camera ISP),"Google Pixel (Pixel 7-9 family, exact model unspecified)"
E19 Smartphone Benchmark,e19_real_phone_020_wa,Real,E20_correct__E24_correct,E21_wrong__E24_correct,None (Camera ISP),"Google Pixel (Pixel 7-9 family, exact model unspecified)"
E19 Smartphone Benchmark,e19_real_phone_021_wa,Real,E20_correct__E24_wrong,E21_wrong__E24_wrong,None (Camera ISP),"Google Pixel (Pixel 7-9 family, exact model unspecified)"
E19 Smartphone Benchmark,e19_real_phone_022_wa,Real,E20_correct__E24_correct,E21_correct__E24_correct,None (Camera ISP),"Google Pixel (Pixel 7-9 family, exact model unspecified)"
E19 Smartphone Benchmark,e19_real_phone_023_wa,Real,E20_correct__E24_correct,E21_correct__E24_correct,None (Camera ISP),"Google Pixel (Pixel 7-9 family, exact model unspecified)"
E19 Smartphone Benchmark,e19_real_phone_024_wa,Real,E20_correct__E24_correct,E21_wrong__E24_correct,None (Camera ISP),"Google Pixel (Pixel 7-9 family, exact model unspecified)"
E19 Smartphone Benchmark,e19_real_phone_025_wa,Real,E20_correct__E24_correct,E21_wrong__E24_correct,None (Camera ISP),"Google Pixel (Pixel 7-9 family, exact model unspecified)"
E19 Smartphone Benchmark,e19_real_phone_026_wa,Real,E20_correct__E24_wrong,E21_wrong__E24_wrong,None (Camera ISP),"Google Pixel (Pixel 7-9 family, exact model unspecified)"
E19 Smartphone Benchmark,e19_real_phone_027_wa,Real,E20_correct__E24_correct,E21_wrong__E24_correct,None (Camera ISP),"Google Pixel (Pixel 7-9 family, exact model unspecified)"
E19 Smartphone Benchmark,e19_real_phone_028_wa,Real,E20_correct__E24_correct,E21_correct__E24_correct,None (Camera ISP),"Google Pixel (Pixel 7-9 family, exact model unspecified)"
E19 Smartphone Benchmark,e19_real_phone_029_wa,Real,E20_correct__E24_correct,E21_wrong__E24_correct,None (Camera ISP),"Google Pixel (Pixel 7-9 family, exact model unspecified)"
E19 Smartphone Benchmark,e19_real_phone_030_wa,Real,E20_correct__E24_correct,E21_wrong__E24_correct,None (Camera ISP),"Google Pixel (Pixel 7-9 family, exact model unspecified)"
E19 Smartphone Benchmark,e19_real_phone_031_raw,Real,E20_correct__E24_correct,E21_wrong__E24_correct,None (Camera ISP),Apple iPhone (iPhone X)
E19 Smartphone Benchmark,e19_real_phone_032_raw,Real,E20_correct__E24_correct,E21_correct__E24_correct,None (Camera ISP),Apple iPhone (iPhone X)
E19 Smartphone Benchmark,e19_real_phone_033_raw,Real,E20_correct__E24_correct,E21_correct__E24_correct,None (Camera ISP),Apple iPhone (iPhone X)
E19 Smartphone Benchmark,e19_real_phone_034_raw,Real,E20_correct__E24_correct,E21_correct__E24_correct,None (Camera ISP),Apple iPhone (iPhone X)
E19 Smartphone Benchmark,e19_real_phone_035_raw,Real,E20_correct__E24_correct,E21_correct__E24_correct,None (Camera ISP),Apple iPhone (iPhone X)
E19 Smartphone Benchmark,e19_real_phone_036_raw,Real,E20_correct__E24_correct,E21_correct__E24_correct,None (Camera ISP),Apple iPhone (iPhone X)
E19 Smartphone Benchmark,e19_real_phone_037_raw,Real,E20_correct__E24_correct,E21_wrong__E24_correct,None (Camera ISP),Apple iPhone (iPhone X)
E19 Smartphone Benchmark,e19_real_phone_038_raw,Real,E20_correct__E24_correct,E21_correct__E24_correct,None (Camera ISP),Apple iPhone (iPhone X)
E19 Smartphone Benchmark,e19_real_phone_039_raw,Real,E20_correct__E24_correct,E21_correct__E24_correct,None (Camera ISP),Apple iPhone (iPhone X)
E19 Smartphone Benchmark,e19_real_phone_040_raw,Real,E20_correct__E24_correct,E21_correct__E24_correct,None (Camera ISP),Apple iPhone (iPhone X)
E19 Smartphone Benchmark,e19_real_phone_041_raw,Real,E20_correct__E24_correct,E21_correct__E24_correct,None (Camera ISP),Apple iPhone (iPhone X)
E19 Smartphone Benchmark,e19_real_phone_042_raw,Real,E20_correct__E24_correct,E21_correct__E24_correct,None (Camera ISP),Apple iPhone (iPhone X)
E19 Smartphone Benchmark,e19_real_phone_043_raw,Real,E20_correct__E24_correct,E21_correct__E24_correct,None (Camera ISP),Apple iPhone (iPhone X)
E19 Smartphone Benchmark,e19_real_phone_044_raw,Real,E20_correct__E24_correct,E21_correct__E24_correct,None (Camera ISP),Apple iPhone (iPhone X)
E19 Smartphone Benchmark,e19_real_phone_045_raw,Real,E20_correct__E24_correct,E21_correct__E24_correct,None (Camera ISP),Apple iPhone (iPhone X)
E19 Smartphone Benchmark,e19_real_phone_046_raw,Real,E20_correct__E24_correct,E21_correct__E24_correct,None (Camera ISP),Apple iPhone (iPhone X)
E19 Smartphone Benchmark,e19_real_phone_047_raw,Real,E20_correct__E24_correct,E21_correct__E24_correct,None (Camera ISP),Apple iPhone (iPhone X)
E19 Smartphone Benchmark,e19_real_phone_048_raw,Real,E20_correct__E24_correct,E21_correct__E24_correct,None (Camera ISP),Apple iPhone (iPhone X)
E19 Smartphone Benchmark,e19_real_phone_049_raw,Real,E20_correct__E24_correct,E21_correct__E24_correct,None (Camera ISP),Apple iPhone (iPhone X)
E19 Smartphone Benchmark,e19_real_phone_050_raw,Real,E20_correct__E24_correct,E21_correct__E24_correct,None (Camera ISP),Apple iPhone (iPhone X)
E19 Smartphone Benchmark,e19_real_phone_051_raw,Real,E20_correct__E24_correct,E21_correct__E24_correct,None (Camera ISP),Apple iPhone (iPhone X)
E19 Smartphone Benchmark,e19_real_phone_052_raw,Real,E20_correct__E24_correct,E21_correct__E24_correct,None (Camera ISP),Apple iPhone (iPhone X)
E19 Smartphone Benchmark,e19_real_phone_053_raw,Real,E20_correct__E24_correct,E21_correct__E24_correct,None (Camera ISP),Apple iPhone (iPhone X)
E19 Smartphone Benchmark,e19_real_phone_054_raw,Real,E20_correct__E24_correct,E21_correct__E24_correct,None (Camera ISP),Apple iPhone (iPhone X)
E19 Smartphone Benchmark,e19_real_phone_055_raw,Real,E20_correct__E24_correct,E21_correct__E24_correct,None (Camera ISP),Apple iPhone (iPhone X)
E19 Smartphone Benchmark,e19_real_phone_056_raw,Real,E20_correct__E24_correct,E21_correct__E24_correct,None (Camera ISP),Apple iPhone (iPhone X)
E19 Smartphone Benchmark,e19_real_phone_057_raw,Real,E20_correct__E24_correct,E21_correct__E24_correct,None (Camera ISP),Apple iPhone (iPhone X)
E19 Smartphone Benchmark,e19_real_phone_058_raw,Real,E20_correct__E24_correct,E21_correct__E24_correct,None (Camera ISP),Apple iPhone (iPhone X)
E19 Smartphone Benchmark,e19_real_phone_059_raw,Real,E20_correct__E24_correct,E21_correct__E24_correct,None (Camera ISP),Apple iPhone (iPhone X)
E19 Smartphone Benchmark,e19_real_phone_060_raw,Real,E20_correct__E24_correct,E21_correct__E24_correct,None (Camera ISP),Apple iPhone (iPhone X)
E19 Smartphone Benchmark,e19_real_phone_061_raw,Real,E20_correct__E24_correct,E21_correct__E24_correct,None (Camera ISP),Apple iPhone (iPhone X)
E19 Smartphone Benchmark,e19_real_phone_062_raw,Real,E20_correct__E24_correct,E21_correct__E24_correct,None (Camera ISP),Apple iPhone (iPhone X)
E19 Smartphone Benchmark,e19_real_phone_063_raw,Real,E20_correct__E24_correct,E21_correct__E24_correct,None (Camera ISP),Apple iPhone (iPhone X)
E19 Smartphone Benchmark,e19_real_phone_064_raw,Real,E20_correct__E24_correct,E21_correct__E24_correct,None (Camera ISP),Apple iPhone (iPhone X)
E19 Smartphone Benchmark,e19_real_phone_065_raw,Real,E20_correct__E24_correct,E21_correct__E24_correct,None (Camera ISP),Apple iPhone (iPhone X)
E19 Smartphone Benchmark,e19_real_phone_066_raw,Real,E20_correct__E24_correct,E21_correct__E24_correct,None (Camera ISP),Samsung Galaxy (Galaxy S9)
E19 Smartphone Benchmark,e19_real_phone_067_raw,Real,E20_correct__E24_correct,E21_correct__E24_correct,None (Camera ISP),Samsung Galaxy (Galaxy S9)
E19 Smartphone Benchmark,e19_real_phone_068_raw,Real,E20_correct__E24_correct,E21_correct__E24_correct,None (Camera ISP),Samsung Galaxy (Galaxy S9)
E19 Smartphone Benchmark,e19_real_phone_069_raw,Real,E20_correct__E24_correct,E21_correct__E24_correct,None (Camera ISP),Samsung Galaxy (Galaxy S9)
E19 Smartphone Benchmark,e19_real_phone_070_raw,Real,E20_correct__E24_correct,E21_correct__E24_correct,None (Camera ISP),Samsung Galaxy (Galaxy S9)
E19 Smartphone Benchmark,e19_real_phone_071_raw,Real,E20_correct__E24_correct,E21_correct__E24_correct,None (Camera ISP),Samsung Galaxy (Galaxy S9)
E19 Smartphone Benchmark,e19_real_phone_072_raw,Real,E20_correct__E24_correct,E21_wrong__E24_correct,None (Camera ISP),Samsung Galaxy (Galaxy S9)
E19 Smartphone Benchmark,e19_real_phone_073_raw,Real,E20_correct__E24_correct,E21_correct__E24_correct,None (Camera ISP),Samsung Galaxy (Galaxy S9)
E19 Smartphone Benchmark,e19_real_phone_074_raw,Real,E20_correct__E24_correct,E21_correct__E24_correct,None (Camera ISP),Samsung Galaxy (Galaxy S9)
E19 Smartphone Benchmark,e19_real_phone_075_raw,Real,E20_correct__E24_correct,E21_correct__E24_correct,None (Camera ISP),Samsung Galaxy (Galaxy S9)
E19 Smartphone Benchmark,e19_real_phone_076_raw,Real,E20_correct__E24_correct,E21_correct__E24_correct,None (Camera ISP),Samsung Galaxy (Galaxy S9)
E19 Smartphone Benchmark,e19_real_phone_077_raw,Real,E20_correct__E24_correct,E21_correct__E24_correct,None (Camera ISP),Samsung Galaxy (Galaxy S9)
E19 Smartphone Benchmark,e19_real_phone_078_raw,Real,E20_correct__E24_correct,E21_correct__E24_correct,None (Camera ISP),Samsung Galaxy (Galaxy S9)
E19 Smartphone Benchmark,e19_real_phone_079_raw,Real,E20_correct__E24_correct,E21_correct__E24_correct,None (Camera ISP),Samsung Galaxy (Galaxy S9)
E19 Smartphone Benchmark,e19_real_phone_080_raw,Real,E20_correct__E24_correct,E21_wrong__E24_correct,None (Camera ISP),Samsung Galaxy (Galaxy S9)
E19 Smartphone Benchmark,e19_real_phone_081_raw,Real,E20_correct__E24_correct,E21_wrong__E24_correct,None (Camera ISP),Samsung Galaxy (Galaxy S9)
E19 Smartphone Benchmark,e19_real_phone_082_raw,Real,E20_correct__E24_correct,E21_correct__E24_correct,None (Camera ISP),Samsung Galaxy (Galaxy S9)
E19 Smartphone Benchmark,e19_real_phone_083_raw,Real,E20_correct__E24_correct,E21_correct__E24_correct,None (Camera ISP),Samsung Galaxy (Galaxy S9)
E19 Smartphone Benchmark,e19_real_phone_084_raw,Real,E20_correct__E24_correct,E21_correct__E24_correct,None (Camera ISP),Samsung Galaxy (Galaxy S9)
E19 Smartphone Benchmark,e19_real_phone_085_raw,Real,E20_correct__E24_correct,E21_wrong__E24_correct,None (Camera ISP),Samsung Galaxy (Galaxy S9)
E19 Smartphone Benchmark,e19_real_phone_086_raw,Real,E20_correct__E24_correct,E21_correct__E24_correct,None (Camera ISP),Samsung Galaxy (Galaxy S9)
E19 Smartphone Benchmark,e19_real_phone_087_raw,Real,E20_correct__E24_correct,E21_correct__E24_correct,None (Camera ISP),Samsung Galaxy (Galaxy S9)
E19 Smartphone Benchmark,e19_real_phone_088_raw,Real,E20_correct__E24_correct,E21_correct__E24_correct,None (Camera ISP),Samsung Galaxy (Galaxy S9)
E19 Smartphone Benchmark,e19_real_phone_089_raw,Real,E20_correct__E24_correct,E21_correct__E24_correct,None (Camera ISP),Samsung Galaxy (Galaxy S9)
E19 Smartphone Benchmark,e19_real_phone_090_raw,Real,E20_correct__E24_correct,E21_wrong__E24_correct,None (Camera ISP),Samsung Galaxy (Galaxy S9)
E19 Smartphone Benchmark,e19_real_phone_091_raw,Real,E20_correct__E24_correct,E21_correct__E24_correct,None (Camera ISP),Samsung Galaxy (Galaxy S9)
E19 Smartphone Benchmark,e19_real_phone_092_raw,Real,E20_correct__E24_correct,E21_correct__E24_correct,None (Camera ISP),Samsung Galaxy (Galaxy S9)
E19 Smartphone Benchmark,e19_real_phone_093_raw,Real,E20_correct__E24_correct,E21_correct__E24_correct,None (Camera ISP),Samsung Galaxy (Galaxy S9)
E19 Smartphone Benchmark,e19_real_phone_094_raw,Real,E20_correct__E24_correct,E21_correct__E24_correct,None (Camera ISP),Samsung Galaxy (Galaxy S9)
E19 Smartphone Benchmark,e19_real_phone_095_raw,Real,E20_correct__E24_correct,E21_correct__E24_correct,None (Camera ISP),Samsung Galaxy (Galaxy S9)
E19 Smartphone Benchmark,e19_real_phone_096_raw,Real,E20_correct__E24_correct,E21_wrong__E24_correct,None (Camera ISP),Samsung Galaxy (Galaxy S9)
E19 Smartphone Benchmark,e19_real_phone_097_raw,Real,E20_correct__E24_correct,E21_correct__E24_correct,None (Camera ISP),Samsung Galaxy (Galaxy S9)
E19 Smartphone Benchmark,e19_real_phone_098_raw,Real,E20_correct__E24_correct,E21_wrong__E24_correct,None (Camera ISP),Samsung Galaxy (Galaxy S9)
E19 Smartphone Benchmark,e19_real_phone_099_raw,Real,E20_correct__E24_correct,E21_correct__E24_correct,None (Camera ISP),Samsung Galaxy (Galaxy S9)
E19 Smartphone Benchmark,e19_real_phone_100_raw,Real,E20_correct__E24_correct,E21_correct__E24_correct,None (Camera ISP),Samsung Galaxy (Galaxy S9)
E19 Smartphone Benchmark,e19_ai_001_wa,AI,E20_correct__E24_correct,E21_correct__E24_correct,"FLUX (Flux LoRA Synthetic Corpus, exact engine unspecified)",Synthetic (None)
E19 Smartphone Benchmark,e19_ai_002_wa,AI,E20_correct__E24_correct,E21_correct__E24_correct,"FLUX (Flux LoRA Synthetic Corpus, exact engine unspecified)",Synthetic (None)
E19 Smartphone Benchmark,e19_ai_003_wa,AI,E20_wrong__E24_correct,E21_correct__E24_correct,"FLUX (Flux LoRA Synthetic Corpus, exact engine unspecified)",Synthetic (None)
E19 Smartphone Benchmark,e19_ai_004_wa,AI,E20_wrong__E24_wrong,E21_correct__E24_wrong,"FLUX (Flux LoRA Synthetic Corpus, exact engine unspecified)",Synthetic (None)
E19 Smartphone Benchmark,e19_ai_005_wa,AI,E20_wrong__E24_correct,E21_correct__E24_correct,"FLUX (Flux LoRA Synthetic Corpus, exact engine unspecified)",Synthetic (None)
E19 Smartphone Benchmark,e19_ai_006_wa,AI,E20_wrong__E24_wrong,E21_wrong__E24_wrong,"FLUX (Flux LoRA Synthetic Corpus, exact engine unspecified)",Synthetic (None)
E19 Smartphone Benchmark,e19_ai_007_wa,AI,E20_wrong__E24_wrong,E21_correct__E24_wrong,"FLUX (Flux LoRA Synthetic Corpus, exact engine unspecified)",Synthetic (None)
E19 Smartphone Benchmark,e19_ai_008_wa,AI,E20_correct__E24_correct,E21_correct__E24_correct,"FLUX (Flux LoRA Synthetic Corpus, exact engine unspecified)",Synthetic (None)
E19 Smartphone Benchmark,e19_ai_009_wa,AI,E20_correct__E24_correct,E21_correct__E24_correct,"FLUX (Flux LoRA Synthetic Corpus, exact engine unspecified)",Synthetic (None)
E19 Smartphone Benchmark,e19_ai_010_wa,AI,E20_wrong__E24_wrong,E21_correct__E24_wrong,"FLUX (Flux LoRA Synthetic Corpus, exact engine unspecified)",Synthetic (None)
E19 Smartphone Benchmark,e19_ai_011_wa,AI,E20_wrong__E24_wrong,E21_correct__E24_wrong,"FLUX (Flux LoRA Synthetic Corpus, exact engine unspecified)",Synthetic (None)
E19 Smartphone Benchmark,e19_ai_012_wa,AI,E20_wrong__E24_correct,E21_correct__E24_correct,"FLUX (Flux LoRA Synthetic Corpus, exact engine unspecified)",Synthetic (None)
E19 Smartphone Benchmark,e19_ai_013_wa,AI,E20_wrong__E24_wrong,E21_correct__E24_wrong,"FLUX (Flux LoRA Synthetic Corpus, exact engine unspecified)",Synthetic (None)
E19 Smartphone Benchmark,e19_ai_014_wa,AI,E20_wrong__E24_wrong,E21_correct__E24_wrong,"FLUX (Flux LoRA Synthetic Corpus, exact engine unspecified)",Synthetic (None)
E19 Smartphone Benchmark,e19_ai_015_wa,AI,E20_wrong__E24_wrong,E21_correct__E24_wrong,"FLUX (Flux LoRA Synthetic Corpus, exact engine unspecified)",Synthetic (None)
E19 Smartphone Benchmark,e19_ai_016_wa,AI,E20_correct__E24_correct,E21_correct__E24_correct,"FLUX (Flux LoRA Synthetic Corpus, exact engine unspecified)",Synthetic (None)
E19 Smartphone Benchmark,e19_ai_017_wa,AI,E20_correct__E24_wrong,E21_wrong__E24_wrong,"FLUX (Flux LoRA Synthetic Corpus, exact engine unspecified)",Synthetic (None)
E19 Smartphone Benchmark,e19_ai_018_wa,AI,E20_wrong__E24_wrong,E21_correct__E24_wrong,"FLUX (Flux LoRA Synthetic Corpus, exact engine unspecified)",Synthetic (None)
E19 Smartphone Benchmark,e19_ai_019_wa,AI,E20_wrong__E24_correct,E21_correct__E24_correct,"FLUX (Flux LoRA Synthetic Corpus, exact engine unspecified)",Synthetic (None)
E19 Smartphone Benchmark,e19_ai_020_wa,AI,E20_correct__E24_correct,E21_correct__E24_correct,"FLUX (Flux LoRA Synthetic Corpus, exact engine unspecified)",Synthetic (None)
E19 Smartphone Benchmark,e19_ai_021_wa,AI,E20_wrong__E24_correct,E21_correct__E24_correct,Google Gemini (exact underlying model unspecified),Synthetic (None)
E19 Smartphone Benchmark,e19_ai_022_wa,AI,E20_correct__E24_correct,E21_correct__E24_correct,Google Gemini (exact underlying model unspecified),Synthetic (None)
E19 Smartphone Benchmark,e19_ai_023_wa,AI,E20_correct__E24_correct,E21_correct__E24_correct,Google Gemini (exact underlying model unspecified),Synthetic (None)
E19 Smartphone Benchmark,e19_ai_024_wa,AI,E20_correct__E24_correct,E21_correct__E24_correct,Google Gemini (exact underlying model unspecified),Synthetic (None)
E19 Smartphone Benchmark,e19_ai_025_wa,AI,E20_correct__E24_wrong,E21_correct__E24_wrong,Google Gemini (exact underlying model unspecified),Synthetic (None)
E19 Smartphone Benchmark,e19_ai_026_wa,AI,E20_wrong__E24_wrong,E21_correct__E24_wrong,Google Gemini (exact underlying model unspecified),Synthetic (None)
E19 Smartphone Benchmark,e19_ai_027_wa,AI,E20_correct__E24_correct,E21_correct__E24_correct,Google Gemini (exact underlying model unspecified),Synthetic (None)
E19 Smartphone Benchmark,e19_ai_028_wa,AI,E20_correct__E24_correct,E21_wrong__E24_correct,Google Gemini (exact underlying model unspecified),Synthetic (None)
E19 Smartphone Benchmark,e19_ai_029_wa,AI,E20_correct__E24_correct,E21_correct__E24_correct,Google Gemini (exact underlying model unspecified),Synthetic (None)
E19 Smartphone Benchmark,e19_ai_030_wa,AI,E20_correct__E24_wrong,E21_correct__E24_wrong,Google Gemini (exact underlying model unspecified),Synthetic (None)
E19 Smartphone Benchmark,e19_ai_031_raw,AI,E20_correct__E24_correct,E21_correct__E24_correct,Google Gemini (exact underlying model unspecified),Synthetic (None)
E19 Smartphone Benchmark,e19_ai_032_raw,AI,E20_correct__E24_correct,E21_correct__E24_correct,Google Gemini (exact underlying model unspecified),Synthetic (None)
E19 Smartphone Benchmark,e19_ai_033_raw,AI,E20_correct__E24_correct,E21_correct__E24_correct,Google Gemini (exact underlying model unspecified),Synthetic (None)
E19 Smartphone Benchmark,e19_ai_034_raw,AI,E20_wrong__E24_correct,E21_correct__E24_correct,Google Gemini (exact underlying model unspecified),Synthetic (None)
E19 Smartphone Benchmark,e19_ai_035_raw,AI,E20_wrong__E24_wrong,E21_wrong__E24_wrong,Google Gemini (exact underlying model unspecified),Synthetic (None)
E19 Smartphone Benchmark,e19_ai_036_raw,AI,E20_wrong__E24_wrong,E21_wrong__E24_wrong,Google Gemini (exact underlying model unspecified),Synthetic (None)
E19 Smartphone Benchmark,e19_ai_037_raw,AI,E20_correct__E24_correct,E21_correct__E24_correct,Google Gemini (exact underlying model unspecified),Synthetic (None)
E19 Smartphone Benchmark,e19_ai_038_raw,AI,E20_correct__E24_correct,E21_correct__E24_correct,Google Gemini (exact underlying model unspecified),Synthetic (None)
E19 Smartphone Benchmark,e19_ai_039_raw,AI,E20_wrong__E24_wrong,E21_wrong__E24_wrong,Google Gemini (exact underlying model unspecified),Synthetic (None)
E19 Smartphone Benchmark,e19_ai_040_raw,AI,E20_correct__E24_correct,E21_wrong__E24_correct,Google Gemini (exact underlying model unspecified),Synthetic (None)
E19 Smartphone Benchmark,e19_ai_041_raw,AI,E20_correct__E24_correct,E21_correct__E24_correct,Midjourney (exact version unspecified),Synthetic (None)
E19 Smartphone Benchmark,e19_ai_042_raw,AI,E20_correct__E24_correct,E21_correct__E24_correct,Midjourney (exact version unspecified),Synthetic (None)
E19 Smartphone Benchmark,e19_ai_043_raw,AI,E20_correct__E24_correct,E21_correct__E24_correct,Midjourney (exact version unspecified),Synthetic (None)
E19 Smartphone Benchmark,e19_ai_044_raw,AI,E20_correct__E24_correct,E21_correct__E24_correct,Midjourney (exact version unspecified),Synthetic (None)
E19 Smartphone Benchmark,e19_ai_045_raw,AI,E20_correct__E24_correct,E21_correct__E24_correct,Midjourney (exact version unspecified),Synthetic (None)
E19 Smartphone Benchmark,e19_ai_046_raw,AI,E20_correct__E24_correct,E21_correct__E24_correct,Midjourney (exact version unspecified),Synthetic (None)
E19 Smartphone Benchmark,e19_ai_047_raw,AI,E20_wrong__E24_correct,E21_correct__E24_correct,Midjourney (exact version unspecified),Synthetic (None)
E19 Smartphone Benchmark,e19_ai_048_raw,AI,E20_correct__E24_correct,E21_correct__E24_correct,Midjourney (exact version unspecified),Synthetic (None)
E19 Smartphone Benchmark,e19_ai_049_raw,AI,E20_wrong__E24_correct,E21_correct__E24_correct,Midjourney (exact version unspecified),Synthetic (None)
E19 Smartphone Benchmark,e19_ai_050_raw,AI,E20_correct__E24_correct,E21_correct__E24_correct,Midjourney (exact version unspecified),Synthetic (None)
E19 Smartphone Benchmark,e19_ai_051_raw,AI,E20_correct__E24_correct,E21_correct__E24_correct,Midjourney (exact version unspecified),Synthetic (None)
E19 Smartphone Benchmark,e19_ai_052_raw,AI,E20_correct__E24_correct,E21_correct__E24_correct,Midjourney (exact version unspecified),Synthetic (None)
E19 Smartphone Benchmark,e19_ai_053_raw,AI,E20_correct__E24_correct,E21_correct__E24_correct,Midjourney (exact version unspecified),Synthetic (None)
E19 Smartphone Benchmark,e19_ai_054_raw,AI,E20_correct__E24_correct,E21_correct__E24_correct,Midjourney (exact version unspecified),Synthetic (None)
E19 Smartphone Benchmark,e19_ai_055_raw,AI,E20_correct__E24_correct,E21_correct__E24_correct,Midjourney (exact version unspecified),Synthetic (None)
E19 Smartphone Benchmark,e19_ai_056_raw,AI,E20_correct__E24_correct,E21_correct__E24_correct,Midjourney (exact version unspecified),Synthetic (None)
E19 Smartphone Benchmark,e19_ai_057_raw,AI,E20_correct__E24_correct,E21_correct__E24_correct,Midjourney (exact version unspecified),Synthetic (None)
E19 Smartphone Benchmark,e19_ai_058_raw,AI,E20_correct__E24_correct,E21_correct__E24_correct,Midjourney (exact version unspecified),Synthetic (None)
E19 Smartphone Benchmark,e19_ai_059_raw,AI,E20_wrong__E24_correct,E21_correct__E24_correct,Midjourney (exact version unspecified),Synthetic (None)
E19 Smartphone Benchmark,e19_ai_060_raw,AI,E20_correct__E24_correct,E21_correct__E24_correct,Midjourney (exact version unspecified),Synthetic (None)
E19 Smartphone Benchmark,e19_ai_061_raw,AI,E20_correct__E24_correct,E21_correct__E24_correct,OpenAI DALL-E (DALL-E 3),Synthetic (None)
E19 Smartphone Benchmark,e19_ai_062_raw,AI,E20_correct__E24_correct,E21_correct__E24_correct,OpenAI DALL-E (DALL-E 3),Synthetic (None)
E19 Smartphone Benchmark,e19_ai_063_raw,AI,E20_correct__E24_correct,E21_correct__E24_correct,OpenAI DALL-E (DALL-E 3),Synthetic (None)
E19 Smartphone Benchmark,e19_ai_064_raw,AI,E20_correct__E24_correct,E21_correct__E24_correct,OpenAI DALL-E (DALL-E 3),Synthetic (None)
E19 Smartphone Benchmark,e19_ai_065_raw,AI,E20_correct__E24_correct,E21_correct__E24_correct,OpenAI DALL-E (DALL-E 3),Synthetic (None)
E19 Smartphone Benchmark,e19_ai_066_raw,AI,E20_correct__E24_correct,E21_correct__E24_correct,OpenAI DALL-E (DALL-E 3),Synthetic (None)
E19 Smartphone Benchmark,e19_ai_067_raw,AI,E20_wrong__E24_correct,E21_correct__E24_correct,OpenAI DALL-E (DALL-E 3),Synthetic (None)
E19 Smartphone Benchmark,e19_ai_068_raw,AI,E20_correct__E24_correct,E21_correct__E24_correct,OpenAI DALL-E (DALL-E 3),Synthetic (None)
E19 Smartphone Benchmark,e19_ai_069_raw,AI,E20_correct__E24_correct,E21_correct__E24_correct,OpenAI DALL-E (DALL-E 3),Synthetic (None)
E19 Smartphone Benchmark,e19_ai_070_raw,AI,E20_correct__E24_correct,E21_correct__E24_correct,OpenAI DALL-E (DALL-E 3),Synthetic (None)
E19 Smartphone Benchmark,e19_ai_071_raw,AI,E20_correct__E24_correct,E21_correct__E24_correct,OpenAI DALL-E (DALL-E 3),Synthetic (None)
E19 Smartphone Benchmark,e19_ai_072_raw,AI,E20_correct__E24_correct,E21_wrong__E24_correct,OpenAI DALL-E (DALL-E 3),Synthetic (None)
E19 Smartphone Benchmark,e19_ai_073_raw,AI,E20_correct__E24_correct,E21_correct__E24_correct,OpenAI DALL-E (DALL-E 3),Synthetic (None)
E19 Smartphone Benchmark,e19_ai_074_raw,AI,E20_correct__E24_correct,E21_correct__E24_correct,OpenAI DALL-E (DALL-E 3),Synthetic (None)
E19 Smartphone Benchmark,e19_ai_075_raw,AI,E20_correct__E24_correct,E21_correct__E24_correct,OpenAI DALL-E (DALL-E 3),Synthetic (None)
E19 Smartphone Benchmark,e19_ai_076_raw,AI,E20_correct__E24_correct,E21_correct__E24_correct,OpenAI DALL-E (DALL-E 3),Synthetic (None)
E19 Smartphone Benchmark,e19_ai_077_raw,AI,E20_correct__E24_correct,E21_correct__E24_correct,OpenAI DALL-E (DALL-E 3),Synthetic (None)
E19 Smartphone Benchmark,e19_ai_078_raw,AI,E20_correct__E24_correct,E21_correct__E24_correct,OpenAI DALL-E (DALL-E 3),Synthetic (None)
E19 Smartphone Benchmark,e19_ai_079_raw,AI,E20_correct__E24_correct,E21_correct__E24_correct,OpenAI DALL-E (DALL-E 3),Synthetic (None)
E19 Smartphone Benchmark,e19_ai_080_raw,AI,E20_correct__E24_correct,E21_correct__E24_correct,OpenAI DALL-E (DALL-E 3),Synthetic (None)
E19 Smartphone Benchmark,e19_ai_081_raw,AI,E20_correct__E24_correct,E21_correct__E24_correct,Stability AI Stable Diffusion (exact version unspecified),Synthetic (None)
E19 Smartphone Benchmark,e19_ai_082_raw,AI,E20_correct__E24_correct,E21_correct__E24_correct,Stability AI Stable Diffusion (exact version unspecified),Synthetic (None)
E19 Smartphone Benchmark,e19_ai_083_raw,AI,E20_correct__E24_correct,E21_wrong__E24_correct,Stability AI Stable Diffusion (exact version unspecified),Synthetic (None)
E19 Smartphone Benchmark,e19_ai_084_raw,AI,E20_correct__E24_correct,E21_correct__E24_correct,Stability AI Stable Diffusion (exact version unspecified),Synthetic (None)
E19 Smartphone Benchmark,e19_ai_085_raw,AI,E20_wrong__E24_correct,E21_correct__E24_correct,Stability AI Stable Diffusion (exact version unspecified),Synthetic (None)
E19 Smartphone Benchmark,e19_ai_086_raw,AI,E20_correct__E24_correct,E21_correct__E24_correct,Stability AI Stable Diffusion (exact version unspecified),Synthetic (None)
E19 Smartphone Benchmark,e19_ai_087_raw,AI,E20_correct__E24_correct,E21_correct__E24_correct,Stability AI Stable Diffusion (exact version unspecified),Synthetic (None)
E19 Smartphone Benchmark,e19_ai_088_raw,AI,E20_correct__E24_correct,E21_correct__E24_correct,Stability AI Stable Diffusion (exact version unspecified),Synthetic (None)
E19 Smartphone Benchmark,e19_ai_089_raw,AI,E20_correct__E24_correct,E21_correct__E24_correct,Stability AI Stable Diffusion (exact version unspecified),Synthetic (None)
E19 Smartphone Benchmark,e19_ai_090_raw,AI,E20_correct__E24_correct,E21_correct__E24_correct,Stability AI Stable Diffusion (exact version unspecified),Synthetic (None)
E19 Smartphone Benchmark,e19_ai_091_raw,AI,E20_correct__E24_correct,E21_correct__E24_correct,Stability AI Stable Diffusion (exact version unspecified),Synthetic (None)
E19 Smartphone Benchmark,e19_ai_092_raw,AI,E20_correct__E24_correct,E21_correct__E24_correct,Stability AI Stable Diffusion (exact version unspecified),Synthetic (None)
E19 Smartphone Benchmark,e19_ai_093_raw,AI,E20_correct__E24_correct,E21_correct__E24_correct,Stability AI Stable Diffusion (exact version unspecified),Synthetic (None)
E19 Smartphone Benchmark,e19_ai_094_raw,AI,E20_correct__E24_correct,E21_correct__E24_correct,Stability AI Stable Diffusion (exact version unspecified),Synthetic (None)
E19 Smartphone Benchmark,e19_ai_095_raw,AI,E20_correct__E24_correct,E21_correct__E24_correct,Stability AI Stable Diffusion (exact version unspecified),Synthetic (None)
E19 Smartphone Benchmark,e19_ai_096_raw,AI,E20_correct__E24_correct,E21_correct__E24_correct,Stability AI Stable Diffusion (exact version unspecified),Synthetic (None)
E19 Smartphone Benchmark,e19_ai_097_raw,AI,E20_wrong__E24_correct,E21_wrong__E24_correct,Stability AI Stable Diffusion (exact version unspecified),Synthetic (None)
E19 Smartphone Benchmark,e19_ai_098_raw,AI,E20_wrong__E24_correct,E21_correct__E24_correct,Stability AI Stable Diffusion (exact version unspecified),Synthetic (None)
E19 Smartphone Benchmark,e19_ai_099_raw,AI,E20_correct__E24_correct,E21_correct__E24_correct,Stability AI Stable Diffusion (exact version unspecified),Synthetic (None)
E19 Smartphone Benchmark,e19_ai_100_raw,AI,E20_correct__E24_correct,E21_correct__E24_correct,Stability AI Stable Diffusion (exact version unspecified),Synthetic (None)
E19 WhatsApp Subset,e19_real_phone_001_wa,Real,E20_correct__E24_wrong,E21_correct__E24_wrong,None (Camera ISP),"Google Pixel (Pixel 7-9 family, exact model unspecified)"
E19 WhatsApp Subset,e19_real_phone_002_wa,Real,E20_correct__E24_correct,E21_wrong__E24_correct,None (Camera ISP),"Google Pixel (Pixel 7-9 family, exact model unspecified)"
E19 WhatsApp Subset,e19_real_phone_003_wa,Real,E20_correct__E24_wrong,E21_wrong__E24_wrong,None (Camera ISP),"Google Pixel (Pixel 7-9 family, exact model unspecified)"
E19 WhatsApp Subset,e19_real_phone_004_wa,Real,E20_correct__E24_correct,E21_wrong__E24_correct,None (Camera ISP),"Google Pixel (Pixel 7-9 family, exact model unspecified)"
E19 WhatsApp Subset,e19_real_phone_005_wa,Real,E20_correct__E24_correct,E21_wrong__E24_correct,None (Camera ISP),"Google Pixel (Pixel 7-9 family, exact model unspecified)"
E19 WhatsApp Subset,e19_real_phone_006_wa,Real,E20_wrong__E24_wrong,E21_wrong__E24_wrong,None (Camera ISP),"Google Pixel (Pixel 7-9 family, exact model unspecified)"
E19 WhatsApp Subset,e19_real_phone_007_wa,Real,E20_correct__E24_correct,E21_correct__E24_correct,None (Camera ISP),"Google Pixel (Pixel 7-9 family, exact model unspecified)"
E19 WhatsApp Subset,e19_real_phone_008_wa,Real,E20_correct__E24_correct,E21_correct__E24_correct,None (Camera ISP),"Google Pixel (Pixel 7-9 family, exact model unspecified)"
E19 WhatsApp Subset,e19_real_phone_009_wa,Real,E20_correct__E24_correct,E21_wrong__E24_correct,None (Camera ISP),"Google Pixel (Pixel 7-9 family, exact model unspecified)"
E19 WhatsApp Subset,e19_real_phone_010_wa,Real,E20_correct__E24_correct,E21_wrong__E24_correct,None (Camera ISP),"Google Pixel (Pixel 7-9 family, exact model unspecified)"
E19 WhatsApp Subset,e19_real_phone_011_wa,Real,E20_correct__E24_correct,E21_wrong__E24_correct,None (Camera ISP),"Google Pixel (Pixel 7-9 family, exact model unspecified)"
E19 WhatsApp Subset,e19_real_phone_012_wa,Real,E20_correct__E24_correct,E21_correct__E24_correct,None (Camera ISP),"Google Pixel (Pixel 7-9 family, exact model unspecified)"
E19 WhatsApp Subset,e19_real_phone_013_wa,Real,E20_correct__E24_correct,E21_wrong__E24_correct,None (Camera ISP),"Google Pixel (Pixel 7-9 family, exact model unspecified)"
E19 WhatsApp Subset,e19_real_phone_014_wa,Real,E20_correct__E24_correct,E21_correct__E24_correct,None (Camera ISP),"Google Pixel (Pixel 7-9 family, exact model unspecified)"
E19 WhatsApp Subset,e19_real_phone_015_wa,Real,E20_correct__E24_wrong,E21_wrong__E24_wrong,None (Camera ISP),"Google Pixel (Pixel 7-9 family, exact model unspecified)"
E19 WhatsApp Subset,e19_real_phone_016_wa,Real,E20_correct__E24_wrong,E21_wrong__E24_wrong,None (Camera ISP),"Google Pixel (Pixel 7-9 family, exact model unspecified)"
E19 WhatsApp Subset,e19_real_phone_017_wa,Real,E20_correct__E24_correct,E21_correct__E24_correct,None (Camera ISP),"Google Pixel (Pixel 7-9 family, exact model unspecified)"
E19 WhatsApp Subset,e19_real_phone_018_wa,Real,E20_correct__E24_correct,E21_correct__E24_correct,None (Camera ISP),"Google Pixel (Pixel 7-9 family, exact model unspecified)"
E19 WhatsApp Subset,e19_real_phone_019_wa,Real,E20_correct__E24_correct,E21_wrong__E24_correct,None (Camera ISP),"Google Pixel (Pixel 7-9 family, exact model unspecified)"
E19 WhatsApp Subset,e19_real_phone_020_wa,Real,E20_correct__E24_correct,E21_wrong__E24_correct,None (Camera ISP),"Google Pixel (Pixel 7-9 family, exact model unspecified)"
E19 WhatsApp Subset,e19_real_phone_021_wa,Real,E20_correct__E24_wrong,E21_wrong__E24_wrong,None (Camera ISP),"Google Pixel (Pixel 7-9 family, exact model unspecified)"
E19 WhatsApp Subset,e19_real_phone_022_wa,Real,E20_correct__E24_correct,E21_correct__E24_correct,None (Camera ISP),"Google Pixel (Pixel 7-9 family, exact model unspecified)"
E19 WhatsApp Subset,e19_real_phone_023_wa,Real,E20_correct__E24_correct,E21_correct__E24_correct,None (Camera ISP),"Google Pixel (Pixel 7-9 family, exact model unspecified)"
E19 WhatsApp Subset,e19_real_phone_024_wa,Real,E20_correct__E24_correct,E21_wrong__E24_correct,None (Camera ISP),"Google Pixel (Pixel 7-9 family, exact model unspecified)"
E19 WhatsApp Subset,e19_real_phone_025_wa,Real,E20_correct__E24_correct,E21_wrong__E24_correct,None (Camera ISP),"Google Pixel (Pixel 7-9 family, exact model unspecified)"
E19 WhatsApp Subset,e19_real_phone_026_wa,Real,E20_correct__E24_wrong,E21_wrong__E24_wrong,None (Camera ISP),"Google Pixel (Pixel 7-9 family, exact model unspecified)"
E19 WhatsApp Subset,e19_real_phone_027_wa,Real,E20_correct__E24_correct,E21_wrong__E24_correct,None (Camera ISP),"Google Pixel (Pixel 7-9 family, exact model unspecified)"
E19 WhatsApp Subset,e19_real_phone_028_wa,Real,E20_correct__E24_correct,E21_correct__E24_correct,None (Camera ISP),"Google Pixel (Pixel 7-9 family, exact model unspecified)"
E19 WhatsApp Subset,e19_real_phone_029_wa,Real,E20_correct__E24_correct,E21_wrong__E24_correct,None (Camera ISP),"Google Pixel (Pixel 7-9 family, exact model unspecified)"
E19 WhatsApp Subset,e19_real_phone_030_wa,Real,E20_correct__E24_correct,E21_wrong__E24_correct,None (Camera ISP),"Google Pixel (Pixel 7-9 family, exact model unspecified)"
E19 WhatsApp Subset,e19_ai_001_wa,AI,E20_correct__E24_correct,E21_correct__E24_correct,"FLUX (Flux LoRA Synthetic Corpus, exact engine unspecified)",Synthetic (None)
E19 WhatsApp Subset,e19_ai_002_wa,AI,E20_correct__E24_correct,E21_correct__E24_correct,"FLUX (Flux LoRA Synthetic Corpus, exact engine unspecified)",Synthetic (None)
E19 WhatsApp Subset,e19_ai_003_wa,AI,E20_wrong__E24_correct,E21_correct__E24_correct,"FLUX (Flux LoRA Synthetic Corpus, exact engine unspecified)",Synthetic (None)
E19 WhatsApp Subset,e19_ai_004_wa,AI,E20_wrong__E24_wrong,E21_correct__E24_wrong,"FLUX (Flux LoRA Synthetic Corpus, exact engine unspecified)",Synthetic (None)
E19 WhatsApp Subset,e19_ai_005_wa,AI,E20_wrong__E24_correct,E21_correct__E24_correct,"FLUX (Flux LoRA Synthetic Corpus, exact engine unspecified)",Synthetic (None)
E19 WhatsApp Subset,e19_ai_006_wa,AI,E20_wrong__E24_wrong,E21_wrong__E24_wrong,"FLUX (Flux LoRA Synthetic Corpus, exact engine unspecified)",Synthetic (None)
E19 WhatsApp Subset,e19_ai_007_wa,AI,E20_wrong__E24_wrong,E21_correct__E24_wrong,"FLUX (Flux LoRA Synthetic Corpus, exact engine unspecified)",Synthetic (None)
E19 WhatsApp Subset,e19_ai_008_wa,AI,E20_correct__E24_correct,E21_correct__E24_correct,"FLUX (Flux LoRA Synthetic Corpus, exact engine unspecified)",Synthetic (None)
E19 WhatsApp Subset,e19_ai_009_wa,AI,E20_correct__E24_correct,E21_correct__E24_correct,"FLUX (Flux LoRA Synthetic Corpus, exact engine unspecified)",Synthetic (None)
E19 WhatsApp Subset,e19_ai_010_wa,AI,E20_wrong__E24_wrong,E21_correct__E24_wrong,"FLUX (Flux LoRA Synthetic Corpus, exact engine unspecified)",Synthetic (None)
E19 WhatsApp Subset,e19_ai_011_wa,AI,E20_wrong__E24_wrong,E21_correct__E24_wrong,"FLUX (Flux LoRA Synthetic Corpus, exact engine unspecified)",Synthetic (None)
E19 WhatsApp Subset,e19_ai_012_wa,AI,E20_wrong__E24_correct,E21_correct__E24_correct,"FLUX (Flux LoRA Synthetic Corpus, exact engine unspecified)",Synthetic (None)
E19 WhatsApp Subset,e19_ai_013_wa,AI,E20_wrong__E24_wrong,E21_correct__E24_wrong,"FLUX (Flux LoRA Synthetic Corpus, exact engine unspecified)",Synthetic (None)
E19 WhatsApp Subset,e19_ai_014_wa,AI,E20_wrong__E24_wrong,E21_correct__E24_wrong,"FLUX (Flux LoRA Synthetic Corpus, exact engine unspecified)",Synthetic (None)
E19 WhatsApp Subset,e19_ai_015_wa,AI,E20_wrong__E24_wrong,E21_correct__E24_wrong,"FLUX (Flux LoRA Synthetic Corpus, exact engine unspecified)",Synthetic (None)
E19 WhatsApp Subset,e19_ai_016_wa,AI,E20_correct__E24_correct,E21_correct__E24_correct,"FLUX (Flux LoRA Synthetic Corpus, exact engine unspecified)",Synthetic (None)
E19 WhatsApp Subset,e19_ai_017_wa,AI,E20_correct__E24_wrong,E21_wrong__E24_wrong,"FLUX (Flux LoRA Synthetic Corpus, exact engine unspecified)",Synthetic (None)
E19 WhatsApp Subset,e19_ai_018_wa,AI,E20_wrong__E24_wrong,E21_correct__E24_wrong,"FLUX (Flux LoRA Synthetic Corpus, exact engine unspecified)",Synthetic (None)
E19 WhatsApp Subset,e19_ai_019_wa,AI,E20_wrong__E24_correct,E21_correct__E24_correct,"FLUX (Flux LoRA Synthetic Corpus, exact engine unspecified)",Synthetic (None)
E19 WhatsApp Subset,e19_ai_020_wa,AI,E20_correct__E24_correct,E21_correct__E24_correct,"FLUX (Flux LoRA Synthetic Corpus, exact engine unspecified)",Synthetic (None)
E19 WhatsApp Subset,e19_ai_021_wa,AI,E20_wrong__E24_correct,E21_correct__E24_correct,Google Gemini (exact underlying model unspecified),Synthetic (None)
E19 WhatsApp Subset,e19_ai_022_wa,AI,E20_correct__E24_correct,E21_correct__E24_correct,Google Gemini (exact underlying model unspecified),Synthetic (None)
E19 WhatsApp Subset,e19_ai_023_wa,AI,E20_correct__E24_correct,E21_correct__E24_correct,Google Gemini (exact underlying model unspecified),Synthetic (None)
E19 WhatsApp Subset,e19_ai_024_wa,AI,E20_correct__E24_correct,E21_correct__E24_correct,Google Gemini (exact underlying model unspecified),Synthetic (None)
E19 WhatsApp Subset,e19_ai_025_wa,AI,E20_correct__E24_wrong,E21_correct__E24_wrong,Google Gemini (exact underlying model unspecified),Synthetic (None)
E19 WhatsApp Subset,e19_ai_026_wa,AI,E20_wrong__E24_wrong,E21_correct__E24_wrong,Google Gemini (exact underlying model unspecified),Synthetic (None)
E19 WhatsApp Subset,e19_ai_027_wa,AI,E20_correct__E24_correct,E21_correct__E24_correct,Google Gemini (exact underlying model unspecified),Synthetic (None)
E19 WhatsApp Subset,e19_ai_028_wa,AI,E20_correct__E24_correct,E21_wrong__E24_correct,Google Gemini (exact underlying model unspecified),Synthetic (None)
E19 WhatsApp Subset,e19_ai_029_wa,AI,E20_correct__E24_correct,E21_correct__E24_correct,Google Gemini (exact underlying model unspecified),Synthetic (None)
E19 WhatsApp Subset,e19_ai_030_wa,AI,E20_correct__E24_wrong,E21_correct__E24_wrong,Google Gemini (exact underlying model unspecified),Synthetic (None)
WhatsApp N=67 Benchmark,WhatsApp Image 2026-09-17 at 3.38.18 PM (1),Real,E20_correct__E24_correct,E21_wrong__E24_correct,none,smartphone_unknown
WhatsApp N=67 Benchmark,WhatsApp Image 2026-09-17 at 3.38.18 PM (2),Real,E20_correct__E24_wrong,E21_wrong__E24_wrong,none,smartphone_unknown
WhatsApp N=67 Benchmark,WhatsApp Image 2026-09-17 at 3.38.18 PM,Real,E20_wrong__E24_correct,E21_correct__E24_correct,none,smartphone_unknown
WhatsApp N=67 Benchmark,WhatsApp Image 2026-09-17 at 3.38.19 PM (1),Real,E20_wrong__E24_correct,E21_wrong__E24_correct,none,smartphone_unknown
WhatsApp N=67 Benchmark,WhatsApp Image 2026-09-17 at 3.38.19 PM (2),Real,E20_correct__E24_correct,E21_correct__E24_correct,none,smartphone_unknown
WhatsApp N=67 Benchmark,WhatsApp Image 2026-09-17 at 3.38.19 PM,Real,E20_wrong__E24_correct,E21_correct__E24_correct,none,smartphone_unknown
WhatsApp N=67 Benchmark,WhatsApp Image 2026-09-17 at 3.38.21 PM (1),Real,E20_correct__E24_correct,E21_wrong__E24_correct,none,smartphone_unknown
WhatsApp N=67 Benchmark,WhatsApp Image 2026-09-17 at 3.38.21 PM (2),Real,E20_wrong__E24_correct,E21_wrong__E24_correct,none,smartphone_unknown
WhatsApp N=67 Benchmark,WhatsApp Image 2026-09-17 at 3.38.21 PM,Real,E20_correct__E24_correct,E21_wrong__E24_correct,none,smartphone_unknown
WhatsApp N=67 Benchmark,WhatsApp Image 2026-09-17 at 3.38.22 PM (1),Real,E20_correct__E24_correct,E21_wrong__E24_correct,none,smartphone_unknown
WhatsApp N=67 Benchmark,WhatsApp Image 2026-09-17 at 3.38.22 PM (2),Real,E20_wrong__E24_wrong,E21_wrong__E24_wrong,none,smartphone_unknown
WhatsApp N=67 Benchmark,WhatsApp Image 2026-09-17 at 3.38.22 PM (3),Real,E20_wrong__E24_wrong,E21_wrong__E24_wrong,none,smartphone_unknown
WhatsApp N=67 Benchmark,WhatsApp Image 2026-09-17 at 3.38.22 PM,Real,E20_correct__E24_wrong,E21_wrong__E24_wrong,none,smartphone_unknown
WhatsApp N=67 Benchmark,WhatsApp Image 2026-09-17 at 3.40.06 PM (1),Real,E20_wrong__E24_wrong,E21_wrong__E24_wrong,none,smartphone_unknown
WhatsApp N=67 Benchmark,WhatsApp Image 2026-09-17 at 3.40.06 PM,Real,E20_wrong__E24_correct,E21_wrong__E24_correct,none,smartphone_unknown
WhatsApp N=67 Benchmark,WhatsApp Image 2026-09-17 at 3.44.10 PM (1),Real,E20_correct__E24_correct,E21_correct__E24_correct,none,smartphone_unknown
WhatsApp N=67 Benchmark,WhatsApp Image 2026-09-17 at 3.44.10 PM (2),Real,E20_correct__E24_correct,E21_correct__E24_correct,none,smartphone_unknown
WhatsApp N=67 Benchmark,WhatsApp Image 2026-09-17 at 3.44.10 PM (3),Real,E20_correct__E24_correct,E21_correct__E24_correct,none,smartphone_unknown
WhatsApp N=67 Benchmark,WhatsApp Image 2026-09-17 at 3.44.10 PM (4),Real,E20_correct__E24_wrong,E21_wrong__E24_wrong,none,smartphone_unknown
WhatsApp N=67 Benchmark,WhatsApp Image 2026-09-17 at 3.44.10 PM (7),Real,E20_correct__E24_correct,E21_correct__E24_correct,none,smartphone_unknown
WhatsApp N=67 Benchmark,WhatsApp Image 2026-09-17 at 3.44.11 PM (1),Real,E20_correct__E24_correct,E21_correct__E24_correct,none,smartphone_unknown
WhatsApp N=67 Benchmark,WhatsApp Image 2026-09-17 at 3.44.11 PM (10),Real,E20_correct__E24_correct,E21_wrong__E24_correct,none,smartphone_unknown
WhatsApp N=67 Benchmark,WhatsApp Image 2026-09-17 at 3.44.11 PM (11),Real,E20_wrong__E24_correct,E21_correct__E24_correct,none,smartphone_unknown
WhatsApp N=67 Benchmark,WhatsApp Image 2026-09-17 at 3.44.11 PM (12),Real,E20_wrong__E24_correct,E21_correct__E24_correct,none,smartphone_unknown
WhatsApp N=67 Benchmark,WhatsApp Image 2026-09-17 at 3.44.11 PM (13),Real,E20_correct__E24_correct,E21_wrong__E24_correct,none,smartphone_unknown
WhatsApp N=67 Benchmark,WhatsApp Image 2026-09-17 at 3.44.11 PM (14),Real,E20_wrong__E24_wrong,E21_wrong__E24_wrong,none,smartphone_unknown
WhatsApp N=67 Benchmark,WhatsApp Image 2026-09-17 at 3.44.11 PM (15),Real,E20_correct__E24_correct,E21_wrong__E24_correct,none,smartphone_unknown
WhatsApp N=67 Benchmark,WhatsApp Image 2026-09-17 at 3.44.11 PM (2),Real,E20_correct__E24_correct,E21_correct__E24_correct,none,smartphone_unknown
WhatsApp N=67 Benchmark,WhatsApp Image 2026-09-17 at 3.44.11 PM (3),Real,E20_correct__E24_correct,E21_correct__E24_correct,none,smartphone_unknown
WhatsApp N=67 Benchmark,WhatsApp Image 2026-09-17 at 3.44.11 PM (4),Real,E20_correct__E24_correct,E21_correct__E24_correct,none,smartphone_unknown
WhatsApp N=67 Benchmark,WhatsApp Image 2026-09-17 at 3.44.11 PM (5),Real,E20_correct__E24_wrong,E21_correct__E24_wrong,none,smartphone_unknown
WhatsApp N=67 Benchmark,WhatsApp Image 2026-09-17 at 3.44.11 PM (7),Real,E20_correct__E24_correct,E21_correct__E24_correct,none,smartphone_unknown
WhatsApp N=67 Benchmark,WhatsApp Image 2026-09-17 at 3.44.11 PM (8),Real,E20_wrong__E24_wrong,E21_wrong__E24_wrong,none,smartphone_unknown
WhatsApp N=67 Benchmark,WhatsApp Image 2026-09-17 at 3.44.11 PM,Real,E20_correct__E24_correct,E21_wrong__E24_correct,none,smartphone_unknown
WhatsApp N=67 Benchmark,WhatsApp Image 2026-09-17 at 3.50.51 PM,AI,E20_wrong__E24_wrong,E21_correct__E24_wrong,generator_unknown,none
WhatsApp N=67 Benchmark,WhatsApp Image 2026-09-17 at 3.56.02 PM (1),AI,E20_wrong__E24_wrong,E21_correct__E24_wrong,generator_unknown,none
WhatsApp N=67 Benchmark,WhatsApp Image 2026-09-17 at 3.56.02 PM (2),AI,E20_wrong__E24_wrong,E21_wrong__E24_wrong,generator_unknown,none
WhatsApp N=67 Benchmark,WhatsApp Image 2026-09-17 at 3.56.02 PM (3),AI,E20_wrong__E24_wrong,E21_correct__E24_wrong,generator_unknown,none
WhatsApp N=67 Benchmark,WhatsApp Image 2026-09-17 at 3.56.02 PM,AI,E20_correct__E24_correct,E21_correct__E24_correct,generator_unknown,none
WhatsApp N=67 Benchmark,WhatsApp Image 2026-09-17 at 4.13.17 PM (1),AI,E20_wrong__E24_wrong,E21_wrong__E24_wrong,generator_unknown,none
WhatsApp N=67 Benchmark,WhatsApp Image 2026-09-17 at 4.13.17 PM (2),AI,E20_wrong__E24_correct,E21_wrong__E24_correct,generator_unknown,none
WhatsApp N=67 Benchmark,WhatsApp Image 2026-09-17 at 4.13.17 PM (3),AI,E20_wrong__E24_correct,E21_correct__E24_correct,generator_unknown,none
WhatsApp N=67 Benchmark,WhatsApp Image 2026-09-17 at 4.13.17 PM (4),AI,E20_correct__E24_correct,E21_correct__E24_correct,generator_unknown,none
WhatsApp N=67 Benchmark,WhatsApp Image 2026-09-17 at 4.13.17 PM (5),AI,E20_correct__E24_wrong,E21_wrong__E24_wrong,generator_unknown,none
WhatsApp N=67 Benchmark,WhatsApp Image 2026-09-17 at 4.13.17 PM,AI,E20_wrong__E24_wrong,E21_wrong__E24_wrong,generator_unknown,none
WhatsApp N=67 Benchmark,WhatsApp Image 2026-09-17 at 4.13.18 PM (1),AI,E20_wrong__E24_correct,E21_correct__E24_correct,generator_unknown,none
WhatsApp N=67 Benchmark,WhatsApp Image 2026-09-17 at 4.13.18 PM (2),AI,E20_correct__E24_correct,E21_correct__E24_correct,generator_unknown,none
WhatsApp N=67 Benchmark,WhatsApp Image 2026-09-17 at 4.13.18 PM (3),AI,E20_wrong__E24_wrong,E21_correct__E24_wrong,generator_unknown,none
WhatsApp N=67 Benchmark,WhatsApp Image 2026-09-17 at 4.13.18 PM (4),AI,E20_wrong__E24_wrong,E21_correct__E24_wrong,generator_unknown,none
WhatsApp N=67 Benchmark,WhatsApp Image 2026-09-17 at 4.13.18 PM (5),AI,E20_correct__E24_correct,E21_correct__E24_correct,generator_unknown,none
WhatsApp N=67 Benchmark,WhatsApp Image 2026-09-17 at 4.13.18 PM (6),AI,E20_wrong__E24_wrong,E21_wrong__E24_wrong,generator_unknown,none
WhatsApp N=67 Benchmark,WhatsApp Image 2026-09-17 at 4.13.18 PM,AI,E20_correct__E24_wrong,E21_correct__E24_wrong,generator_unknown,none
WhatsApp N=67 Benchmark,WhatsApp Image 2026-09-17 at 4.28.11 PM (1),AI,E20_wrong__E24_wrong,E21_correct__E24_wrong,generator_unknown,none
WhatsApp N=67 Benchmark,WhatsApp Image 2026-09-17 at 4.28.11 PM (2),AI,E20_correct__E24_correct,E21_correct__E24_correct,generator_unknown,none
WhatsApp N=67 Benchmark,WhatsApp Image 2026-09-17 at 4.28.11 PM (3),AI,E20_wrong__E24_wrong,E21_correct__E24_wrong,generator_unknown,none
WhatsApp N=67 Benchmark,WhatsApp Image 2026-09-17 at 4.28.11 PM (4),AI,E20_wrong__E24_wrong,E21_wrong__E24_wrong,generator_unknown,none
WhatsApp N=67 Benchmark,WhatsApp Image 2026-09-17 at 4.28.11 PM (5),AI,E20_correct__E24_wrong,E21_wrong__E24_wrong,generator_unknown,none
WhatsApp N=67 Benchmark,WhatsApp Image 2026-09-17 at 4.28.11 PM (6),AI,E20_wrong__E24_correct,E21_correct__E24_correct,generator_unknown,none
WhatsApp N=67 Benchmark,WhatsApp Image 2026-09-17 at 4.28.11 PM (7),AI,E20_wrong__E24_wrong,E21_correct__E24_wrong,generator_unknown,none
WhatsApp N=67 Benchmark,WhatsApp Image 2026-09-17 at 4.28.11 PM,AI,E20_correct__E24_correct,E21_wrong__E24_correct,generator_unknown,none
WhatsApp N=67 Benchmark,WhatsApp Image 2026-09-17 at 4.31.09 PM,AI,E20_correct__E24_wrong,E21_correct__E24_wrong,generator_unknown,none
WhatsApp N=67 Benchmark,WhatsApp Image 2026-09-17 at 4.37.12 PM (1),AI,E20_correct__E24_correct,E21_correct__E24_correct,generator_unknown,none
WhatsApp N=67 Benchmark,WhatsApp Image 2026-09-17 at 4.37.12 PM (2),AI,E20_wrong__E24_wrong,E21_correct__E24_wrong,generator_unknown,none
WhatsApp N=67 Benchmark,WhatsApp Image 2026-09-17 at 4.37.12 PM (3),AI,E20_correct__E24_correct,E21_wrong__E24_correct,generator_unknown,none
WhatsApp N=67 Benchmark,WhatsApp Image 2026-09-17 at 4.37.12 PM,AI,E20_wrong__E24_wrong,E21_wrong__E24_wrong,generator_unknown,none
WhatsApp N=67 Benchmark,WhatsApp Image 2026-09-17 at 4.39.57 PM (1),AI,E20_correct__E24_wrong,E21_correct__E24_wrong,generator_unknown,none
WhatsApp N=67 Benchmark,WhatsApp Image 2026-09-17 at 4.39.57 PM,AI,E20_wrong__E24_correct,E21_correct__E24_correct,generator_unknown,none
