rel_path,ground_truth,e10b_prob
data/genimage/imagenet_ai_0508_adm/val/ai/0_adm_85.PNG,1,1.0
data/genimage/imagenet_ai_0508_adm/val/ai/101_adm_91.PNG,1,0.972217
data/genimage/imagenet_ai_0508_adm/val/ai/103_adm_153.PNG,1,0.999999
data/genimage/imagenet_ai_0508_adm/val/ai/105_adm_34.PNG,1,0.986699
data/genimage/imagenet_ai_0508_adm/val/ai/106_adm_85.PNG,1,0.999941
data/genimage/imagenet_ai_0508_adm/val/ai/108_adm_153.PNG,1,0.999986
data/genimage/imagenet_ai_0508_adm/val/ai/109_adm_174.PNG,1,0.999876
data/genimage/imagenet_ai_0508_adm/val/ai/111_adm_174.PNG,1,0.99814
data/genimage/imagenet_ai_0508_adm/val/ai/112_adm_7.PNG,1,0.999994
data/genimage/imagenet_ai_0508_adm/val/ai/113_adm_91.PNG,1,0.999758
data/genimage/imagenet_ai_0508_adm/val/ai/114_adm_174.PNG,1,0.999619
data/genimage/imagenet_ai_0508_adm/val/ai/116_adm_85.PNG,1,0.999936
data/genimage/imagenet_ai_0508_adm/val/ai/117_adm_85.PNG,1,0.997751
data/genimage/imagenet_ai_0508_adm/val/ai/11_adm_34.PNG,1,0.999994
data/genimage/imagenet_ai_0508_adm/val/ai/120_adm_153.PNG,1,0.999993
data/genimage/imagenet_ai_0508_adm/val/ai/120_adm_85.PNG,1,0.964127
data/genimage/imagenet_ai_0508_adm/val/ai/122_adm_34.PNG,1,0.999978
data/genimage/imagenet_ai_0508_adm/val/ai/122_adm_7.PNG,1,1.0
data/genimage/imagenet_ai_0508_adm/val/ai/124_adm_174.PNG,1,0.999995
data/genimage/imagenet_ai_0508_adm/val/ai/125_adm_91.PNG,1,0.999322
data/genimage/imagenet_ai_0508_adm/val/ai/126_adm_153.PNG,1,0.999998
data/genimage/imagenet_ai_0508_adm/val/ai/126_adm_85.PNG,1,0.999989
data/genimage/imagenet_ai_0508_adm/val/ai/128_adm_7.PNG,1,0.969362
data/genimage/imagenet_ai_0508_adm/val/ai/128_adm_85.PNG,1,0.999999
data/genimage/imagenet_ai_0508_adm/val/ai/129_adm_153.PNG,1,0.999939
data/genimage/imagenet_ai_0508_adm/val/ai/129_adm_34.PNG,1,0.999848
data/genimage/imagenet_ai_0508_adm/val/ai/130_adm_91.PNG,1,0.979242
data/genimage/imagenet_ai_0508_adm/val/ai/131_adm_153.PNG,1,0.99982
data/genimage/imagenet_ai_0508_adm/val/ai/132_adm_85.PNG,1,0.998903
data/genimage/imagenet_ai_0508_adm/val/ai/135_adm_85.PNG,1,0.98546
data/genimage/imagenet_ai_0508_adm/val/ai/138_adm_174.PNG,1,0.999179
data/genimage/imagenet_ai_0508_adm/val/ai/13_adm_174.PNG,1,0.997238
data/genimage/imagenet_ai_0508_adm/val/ai/149_adm_34.PNG,1,0.999994
data/genimage/imagenet_ai_0508_adm/val/ai/149_adm_85.PNG,1,0.999911
data/genimage/imagenet_ai_0508_adm/val/ai/14_adm_91.PNG,1,0.999986
data/genimage/imagenet_ai_0508_adm/val/ai/151_adm_174.PNG,1,0.999998
data/genimage/imagenet_ai_0508_adm/val/ai/151_adm_34.PNG,1,0.995048
data/genimage/imagenet_ai_0508_adm/val/ai/152_adm_85.PNG,1,0.993007
data/genimage/imagenet_ai_0508_adm/val/ai/155_adm_153.PNG,1,0.99962
data/genimage/imagenet_ai_0508_adm/val/ai/156_adm_85.PNG,1,0.999247
data/genimage/imagenet_ai_0508_adm/val/ai/160_adm_153.PNG,1,0.999572
data/genimage/imagenet_ai_0508_adm/val/ai/162_adm_85.PNG,1,0.999955
data/genimage/imagenet_ai_0508_adm/val/ai/164_adm_85.PNG,1,0.999539
data/genimage/imagenet_ai_0508_adm/val/ai/166_adm_153.PNG,1,0.998809
data/genimage/imagenet_ai_0508_adm/val/ai/170_adm_174.PNG,1,0.999993
data/genimage/imagenet_ai_0508_adm/val/ai/171_adm_153.PNG,1,0.2561
data/genimage/imagenet_ai_0508_adm/val/ai/171_adm_174.PNG,1,0.999945
data/genimage/imagenet_ai_0508_adm/val/ai/171_adm_7.PNG,1,0.999947
data/genimage/imagenet_ai_0508_adm/val/ai/172_adm_174.PNG,1,0.997226
data/genimage/imagenet_ai_0508_adm/val/ai/179_adm_174.PNG,1,0.999886
data/genimage/imagenet_ai_0508_adm/val/ai/17_adm_34.PNG,1,0.999998
data/genimage/imagenet_ai_0508_adm/val/ai/180_adm_34.PNG,1,0.870547
data/genimage/imagenet_ai_0508_adm/val/ai/182_adm_153.PNG,1,0.999763
data/genimage/imagenet_ai_0508_adm/val/ai/183_adm_7.PNG,1,0.996697
data/genimage/imagenet_ai_0508_adm/val/ai/183_adm_91.PNG,1,0.99998
data/genimage/imagenet_ai_0508_adm/val/ai/187_adm_7.PNG,1,0.998672
data/genimage/imagenet_ai_0508_adm/val/ai/18_adm_153.PNG,1,0.99991
data/genimage/imagenet_ai_0508_adm/val/ai/191_adm_153.PNG,1,0.189974
data/genimage/imagenet_ai_0508_adm/val/ai/191_adm_174.PNG,1,0.997852
data/genimage/imagenet_ai_0508_adm/val/ai/194_adm_91.PNG,1,0.99988
data/genimage/imagenet_ai_0508_adm/val/ai/195_adm_174.PNG,1,0.999659
data/genimage/imagenet_ai_0508_adm/val/ai/196_adm_174.PNG,1,0.999097
data/genimage/imagenet_ai_0508_adm/val/ai/197_adm_153.PNG,1,0.992358
data/genimage/imagenet_ai_0508_adm/val/ai/198_adm_34.PNG,1,0.999813
data/genimage/imagenet_ai_0508_adm/val/ai/203_adm_153.PNG,1,0.998639
data/genimage/imagenet_ai_0508_adm/val/ai/203_adm_91.PNG,1,1.0
data/genimage/imagenet_ai_0508_adm/val/ai/204_adm_153.PNG,1,0.999994
data/genimage/imagenet_ai_0508_adm/val/ai/214_adm_34.PNG,1,0.999716
data/genimage/imagenet_ai_0508_adm/val/ai/217_adm_7.PNG,1,0.892892
data/genimage/imagenet_ai_0508_adm/val/ai/217_adm_85.PNG,1,0.981771
data/genimage/imagenet_ai_0508_adm/val/ai/217_adm_91.PNG,1,0.999854
data/genimage/imagenet_ai_0508_adm/val/ai/218_adm_91.PNG,1,0.99999
data/genimage/imagenet_ai_0508_adm/val/ai/219_adm_7.PNG,1,0.999961
data/genimage/imagenet_ai_0508_adm/val/ai/219_adm_85.PNG,1,0.999884
data/genimage/imagenet_ai_0508_adm/val/ai/221_adm_7.PNG,1,0.999857
data/genimage/imagenet_ai_0508_adm/val/ai/226_adm_34.PNG,1,0.99985
data/genimage/imagenet_ai_0508_adm/val/ai/226_adm_91.PNG,1,0.999943
data/genimage/imagenet_ai_0508_adm/val/ai/227_adm_91.PNG,1,0.999619
data/genimage/imagenet_ai_0508_adm/val/ai/231_adm_174.PNG,1,0.999779
data/genimage/imagenet_ai_0508_adm/val/ai/231_adm_85.PNG,1,0.993676
data/genimage/imagenet_ai_0508_adm/val/ai/232_adm_174.PNG,1,0.999978
data/genimage/imagenet_ai_0508_adm/val/ai/232_adm_34.PNG,1,1.0
data/genimage/imagenet_ai_0508_adm/val/ai/237_adm_91.PNG,1,0.99521
data/genimage/imagenet_ai_0508_adm/val/ai/240_adm_85.PNG,1,0.997703
data/genimage/imagenet_ai_0508_adm/val/ai/242_adm_174.PNG,1,0.999991
data/genimage/imagenet_ai_0508_adm/val/ai/244_adm_174.PNG,1,1.0
data/genimage/imagenet_ai_0508_adm/val/ai/245_adm_7.PNG,1,1.0
data/genimage/imagenet_ai_0508_adm/val/ai/247_adm_153.PNG,1,0.999991
data/genimage/imagenet_ai_0508_adm/val/ai/247_adm_85.PNG,1,0.99999
data/genimage/imagenet_ai_0508_adm/val/ai/250_adm_91.PNG,1,0.999999
data/genimage/imagenet_ai_0508_adm/val/ai/253_adm_85.PNG,1,0.999902
data/genimage/imagenet_ai_0508_adm/val/ai/257_adm_34.PNG,1,0.998815
data/genimage/imagenet_ai_0508_adm/val/ai/258_adm_34.PNG,1,0.994011
data/genimage/imagenet_ai_0508_adm/val/ai/25_adm_153.PNG,1,0.999157
data/genimage/imagenet_ai_0508_adm/val/ai/260_adm_153.PNG,1,0.999598
data/genimage/imagenet_ai_0508_adm/val/ai/260_adm_174.PNG,1,0.99978
data/genimage/imagenet_ai_0508_adm/val/ai/264_adm_7.PNG,1,0.998149
data/genimage/imagenet_ai_0508_adm/val/ai/265_adm_7.PNG,1,0.980039
data/genimage/imagenet_ai_0508_adm/val/ai/265_adm_85.PNG,1,0.999004
data/genimage/imagenet_ai_0508_adm/val/ai/268_adm_34.PNG,1,1.0
data/genimage/imagenet_ai_0508_adm/val/ai/271_adm_153.PNG,1,0.99997
data/genimage/imagenet_ai_0508_adm/val/ai/272_adm_153.PNG,1,0.99923
data/genimage/imagenet_ai_0508_adm/val/ai/272_adm_7.PNG,1,0.999994
data/genimage/imagenet_ai_0508_adm/val/ai/273_adm_153.PNG,1,0.999733
data/genimage/imagenet_ai_0508_adm/val/ai/277_adm_153.PNG,1,0.999653
data/genimage/imagenet_ai_0508_adm/val/ai/277_adm_34.PNG,1,0.999872
data/genimage/imagenet_ai_0508_adm/val/ai/27_adm_153.PNG,1,0.999911
data/genimage/imagenet_ai_0508_adm/val/ai/27_adm_91.PNG,1,0.999583
data/genimage/imagenet_ai_0508_adm/val/ai/282_adm_174.PNG,1,0.998992
data/genimage/imagenet_ai_0508_adm/val/ai/284_adm_91.PNG,1,0.999706
data/genimage/imagenet_ai_0508_adm/val/ai/285_adm_34.PNG,1,1.0
data/genimage/imagenet_ai_0508_adm/val/ai/286_adm_85.PNG,1,0.998591
data/genimage/imagenet_ai_0508_adm/val/ai/286_adm_91.PNG,1,0.999951
data/genimage/imagenet_ai_0508_adm/val/ai/291_adm_153.PNG,1,0.996625
data/genimage/imagenet_ai_0508_adm/val/ai/291_adm_174.PNG,1,0.999953
data/genimage/imagenet_ai_0508_adm/val/ai/292_adm_7.PNG,1,0.94694
data/genimage/imagenet_ai_0508_adm/val/ai/296_adm_34.PNG,1,0.99679
data/genimage/imagenet_ai_0508_adm/val/ai/297_adm_174.PNG,1,0.999997
data/genimage/imagenet_ai_0508_adm/val/ai/297_adm_34.PNG,1,0.99525
data/genimage/imagenet_ai_0508_adm/val/ai/297_adm_85.PNG,1,0.999886
data/genimage/imagenet_ai_0508_adm/val/ai/29_adm_174.PNG,1,0.999982
data/genimage/imagenet_ai_0508_adm/val/ai/29_adm_7.PNG,1,0.999987
data/genimage/imagenet_ai_0508_adm/val/ai/2_adm_174.PNG,1,1.0
data/genimage/imagenet_ai_0508_adm/val/ai/300_adm_34.PNG,1,0.999799
data/genimage/imagenet_ai_0508_adm/val/ai/301_adm_153.PNG,1,0.999891
data/genimage/imagenet_ai_0508_adm/val/ai/302_adm_174.PNG,1,0.99999
data/genimage/imagenet_ai_0508_adm/val/ai/303_adm_153.PNG,1,0.999997
data/genimage/imagenet_ai_0508_adm/val/ai/304_adm_174.PNG,1,0.999043
data/genimage/imagenet_ai_0508_adm/val/ai/306_adm_7.PNG,1,1.0
data/genimage/imagenet_ai_0508_adm/val/ai/308_adm_153.PNG,1,0.999989
data/genimage/imagenet_ai_0508_adm/val/ai/30_adm_85.PNG,1,0.999383
data/genimage/imagenet_ai_0508_adm/val/ai/312_adm_34.PNG,1,0.998842
data/genimage/imagenet_ai_0508_adm/val/ai/312_adm_85.PNG,1,1.0
data/genimage/imagenet_ai_0508_adm/val/ai/313_adm_7.PNG,1,0.999999
data/genimage/imagenet_ai_0508_adm/val/ai/314_adm_85.PNG,1,0.999342
data/genimage/imagenet_ai_0508_adm/val/ai/316_adm_174.PNG,1,0.999991
data/genimage/imagenet_ai_0508_adm/val/ai/317_adm_34.PNG,1,0.996371
data/genimage/imagenet_ai_0508_adm/val/ai/321_adm_174.PNG,1,0.999998
data/genimage/imagenet_ai_0508_adm/val/ai/322_adm_91.PNG,1,0.999998
data/genimage/imagenet_ai_0508_adm/val/ai/324_adm_34.PNG,1,0.999999
data/genimage/imagenet_ai_0508_adm/val/ai/324_adm_91.PNG,1,0.999986
data/genimage/imagenet_ai_0508_adm/val/ai/325_adm_85.PNG,1,0.999936
data/genimage/imagenet_ai_0508_adm/val/ai/328_adm_85.PNG,1,0.999218
data/genimage/imagenet_ai_0508_adm/val/ai/32_adm_91.PNG,1,0.999999
data/genimage/imagenet_ai_0508_adm/val/ai/330_adm_7.PNG,1,0.99999
data/genimage/imagenet_ai_0508_adm/val/ai/337_adm_34.PNG,1,0.999997
data/genimage/imagenet_ai_0508_adm/val/ai/33_adm_7.PNG,1,0.999292
data/genimage/imagenet_ai_0508_adm/val/ai/344_adm_91.PNG,1,0.999892
data/genimage/imagenet_ai_0508_adm/val/ai/347_adm_91.PNG,1,0.682229
data/genimage/imagenet_ai_0508_adm/val/ai/348_adm_34.PNG,1,0.999854
data/genimage/imagenet_ai_0508_adm/val/ai/348_adm_7.PNG,1,0.999983
data/genimage/imagenet_ai_0508_adm/val/ai/349_adm_85.PNG,1,1.0
data/genimage/imagenet_ai_0508_adm/val/ai/34_adm_85.PNG,1,0.998329
data/genimage/imagenet_ai_0508_adm/val/ai/350_adm_91.PNG,1,0.999986
data/genimage/imagenet_ai_0508_adm/val/ai/352_adm_153.PNG,1,0.999948
data/genimage/imagenet_ai_0508_adm/val/ai/353_adm_174.PNG,1,0.999141
data/genimage/imagenet_ai_0508_adm/val/ai/354_adm_34.PNG,1,0.999731
data/genimage/imagenet_ai_0508_adm/val/ai/355_adm_91.PNG,1,0.985643
data/genimage/imagenet_ai_0508_adm/val/ai/359_adm_174.PNG,1,0.999829
data/genimage/imagenet_ai_0508_adm/val/ai/359_adm_91.PNG,1,0.999928
data/genimage/imagenet_ai_0508_adm/val/ai/35_adm_91.PNG,1,0.999997
data/genimage/imagenet_ai_0508_adm/val/ai/361_adm_85.PNG,1,0.999904
data/genimage/imagenet_ai_0508_adm/val/ai/361_adm_91.PNG,1,0.999991
data/genimage/imagenet_ai_0508_adm/val/ai/362_adm_85.PNG,1,0.999962
data/genimage/imagenet_ai_0508_adm/val/ai/365_adm_85.PNG,1,0.9999
data/genimage/imagenet_ai_0508_adm/val/ai/371_adm_85.PNG,1,0.997189
data/genimage/imagenet_ai_0508_adm/val/ai/373_adm_91.PNG,1,0.999725
data/genimage/imagenet_ai_0508_adm/val/ai/375_adm_174.PNG,1,0.918485
data/genimage/imagenet_ai_0508_adm/val/ai/376_adm_7.PNG,1,0.998882
data/genimage/imagenet_ai_0508_adm/val/ai/379_adm_7.PNG,1,0.999999
data/genimage/imagenet_ai_0508_adm/val/ai/37_adm_34.PNG,1,0.999728
data/genimage/imagenet_ai_0508_adm/val/ai/37_adm_7.PNG,1,0.99992
data/genimage/imagenet_ai_0508_adm/val/ai/380_adm_153.PNG,1,0.992266
data/genimage/imagenet_ai_0508_adm/val/ai/380_adm_174.PNG,1,0.999525
data/genimage/imagenet_ai_0508_adm/val/ai/380_adm_7.PNG,1,0.999938
data/genimage/imagenet_ai_0508_adm/val/ai/381_adm_85.PNG,1,0.999993
data/genimage/imagenet_ai_0508_adm/val/ai/383_adm_7.PNG,1,0.999937
data/genimage/imagenet_ai_0508_adm/val/ai/385_adm_85.PNG,1,0.924736
data/genimage/imagenet_ai_0508_adm/val/ai/386_adm_7.PNG,1,0.99763
data/genimage/imagenet_ai_0508_adm/val/ai/38_adm_153.PNG,1,0.999562
data/genimage/imagenet_ai_0508_adm/val/ai/393_adm_7.PNG,1,0.9912
data/genimage/imagenet_ai_0508_adm/val/ai/395_adm_153.PNG,1,0.990384
data/genimage/imagenet_ai_0508_adm/val/ai/395_adm_85.PNG,1,0.993386
data/genimage/imagenet_ai_0508_adm/val/ai/399_adm_153.PNG,1,0.999999
data/genimage/imagenet_ai_0508_adm/val/ai/401_adm_34.PNG,1,0.99986
data/genimage/imagenet_ai_0508_adm/val/ai/401_adm_85.PNG,1,0.999442
data/genimage/imagenet_ai_0508_adm/val/ai/403_adm_34.PNG,1,0.999993
data/genimage/imagenet_ai_0508_adm/val/ai/407_adm_34.PNG,1,0.999992
data/genimage/imagenet_ai_0508_adm/val/ai/412_adm_153.PNG,1,0.999927
data/genimage/imagenet_ai_0508_adm/val/ai/413_adm_91.PNG,1,0.067369
data/genimage/imagenet_ai_0508_adm/val/ai/415_adm_7.PNG,1,0.999999
data/genimage/imagenet_ai_0508_adm/val/ai/417_adm_153.PNG,1,0.999899
data/genimage/imagenet_ai_0508_adm/val/ai/418_adm_174.PNG,1,0.999956
data/genimage/imagenet_ai_0508_adm/val/ai/418_adm_85.PNG,1,0.999995
data/genimage/imagenet_ai_0508_adm/val/ai/427_adm_174.PNG,1,0.999879
data/genimage/imagenet_ai_0508_adm/val/ai/427_adm_34.PNG,1,0.981318
data/genimage/imagenet_ai_0508_adm/val/ai/429_adm_153.PNG,1,1.0
data/genimage/imagenet_ai_0508_adm/val/ai/433_adm_91.PNG,1,0.99902
data/genimage/imagenet_ai_0508_adm/val/ai/440_adm_85.PNG,1,0.998994
data/genimage/imagenet_ai_0508_adm/val/ai/442_adm_153.PNG,1,0.999991
data/genimage/imagenet_ai_0508_adm/val/ai/442_adm_174.PNG,1,0.999071
data/genimage/imagenet_ai_0508_adm/val/ai/446_adm_153.PNG,1,0.999999
data/genimage/imagenet_ai_0508_adm/val/ai/448_adm_153.PNG,1,0.79888
data/genimage/imagenet_ai_0508_adm/val/ai/44_adm_85.PNG,1,0.999989
data/genimage/imagenet_ai_0508_adm/val/ai/451_adm_153.PNG,1,0.893595
data/genimage/imagenet_ai_0508_adm/val/ai/451_adm_34.PNG,1,1.0
data/genimage/imagenet_ai_0508_adm/val/ai/452_adm_153.PNG,1,0.999997
data/genimage/imagenet_ai_0508_adm/val/ai/457_adm_153.PNG,1,0.999882
data/genimage/imagenet_ai_0508_adm/val/ai/458_adm_174.PNG,1,0.997361
data/genimage/imagenet_ai_0508_adm/val/ai/458_adm_85.PNG,1,0.967232
data/genimage/imagenet_ai_0508_adm/val/ai/461_adm_174.PNG,1,0.990743
data/genimage/imagenet_ai_0508_adm/val/ai/463_adm_34.PNG,1,0.999945
data/genimage/imagenet_ai_0508_adm/val/ai/465_adm_34.PNG,1,0.958744
data/genimage/imagenet_ai_0508_adm/val/ai/465_adm_91.PNG,1,0.999996
data/genimage/imagenet_ai_0508_adm/val/ai/46_adm_174.PNG,1,0.99951
data/genimage/imagenet_ai_0508_adm/val/ai/479_adm_153.PNG,1,0.103286
data/genimage/imagenet_ai_0508_adm/val/ai/481_adm_85.PNG,1,0.999991
data/genimage/imagenet_ai_0508_adm/val/ai/484_adm_34.PNG,1,0.999998
data/genimage/imagenet_ai_0508_adm/val/ai/487_adm_7.PNG,1,0.999177
data/genimage/imagenet_ai_0508_adm/val/ai/48_adm_91.PNG,1,0.948847
data/genimage/imagenet_ai_0508_adm/val/ai/490_adm_174.PNG,1,0.998508
data/genimage/imagenet_ai_0508_adm/val/ai/493_adm_174.PNG,1,0.999925
data/genimage/imagenet_ai_0508_adm/val/ai/493_adm_85.PNG,1,0.999625
data/genimage/imagenet_ai_0508_adm/val/ai/496_adm_174.PNG,1,0.999974
data/genimage/imagenet_ai_0508_adm/val/ai/496_adm_7.PNG,1,0.924786
data/genimage/imagenet_ai_0508_adm/val/ai/496_adm_85.PNG,1,0.999805
data/genimage/imagenet_ai_0508_adm/val/ai/497_adm_34.PNG,1,0.999945
data/genimage/imagenet_ai_0508_adm/val/ai/498_adm_7.PNG,1,0.995981
data/genimage/imagenet_ai_0508_adm/val/ai/4_adm_174.PNG,1,0.999948
data/genimage/imagenet_ai_0508_adm/val/ai/502_adm_85.PNG,1,0.999902
data/genimage/imagenet_ai_0508_adm/val/ai/50_adm_34.PNG,1,0.999898
data/genimage/imagenet_ai_0508_adm/val/ai/50_adm_85.PNG,1,0.999437
data/genimage/imagenet_ai_0508_adm/val/ai/510_adm_85.PNG,1,0.999749
data/genimage/imagenet_ai_0508_adm/val/ai/513_adm_7.PNG,1,0.743648
data/genimage/imagenet_ai_0508_adm/val/ai/515_adm_85.PNG,1,0.999123
data/genimage/imagenet_ai_0508_adm/val/ai/519_adm_174.PNG,1,0.99906
data/genimage/imagenet_ai_0508_adm/val/ai/519_adm_34.PNG,1,0.999719
data/genimage/imagenet_ai_0508_adm/val/ai/519_adm_85.PNG,1,0.999964
data/genimage/imagenet_ai_0508_adm/val/ai/520_adm_153.PNG,1,1.0
data/genimage/imagenet_ai_0508_adm/val/ai/521_adm_174.PNG,1,0.999955
data/genimage/imagenet_ai_0508_adm/val/ai/523_adm_34.PNG,1,0.986749
data/genimage/imagenet_ai_0508_adm/val/ai/524_adm_91.PNG,1,1.0
data/genimage/imagenet_ai_0508_adm/val/ai/526_adm_153.PNG,1,0.999912
data/genimage/imagenet_ai_0508_adm/val/ai/528_adm_153.PNG,1,0.999134
data/genimage/imagenet_ai_0508_adm/val/ai/534_adm_34.PNG,1,0.999907
data/genimage/imagenet_ai_0508_adm/val/ai/535_adm_7.PNG,1,0.320939
data/genimage/imagenet_ai_0508_adm/val/ai/536_adm_7.PNG,1,0.999996
data/genimage/imagenet_ai_0508_adm/val/ai/537_adm_34.PNG,1,0.999997
data/genimage/imagenet_ai_0508_adm/val/ai/537_adm_91.PNG,1,0.999933
data/genimage/imagenet_ai_0508_adm/val/ai/542_adm_7.PNG,1,0.999982
data/genimage/imagenet_ai_0508_adm/val/ai/545_adm_7.PNG,1,0.998774
data/genimage/imagenet_ai_0508_adm/val/ai/545_adm_91.PNG,1,0.999116
data/genimage/imagenet_ai_0508_adm/val/ai/548_adm_7.PNG,1,0.99995
data/genimage/imagenet_ai_0508_adm/val/ai/550_adm_91.PNG,1,0.995596
data/genimage/imagenet_ai_0508_adm/val/ai/553_adm_7.PNG,1,0.999972
data/genimage/imagenet_ai_0508_adm/val/ai/553_adm_91.PNG,1,0.99991
data/genimage/imagenet_ai_0508_adm/val/ai/554_adm_153.PNG,1,0.999999
data/genimage/imagenet_ai_0508_adm/val/ai/556_adm_85.PNG,1,0.998733
data/genimage/imagenet_ai_0508_adm/val/ai/557_adm_85.PNG,1,0.998119
data/genimage/imagenet_ai_0508_adm/val/ai/55_adm_85.PNG,1,0.999943
data/genimage/imagenet_ai_0508_adm/val/ai/561_adm_34.PNG,1,0.998938
data/genimage/imagenet_ai_0508_adm/val/ai/564_adm_34.PNG,1,0.999982
data/genimage/imagenet_ai_0508_adm/val/ai/564_adm_91.PNG,1,0.999671
data/genimage/imagenet_ai_0508_adm/val/ai/565_adm_34.PNG,1,0.998887
data/genimage/imagenet_ai_0508_adm/val/ai/566_adm_7.PNG,1,0.999995
data/genimage/imagenet_ai_0508_adm/val/ai/566_adm_85.PNG,1,0.999982
data/genimage/imagenet_ai_0508_adm/val/ai/567_adm_174.PNG,1,0.999901
data/genimage/imagenet_ai_0508_adm/val/ai/568_adm_91.PNG,1,0.999799
data/genimage/imagenet_ai_0508_adm/val/ai/572_adm_34.PNG,1,0.999999
data/genimage/imagenet_ai_0508_adm/val/ai/574_adm_174.PNG,1,0.059246
data/genimage/imagenet_ai_0508_adm/val/ai/580_adm_85.PNG,1,0.999994
data/genimage/imagenet_ai_0508_adm/val/ai/586_adm_174.PNG,1,0.999998
data/genimage/imagenet_ai_0508_adm/val/ai/58_adm_7.PNG,1,0.999749
data/genimage/imagenet_ai_0508_adm/val/ai/591_adm_153.PNG,1,0.999839
data/genimage/imagenet_ai_0508_adm/val/ai/591_adm_174.PNG,1,1.0
data/genimage/imagenet_ai_0508_adm/val/ai/593_adm_34.PNG,1,0.999783
data/genimage/imagenet_ai_0508_adm/val/ai/594_adm_153.PNG,1,0.993979
data/genimage/imagenet_ai_0508_adm/val/ai/596_adm_153.PNG,1,0.999996
data/genimage/imagenet_ai_0508_adm/val/ai/596_adm_174.PNG,1,0.916456
data/genimage/imagenet_ai_0508_adm/val/ai/597_adm_153.PNG,1,0.999633
data/genimage/imagenet_ai_0508_adm/val/ai/600_adm_174.PNG,1,0.999958
data/genimage/imagenet_ai_0508_adm/val/ai/600_adm_91.PNG,1,1.0
data/genimage/imagenet_ai_0508_adm/val/ai/604_adm_85.PNG,1,0.999968
data/genimage/imagenet_ai_0508_adm/val/ai/604_adm_91.PNG,1,0.999955
data/genimage/imagenet_ai_0508_adm/val/ai/605_adm_153.PNG,1,0.999992
data/genimage/imagenet_ai_0508_adm/val/ai/608_adm_85.PNG,1,0.999995
data/genimage/imagenet_ai_0508_adm/val/ai/609_adm_174.PNG,1,0.999915
data/genimage/imagenet_ai_0508_adm/val/ai/612_adm_34.PNG,1,0.968952
data/genimage/imagenet_ai_0508_adm/val/ai/613_adm_7.PNG,1,0.999974
data/genimage/imagenet_ai_0508_adm/val/ai/614_adm_153.PNG,1,0.99306
data/genimage/imagenet_ai_0508_adm/val/ai/614_adm_34.PNG,1,0.855022
data/genimage/imagenet_ai_0508_adm/val/ai/61_adm_91.PNG,1,0.999674
data/genimage/imagenet_ai_0508_adm/val/ai/620_adm_34.PNG,1,1.0
data/genimage/imagenet_ai_0508_adm/val/ai/621_adm_7.PNG,1,1.0
data/genimage/imagenet_ai_0508_adm/val/ai/624_adm_153.PNG,1,0.999969
data/genimage/imagenet_ai_0508_adm/val/ai/626_adm_7.PNG,1,0.999798
data/genimage/imagenet_ai_0508_adm/val/ai/626_adm_85.PNG,1,0.999929
data/genimage/imagenet_ai_0508_adm/val/ai/628_adm_174.PNG,1,0.999998
data/genimage/imagenet_ai_0508_adm/val/ai/628_adm_7.PNG,1,0.999997
data/genimage/imagenet_ai_0508_adm/val/ai/628_adm_85.PNG,1,0.999976
data/genimage/imagenet_ai_0508_adm/val/ai/629_adm_153.PNG,1,0.999998
data/genimage/imagenet_ai_0508_adm/val/ai/630_adm_7.PNG,1,0.998746
data/genimage/imagenet_ai_0508_adm/val/ai/630_adm_85.PNG,1,1.0
data/genimage/imagenet_ai_0508_adm/val/ai/632_adm_174.PNG,1,0.999995
data/genimage/imagenet_ai_0508_adm/val/ai/635_adm_85.PNG,1,0.99154
data/genimage/imagenet_ai_0508_adm/val/ai/637_adm_153.PNG,1,0.979906
data/genimage/imagenet_ai_0508_adm/val/ai/637_adm_91.PNG,1,0.938692
data/genimage/imagenet_ai_0508_adm/val/ai/638_adm_34.PNG,1,0.999976
data/genimage/imagenet_ai_0508_adm/val/ai/638_adm_85.PNG,1,0.999997
data/genimage/imagenet_ai_0508_adm/val/ai/63_adm_91.PNG,1,1.0
data/genimage/imagenet_ai_0508_adm/val/ai/641_adm_85.PNG,1,0.999516
data/genimage/imagenet_ai_0508_adm/val/ai/641_adm_91.PNG,1,1.0
data/genimage/imagenet_ai_0508_adm/val/ai/643_adm_7.PNG,1,0.997991
data/genimage/imagenet_ai_0508_adm/val/ai/645_adm_153.PNG,1,0.999663
data/genimage/imagenet_ai_0508_adm/val/ai/646_adm_85.PNG,1,0.997077
data/genimage/imagenet_ai_0508_adm/val/ai/649_adm_153.PNG,1,0.999993
data/genimage/imagenet_ai_0508_adm/val/ai/649_adm_7.PNG,1,0.999647
data/genimage/imagenet_ai_0508_adm/val/ai/653_adm_174.PNG,1,0.999999
data/genimage/imagenet_ai_0508_adm/val/ai/654_adm_34.PNG,1,0.999934
data/genimage/imagenet_ai_0508_adm/val/ai/655_adm_153.PNG,1,0.998296
data/genimage/imagenet_ai_0508_adm/val/ai/656_adm_174.PNG,1,0.999999
data/genimage/imagenet_ai_0508_adm/val/ai/656_adm_7.PNG,1,0.99986
data/genimage/imagenet_ai_0508_adm/val/ai/661_adm_174.PNG,1,0.947721
data/genimage/imagenet_ai_0508_adm/val/ai/661_adm_91.PNG,1,0.999904
data/genimage/imagenet_ai_0508_adm/val/ai/664_adm_174.PNG,1,1.0
data/genimage/imagenet_ai_0508_adm/val/ai/669_adm_34.PNG,1,0.999997
data/genimage/imagenet_ai_0508_adm/val/ai/669_adm_91.PNG,1,0.999637
data/genimage/imagenet_ai_0508_adm/val/ai/670_adm_174.PNG,1,0.99999
data/genimage/imagenet_ai_0508_adm/val/ai/673_adm_153.PNG,1,0.999997
data/genimage/imagenet_ai_0508_adm/val/ai/674_adm_174.PNG,1,0.94445
data/genimage/imagenet_ai_0508_adm/val/ai/677_adm_174.PNG,1,0.999276
data/genimage/imagenet_ai_0508_adm/val/ai/678_adm_91.PNG,1,0.999976
data/genimage/imagenet_ai_0508_adm/val/ai/683_adm_85.PNG,1,0.99998
data/genimage/imagenet_ai_0508_adm/val/ai/686_adm_91.PNG,1,0.793543
data/genimage/imagenet_ai_0508_adm/val/ai/687_adm_34.PNG,1,0.986786
data/genimage/imagenet_ai_0508_adm/val/ai/690_adm_153.PNG,1,0.997732
data/genimage/imagenet_ai_0508_adm/val/ai/691_adm_153.PNG,1,0.999998
data/genimage/imagenet_ai_0508_adm/val/ai/693_adm_7.PNG,1,0.990469
data/genimage/imagenet_ai_0508_adm/val/ai/695_adm_91.PNG,1,0.999998
data/genimage/imagenet_ai_0508_adm/val/ai/698_adm_174.PNG,1,0.996242
data/genimage/imagenet_ai_0508_adm/val/ai/698_adm_91.PNG,1,0.999986
data/genimage/imagenet_ai_0508_adm/val/ai/699_adm_7.PNG,1,0.923333
data/genimage/imagenet_ai_0508_adm/val/ai/69_adm_7.PNG,1,0.987198
data/genimage/imagenet_ai_0508_adm/val/ai/701_adm_85.PNG,1,0.997964
data/genimage/imagenet_ai_0508_adm/val/ai/702_adm_34.PNG,1,0.992389
data/genimage/imagenet_ai_0508_adm/val/ai/703_adm_34.PNG,1,0.999896
data/genimage/imagenet_ai_0508_adm/val/ai/705_adm_153.PNG,1,0.999997
data/genimage/imagenet_ai_0508_adm/val/ai/706_adm_7.PNG,1,0.959657
data/genimage/imagenet_ai_0508_adm/val/ai/70_adm_34.PNG,1,0.999991
data/genimage/imagenet_ai_0508_adm/val/ai/711_adm_153.PNG,1,0.999843
data/genimage/imagenet_ai_0508_adm/val/ai/712_adm_7.PNG,1,0.999998
data/genimage/imagenet_ai_0508_adm/val/ai/714_adm_153.PNG,1,0.999977
data/genimage/imagenet_ai_0508_adm/val/ai/717_adm_85.PNG,1,0.985529
data/genimage/imagenet_ai_0508_adm/val/ai/71_adm_174.PNG,1,0.999911
data/genimage/imagenet_ai_0508_adm/val/ai/721_adm_7.PNG,1,1.0
data/genimage/imagenet_ai_0508_adm/val/ai/724_adm_85.PNG,1,0.999997
data/genimage/imagenet_ai_0508_adm/val/ai/725_adm_153.PNG,1,0.999967
data/genimage/imagenet_ai_0508_adm/val/ai/726_adm_7.PNG,1,0.999966
data/genimage/imagenet_ai_0508_adm/val/ai/728_adm_174.PNG,1,0.999861
data/genimage/imagenet_ai_0508_adm/val/ai/728_adm_85.PNG,1,0.999715
data/genimage/imagenet_ai_0508_adm/val/ai/729_adm_7.PNG,1,0.997402
data/genimage/imagenet_ai_0508_adm/val/ai/72_adm_174.PNG,1,0.996468
data/genimage/imagenet_ai_0508_adm/val/ai/732_adm_7.PNG,1,0.999993
data/genimage/imagenet_ai_0508_adm/val/ai/733_adm_34.PNG,1,0.99995
data/genimage/imagenet_ai_0508_adm/val/ai/734_adm_85.PNG,1,1.0
data/genimage/imagenet_ai_0508_adm/val/ai/736_adm_174.PNG,1,0.999998
data/genimage/imagenet_ai_0508_adm/val/ai/738_adm_85.PNG,1,0.999893
data/genimage/imagenet_ai_0508_adm/val/ai/739_adm_85.PNG,1,1.0
data/genimage/imagenet_ai_0508_adm/val/ai/739_adm_91.PNG,1,0.999899
data/genimage/imagenet_ai_0508_adm/val/ai/73_adm_34.PNG,1,0.999825
data/genimage/imagenet_ai_0508_adm/val/ai/740_adm_153.PNG,1,0.999764
data/genimage/imagenet_ai_0508_adm/val/ai/745_adm_34.PNG,1,1.0
data/genimage/imagenet_ai_0508_adm/val/ai/745_adm_91.PNG,1,1.0
data/genimage/imagenet_ai_0508_adm/val/ai/750_adm_153.PNG,1,0.72781
data/genimage/imagenet_ai_0508_adm/val/ai/753_adm_91.PNG,1,0.999961
data/genimage/imagenet_ai_0508_adm/val/ai/754_adm_7.PNG,1,0.999951
data/genimage/imagenet_ai_0508_adm/val/ai/758_adm_34.PNG,1,0.999989
data/genimage/imagenet_ai_0508_adm/val/ai/75_adm_7.PNG,1,0.999969
data/genimage/imagenet_ai_0508_adm/val/ai/760_adm_174.PNG,1,0.999915
data/genimage/imagenet_ai_0508_adm/val/ai/761_adm_91.PNG,1,0.999999
data/genimage/imagenet_ai_0508_adm/val/ai/763_adm_34.PNG,1,1.0
data/genimage/imagenet_ai_0508_adm/val/ai/767_adm_174.PNG,1,0.999644
data/genimage/imagenet_ai_0508_adm/val/ai/769_adm_7.PNG,1,0.999998
data/genimage/imagenet_ai_0508_adm/val/ai/773_adm_153.PNG,1,0.997163
data/genimage/imagenet_ai_0508_adm/val/ai/773_adm_85.PNG,1,0.99856
data/genimage/imagenet_ai_0508_adm/val/ai/777_adm_153.PNG,1,0.999987
data/genimage/imagenet_ai_0508_adm/val/ai/777_adm_91.PNG,1,0.999652
data/genimage/imagenet_ai_0508_adm/val/ai/778_adm_153.PNG,1,0.999105
data/genimage/imagenet_ai_0508_adm/val/ai/778_adm_34.PNG,1,0.999999
data/genimage/imagenet_ai_0508_adm/val/ai/780_adm_7.PNG,1,0.99995
data/genimage/imagenet_ai_0508_adm/val/ai/78_adm_91.PNG,1,0.999995
data/genimage/imagenet_ai_0508_adm/val/ai/792_adm_153.PNG,1,1.0
data/genimage/imagenet_ai_0508_adm/val/ai/793_adm_174.PNG,1,0.68352
data/genimage/imagenet_ai_0508_adm/val/ai/796_adm_7.PNG,1,0.999966
data/genimage/imagenet_ai_0508_adm/val/ai/797_adm_85.PNG,1,0.999948
data/genimage/imagenet_ai_0508_adm/val/ai/800_adm_153.PNG,1,0.998455
data/genimage/imagenet_ai_0508_adm/val/ai/801_adm_85.PNG,1,0.999762
data/genimage/imagenet_ai_0508_adm/val/ai/802_adm_91.PNG,1,0.999175
data/genimage/imagenet_ai_0508_adm/val/ai/803_adm_174.PNG,1,0.999935
data/genimage/imagenet_ai_0508_adm/val/ai/804_adm_153.PNG,1,0.999604
data/genimage/imagenet_ai_0508_adm/val/ai/813_adm_174.PNG,1,0.9996
data/genimage/imagenet_ai_0508_adm/val/ai/814_adm_91.PNG,1,0.999995
data/genimage/imagenet_ai_0508_adm/val/ai/815_adm_34.PNG,1,0.999143
data/genimage/imagenet_ai_0508_adm/val/ai/815_adm_91.PNG,1,0.985178
data/genimage/imagenet_ai_0508_adm/val/ai/816_adm_153.PNG,1,0.99992
data/genimage/imagenet_ai_0508_adm/val/ai/81_adm_174.PNG,1,0.999894
data/genimage/imagenet_ai_0508_adm/val/ai/821_adm_85.PNG,1,0.976869
data/genimage/imagenet_ai_0508_adm/val/ai/829_adm_153.PNG,1,0.999995
data/genimage/imagenet_ai_0508_adm/val/ai/82_adm_174.PNG,1,0.999217
data/genimage/imagenet_ai_0508_adm/val/ai/832_adm_174.PNG,1,0.999926
data/genimage/imagenet_ai_0508_adm/val/ai/832_adm_34.PNG,1,0.99752
data/genimage/imagenet_ai_0508_adm/val/ai/833_adm_7.PNG,1,0.999602
data/genimage/imagenet_ai_0508_adm/val/ai/836_adm_7.PNG,1,1.0
data/genimage/imagenet_ai_0508_adm/val/ai/838_adm_7.PNG,1,0.999983
data/genimage/imagenet_ai_0508_adm/val/ai/841_adm_7.PNG,1,0.904665
data/genimage/imagenet_ai_0508_adm/val/ai/844_adm_7.PNG,1,0.999997
data/genimage/imagenet_ai_0508_adm/val/ai/846_adm_7.PNG,1,0.999994
data/genimage/imagenet_ai_0508_adm/val/ai/851_adm_34.PNG,1,0.874165
data/genimage/imagenet_ai_0508_adm/val/ai/852_adm_91.PNG,1,0.999963
data/genimage/imagenet_ai_0508_adm/val/ai/853_adm_153.PNG,1,0.999998
data/genimage/imagenet_ai_0508_adm/val/ai/857_adm_153.PNG,1,0.999966
data/genimage/imagenet_ai_0508_adm/val/ai/857_adm_91.PNG,1,0.999828
data/genimage/imagenet_ai_0508_adm/val/ai/858_adm_153.PNG,1,0.037159
data/genimage/imagenet_ai_0508_adm/val/ai/860_adm_85.PNG,1,1.0
data/genimage/imagenet_ai_0508_adm/val/ai/861_adm_7.PNG,1,0.999114
data/genimage/imagenet_ai_0508_adm/val/ai/861_adm_91.PNG,1,0.999981
data/genimage/imagenet_ai_0508_adm/val/ai/863_adm_153.PNG,1,0.99629
data/genimage/imagenet_ai_0508_adm/val/ai/867_adm_153.PNG,1,0.999805
data/genimage/imagenet_ai_0508_adm/val/ai/868_adm_34.PNG,1,0.998416
data/genimage/imagenet_ai_0508_adm/val/ai/873_adm_7.PNG,1,0.999964
data/genimage/imagenet_ai_0508_adm/val/ai/874_adm_91.PNG,1,0.990058
data/genimage/imagenet_ai_0508_adm/val/ai/876_adm_34.PNG,1,0.999995
data/genimage/imagenet_ai_0508_adm/val/ai/878_adm_153.PNG,1,0.999998
data/genimage/imagenet_ai_0508_adm/val/ai/879_adm_85.PNG,1,0.885279
data/genimage/imagenet_ai_0508_adm/val/ai/879_adm_91.PNG,1,0.001693
data/genimage/imagenet_ai_0508_adm/val/ai/880_adm_153.PNG,1,0.999978
data/genimage/imagenet_ai_0508_adm/val/ai/881_adm_34.PNG,1,0.999995
data/genimage/imagenet_ai_0508_adm/val/ai/882_adm_7.PNG,1,0.999998
data/genimage/imagenet_ai_0508_adm/val/ai/884_adm_174.PNG,1,0.997297
data/genimage/imagenet_ai_0508_adm/val/ai/884_adm_34.PNG,1,0.990666
data/genimage/imagenet_ai_0508_adm/val/ai/887_adm_174.PNG,1,0.639298
data/genimage/imagenet_ai_0508_adm/val/ai/888_adm_174.PNG,1,0.996965
data/genimage/imagenet_ai_0508_adm/val/ai/894_adm_174.PNG,1,0.993914
data/genimage/imagenet_ai_0508_adm/val/ai/896_adm_85.PNG,1,0.99968
data/genimage/imagenet_ai_0508_adm/val/ai/899_adm_91.PNG,1,0.999978
data/genimage/imagenet_ai_0508_adm/val/ai/89_adm_174.PNG,1,0.999892
data/genimage/imagenet_ai_0508_adm/val/ai/89_adm_7.PNG,1,0.999998
data/genimage/imagenet_ai_0508_adm/val/ai/8_adm_91.PNG,1,0.999917
data/genimage/imagenet_ai_0508_adm/val/ai/900_adm_91.PNG,1,0.997447
data/genimage/imagenet_ai_0508_adm/val/ai/901_adm_34.PNG,1,0.312475
data/genimage/imagenet_ai_0508_adm/val/ai/904_adm_91.PNG,1,0.999954
data/genimage/imagenet_ai_0508_adm/val/ai/911_adm_91.PNG,1,0.999755
data/genimage/imagenet_ai_0508_adm/val/ai/912_adm_34.PNG,1,0.999781
data/genimage/imagenet_ai_0508_adm/val/ai/915_adm_174.PNG,1,0.999017
data/genimage/imagenet_ai_0508_adm/val/ai/915_adm_91.PNG,1,0.999998
data/genimage/imagenet_ai_0508_adm/val/ai/916_adm_153.PNG,1,0.999463
data/genimage/imagenet_ai_0508_adm/val/ai/916_adm_34.PNG,1,0.999987
data/genimage/imagenet_ai_0508_adm/val/ai/919_adm_91.PNG,1,0.99977
data/genimage/imagenet_ai_0508_adm/val/ai/921_adm_85.PNG,1,0.999998
data/genimage/imagenet_ai_0508_adm/val/ai/923_adm_174.PNG,1,0.973937
data/genimage/imagenet_ai_0508_adm/val/ai/925_adm_34.PNG,1,1.0
data/genimage/imagenet_ai_0508_adm/val/ai/927_adm_174.PNG,1,0.999479
data/genimage/imagenet_ai_0508_adm/val/ai/930_adm_153.PNG,1,0.999997
data/genimage/imagenet_ai_0508_adm/val/ai/930_adm_174.PNG,1,0.999967
data/genimage/imagenet_ai_0508_adm/val/ai/935_adm_85.PNG,1,0.99998
data/genimage/imagenet_ai_0508_adm/val/ai/937_adm_153.PNG,1,0.999989
data/genimage/imagenet_ai_0508_adm/val/ai/942_adm_7.PNG,1,0.999992
data/genimage/imagenet_ai_0508_adm/val/ai/948_adm_34.PNG,1,0.997403
data/genimage/imagenet_ai_0508_adm/val/ai/955_adm_34.PNG,1,0.996221
data/genimage/imagenet_ai_0508_adm/val/ai/956_adm_91.PNG,1,0.999375
data/genimage/imagenet_ai_0508_adm/val/ai/957_adm_85.PNG,1,0.849205
data/genimage/imagenet_ai_0508_adm/val/ai/958_adm_34.PNG,1,0.999409
data/genimage/imagenet_ai_0508_adm/val/ai/962_adm_153.PNG,1,0.999962
data/genimage/imagenet_ai_0508_adm/val/ai/963_adm_7.PNG,1,0.99994
data/genimage/imagenet_ai_0508_adm/val/ai/964_adm_91.PNG,1,0.999998
data/genimage/imagenet_ai_0508_adm/val/ai/966_adm_174.PNG,1,0.938366
data/genimage/imagenet_ai_0508_adm/val/ai/967_adm_85.PNG,1,0.999737
data/genimage/imagenet_ai_0508_adm/val/ai/970_adm_34.PNG,1,0.999158
data/genimage/imagenet_ai_0508_adm/val/ai/973_adm_34.PNG,1,0.999962
data/genimage/imagenet_ai_0508_adm/val/ai/974_adm_153.PNG,1,0.999914
data/genimage/imagenet_ai_0508_adm/val/ai/974_adm_7.PNG,1,0.999338
data/genimage/imagenet_ai_0508_adm/val/ai/974_adm_85.PNG,1,0.996093
data/genimage/imagenet_ai_0508_adm/val/ai/975_adm_91.PNG,1,0.99998
data/genimage/imagenet_ai_0508_adm/val/ai/976_adm_34.PNG,1,0.981968
data/genimage/imagenet_ai_0508_adm/val/ai/977_adm_34.PNG,1,0.999274
data/genimage/imagenet_ai_0508_adm/val/ai/979_adm_153.PNG,1,0.999994
data/genimage/imagenet_ai_0508_adm/val/ai/982_adm_7.PNG,1,0.999563
data/genimage/imagenet_ai_0508_adm/val/ai/983_adm_7.PNG,1,0.999969
data/genimage/imagenet_ai_0508_adm/val/ai/984_adm_34.PNG,1,1.0
data/genimage/imagenet_ai_0508_adm/val/ai/985_adm_34.PNG,1,0.999961
data/genimage/imagenet_ai_0508_adm/val/ai/988_adm_34.PNG,1,0.999885
data/genimage/imagenet_ai_0508_adm/val/ai/990_adm_153.PNG,1,0.986506
data/genimage/imagenet_ai_0508_adm/val/ai/993_adm_34.PNG,1,0.999736
data/genimage/imagenet_ai_0508_adm/val/ai/995_adm_85.PNG,1,0.998135
data/genimage/imagenet_ai_0508_adm/val/ai/995_adm_91.PNG,1,0.994973
data/genimage/imagenet_ai_0508_adm/val/ai/998_adm_174.PNG,1,0.999774
data/genimage/imagenet_ai_0508_adm/val/ai/998_adm_34.PNG,1,1.0
data/genimage/imagenet_ai_0508_adm/val/ai/999_adm_85.PNG,1,0.999999
data/genimage/imagenet_ai_0508_adm/val/ai/99_adm_34.PNG,1,0.999939
data/genimage/imagenet_ai_0508_adm/val/ai/9_adm_153.PNG,1,0.999905
data/genimage/imagenet_ai_0508_adm/val/nature/ILSVRC2012_val_00000014.JPEG,0,0.007378
data/genimage/imagenet_ai_0508_adm/val/nature/ILSVRC2012_val_00000318.JPEG,0,0.000576
data/genimage/imagenet_ai_0508_adm/val/nature/ILSVRC2012_val_00000381.JPEG,0,0.059462
data/genimage/imagenet_ai_0508_adm/val/nature/ILSVRC2012_val_00000403.JPEG,0,3e-06
data/genimage/imagenet_ai_0508_adm/val/nature/ILSVRC2012_val_00000447.JPEG,0,0.00034
data/genimage/imagenet_ai_0508_adm/val/nature/ILSVRC2012_val_00000508.JPEG,0,0.000604
data/genimage/imagenet_ai_0508_adm/val/nature/ILSVRC2012_val_00000636.JPEG,0,1.1e-05
data/genimage/imagenet_ai_0508_adm/val/nature/ILSVRC2012_val_00000700.JPEG,0,0.161133
data/genimage/imagenet_ai_0508_adm/val/nature/ILSVRC2012_val_00000770.JPEG,0,1.4e-05
data/genimage/imagenet_ai_0508_adm/val/nature/ILSVRC2012_val_00000807.JPEG,0,0.000206
data/genimage/imagenet_ai_0508_adm/val/nature/ILSVRC2012_val_00000859.JPEG,0,0.001463
data/genimage/imagenet_ai_0508_adm/val/nature/ILSVRC2012_val_00000874.JPEG,0,0.187367
data/genimage/imagenet_ai_0508_adm/val/nature/ILSVRC2012_val_00000895.JPEG,0,0.000451
data/genimage/imagenet_ai_0508_adm/val/nature/ILSVRC2012_val_00000896.JPEG,0,0.000279
data/genimage/imagenet_ai_0508_adm/val/nature/ILSVRC2012_val_00000907.JPEG,0,1.2e-05
data/genimage/imagenet_ai_0508_adm/val/nature/ILSVRC2012_val_00000961.JPEG,0,0.000184
data/genimage/imagenet_ai_0508_adm/val/nature/ILSVRC2012_val_00001304.JPEG,0,0.00436
data/genimage/imagenet_ai_0508_adm/val/nature/ILSVRC2012_val_00001525.JPEG,0,0.00028
data/genimage/imagenet_ai_0508_adm/val/nature/ILSVRC2012_val_00001581.JPEG,0,0.021813
data/genimage/imagenet_ai_0508_adm/val/nature/ILSVRC2012_val_00001631.JPEG,0,0.007773
data/genimage/imagenet_ai_0508_adm/val/nature/ILSVRC2012_val_00001721.JPEG,0,0.000309
data/genimage/imagenet_ai_0508_adm/val/nature/ILSVRC2012_val_00001727.JPEG,0,0.003746
data/genimage/imagenet_ai_0508_adm/val/nature/ILSVRC2012_val_00001734.JPEG,0,0.001557
data/genimage/imagenet_ai_0508_adm/val/nature/ILSVRC2012_val_00001779.JPEG,0,0.001407
data/genimage/imagenet_ai_0508_adm/val/nature/ILSVRC2012_val_00001905.JPEG,0,0.020218
data/genimage/imagenet_ai_0508_adm/val/nature/ILSVRC2012_val_00001907.JPEG,0,5.4e-05
data/genimage/imagenet_ai_0508_adm/val/nature/ILSVRC2012_val_00002039.JPEG,0,0.000947
data/genimage/imagenet_ai_0508_adm/val/nature/ILSVRC2012_val_00002310.JPEG,0,0.008356
data/genimage/imagenet_ai_0508_adm/val/nature/ILSVRC2012_val_00002391.JPEG,0,0.0
data/genimage/imagenet_ai_0508_adm/val/nature/ILSVRC2012_val_00002414.JPEG,0,0.000298
data/genimage/imagenet_ai_0508_adm/val/nature/ILSVRC2012_val_00002498.JPEG,0,0.000737
data/genimage/imagenet_ai_0508_adm/val/nature/ILSVRC2012_val_00002558.JPEG,0,0.00051
data/genimage/imagenet_ai_0508_adm/val/nature/ILSVRC2012_val_00002628.JPEG,0,0.003729
data/genimage/imagenet_ai_0508_adm/val/nature/ILSVRC2012_val_00002645.JPEG,0,7.5e-05
data/genimage/imagenet_ai_0508_adm/val/nature/ILSVRC2012_val_00002775.JPEG,0,0.000362
data/genimage/imagenet_ai_0508_adm/val/nature/ILSVRC2012_val_00002780.JPEG,0,0.121465
data/genimage/imagenet_ai_0508_adm/val/nature/ILSVRC2012_val_00002781.JPEG,0,0.000503
data/genimage/imagenet_ai_0508_adm/val/nature/ILSVRC2012_val_00002786.JPEG,0,2e-06
data/genimage/imagenet_ai_0508_adm/val/nature/ILSVRC2012_val_00002907.JPEG,0,2.4e-05
data/genimage/imagenet_ai_0508_adm/val/nature/ILSVRC2012_val_00002962.JPEG,0,3.6e-05
data/genimage/imagenet_ai_0508_adm/val/nature/ILSVRC2012_val_00003045.JPEG,0,0.749046
data/genimage/imagenet_ai_0508_adm/val/nature/ILSVRC2012_val_00003080.JPEG,0,0.022095
data/genimage/imagenet_ai_0508_adm/val/nature/ILSVRC2012_val_00003124.JPEG,0,1e-06
data/genimage/imagenet_ai_0508_adm/val/nature/ILSVRC2012_val_00003237.JPEG,0,7.8e-05
data/genimage/imagenet_ai_0508_adm/val/nature/ILSVRC2012_val_00003352.JPEG,0,0.436721
data/genimage/imagenet_ai_0508_adm/val/nature/ILSVRC2012_val_00003411.JPEG,0,0.533895
data/genimage/imagenet_ai_0508_adm/val/nature/ILSVRC2012_val_00003421.JPEG,0,0.0
data/genimage/imagenet_ai_0508_adm/val/nature/ILSVRC2012_val_00003654.JPEG,0,3e-06
data/genimage/imagenet_ai_0508_adm/val/nature/ILSVRC2012_val_00003846.JPEG,0,0.000591
data/genimage/imagenet_ai_0508_adm/val/nature/ILSVRC2012_val_00003871.JPEG,0,3e-06
data/genimage/imagenet_ai_0508_adm/val/nature/ILSVRC2012_val_00004017.JPEG,0,1e-06
data/genimage/imagenet_ai_0508_adm/val/nature/ILSVRC2012_val_00004018.JPEG,0,3.6e-05
data/genimage/imagenet_ai_0508_adm/val/nature/ILSVRC2012_val_00004082.JPEG,0,0.034417
data/genimage/imagenet_ai_0508_adm/val/nature/ILSVRC2012_val_00004138.JPEG,0,0.001642
data/genimage/imagenet_ai_0508_adm/val/nature/ILSVRC2012_val_00004231.JPEG,0,2.9e-05
data/genimage/imagenet_ai_0508_adm/val/nature/ILSVRC2012_val_00004391.JPEG,0,0.002165
data/genimage/imagenet_ai_0508_adm/val/nature/ILSVRC2012_val_00004441.JPEG,0,0.001239
data/genimage/imagenet_ai_0508_adm/val/nature/ILSVRC2012_val_00004695.JPEG,0,0.001271
data/genimage/imagenet_ai_0508_adm/val/nature/ILSVRC2012_val_00004744.JPEG,0,0.86468
data/genimage/imagenet_ai_0508_adm/val/nature/ILSVRC2012_val_00004796.JPEG,0,0.974411
data/genimage/imagenet_ai_0508_adm/val/nature/ILSVRC2012_val_00004874.JPEG,0,0.001069
data/genimage/imagenet_ai_0508_adm/val/nature/ILSVRC2012_val_00004958.JPEG,0,5.7e-05
data/genimage/imagenet_ai_0508_adm/val/nature/ILSVRC2012_val_00005081.JPEG,0,0.005523
data/genimage/imagenet_ai_0508_adm/val/nature/ILSVRC2012_val_00005185.JPEG,0,3.8e-05
data/genimage/imagenet_ai_0508_adm/val/nature/ILSVRC2012_val_00005255.JPEG,0,1.3e-05
data/genimage/imagenet_ai_0508_adm/val/nature/ILSVRC2012_val_00005265.JPEG,0,3.6e-05
data/genimage/imagenet_ai_0508_adm/val/nature/ILSVRC2012_val_00005367.JPEG,0,0.273609
data/genimage/imagenet_ai_0508_adm/val/nature/ILSVRC2012_val_00005429.JPEG,0,0.007422
data/genimage/imagenet_ai_0508_adm/val/nature/ILSVRC2012_val_00005449.JPEG,0,0.99811
data/genimage/imagenet_ai_0508_adm/val/nature/ILSVRC2012_val_00005525.JPEG,0,1e-06
data/genimage/imagenet_ai_0508_adm/val/nature/ILSVRC2012_val_00005541.JPEG,0,0.00019
data/genimage/imagenet_ai_0508_adm/val/nature/ILSVRC2012_val_00005568.JPEG,0,0.321679
data/genimage/imagenet_ai_0508_adm/val/nature/ILSVRC2012_val_00005664.JPEG,0,2.3e-05
data/genimage/imagenet_ai_0508_adm/val/nature/ILSVRC2012_val_00005716.JPEG,0,0.001487
data/genimage/imagenet_ai_0508_adm/val/nature/ILSVRC2012_val_00005850.JPEG,0,0.321793
data/genimage/imagenet_ai_0508_adm/val/nature/ILSVRC2012_val_00005889.JPEG,0,0.000834
data/genimage/imagenet_ai_0508_adm/val/nature/ILSVRC2012_val_00005931.JPEG,0,0.032119
data/genimage/imagenet_ai_0508_adm/val/nature/ILSVRC2012_val_00005957.JPEG,0,0.000114
data/genimage/imagenet_ai_0508_adm/val/nature/ILSVRC2012_val_00006017.JPEG,0,4.8e-05
data/genimage/imagenet_ai_0508_adm/val/nature/ILSVRC2012_val_00006023.JPEG,0,0.008366
data/genimage/imagenet_ai_0508_adm/val/nature/ILSVRC2012_val_00006058.JPEG,0,0.011456
data/genimage/imagenet_ai_0508_adm/val/nature/ILSVRC2012_val_00006263.JPEG,0,6.6e-05
data/genimage/imagenet_ai_0508_adm/val/nature/ILSVRC2012_val_00006295.JPEG,0,0.001909
data/genimage/imagenet_ai_0508_adm/val/nature/ILSVRC2012_val_00006358.JPEG,0,0.000205
data/genimage/imagenet_ai_0508_adm/val/nature/ILSVRC2012_val_00006372.JPEG,0,0.000858
data/genimage/imagenet_ai_0508_adm/val/nature/ILSVRC2012_val_00006454.JPEG,0,0.865867
data/genimage/imagenet_ai_0508_adm/val/nature/ILSVRC2012_val_00006485.JPEG,0,3.3e-05
data/genimage/imagenet_ai_0508_adm/val/nature/ILSVRC2012_val_00006510.JPEG,0,0.000113
data/genimage/imagenet_ai_0508_adm/val/nature/ILSVRC2012_val_00006515.JPEG,0,0.00096
data/genimage/imagenet_ai_0508_adm/val/nature/ILSVRC2012_val_00006851.JPEG,0,0.00016
data/genimage/imagenet_ai_0508_adm/val/nature/ILSVRC2012_val_00006967.JPEG,0,7.4e-05
data/genimage/imagenet_ai_0508_adm/val/nature/ILSVRC2012_val_00007083.JPEG,0,5.9e-05
data/genimage/imagenet_ai_0508_adm/val/nature/ILSVRC2012_val_00007129.JPEG,0,0.000326
data/genimage/imagenet_ai_0508_adm/val/nature/ILSVRC2012_val_00007186.JPEG,0,0.048372
data/genimage/imagenet_ai_0508_adm/val/nature/ILSVRC2012_val_00007208.JPEG,0,7e-06
data/genimage/imagenet_ai_0508_adm/val/nature/ILSVRC2012_val_00007251.JPEG,0,1.2e-05
data/genimage/imagenet_ai_0508_adm/val/nature/ILSVRC2012_val_00007484.JPEG,0,0.417472
data/genimage/imagenet_ai_0508_adm/val/nature/ILSVRC2012_val_00007852.JPEG,0,0.002178
data/genimage/imagenet_ai_0508_adm/val/nature/ILSVRC2012_val_00007938.JPEG,0,2.5e-05
data/genimage/imagenet_ai_0508_adm/val/nature/ILSVRC2012_val_00008079.JPEG,0,0.177659
data/genimage/imagenet_ai_0508_adm/val/nature/ILSVRC2012_val_00008579.JPEG,0,0.001027
data/genimage/imagenet_ai_0508_adm/val/nature/ILSVRC2012_val_00009075.JPEG,0,0.001556
data/genimage/imagenet_ai_0508_adm/val/nature/ILSVRC2012_val_00009113.JPEG,0,0.002345
data/genimage/imagenet_ai_0508_adm/val/nature/ILSVRC2012_val_00009131.JPEG,0,2e-06
data/genimage/imagenet_ai_0508_adm/val/nature/ILSVRC2012_val_00009140.JPEG,0,0.000592
data/genimage/imagenet_ai_0508_adm/val/nature/ILSVRC2012_val_00009184.JPEG,0,0.084071
data/genimage/imagenet_ai_0508_adm/val/nature/ILSVRC2012_val_00009299.JPEG,0,0.0
data/genimage/imagenet_ai_0508_adm/val/nature/ILSVRC2012_val_00009317.JPEG,0,0.013651
data/genimage/imagenet_ai_0508_adm/val/nature/ILSVRC2012_val_00009585.JPEG,0,0.000536
data/genimage/imagenet_ai_0508_adm/val/nature/ILSVRC2012_val_00009821.JPEG,0,6.8e-05
data/genimage/imagenet_ai_0508_adm/val/nature/ILSVRC2012_val_00009886.JPEG,0,0.006906
data/genimage/imagenet_ai_0508_adm/val/nature/ILSVRC2012_val_00009999.JPEG,0,0.000676
data/genimage/imagenet_ai_0508_adm/val/nature/ILSVRC2012_val_00010018.JPEG,0,0.000174
data/genimage/imagenet_ai_0508_adm/val/nature/ILSVRC2012_val_00010053.JPEG,0,1e-06
data/genimage/imagenet_ai_0508_adm/val/nature/ILSVRC2012_val_00010621.JPEG,0,0.000215
data/genimage/imagenet_ai_0508_adm/val/nature/ILSVRC2012_val_00010710.JPEG,0,0.026065
data/genimage/imagenet_ai_0508_adm/val/nature/ILSVRC2012_val_00010824.JPEG,0,4e-06
data/genimage/imagenet_ai_0508_adm/val/nature/ILSVRC2012_val_00011078.JPEG,0,0.00088
data/genimage/imagenet_ai_0508_adm/val/nature/ILSVRC2012_val_00011774.JPEG,0,0.00027
data/genimage/imagenet_ai_0508_adm/val/nature/ILSVRC2012_val_00011950.JPEG,0,0.060129
data/genimage/imagenet_ai_0508_adm/val/nature/ILSVRC2012_val_00011954.JPEG,0,0.000332
data/genimage/imagenet_ai_0508_adm/val/nature/ILSVRC2012_val_00011992.JPEG,0,2e-05
data/genimage/imagenet_ai_0508_adm/val/nature/ILSVRC2012_val_00012091.JPEG,0,2.4e-05
data/genimage/imagenet_ai_0508_adm/val/nature/ILSVRC2012_val_00012224.JPEG,0,0.001896
data/genimage/imagenet_ai_0508_adm/val/nature/ILSVRC2012_val_00012427.JPEG,0,0.000103
data/genimage/imagenet_ai_0508_adm/val/nature/ILSVRC2012_val_00012652.JPEG,0,6.7e-05
data/genimage/imagenet_ai_0508_adm/val/nature/ILSVRC2012_val_00012722.JPEG,0,0.000356
data/genimage/imagenet_ai_0508_adm/val/nature/ILSVRC2012_val_00012914.JPEG,0,0.002633
data/genimage/imagenet_ai_0508_adm/val/nature/ILSVRC2012_val_00013126.JPEG,0,4e-06
data/genimage/imagenet_ai_0508_adm/val/nature/ILSVRC2012_val_00013225.JPEG,0,2.5e-05
data/genimage/imagenet_ai_0508_adm/val/nature/ILSVRC2012_val_00013245.JPEG,0,0.000471
data/genimage/imagenet_ai_0508_adm/val/nature/ILSVRC2012_val_00013275.JPEG,0,0.002051
data/genimage/imagenet_ai_0508_adm/val/nature/ILSVRC2012_val_00013318.JPEG,0,1.8e-05
data/genimage/imagenet_ai_0508_adm/val/nature/ILSVRC2012_val_00013392.JPEG,0,0.001016
data/genimage/imagenet_ai_0508_adm/val/nature/ILSVRC2012_val_00013449.JPEG,0,0.002855
data/genimage/imagenet_ai_0508_adm/val/nature/ILSVRC2012_val_00013450.JPEG,0,0.007246
data/genimage/imagenet_ai_0508_adm/val/nature/ILSVRC2012_val_00013540.JPEG,0,2.6e-05
data/genimage/imagenet_ai_0508_adm/val/nature/ILSVRC2012_val_00013868.JPEG,0,4e-06
data/genimage/imagenet_ai_0508_adm/val/nature/ILSVRC2012_val_00013973.JPEG,0,2e-06
data/genimage/imagenet_ai_0508_adm/val/nature/ILSVRC2012_val_00014015.JPEG,0,0.874867
data/genimage/imagenet_ai_0508_adm/val/nature/ILSVRC2012_val_00014136.JPEG,0,0.000355
data/genimage/imagenet_ai_0508_adm/val/nature/ILSVRC2012_val_00014170.JPEG,0,3.5e-05
data/genimage/imagenet_ai_0508_adm/val/nature/ILSVRC2012_val_00014328.JPEG,0,6.5e-05
data/genimage/imagenet_ai_0508_adm/val/nature/ILSVRC2012_val_00014461.JPEG,0,0.003007
data/genimage/imagenet_ai_0508_adm/val/nature/ILSVRC2012_val_00014583.JPEG,0,0.041183
data/genimage/imagenet_ai_0508_adm/val/nature/ILSVRC2012_val_00014613.JPEG,0,0.030454
data/genimage/imagenet_ai_0508_adm/val/nature/ILSVRC2012_val_00014856.JPEG,0,0.037658
data/genimage/imagenet_ai_0508_adm/val/nature/ILSVRC2012_val_00014875.JPEG,0,0.00372
data/genimage/imagenet_ai_0508_adm/val/nature/ILSVRC2012_val_00014879.JPEG,0,0.001153
data/genimage/imagenet_ai_0508_adm/val/nature/ILSVRC2012_val_00014969.JPEG,0,0.000884
data/genimage/imagenet_ai_0508_adm/val/nature/ILSVRC2012_val_00015129.JPEG,0,0.000148
data/genimage/imagenet_ai_0508_adm/val/nature/ILSVRC2012_val_00015154.JPEG,0,3e-06
data/genimage/imagenet_ai_0508_adm/val/nature/ILSVRC2012_val_00015172.JPEG,0,0.048976
data/genimage/imagenet_ai_0508_adm/val/nature/ILSVRC2012_val_00015184.JPEG,0,0.0
data/genimage/imagenet_ai_0508_adm/val/nature/ILSVRC2012_val_00015263.JPEG,0,0.000252
data/genimage/imagenet_ai_0508_adm/val/nature/ILSVRC2012_val_00015276.JPEG,0,1.1e-05
data/genimage/imagenet_ai_0508_adm/val/nature/ILSVRC2012_val_00015302.JPEG,0,0.000138
data/genimage/imagenet_ai_0508_adm/val/nature/ILSVRC2012_val_00015420.JPEG,0,0.000401
data/genimage/imagenet_ai_0508_adm/val/nature/ILSVRC2012_val_00015674.JPEG,0,0.000231
data/genimage/imagenet_ai_0508_adm/val/nature/ILSVRC2012_val_00016143.JPEG,0,6e-06
data/genimage/imagenet_ai_0508_adm/val/nature/ILSVRC2012_val_00016236.JPEG,0,0.004016
data/genimage/imagenet_ai_0508_adm/val/nature/ILSVRC2012_val_00016254.JPEG,0,4.5e-05
data/genimage/imagenet_ai_0508_adm/val/nature/ILSVRC2012_val_00016306.JPEG,0,7e-06
data/genimage/imagenet_ai_0508_adm/val/nature/ILSVRC2012_val_00016420.JPEG,0,0.00671
data/genimage/imagenet_ai_0508_adm/val/nature/ILSVRC2012_val_00016474.JPEG,0,0.203619
data/genimage/imagenet_ai_0508_adm/val/nature/ILSVRC2012_val_00016476.JPEG,0,1.9e-05
data/genimage/imagenet_ai_0508_adm/val/nature/ILSVRC2012_val_00016480.JPEG,0,5.6e-05
data/genimage/imagenet_ai_0508_adm/val/nature/ILSVRC2012_val_00016499.JPEG,0,0.000431
data/genimage/imagenet_ai_0508_adm/val/nature/ILSVRC2012_val_00016504.JPEG,0,0.080372
data/genimage/imagenet_ai_0508_adm/val/nature/ILSVRC2012_val_00016525.JPEG,0,5.2e-05
data/genimage/imagenet_ai_0508_adm/val/nature/ILSVRC2012_val_00016593.JPEG,0,0.008192
data/genimage/imagenet_ai_0508_adm/val/nature/ILSVRC2012_val_00016633.JPEG,0,0.778
data/genimage/imagenet_ai_0508_adm/val/nature/ILSVRC2012_val_00016850.JPEG,0,0.070685
data/genimage/imagenet_ai_0508_adm/val/nature/ILSVRC2012_val_00016854.JPEG,0,0.624417
data/genimage/imagenet_ai_0508_adm/val/nature/ILSVRC2012_val_00016874.JPEG,0,0.533103
data/genimage/imagenet_ai_0508_adm/val/nature/ILSVRC2012_val_00016908.JPEG,0,0.000116
data/genimage/imagenet_ai_0508_adm/val/nature/ILSVRC2012_val_00016967.JPEG,0,2.7e-05
data/genimage/imagenet_ai_0508_adm/val/nature/ILSVRC2012_val_00017043.JPEG,0,0.000195
data/genimage/imagenet_ai_0508_adm/val/nature/ILSVRC2012_val_00017051.JPEG,0,8.4e-05
data/genimage/imagenet_ai_0508_adm/val/nature/ILSVRC2012_val_00017303.JPEG,0,0.000884
data/genimage/imagenet_ai_0508_adm/val/nature/ILSVRC2012_val_00017328.JPEG,0,0.008114
data/genimage/imagenet_ai_0508_adm/val/nature/ILSVRC2012_val_00017348.JPEG,0,0.000113
data/genimage/imagenet_ai_0508_adm/val/nature/ILSVRC2012_val_00017358.JPEG,0,3.8e-05
data/genimage/imagenet_ai_0508_adm/val/nature/ILSVRC2012_val_00017360.JPEG,0,0.002171
data/genimage/imagenet_ai_0508_adm/val/nature/ILSVRC2012_val_00017424.JPEG,0,0.099931
data/genimage/imagenet_ai_0508_adm/val/nature/ILSVRC2012_val_00017450.JPEG,0,0.856437
data/genimage/imagenet_ai_0508_adm/val/nature/ILSVRC2012_val_00017530.JPEG,0,2e-06
data/genimage/imagenet_ai_0508_adm/val/nature/ILSVRC2012_val_00017615.JPEG,0,0.005615
data/genimage/imagenet_ai_0508_adm/val/nature/ILSVRC2012_val_00018000.JPEG,0,0.945262
data/genimage/imagenet_ai_0508_adm/val/nature/ILSVRC2012_val_00018142.JPEG,0,7e-05
data/genimage/imagenet_ai_0508_adm/val/nature/ILSVRC2012_val_00018350.JPEG,0,0.998133
data/genimage/imagenet_ai_0508_adm/val/nature/ILSVRC2012_val_00018522.JPEG,0,3.7e-05
data/genimage/imagenet_ai_0508_adm/val/nature/ILSVRC2012_val_00018534.JPEG,0,0.000738
data/genimage/imagenet_ai_0508_adm/val/nature/ILSVRC2012_val_00018596.JPEG,0,7e-06
data/genimage/imagenet_ai_0508_adm/val/nature/ILSVRC2012_val_00018780.JPEG,0,0.003698
data/genimage/imagenet_ai_0508_adm/val/nature/ILSVRC2012_val_00019120.JPEG,0,0.00019
data/genimage/imagenet_ai_0508_adm/val/nature/ILSVRC2012_val_00019139.JPEG,0,0.001983
data/genimage/imagenet_ai_0508_adm/val/nature/ILSVRC2012_val_00019301.JPEG,0,0.000926
data/genimage/imagenet_ai_0508_adm/val/nature/ILSVRC2012_val_00019326.JPEG,0,0.000125
data/genimage/imagenet_ai_0508_adm/val/nature/ILSVRC2012_val_00019366.JPEG,0,4.4e-05
data/genimage/imagenet_ai_0508_adm/val/nature/ILSVRC2012_val_00019510.JPEG,0,2.2e-05
data/genimage/imagenet_ai_0508_adm/val/nature/ILSVRC2012_val_00019534.JPEG,0,6.1e-05
data/genimage/imagenet_ai_0508_adm/val/nature/ILSVRC2012_val_00019593.JPEG,0,1.1e-05
data/genimage/imagenet_ai_0508_adm/val/nature/ILSVRC2012_val_00019687.JPEG,0,0.000945
data/genimage/imagenet_ai_0508_adm/val/nature/ILSVRC2012_val_00019864.JPEG,0,1.9e-05
data/genimage/imagenet_ai_0508_adm/val/nature/ILSVRC2012_val_00020118.JPEG,0,0.001507
data/genimage/imagenet_ai_0508_adm/val/nature/ILSVRC2012_val_00020211.JPEG,0,2e-06
data/genimage/imagenet_ai_0508_adm/val/nature/ILSVRC2012_val_00020220.JPEG,0,0.001047
data/genimage/imagenet_ai_0508_adm/val/nature/ILSVRC2012_val_00020229.JPEG,0,0.412615
data/genimage/imagenet_ai_0508_adm/val/nature/ILSVRC2012_val_00020294.JPEG,0,0.103194
data/genimage/imagenet_ai_0508_adm/val/nature/ILSVRC2012_val_00020380.JPEG,0,1.1e-05
data/genimage/imagenet_ai_0508_adm/val/nature/ILSVRC2012_val_00020491.JPEG,0,8e-06
data/genimage/imagenet_ai_0508_adm/val/nature/ILSVRC2012_val_00020525.JPEG,0,0.000233
data/genimage/imagenet_ai_0508_adm/val/nature/ILSVRC2012_val_00020734.JPEG,0,0.0
data/genimage/imagenet_ai_0508_adm/val/nature/ILSVRC2012_val_00020823.JPEG,0,1e-06
data/genimage/imagenet_ai_0508_adm/val/nature/ILSVRC2012_val_00020859.JPEG,0,0.003432
data/genimage/imagenet_ai_0508_adm/val/nature/ILSVRC2012_val_00021163.JPEG,0,0.000171
data/genimage/imagenet_ai_0508_adm/val/nature/ILSVRC2012_val_00021376.JPEG,0,0.035779
data/genimage/imagenet_ai_0508_adm/val/nature/ILSVRC2012_val_00021556.JPEG,0,1.9e-05
data/genimage/imagenet_ai_0508_adm/val/nature/ILSVRC2012_val_00021596.JPEG,0,7.1e-05
data/genimage/imagenet_ai_0508_adm/val/nature/ILSVRC2012_val_00021742.JPEG,0,0.35654
data/genimage/imagenet_ai_0508_adm/val/nature/ILSVRC2012_val_00021894.JPEG,0,0.009655
data/genimage/imagenet_ai_0508_adm/val/nature/ILSVRC2012_val_00021953.JPEG,0,0.005164
data/genimage/imagenet_ai_0508_adm/val/nature/ILSVRC2012_val_00022021.JPEG,0,9e-06
data/genimage/imagenet_ai_0508_adm/val/nature/ILSVRC2012_val_00022039.JPEG,0,7e-06
data/genimage/imagenet_ai_0508_adm/val/nature/ILSVRC2012_val_00022186.JPEG,0,0.001832
data/genimage/imagenet_ai_0508_adm/val/nature/ILSVRC2012_val_00022385.JPEG,0,6.8e-05
data/genimage/imagenet_ai_0508_adm/val/nature/ILSVRC2012_val_00022454.JPEG,0,0.008728
data/genimage/imagenet_ai_0508_adm/val/nature/ILSVRC2012_val_00022508.JPEG,0,0.110256
data/genimage/imagenet_ai_0508_adm/val/nature/ILSVRC2012_val_00022580.JPEG,0,8.6e-05
data/genimage/imagenet_ai_0508_adm/val/nature/ILSVRC2012_val_00022588.JPEG,0,2.1e-05
data/genimage/imagenet_ai_0508_adm/val/nature/ILSVRC2012_val_00022633.JPEG,0,0.000169
data/genimage/imagenet_ai_0508_adm/val/nature/ILSVRC2012_val_00022688.JPEG,0,0.001062
data/genimage/imagenet_ai_0508_adm/val/nature/ILSVRC2012_val_00022857.JPEG,0,1.3e-05
data/genimage/imagenet_ai_0508_adm/val/nature/ILSVRC2012_val_00023244.JPEG,0,2.4e-05
data/genimage/imagenet_ai_0508_adm/val/nature/ILSVRC2012_val_00023277.JPEG,0,0.000578
data/genimage/imagenet_ai_0508_adm/val/nature/ILSVRC2012_val_00023308.JPEG,0,5e-06
data/genimage/imagenet_ai_0508_adm/val/nature/ILSVRC2012_val_00023329.JPEG,0,2e-06
data/genimage/imagenet_ai_0508_adm/val/nature/ILSVRC2012_val_00023394.JPEG,0,2e-06
data/genimage/imagenet_ai_0508_adm/val/nature/ILSVRC2012_val_00023661.JPEG,0,0.001239
data/genimage/imagenet_ai_0508_adm/val/nature/ILSVRC2012_val_00023752.JPEG,0,0.00023
data/genimage/imagenet_ai_0508_adm/val/nature/ILSVRC2012_val_00023784.JPEG,0,0.000425
data/genimage/imagenet_ai_0508_adm/val/nature/ILSVRC2012_val_00023804.JPEG,0,5e-05
data/genimage/imagenet_ai_0508_adm/val/nature/ILSVRC2012_val_00024030.JPEG,0,0.000358
data/genimage/imagenet_ai_0508_adm/val/nature/ILSVRC2012_val_00024044.JPEG,0,0.084419
data/genimage/imagenet_ai_0508_adm/val/nature/ILSVRC2012_val_00024045.JPEG,0,0.001024
data/genimage/imagenet_ai_0508_adm/val/nature/ILSVRC2012_val_00024070.JPEG,0,0.999179
data/genimage/imagenet_ai_0508_adm/val/nature/ILSVRC2012_val_00024116.JPEG,0,7e-05
data/genimage/imagenet_ai_0508_adm/val/nature/ILSVRC2012_val_00024290.JPEG,0,0.687392
data/genimage/imagenet_ai_0508_adm/val/nature/ILSVRC2012_val_00024532.JPEG,0,0.000974
data/genimage/imagenet_ai_0508_adm/val/nature/ILSVRC2012_val_00024544.JPEG,0,6e-06
data/genimage/imagenet_ai_0508_adm/val/nature/ILSVRC2012_val_00024731.JPEG,0,0.000544
data/genimage/imagenet_ai_0508_adm/val/nature/ILSVRC2012_val_00024881.JPEG,0,1.5e-05
data/genimage/imagenet_ai_0508_adm/val/nature/ILSVRC2012_val_00025014.JPEG,0,0.000181
data/genimage/imagenet_ai_0508_adm/val/nature/ILSVRC2012_val_00025069.JPEG,0,0.000973
data/genimage/imagenet_ai_0508_adm/val/nature/ILSVRC2012_val_00025073.JPEG,0,0.000201
data/genimage/imagenet_ai_0508_adm/val/nature/ILSVRC2012_val_00025253.JPEG,0,0.000476
data/genimage/imagenet_ai_0508_adm/val/nature/ILSVRC2012_val_00025351.JPEG,0,0.011187
data/genimage/imagenet_ai_0508_adm/val/nature/ILSVRC2012_val_00025419.JPEG,0,0.000132
data/genimage/imagenet_ai_0508_adm/val/nature/ILSVRC2012_val_00025518.JPEG,0,0.102773
data/genimage/imagenet_ai_0508_adm/val/nature/ILSVRC2012_val_00025582.JPEG,0,0.013151
data/genimage/imagenet_ai_0508_adm/val/nature/ILSVRC2012_val_00025757.JPEG,0,0.001059
data/genimage/imagenet_ai_0508_adm/val/nature/ILSVRC2012_val_00025956.JPEG,0,2.3e-05
data/genimage/imagenet_ai_0508_adm/val/nature/ILSVRC2012_val_00026012.JPEG,0,1.2e-05
data/genimage/imagenet_ai_0508_adm/val/nature/ILSVRC2012_val_00026164.JPEG,0,7e-06
data/genimage/imagenet_ai_0508_adm/val/nature/ILSVRC2012_val_00026322.JPEG,0,0.000219
data/genimage/imagenet_ai_0508_adm/val/nature/ILSVRC2012_val_00026557.JPEG,0,0.004956
data/genimage/imagenet_ai_0508_adm/val/nature/ILSVRC2012_val_00026566.JPEG,0,0.000151
data/genimage/imagenet_ai_0508_adm/val/nature/ILSVRC2012_val_00026640.JPEG,0,2.7e-05
data/genimage/imagenet_ai_0508_adm/val/nature/ILSVRC2012_val_00026794.JPEG,0,0.000401
data/genimage/imagenet_ai_0508_adm/val/nature/ILSVRC2012_val_00026881.JPEG,0,0.000104
data/genimage/imagenet_ai_0508_adm/val/nature/ILSVRC2012_val_00027219.JPEG,0,8.5e-05
data/genimage/imagenet_ai_0508_adm/val/nature/ILSVRC2012_val_00027271.JPEG,0,0.009631
data/genimage/imagenet_ai_0508_adm/val/nature/ILSVRC2012_val_00027295.JPEG,0,0.000175
data/genimage/imagenet_ai_0508_adm/val/nature/ILSVRC2012_val_00027365.JPEG,0,0.00037
data/genimage/imagenet_ai_0508_adm/val/nature/ILSVRC2012_val_00027366.JPEG,0,3e-06
data/genimage/imagenet_ai_0508_adm/val/nature/ILSVRC2012_val_00027418.JPEG,0,9e-05
data/genimage/imagenet_ai_0508_adm/val/nature/ILSVRC2012_val_00027431.JPEG,0,0.000226
data/genimage/imagenet_ai_0508_adm/val/nature/ILSVRC2012_val_00027544.JPEG,0,0.002332
data/genimage/imagenet_ai_0508_adm/val/nature/ILSVRC2012_val_00027555.JPEG,0,0.011415
data/genimage/imagenet_ai_0508_adm/val/nature/ILSVRC2012_val_00027720.JPEG,0,1e-06
data/genimage/imagenet_ai_0508_adm/val/nature/ILSVRC2012_val_00027766.JPEG,0,0.024496
data/genimage/imagenet_ai_0508_adm/val/nature/ILSVRC2012_val_00028076.JPEG,0,0.000837
data/genimage/imagenet_ai_0508_adm/val/nature/ILSVRC2012_val_00028119.JPEG,0,0.0
data/genimage/imagenet_ai_0508_adm/val/nature/ILSVRC2012_val_00028143.JPEG,0,0.013628
data/genimage/imagenet_ai_0508_adm/val/nature/ILSVRC2012_val_00028246.JPEG,0,0.000433
data/genimage/imagenet_ai_0508_adm/val/nature/ILSVRC2012_val_00028272.JPEG,0,0.001337
data/genimage/imagenet_ai_0508_adm/val/nature/ILSVRC2012_val_00028462.JPEG,0,0.117675
data/genimage/imagenet_ai_0508_adm/val/nature/ILSVRC2012_val_00028463.JPEG,0,0.792105
data/genimage/imagenet_ai_0508_adm/val/nature/ILSVRC2012_val_00028537.JPEG,0,8e-06
data/genimage/imagenet_ai_0508_adm/val/nature/ILSVRC2012_val_00028600.JPEG,0,5e-06
data/genimage/imagenet_ai_0508_adm/val/nature/ILSVRC2012_val_00028604.JPEG,0,2e-05
data/genimage/imagenet_ai_0508_adm/val/nature/ILSVRC2012_val_00028607.JPEG,0,0.016832
data/genimage/imagenet_ai_0508_adm/val/nature/ILSVRC2012_val_00028627.JPEG,0,7.2e-05
data/genimage/imagenet_ai_0508_adm/val/nature/ILSVRC2012_val_00028665.JPEG,0,0.55693
data/genimage/imagenet_ai_0508_adm/val/nature/ILSVRC2012_val_00028675.JPEG,0,3.8e-05
data/genimage/imagenet_ai_0508_adm/val/nature/ILSVRC2012_val_00028680.JPEG,0,2e-06
data/genimage/imagenet_ai_0508_adm/val/nature/ILSVRC2012_val_00028792.JPEG,0,0.000253
data/genimage/imagenet_ai_0508_adm/val/nature/ILSVRC2012_val_00028878.JPEG,0,1e-06
data/genimage/imagenet_ai_0508_adm/val/nature/ILSVRC2012_val_00029099.JPEG,0,0.004736
data/genimage/imagenet_ai_0508_adm/val/nature/ILSVRC2012_val_00029120.JPEG,0,0.000632
data/genimage/imagenet_ai_0508_adm/val/nature/ILSVRC2012_val_00029152.JPEG,0,0.000294
data/genimage/imagenet_ai_0508_adm/val/nature/ILSVRC2012_val_00029222.JPEG,0,0.00018
data/genimage/imagenet_ai_0508_adm/val/nature/ILSVRC2012_val_00029756.JPEG,0,0.000414
data/genimage/imagenet_ai_0508_adm/val/nature/ILSVRC2012_val_00029991.JPEG,0,0.01238
data/genimage/imagenet_ai_0508_adm/val/nature/ILSVRC2012_val_00030005.JPEG,0,4.7e-05
data/genimage/imagenet_ai_0508_adm/val/nature/ILSVRC2012_val_00030117.JPEG,0,0.00134
data/genimage/imagenet_ai_0508_adm/val/nature/ILSVRC2012_val_00030209.JPEG,0,0.000111
data/genimage/imagenet_ai_0508_adm/val/nature/ILSVRC2012_val_00030347.JPEG,0,3e-05
data/genimage/imagenet_ai_0508_adm/val/nature/ILSVRC2012_val_00030432.JPEG,0,0.987908
data/genimage/imagenet_ai_0508_adm/val/nature/ILSVRC2012_val_00030559.JPEG,0,5e-06
data/genimage/imagenet_ai_0508_adm/val/nature/ILSVRC2012_val_00030667.JPEG,0,5.2e-05
data/genimage/imagenet_ai_0508_adm/val/nature/ILSVRC2012_val_00030688.JPEG,0,0.000188
data/genimage/imagenet_ai_0508_adm/val/nature/ILSVRC2012_val_00030976.JPEG,0,3.4e-05
data/genimage/imagenet_ai_0508_adm/val/nature/ILSVRC2012_val_00031292.JPEG,0,0.004866
data/genimage/imagenet_ai_0508_adm/val/nature/ILSVRC2012_val_00031435.JPEG,0,0.0
data/genimage/imagenet_ai_0508_adm/val/nature/ILSVRC2012_val_00031505.JPEG,0,0.805594
data/genimage/imagenet_ai_0508_adm/val/nature/ILSVRC2012_val_00031785.JPEG,0,4.2e-05
data/genimage/imagenet_ai_0508_adm/val/nature/ILSVRC2012_val_00031906.JPEG,0,0.009499
data/genimage/imagenet_ai_0508_adm/val/nature/ILSVRC2012_val_00032091.JPEG,0,0.002073
data/genimage/imagenet_ai_0508_adm/val/nature/ILSVRC2012_val_00032115.JPEG,0,0.002165
data/genimage/imagenet_ai_0508_adm/val/nature/ILSVRC2012_val_00032294.JPEG,0,0.000223
data/genimage/imagenet_ai_0508_adm/val/nature/ILSVRC2012_val_00032341.JPEG,0,0.079144
data/genimage/imagenet_ai_0508_adm/val/nature/ILSVRC2012_val_00032342.JPEG,0,0.000293
data/genimage/imagenet_ai_0508_adm/val/nature/ILSVRC2012_val_00032564.JPEG,0,0.000305
data/genimage/imagenet_ai_0508_adm/val/nature/ILSVRC2012_val_00032708.JPEG,0,0.007609
data/genimage/imagenet_ai_0508_adm/val/nature/ILSVRC2012_val_00032803.JPEG,0,0.004079
data/genimage/imagenet_ai_0508_adm/val/nature/ILSVRC2012_val_00032824.JPEG,0,0.006956
data/genimage/imagenet_ai_0508_adm/val/nature/ILSVRC2012_val_00032865.JPEG,0,0.00424
data/genimage/imagenet_ai_0508_adm/val/nature/ILSVRC2012_val_00033152.JPEG,0,5e-06
data/genimage/imagenet_ai_0508_adm/val/nature/ILSVRC2012_val_00033153.JPEG,0,6.3e-05
data/genimage/imagenet_ai_0508_adm/val/nature/ILSVRC2012_val_00033211.JPEG,0,0.000414
data/genimage/imagenet_ai_0508_adm/val/nature/ILSVRC2012_val_00033275.JPEG,0,0.12416
data/genimage/imagenet_ai_0508_adm/val/nature/ILSVRC2012_val_00033447.JPEG,0,2.7e-05
data/genimage/imagenet_ai_0508_adm/val/nature/ILSVRC2012_val_00033470.JPEG,0,0.013477
data/genimage/imagenet_ai_0508_adm/val/nature/ILSVRC2012_val_00033486.JPEG,0,8e-06
data/genimage/imagenet_ai_0508_adm/val/nature/ILSVRC2012_val_00033488.JPEG,0,0.000548
data/genimage/imagenet_ai_0508_adm/val/nature/ILSVRC2012_val_00033628.JPEG,0,0.000235
data/genimage/imagenet_ai_0508_adm/val/nature/ILSVRC2012_val_00033640.JPEG,0,5e-06
data/genimage/imagenet_ai_0508_adm/val/nature/ILSVRC2012_val_00033678.JPEG,0,0.00146
data/genimage/imagenet_ai_0508_adm/val/nature/ILSVRC2012_val_00033757.JPEG,0,0.002517
data/genimage/imagenet_ai_0508_adm/val/nature/ILSVRC2012_val_00033768.JPEG,0,0.228357
data/genimage/imagenet_ai_0508_adm/val/nature/ILSVRC2012_val_00034019.JPEG,0,0.041786
data/genimage/imagenet_ai_0508_adm/val/nature/ILSVRC2012_val_00034099.JPEG,0,0.123835
data/genimage/imagenet_ai_0508_adm/val/nature/ILSVRC2012_val_00034109.JPEG,0,0.000871
data/genimage/imagenet_ai_0508_adm/val/nature/ILSVRC2012_val_00034156.JPEG,0,0.005548
data/genimage/imagenet_ai_0508_adm/val/nature/ILSVRC2012_val_00034386.JPEG,0,0.008033
data/genimage/imagenet_ai_0508_adm/val/nature/ILSVRC2012_val_00034463.JPEG,0,4.1e-05
data/genimage/imagenet_ai_0508_adm/val/nature/ILSVRC2012_val_00034470.JPEG,0,1e-06
data/genimage/imagenet_ai_0508_adm/val/nature/ILSVRC2012_val_00034690.JPEG,0,3e-06
data/genimage/imagenet_ai_0508_adm/val/nature/ILSVRC2012_val_00034696.JPEG,0,0.213114
data/genimage/imagenet_ai_0508_adm/val/nature/ILSVRC2012_val_00034920.JPEG,0,0.004502
data/genimage/imagenet_ai_0508_adm/val/nature/ILSVRC2012_val_00034960.JPEG,0,0.00046
data/genimage/imagenet_ai_0508_adm/val/nature/ILSVRC2012_val_00035010.JPEG,0,0.038246
data/genimage/imagenet_ai_0508_adm/val/nature/ILSVRC2012_val_00035176.JPEG,0,4.7e-05
data/genimage/imagenet_ai_0508_adm/val/nature/ILSVRC2012_val_00035353.JPEG,0,0.000282
data/genimage/imagenet_ai_0508_adm/val/nature/ILSVRC2012_val_00035440.JPEG,0,0.001759
data/genimage/imagenet_ai_0508_adm/val/nature/ILSVRC2012_val_00035551.JPEG,0,0.001972
data/genimage/imagenet_ai_0508_adm/val/nature/ILSVRC2012_val_00035845.JPEG,0,0.004927
data/genimage/imagenet_ai_0508_adm/val/nature/ILSVRC2012_val_00035971.JPEG,0,0.008752
data/genimage/imagenet_ai_0508_adm/val/nature/ILSVRC2012_val_00036041.JPEG,0,3.4e-05
data/genimage/imagenet_ai_0508_adm/val/nature/ILSVRC2012_val_00036120.JPEG,0,0.007163
data/genimage/imagenet_ai_0508_adm/val/nature/ILSVRC2012_val_00036317.JPEG,0,0.008379
data/genimage/imagenet_ai_0508_adm/val/nature/ILSVRC2012_val_00036354.JPEG,0,4.2e-05
data/genimage/imagenet_ai_0508_adm/val/nature/ILSVRC2012_val_00036587.JPEG,0,3.3e-05
data/genimage/imagenet_ai_0508_adm/val/nature/ILSVRC2012_val_00036687.JPEG,0,0.000667
data/genimage/imagenet_ai_0508_adm/val/nature/ILSVRC2012_val_00037039.JPEG,0,0.003291
data/genimage/imagenet_ai_0508_adm/val/nature/ILSVRC2012_val_00037071.JPEG,0,0.000192
data/genimage/imagenet_ai_0508_adm/val/nature/ILSVRC2012_val_00037260.JPEG,0,4e-05
data/genimage/imagenet_ai_0508_adm/val/nature/ILSVRC2012_val_00037328.JPEG,0,0.001132
data/genimage/imagenet_ai_0508_adm/val/nature/ILSVRC2012_val_00037477.JPEG,0,0.951027
data/genimage/imagenet_ai_0508_adm/val/nature/ILSVRC2012_val_00037616.JPEG,0,5.4e-05
data/genimage/imagenet_ai_0508_adm/val/nature/ILSVRC2012_val_00037755.JPEG,0,0.000704
data/genimage/imagenet_ai_0508_adm/val/nature/ILSVRC2012_val_00037763.JPEG,0,1.4e-05
data/genimage/imagenet_ai_0508_adm/val/nature/ILSVRC2012_val_00038006.JPEG,0,0.00182
data/genimage/imagenet_ai_0508_adm/val/nature/ILSVRC2012_val_00038008.JPEG,0,2e-06
data/genimage/imagenet_ai_0508_adm/val/nature/ILSVRC2012_val_00038121.JPEG,0,0.000134
data/genimage/imagenet_ai_0508_adm/val/nature/ILSVRC2012_val_00038176.JPEG,0,0.010498
data/genimage/imagenet_ai_0508_adm/val/nature/ILSVRC2012_val_00038278.JPEG,0,0.000311
data/genimage/imagenet_ai_0508_adm/val/nature/ILSVRC2012_val_00038472.JPEG,0,0.000108
data/genimage/imagenet_ai_0508_adm/val/nature/ILSVRC2012_val_00038554.JPEG,0,1e-05
data/genimage/imagenet_ai_0508_adm/val/nature/ILSVRC2012_val_00038696.JPEG,0,5.6e-05
data/genimage/imagenet_ai_0508_adm/val/nature/ILSVRC2012_val_00038737.JPEG,0,0.194486
data/genimage/imagenet_ai_0508_adm/val/nature/ILSVRC2012_val_00038784.JPEG,0,1e-06
data/genimage/imagenet_ai_0508_adm/val/nature/ILSVRC2012_val_00039100.JPEG,0,6.1e-05
data/genimage/imagenet_ai_0508_adm/val/nature/ILSVRC2012_val_00039101.JPEG,0,0.001084
data/genimage/imagenet_ai_0508_adm/val/nature/ILSVRC2012_val_00039218.JPEG,0,1.5e-05
data/genimage/imagenet_ai_0508_adm/val/nature/ILSVRC2012_val_00039314.JPEG,0,0.002651
data/genimage/imagenet_ai_0508_adm/val/nature/ILSVRC2012_val_00039316.JPEG,0,0.978095
data/genimage/imagenet_ai_0508_adm/val/nature/ILSVRC2012_val_00039321.JPEG,0,2e-06
data/genimage/imagenet_ai_0508_adm/val/nature/ILSVRC2012_val_00039505.JPEG,0,0.002732
data/genimage/imagenet_ai_0508_adm/val/nature/ILSVRC2012_val_00039612.JPEG,0,0.00015
data/genimage/imagenet_ai_0508_adm/val/nature/ILSVRC2012_val_00039803.JPEG,0,0.123433
data/genimage/imagenet_ai_0508_adm/val/nature/ILSVRC2012_val_00040103.JPEG,0,0.012815
data/genimage/imagenet_ai_0508_adm/val/nature/ILSVRC2012_val_00040115.JPEG,0,2.3e-05
data/genimage/imagenet_ai_0508_adm/val/nature/ILSVRC2012_val_00040232.JPEG,0,0.030395
data/genimage/imagenet_ai_0508_adm/val/nature/ILSVRC2012_val_00040335.JPEG,0,0.000497
data/genimage/imagenet_ai_0508_adm/val/nature/ILSVRC2012_val_00040387.JPEG,0,0.000235
data/genimage/imagenet_ai_0508_adm/val/nature/ILSVRC2012_val_00040392.JPEG,0,0.000267
data/genimage/imagenet_ai_0508_adm/val/nature/ILSVRC2012_val_00040456.JPEG,0,1e-05
data/genimage/imagenet_ai_0508_adm/val/nature/ILSVRC2012_val_00040550.JPEG,0,3e-05
data/genimage/imagenet_ai_0508_adm/val/nature/ILSVRC2012_val_00040569.JPEG,0,5e-06
data/genimage/imagenet_ai_0508_adm/val/nature/ILSVRC2012_val_00040675.JPEG,0,0.000593
data/genimage/imagenet_ai_0508_adm/val/nature/ILSVRC2012_val_00040711.JPEG,0,0.000186
data/genimage/imagenet_ai_0508_adm/val/nature/ILSVRC2012_val_00040762.JPEG,0,8.4e-05
data/genimage/imagenet_ai_0508_adm/val/nature/ILSVRC2012_val_00040780.JPEG,0,3.8e-05
data/genimage/imagenet_ai_0508_adm/val/nature/ILSVRC2012_val_00040919.JPEG,0,0.000803
data/genimage/imagenet_ai_0508_adm/val/nature/ILSVRC2012_val_00040933.JPEG,0,0.002612
data/genimage/imagenet_ai_0508_adm/val/nature/ILSVRC2012_val_00040987.JPEG,0,0.167474
data/genimage/imagenet_ai_0508_adm/val/nature/ILSVRC2012_val_00041109.JPEG,0,1.1e-05
data/genimage/imagenet_ai_0508_adm/val/nature/ILSVRC2012_val_00041768.JPEG,0,0.000109
data/genimage/imagenet_ai_0508_adm/val/nature/ILSVRC2012_val_00041900.JPEG,0,0.713332
data/genimage/imagenet_ai_0508_adm/val/nature/ILSVRC2012_val_00042050.JPEG,0,0.000762
data/genimage/imagenet_ai_0508_adm/val/nature/ILSVRC2012_val_00042064.JPEG,0,1.1e-05
data/genimage/imagenet_ai_0508_adm/val/nature/ILSVRC2012_val_00042257.JPEG,0,0.000845
data/genimage/imagenet_ai_0508_adm/val/nature/ILSVRC2012_val_00042351.JPEG,0,0.000222
data/genimage/imagenet_ai_0508_adm/val/nature/ILSVRC2012_val_00042455.JPEG,0,0.066297
data/genimage/imagenet_ai_0508_adm/val/nature/ILSVRC2012_val_00042763.JPEG,0,2e-06
data/genimage/imagenet_ai_0508_adm/val/nature/ILSVRC2012_val_00042911.JPEG,0,0.014179
data/genimage/imagenet_ai_0508_adm/val/nature/ILSVRC2012_val_00042917.JPEG,0,0.041425
data/genimage/imagenet_ai_0508_adm/val/nature/ILSVRC2012_val_00042921.JPEG,0,0.199673
data/genimage/imagenet_ai_0508_adm/val/nature/ILSVRC2012_val_00042933.JPEG,0,0.000289
data/genimage/imagenet_ai_0508_adm/val/nature/ILSVRC2012_val_00043020.JPEG,0,0.007612
data/genimage/imagenet_ai_0508_adm/val/nature/ILSVRC2012_val_00043147.JPEG,0,5.8e-05
data/genimage/imagenet_ai_0508_adm/val/nature/ILSVRC2012_val_00043496.JPEG,0,1.8e-05
data/genimage/imagenet_ai_0508_adm/val/nature/ILSVRC2012_val_00043570.JPEG,0,1e-05
data/genimage/imagenet_ai_0508_adm/val/nature/ILSVRC2012_val_00043685.JPEG,0,0.108829
data/genimage/imagenet_ai_0508_adm/val/nature/ILSVRC2012_val_00043707.JPEG,0,9.9e-05
data/genimage/imagenet_ai_0508_adm/val/nature/ILSVRC2012_val_00043800.JPEG,0,0.000276
data/genimage/imagenet_ai_0508_adm/val/nature/ILSVRC2012_val_00044010.JPEG,0,5.9e-05
data/genimage/imagenet_ai_0508_adm/val/nature/ILSVRC2012_val_00044018.JPEG,0,7.8e-05
data/genimage/imagenet_ai_0508_adm/val/nature/ILSVRC2012_val_00044041.JPEG,0,0.000102
data/genimage/imagenet_ai_0508_adm/val/nature/ILSVRC2012_val_00044180.JPEG,0,7.5e-05
data/genimage/imagenet_ai_0508_adm/val/nature/ILSVRC2012_val_00044207.JPEG,0,1.2e-05
data/genimage/imagenet_ai_0508_adm/val/nature/ILSVRC2012_val_00044210.JPEG,0,0.000864
data/genimage/imagenet_ai_0508_adm/val/nature/ILSVRC2012_val_00044252.JPEG,0,7.5e-05
data/genimage/imagenet_ai_0508_adm/val/nature/ILSVRC2012_val_00044364.JPEG,0,0.000287
data/genimage/imagenet_ai_0508_adm/val/nature/ILSVRC2012_val_00044431.JPEG,0,0.002857
data/genimage/imagenet_ai_0508_adm/val/nature/ILSVRC2012_val_00044455.JPEG,0,0.000247
data/genimage/imagenet_ai_0508_adm/val/nature/ILSVRC2012_val_00044467.JPEG,0,0.001201
data/genimage/imagenet_ai_0508_adm/val/nature/ILSVRC2012_val_00044547.JPEG,0,0.00114
data/genimage/imagenet_ai_0508_adm/val/nature/ILSVRC2012_val_00044860.JPEG,0,0.001555
data/genimage/imagenet_ai_0508_adm/val/nature/ILSVRC2012_val_00044910.JPEG,0,0.000451
data/genimage/imagenet_ai_0508_adm/val/nature/ILSVRC2012_val_00045013.JPEG,0,4.9e-05
data/genimage/imagenet_ai_0508_adm/val/nature/ILSVRC2012_val_00045136.JPEG,0,0.000169
data/genimage/imagenet_ai_0508_adm/val/nature/ILSVRC2012_val_00045238.JPEG,0,3.3e-05
data/genimage/imagenet_ai_0508_adm/val/nature/ILSVRC2012_val_00045320.JPEG,0,0.000241
data/genimage/imagenet_ai_0508_adm/val/nature/ILSVRC2012_val_00045342.JPEG,0,0.00178
data/genimage/imagenet_ai_0508_adm/val/nature/ILSVRC2012_val_00045398.JPEG,0,0.0
data/genimage/imagenet_ai_0508_adm/val/nature/ILSVRC2012_val_00045444.JPEG,0,1e-06
data/genimage/imagenet_ai_0508_adm/val/nature/ILSVRC2012_val_00045532.JPEG,0,0.000156
data/genimage/imagenet_ai_0508_adm/val/nature/ILSVRC2012_val_00045560.JPEG,0,9.5e-05
data/genimage/imagenet_ai_0508_adm/val/nature/ILSVRC2012_val_00045575.JPEG,0,0.075585
data/genimage/imagenet_ai_0508_adm/val/nature/ILSVRC2012_val_00045718.JPEG,0,0.001201
data/genimage/imagenet_ai_0508_adm/val/nature/ILSVRC2012_val_00045835.JPEG,0,0.083123
data/genimage/imagenet_ai_0508_adm/val/nature/ILSVRC2012_val_00046106.JPEG,0,0.000114
data/genimage/imagenet_ai_0508_adm/val/nature/ILSVRC2012_val_00046174.JPEG,0,0.001662
data/genimage/imagenet_ai_0508_adm/val/nature/ILSVRC2012_val_00046213.JPEG,0,1e-06
data/genimage/imagenet_ai_0508_adm/val/nature/ILSVRC2012_val_00046317.JPEG,0,0.150674
data/genimage/imagenet_ai_0508_adm/val/nature/ILSVRC2012_val_00046410.JPEG,0,0.040976
data/genimage/imagenet_ai_0508_adm/val/nature/ILSVRC2012_val_00046448.JPEG,0,2.8e-05
data/genimage/imagenet_ai_0508_adm/val/nature/ILSVRC2012_val_00046539.JPEG,0,0.000304
data/genimage/imagenet_ai_0508_adm/val/nature/ILSVRC2012_val_00046552.JPEG,0,0.0023
data/genimage/imagenet_ai_0508_adm/val/nature/ILSVRC2012_val_00046719.JPEG,0,2.6e-05
data/genimage/imagenet_ai_0508_adm/val/nature/ILSVRC2012_val_00046820.JPEG,0,0.000368
data/genimage/imagenet_ai_0508_adm/val/nature/ILSVRC2012_val_00046889.JPEG,0,0.687368
data/genimage/imagenet_ai_0508_adm/val/nature/ILSVRC2012_val_00046967.JPEG,0,0.025973
data/genimage/imagenet_ai_0508_adm/val/nature/ILSVRC2012_val_00047294.JPEG,0,0.001125
data/genimage/imagenet_ai_0508_adm/val/nature/ILSVRC2012_val_00047367.JPEG,0,7.3e-05
data/genimage/imagenet_ai_0508_adm/val/nature/ILSVRC2012_val_00047372.JPEG,0,9e-06
data/genimage/imagenet_ai_0508_adm/val/nature/ILSVRC2012_val_00047377.JPEG,0,0.001379
data/genimage/imagenet_ai_0508_adm/val/nature/ILSVRC2012_val_00047552.JPEG,0,0.000121
data/genimage/imagenet_ai_0508_adm/val/nature/ILSVRC2012_val_00047556.JPEG,0,0.000457
data/genimage/imagenet_ai_0508_adm/val/nature/ILSVRC2012_val_00047606.JPEG,0,0.000236
data/genimage/imagenet_ai_0508_adm/val/nature/ILSVRC2012_val_00047655.JPEG,0,0.001195
data/genimage/imagenet_ai_0508_adm/val/nature/ILSVRC2012_val_00047793.JPEG,0,0.129787
data/genimage/imagenet_ai_0508_adm/val/nature/ILSVRC2012_val_00047890.JPEG,0,3e-06
data/genimage/imagenet_ai_0508_adm/val/nature/ILSVRC2012_val_00047905.JPEG,0,0.001446
data/genimage/imagenet_ai_0508_adm/val/nature/ILSVRC2012_val_00048183.JPEG,0,2e-06
data/genimage/imagenet_ai_0508_adm/val/nature/ILSVRC2012_val_00048339.JPEG,0,0.125038
data/genimage/imagenet_ai_0508_adm/val/nature/ILSVRC2012_val_00048421.JPEG,0,4.3e-05
data/genimage/imagenet_ai_0508_adm/val/nature/ILSVRC2012_val_00048726.JPEG,0,0.000132
data/genimage/imagenet_ai_0508_adm/val/nature/ILSVRC2012_val_00048738.JPEG,0,8.8e-05
data/genimage/imagenet_ai_0508_adm/val/nature/ILSVRC2012_val_00048782.JPEG,0,5.3e-05
data/genimage/imagenet_ai_0508_adm/val/nature/ILSVRC2012_val_00048804.JPEG,0,0.988385
data/genimage/imagenet_ai_0508_adm/val/nature/ILSVRC2012_val_00048827.JPEG,0,0.000307
data/genimage/imagenet_ai_0508_adm/val/nature/ILSVRC2012_val_00048842.JPEG,0,1.2e-05
data/genimage/imagenet_ai_0508_adm/val/nature/ILSVRC2012_val_00048863.JPEG,0,0.000263
data/genimage/imagenet_ai_0508_adm/val/nature/ILSVRC2012_val_00048933.JPEG,0,0.004638
data/genimage/imagenet_ai_0508_adm/val/nature/ILSVRC2012_val_00049043.JPEG,0,0.0
data/genimage/imagenet_ai_0508_adm/val/nature/ILSVRC2012_val_00049106.JPEG,0,0.002916
data/genimage/imagenet_ai_0508_adm/val/nature/ILSVRC2012_val_00049176.JPEG,0,0.001452
data/genimage/imagenet_ai_0508_adm/val/nature/ILSVRC2012_val_00049256.JPEG,0,0.024825
data/genimage/imagenet_ai_0508_adm/val/nature/ILSVRC2012_val_00049330.JPEG,0,0.549391
data/genimage/imagenet_ai_0508_adm/val/nature/ILSVRC2012_val_00049354.JPEG,0,4e-06
data/genimage/imagenet_ai_0508_adm/val/nature/ILSVRC2012_val_00049418.JPEG,0,0.000731
data/genimage/imagenet_ai_0508_adm/val/nature/ILSVRC2012_val_00049489.JPEG,0,1.6e-05
data/genimage/imagenet_ai_0508_adm/val/nature/ILSVRC2012_val_00049585.JPEG,0,0.000983
data/genimage/imagenet_ai_0508_adm/val/nature/ILSVRC2012_val_00049735.JPEG,0,9e-06
data/genimage/imagenet_ai_0508_adm/val/nature/ILSVRC2012_val_00049908.JPEG,0,0.018938
data/genimage/imagenet_ai_0419_vqdm/val/ai/VQDM_1000_200_00_001_vqdm_00035.png,1,0.999562
data/genimage/imagenet_ai_0419_vqdm/val/ai/VQDM_1000_200_00_003_vqdm_00143.png,1,0.997063
data/genimage/imagenet_ai_0419_vqdm/val/ai/VQDM_1000_200_00_007_vqdm_00020.png,1,0.999354
data/genimage/imagenet_ai_0419_vqdm/val/ai/VQDM_1000_200_00_014_vqdm_00074.png,1,0.998678
data/genimage/imagenet_ai_0419_vqdm/val/ai/VQDM_1000_200_00_015_vqdm_00020.png,1,0.999803
data/genimage/imagenet_ai_0419_vqdm/val/ai/VQDM_1000_200_00_017_vqdm_00143.png,1,0.814817
data/genimage/imagenet_ai_0419_vqdm/val/ai/VQDM_1000_200_00_020_vqdm_00020.png,1,0.906242
data/genimage/imagenet_ai_0419_vqdm/val/ai/VQDM_1000_200_00_021_vqdm_00035.png,1,0.999999
data/genimage/imagenet_ai_0419_vqdm/val/ai/VQDM_1000_200_00_026_vqdm_00035.png,1,0.999628
data/genimage/imagenet_ai_0419_vqdm/val/ai/VQDM_1000_200_00_031_vqdm_00074.png,1,0.997589
data/genimage/imagenet_ai_0419_vqdm/val/ai/VQDM_1000_200_00_031_vqdm_00127.png,1,0.996965
data/genimage/imagenet_ai_0419_vqdm/val/ai/VQDM_1000_200_00_032_vqdm_00020.png,1,0.926391
data/genimage/imagenet_ai_0419_vqdm/val/ai/VQDM_1000_200_00_035_vqdm_00074.png,1,0.999417
data/genimage/imagenet_ai_0419_vqdm/val/ai/VQDM_1000_200_00_039_vqdm_00035.png,1,0.986748
data/genimage/imagenet_ai_0419_vqdm/val/ai/VQDM_1000_200_00_041_vqdm_00035.png,1,0.999962
data/genimage/imagenet_ai_0419_vqdm/val/ai/VQDM_1000_200_00_042_vqdm_00127.png,1,0.998802
data/genimage/imagenet_ai_0419_vqdm/val/ai/VQDM_1000_200_00_043_vqdm_00143.png,1,0.962032
data/genimage/imagenet_ai_0419_vqdm/val/ai/VQDM_1000_200_00_044_vqdm_00127.png,1,1.0
data/genimage/imagenet_ai_0419_vqdm/val/ai/VQDM_1000_200_00_048_vqdm_00143.png,1,0.999999
data/genimage/imagenet_ai_0419_vqdm/val/ai/VQDM_1000_200_00_049_vqdm_00143.png,1,0.999999
data/genimage/imagenet_ai_0419_vqdm/val/ai/VQDM_1000_200_00_050_vqdm_00074.png,1,0.995414
data/genimage/imagenet_ai_0419_vqdm/val/ai/VQDM_1000_200_00_050_vqdm_00127.png,1,0.999993
data/genimage/imagenet_ai_0419_vqdm/val/ai/VQDM_1000_200_00_052_vqdm_00035.png,1,0.999092
data/genimage/imagenet_ai_0419_vqdm/val/ai/VQDM_1000_200_00_054_vqdm_00035.png,1,0.999961
data/genimage/imagenet_ai_0419_vqdm/val/ai/VQDM_1000_200_00_055_vqdm_00020.png,1,0.257436
data/genimage/imagenet_ai_0419_vqdm/val/ai/VQDM_1000_200_00_055_vqdm_00127.png,1,0.999945
data/genimage/imagenet_ai_0419_vqdm/val/ai/VQDM_1000_200_00_059_vqdm_00074.png,1,0.567258
data/genimage/imagenet_ai_0419_vqdm/val/ai/VQDM_1000_200_00_060_vqdm_00127.png,1,0.99994
data/genimage/imagenet_ai_0419_vqdm/val/ai/VQDM_1000_200_00_061_vqdm_00020.png,1,0.999645
data/genimage/imagenet_ai_0419_vqdm/val/ai/VQDM_1000_200_00_066_vqdm_00020.png,1,0.998028
data/genimage/imagenet_ai_0419_vqdm/val/ai/VQDM_1000_200_00_072_vqdm_00143.png,1,0.941429
data/genimage/imagenet_ai_0419_vqdm/val/ai/VQDM_1000_200_00_074_vqdm_00020.png,1,0.998001
data/genimage/imagenet_ai_0419_vqdm/val/ai/VQDM_1000_200_00_076_vqdm_00020.png,1,0.998971
data/genimage/imagenet_ai_0419_vqdm/val/ai/VQDM_1000_200_00_077_vqdm_00127.png,1,0.909015
data/genimage/imagenet_ai_0419_vqdm/val/ai/VQDM_1000_200_00_079_vqdm_00143.png,1,1.0
data/genimage/imagenet_ai_0419_vqdm/val/ai/VQDM_1000_200_00_080_vqdm_00039.png,1,0.999776
data/genimage/imagenet_ai_0419_vqdm/val/ai/VQDM_1000_200_00_080_vqdm_00127.png,1,0.977411
data/genimage/imagenet_ai_0419_vqdm/val/ai/VQDM_1000_200_00_081_vqdm_00074.png,1,0.999617
data/genimage/imagenet_ai_0419_vqdm/val/ai/VQDM_1000_200_00_087_vqdm_00020.png,1,0.994253
data/genimage/imagenet_ai_0419_vqdm/val/ai/VQDM_1000_200_00_090_vqdm_00039.png,1,0.943787
data/genimage/imagenet_ai_0419_vqdm/val/ai/VQDM_1000_200_00_095_vqdm_00020.png,1,0.713188
data/genimage/imagenet_ai_0419_vqdm/val/ai/VQDM_1000_200_00_095_vqdm_00035.png,1,0.349009
data/genimage/imagenet_ai_0419_vqdm/val/ai/VQDM_1000_200_00_097_vqdm_00035.png,1,0.894866
data/genimage/imagenet_ai_0419_vqdm/val/ai/VQDM_1000_200_00_099_vqdm_00039.png,1,0.004817
data/genimage/imagenet_ai_0419_vqdm/val/ai/VQDM_1000_200_01_101_vqdm_00035.png,1,0.999749
data/genimage/imagenet_ai_0419_vqdm/val/ai/VQDM_1000_200_01_101_vqdm_00143.png,1,0.792486
data/genimage/imagenet_ai_0419_vqdm/val/ai/VQDM_1000_200_01_105_vqdm_00035.png,1,0.99989
data/genimage/imagenet_ai_0419_vqdm/val/ai/VQDM_1000_200_01_105_vqdm_00039.png,1,0.720992
data/genimage/imagenet_ai_0419_vqdm/val/ai/VQDM_1000_200_01_107_vqdm_00035.png,1,0.999926
data/genimage/imagenet_ai_0419_vqdm/val/ai/VQDM_1000_200_01_109_vqdm_00143.png,1,0.999419
data/genimage/imagenet_ai_0419_vqdm/val/ai/VQDM_1000_200_01_110_vqdm_00039.png,1,0.998525
data/genimage/imagenet_ai_0419_vqdm/val/ai/VQDM_1000_200_01_113_vqdm_00035.png,1,0.991806
data/genimage/imagenet_ai_0419_vqdm/val/ai/VQDM_1000_200_01_116_vqdm_00039.png,1,0.999997
data/genimage/imagenet_ai_0419_vqdm/val/ai/VQDM_1000_200_01_116_vqdm_00074.png,1,0.935434
data/genimage/imagenet_ai_0419_vqdm/val/ai/VQDM_1000_200_01_116_vqdm_00127.png,1,0.98757
data/genimage/imagenet_ai_0419_vqdm/val/ai/VQDM_1000_200_01_120_vqdm_00020.png,1,0.990511
data/genimage/imagenet_ai_0419_vqdm/val/ai/VQDM_1000_200_01_120_vqdm_00127.png,1,0.646255
data/genimage/imagenet_ai_0419_vqdm/val/ai/VQDM_1000_200_01_124_vqdm_00127.png,1,0.999996
data/genimage/imagenet_ai_0419_vqdm/val/ai/VQDM_1000_200_01_128_vqdm_00074.png,1,0.043232
data/genimage/imagenet_ai_0419_vqdm/val/ai/VQDM_1000_200_01_131_vqdm_00035.png,1,0.99701
data/genimage/imagenet_ai_0419_vqdm/val/ai/VQDM_1000_200_01_136_vqdm_00127.png,1,0.300439
data/genimage/imagenet_ai_0419_vqdm/val/ai/VQDM_1000_200_01_138_vqdm_00074.png,1,0.999983
data/genimage/imagenet_ai_0419_vqdm/val/ai/VQDM_1000_200_01_142_vqdm_00143.png,1,0.998354
data/genimage/imagenet_ai_0419_vqdm/val/ai/VQDM_1000_200_01_144_vqdm_00035.png,1,0.99817
data/genimage/imagenet_ai_0419_vqdm/val/ai/VQDM_1000_200_01_144_vqdm_00039.png,1,0.995405
data/genimage/imagenet_ai_0419_vqdm/val/ai/VQDM_1000_200_01_144_vqdm_00127.png,1,0.999464
data/genimage/imagenet_ai_0419_vqdm/val/ai/VQDM_1000_200_01_144_vqdm_00143.png,1,0.999654
data/genimage/imagenet_ai_0419_vqdm/val/ai/VQDM_1000_200_01_147_vqdm_00039.png,1,0.999936
data/genimage/imagenet_ai_0419_vqdm/val/ai/VQDM_1000_200_01_149_vqdm_00039.png,1,0.999628
data/genimage/imagenet_ai_0419_vqdm/val/ai/VQDM_1000_200_01_151_vqdm_00020.png,1,0.72191
data/genimage/imagenet_ai_0419_vqdm/val/ai/VQDM_1000_200_01_152_vqdm_00039.png,1,0.770968
data/genimage/imagenet_ai_0419_vqdm/val/ai/VQDM_1000_200_01_152_vqdm_00143.png,1,0.995713
data/genimage/imagenet_ai_0419_vqdm/val/ai/VQDM_1000_200_01_153_vqdm_00039.png,1,0.999995
data/genimage/imagenet_ai_0419_vqdm/val/ai/VQDM_1000_200_01_157_vqdm_00035.png,1,0.991746
data/genimage/imagenet_ai_0419_vqdm/val/ai/VQDM_1000_200_01_157_vqdm_00039.png,1,0.956455
data/genimage/imagenet_ai_0419_vqdm/val/ai/VQDM_1000_200_01_157_vqdm_00074.png,1,0.994196
data/genimage/imagenet_ai_0419_vqdm/val/ai/VQDM_1000_200_01_162_vqdm_00039.png,1,0.923394
data/genimage/imagenet_ai_0419_vqdm/val/ai/VQDM_1000_200_01_163_vqdm_00074.png,1,0.997217
data/genimage/imagenet_ai_0419_vqdm/val/ai/VQDM_1000_200_01_165_vqdm_00020.png,1,0.941513
data/genimage/imagenet_ai_0419_vqdm/val/ai/VQDM_1000_200_01_166_vqdm_00074.png,1,0.999346
data/genimage/imagenet_ai_0419_vqdm/val/ai/VQDM_1000_200_01_166_vqdm_00143.png,1,0.88286
data/genimage/imagenet_ai_0419_vqdm/val/ai/VQDM_1000_200_01_167_vqdm_00143.png,1,0.996912
data/genimage/imagenet_ai_0419_vqdm/val/ai/VQDM_1000_200_01_169_vqdm_00074.png,1,0.926797
data/genimage/imagenet_ai_0419_vqdm/val/ai/VQDM_1000_200_01_171_vqdm_00020.png,1,0.999966
data/genimage/imagenet_ai_0419_vqdm/val/ai/VQDM_1000_200_01_172_vqdm_00074.png,1,0.999999
data/genimage/imagenet_ai_0419_vqdm/val/ai/VQDM_1000_200_01_174_vqdm_00035.png,1,0.999596
data/genimage/imagenet_ai_0419_vqdm/val/ai/VQDM_1000_200_01_175_vqdm_00035.png,1,0.999961
data/genimage/imagenet_ai_0419_vqdm/val/ai/VQDM_1000_200_01_175_vqdm_00143.png,1,0.007454
data/genimage/imagenet_ai_0419_vqdm/val/ai/VQDM_1000_200_01_177_vqdm_00127.png,1,0.999999
data/genimage/imagenet_ai_0419_vqdm/val/ai/VQDM_1000_200_01_178_vqdm_00020.png,1,0.998994
data/genimage/imagenet_ai_0419_vqdm/val/ai/VQDM_1000_200_01_178_vqdm_00035.png,1,0.998929
data/genimage/imagenet_ai_0419_vqdm/val/ai/VQDM_1000_200_01_179_vqdm_00035.png,1,0.999985
data/genimage/imagenet_ai_0419_vqdm/val/ai/VQDM_1000_200_01_179_vqdm_00127.png,1,0.998178
data/genimage/imagenet_ai_0419_vqdm/val/ai/VQDM_1000_200_01_180_vqdm_00127.png,1,0.993553
data/genimage/imagenet_ai_0419_vqdm/val/ai/VQDM_1000_200_01_180_vqdm_00143.png,1,0.996129
data/genimage/imagenet_ai_0419_vqdm/val/ai/VQDM_1000_200_01_181_vqdm_00127.png,1,0.986159
data/genimage/imagenet_ai_0419_vqdm/val/ai/VQDM_1000_200_01_183_vqdm_00127.png,1,0.999526
data/genimage/imagenet_ai_0419_vqdm/val/ai/VQDM_1000_200_01_184_vqdm_00035.png,1,0.999536
data/genimage/imagenet_ai_0419_vqdm/val/ai/VQDM_1000_200_01_192_vqdm_00143.png,1,0.999876
data/genimage/imagenet_ai_0419_vqdm/val/ai/VQDM_1000_200_01_194_vqdm_00020.png,1,0.999951
data/genimage/imagenet_ai_0419_vqdm/val/ai/VQDM_1000_200_01_194_vqdm_00074.png,1,0.999991
data/genimage/imagenet_ai_0419_vqdm/val/ai/VQDM_1000_200_01_195_vqdm_00143.png,1,0.998883
data/genimage/imagenet_ai_0419_vqdm/val/ai/VQDM_1000_200_01_197_vqdm_00127.png,1,0.999895
data/genimage/imagenet_ai_0419_vqdm/val/ai/VQDM_1000_200_02_201_vqdm_00035.png,1,0.999441
data/genimage/imagenet_ai_0419_vqdm/val/ai/VQDM_1000_200_02_204_vqdm_00035.png,1,0.94794
data/genimage/imagenet_ai_0419_vqdm/val/ai/VQDM_1000_200_02_207_vqdm_00020.png,1,0.999984
data/genimage/imagenet_ai_0419_vqdm/val/ai/VQDM_1000_200_02_207_vqdm_00035.png,1,0.999851
data/genimage/imagenet_ai_0419_vqdm/val/ai/VQDM_1000_200_02_207_vqdm_00127.png,1,0.999856
data/genimage/imagenet_ai_0419_vqdm/val/ai/VQDM_1000_200_02_209_vqdm_00035.png,1,0.999864
data/genimage/imagenet_ai_0419_vqdm/val/ai/VQDM_1000_200_02_209_vqdm_00039.png,1,0.999549
data/genimage/imagenet_ai_0419_vqdm/val/ai/VQDM_1000_200_02_215_vqdm_00039.png,1,0.999692
data/genimage/imagenet_ai_0419_vqdm/val/ai/VQDM_1000_200_02_216_vqdm_00127.png,1,0.999918
data/genimage/imagenet_ai_0419_vqdm/val/ai/VQDM_1000_200_02_218_vqdm_00020.png,1,0.955162
data/genimage/imagenet_ai_0419_vqdm/val/ai/VQDM_1000_200_02_218_vqdm_00074.png,1,0.952458
data/genimage/imagenet_ai_0419_vqdm/val/ai/VQDM_1000_200_02_219_vqdm_00127.png,1,0.919117
data/genimage/imagenet_ai_0419_vqdm/val/ai/VQDM_1000_200_02_220_vqdm_00127.png,1,0.999908
data/genimage/imagenet_ai_0419_vqdm/val/ai/VQDM_1000_200_02_223_vqdm_00035.png,1,1.0
data/genimage/imagenet_ai_0419_vqdm/val/ai/VQDM_1000_200_02_224_vqdm_00020.png,1,0.999995
data/genimage/imagenet_ai_0419_vqdm/val/ai/VQDM_1000_200_02_230_vqdm_00020.png,1,0.999488
data/genimage/imagenet_ai_0419_vqdm/val/ai/VQDM_1000_200_02_231_vqdm_00039.png,1,0.981156
data/genimage/imagenet_ai_0419_vqdm/val/ai/VQDM_1000_200_02_231_vqdm_00074.png,1,1.0
data/genimage/imagenet_ai_0419_vqdm/val/ai/VQDM_1000_200_02_233_vqdm_00074.png,1,0.999996
data/genimage/imagenet_ai_0419_vqdm/val/ai/VQDM_1000_200_02_234_vqdm_00074.png,1,0.999475
data/genimage/imagenet_ai_0419_vqdm/val/ai/VQDM_1000_200_02_235_vqdm_00035.png,1,0.99624
data/genimage/imagenet_ai_0419_vqdm/val/ai/VQDM_1000_200_02_240_vqdm_00039.png,1,0.999979
data/genimage/imagenet_ai_0419_vqdm/val/ai/VQDM_1000_200_02_243_vqdm_00039.png,1,0.983158
data/genimage/imagenet_ai_0419_vqdm/val/ai/VQDM_1000_200_02_245_vqdm_00143.png,1,0.947998
data/genimage/imagenet_ai_0419_vqdm/val/ai/VQDM_1000_200_02_247_vqdm_00127.png,1,0.192524
data/genimage/imagenet_ai_0419_vqdm/val/ai/VQDM_1000_200_02_250_vqdm_00035.png,1,0.999645
data/genimage/imagenet_ai_0419_vqdm/val/ai/VQDM_1000_200_02_250_vqdm_00127.png,1,0.998937
data/genimage/imagenet_ai_0419_vqdm/val/ai/VQDM_1000_200_02_251_vqdm_00020.png,1,0.999959
data/genimage/imagenet_ai_0419_vqdm/val/ai/VQDM_1000_200_02_251_vqdm_00143.png,1,0.375199
data/genimage/imagenet_ai_0419_vqdm/val/ai/VQDM_1000_200_02_256_vqdm_00039.png,1,0.999851
data/genimage/imagenet_ai_0419_vqdm/val/ai/VQDM_1000_200_02_257_vqdm_00020.png,1,0.999896
data/genimage/imagenet_ai_0419_vqdm/val/ai/VQDM_1000_200_02_260_vqdm_00143.png,1,1.0
data/genimage/imagenet_ai_0419_vqdm/val/ai/VQDM_1000_200_02_263_vqdm_00143.png,1,0.99997
data/genimage/imagenet_ai_0419_vqdm/val/ai/VQDM_1000_200_02_265_vqdm_00074.png,1,0.576574
data/genimage/imagenet_ai_0419_vqdm/val/ai/VQDM_1000_200_02_265_vqdm_00143.png,1,0.997163
data/genimage/imagenet_ai_0419_vqdm/val/ai/VQDM_1000_200_02_268_vqdm_00074.png,1,0.999986
data/genimage/imagenet_ai_0419_vqdm/val/ai/VQDM_1000_200_02_270_vqdm_00039.png,1,0.999853
data/genimage/imagenet_ai_0419_vqdm/val/ai/VQDM_1000_200_02_273_vqdm_00074.png,1,0.999975
data/genimage/imagenet_ai_0419_vqdm/val/ai/VQDM_1000_200_02_273_vqdm_00143.png,1,0.999977
data/genimage/imagenet_ai_0419_vqdm/val/ai/VQDM_1000_200_02_275_vqdm_00143.png,1,0.991424
data/genimage/imagenet_ai_0419_vqdm/val/ai/VQDM_1000_200_02_279_vqdm_00020.png,1,0.999847
data/genimage/imagenet_ai_0419_vqdm/val/ai/VQDM_1000_200_02_279_vqdm_00039.png,1,0.999989
data/genimage/imagenet_ai_0419_vqdm/val/ai/VQDM_1000_200_02_280_vqdm_00039.png,1,0.998565
data/genimage/imagenet_ai_0419_vqdm/val/ai/VQDM_1000_200_02_280_vqdm_00074.png,1,0.999966
data/genimage/imagenet_ai_0419_vqdm/val/ai/VQDM_1000_200_02_283_vqdm_00035.png,1,0.987861
data/genimage/imagenet_ai_0419_vqdm/val/ai/VQDM_1000_200_02_284_vqdm_00039.png,1,0.999998
data/genimage/imagenet_ai_0419_vqdm/val/ai/VQDM_1000_200_02_290_vqdm_00035.png,1,0.162387
data/genimage/imagenet_ai_0419_vqdm/val/ai/VQDM_1000_200_02_294_vqdm_00074.png,1,0.998203
data/genimage/imagenet_ai_0419_vqdm/val/ai/VQDM_1000_200_02_299_vqdm_00127.png,1,0.999764
data/genimage/imagenet_ai_0419_vqdm/val/ai/VQDM_1000_200_03_303_vqdm_00039.png,1,0.997372
data/genimage/imagenet_ai_0419_vqdm/val/ai/VQDM_1000_200_03_311_vqdm_00020.png,1,1.0
data/genimage/imagenet_ai_0419_vqdm/val/ai/VQDM_1000_200_03_312_vqdm_00127.png,1,0.999638
data/genimage/imagenet_ai_0419_vqdm/val/ai/VQDM_1000_200_03_313_vqdm_00020.png,1,0.999474
data/genimage/imagenet_ai_0419_vqdm/val/ai/VQDM_1000_200_03_315_vqdm_00035.png,1,0.996936
data/genimage/imagenet_ai_0419_vqdm/val/ai/VQDM_1000_200_03_317_vqdm_00074.png,1,0.910908
data/genimage/imagenet_ai_0419_vqdm/val/ai/VQDM_1000_200_03_320_vqdm_00127.png,1,0.999774
data/genimage/imagenet_ai_0419_vqdm/val/ai/VQDM_1000_200_03_323_vqdm_00035.png,1,0.997483
data/genimage/imagenet_ai_0419_vqdm/val/ai/VQDM_1000_200_03_324_vqdm_00127.png,1,0.604994
data/genimage/imagenet_ai_0419_vqdm/val/ai/VQDM_1000_200_03_326_vqdm_00020.png,1,0.999996
data/genimage/imagenet_ai_0419_vqdm/val/ai/VQDM_1000_200_03_326_vqdm_00143.png,1,0.999995
data/genimage/imagenet_ai_0419_vqdm/val/ai/VQDM_1000_200_03_328_vqdm_00035.png,1,0.999895
data/genimage/imagenet_ai_0419_vqdm/val/ai/VQDM_1000_200_03_328_vqdm_00143.png,1,0.138239
data/genimage/imagenet_ai_0419_vqdm/val/ai/VQDM_1000_200_03_333_vqdm_00127.png,1,0.99847
data/genimage/imagenet_ai_0419_vqdm/val/ai/VQDM_1000_200_03_335_vqdm_00127.png,1,0.99995
data/genimage/imagenet_ai_0419_vqdm/val/ai/VQDM_1000_200_03_335_vqdm_00143.png,1,0.999711
data/genimage/imagenet_ai_0419_vqdm/val/ai/VQDM_1000_200_03_340_vqdm_00039.png,1,0.999469
data/genimage/imagenet_ai_0419_vqdm/val/ai/VQDM_1000_200_03_344_vqdm_00035.png,1,0.998416
data/genimage/imagenet_ai_0419_vqdm/val/ai/VQDM_1000_200_03_344_vqdm_00039.png,1,0.999858
data/genimage/imagenet_ai_0419_vqdm/val/ai/VQDM_1000_200_03_344_vqdm_00074.png,1,0.97902
data/genimage/imagenet_ai_0419_vqdm/val/ai/VQDM_1000_200_03_344_vqdm_00143.png,1,0.992461
data/genimage/imagenet_ai_0419_vqdm/val/ai/VQDM_1000_200_03_351_vqdm_00074.png,1,0.999159
data/genimage/imagenet_ai_0419_vqdm/val/ai/VQDM_1000_200_03_355_vqdm_00035.png,1,0.999786
data/genimage/imagenet_ai_0419_vqdm/val/ai/VQDM_1000_200_03_355_vqdm_00127.png,1,0.994502
data/genimage/imagenet_ai_0419_vqdm/val/ai/VQDM_1000_200_03_356_vqdm_00039.png,1,1.0
data/genimage/imagenet_ai_0419_vqdm/val/ai/VQDM_1000_200_03_357_vqdm_00143.png,1,0.999998
data/genimage/imagenet_ai_0419_vqdm/val/ai/VQDM_1000_200_03_359_vqdm_00127.png,1,0.999799
data/genimage/imagenet_ai_0419_vqdm/val/ai/VQDM_1000_200_03_360_vqdm_00143.png,1,0.999703
data/genimage/imagenet_ai_0419_vqdm/val/ai/VQDM_1000_200_03_362_vqdm_00143.png,1,0.999977
data/genimage/imagenet_ai_0419_vqdm/val/ai/VQDM_1000_200_03_364_vqdm_00035.png,1,0.635504
data/genimage/imagenet_ai_0419_vqdm/val/ai/VQDM_1000_200_03_364_vqdm_00074.png,1,0.976136
data/genimage/imagenet_ai_0419_vqdm/val/ai/VQDM_1000_200_03_367_vqdm_00074.png,1,0.992264
data/genimage/imagenet_ai_0419_vqdm/val/ai/VQDM_1000_200_03_368_vqdm_00127.png,1,0.282714
data/genimage/imagenet_ai_0419_vqdm/val/ai/VQDM_1000_200_03_372_vqdm_00020.png,1,0.999986
data/genimage/imagenet_ai_0419_vqdm/val/ai/VQDM_1000_200_03_373_vqdm_00074.png,1,0.999515
data/genimage/imagenet_ai_0419_vqdm/val/ai/VQDM_1000_200_03_375_vqdm_00127.png,1,0.988377
data/genimage/imagenet_ai_0419_vqdm/val/ai/VQDM_1000_200_03_377_vqdm_00035.png,1,0.999761
data/genimage/imagenet_ai_0419_vqdm/val/ai/VQDM_1000_200_03_377_vqdm_00143.png,1,0.99422
data/genimage/imagenet_ai_0419_vqdm/val/ai/VQDM_1000_200_03_380_vqdm_00143.png,1,0.859378
data/genimage/imagenet_ai_0419_vqdm/val/ai/VQDM_1000_200_03_381_vqdm_00020.png,1,0.999227
data/genimage/imagenet_ai_0419_vqdm/val/ai/VQDM_1000_200_03_382_vqdm_00127.png,1,0.989827
data/genimage/imagenet_ai_0419_vqdm/val/ai/VQDM_1000_200_03_383_vqdm_00143.png,1,0.995141
data/genimage/imagenet_ai_0419_vqdm/val/ai/VQDM_1000_200_03_384_vqdm_00143.png,1,0.999989
data/genimage/imagenet_ai_0419_vqdm/val/ai/VQDM_1000_200_03_386_vqdm_00020.png,1,0.999997
data/genimage/imagenet_ai_0419_vqdm/val/ai/VQDM_1000_200_03_386_vqdm_00127.png,1,0.998975
data/genimage/imagenet_ai_0419_vqdm/val/ai/VQDM_1000_200_03_390_vqdm_00020.png,1,0.999998
data/genimage/imagenet_ai_0419_vqdm/val/ai/VQDM_1000_200_03_391_vqdm_00020.png,1,0.973805
data/genimage/imagenet_ai_0419_vqdm/val/ai/VQDM_1000_200_03_393_vqdm_00039.png,1,0.728235
data/genimage/imagenet_ai_0419_vqdm/val/ai/VQDM_1000_200_03_395_vqdm_00039.png,1,0.786732
data/genimage/imagenet_ai_0419_vqdm/val/ai/VQDM_1000_200_03_399_vqdm_00035.png,1,0.478734
data/genimage/imagenet_ai_0419_vqdm/val/ai/VQDM_1000_200_04_400_vqdm_00143.png,1,0.997139
data/genimage/imagenet_ai_0419_vqdm/val/ai/VQDM_1000_200_04_401_vqdm_00143.png,1,0.988874
data/genimage/imagenet_ai_0419_vqdm/val/ai/VQDM_1000_200_04_402_vqdm_00035.png,1,0.999978
data/genimage/imagenet_ai_0419_vqdm/val/ai/VQDM_1000_200_04_407_vqdm_00039.png,1,0.9705
data/genimage/imagenet_ai_0419_vqdm/val/ai/VQDM_1000_200_04_410_vqdm_00143.png,1,0.967735
data/genimage/imagenet_ai_0419_vqdm/val/ai/VQDM_1000_200_04_411_vqdm_00020.png,1,0.999919
data/genimage/imagenet_ai_0419_vqdm/val/ai/VQDM_1000_200_04_413_vqdm_00074.png,1,0.999988
data/genimage/imagenet_ai_0419_vqdm/val/ai/VQDM_1000_200_04_415_vqdm_00074.png,1,0.997501
data/genimage/imagenet_ai_0419_vqdm/val/ai/VQDM_1000_200_04_417_vqdm_00035.png,1,0.984754
data/genimage/imagenet_ai_0419_vqdm/val/ai/VQDM_1000_200_04_419_vqdm_00035.png,1,0.99907
data/genimage/imagenet_ai_0419_vqdm/val/ai/VQDM_1000_200_04_420_vqdm_00127.png,1,0.999993
data/genimage/imagenet_ai_0419_vqdm/val/ai/VQDM_1000_200_04_421_vqdm_00127.png,1,0.998355
data/genimage/imagenet_ai_0419_vqdm/val/ai/VQDM_1000_200_04_421_vqdm_00143.png,1,0.999962
data/genimage/imagenet_ai_0419_vqdm/val/ai/VQDM_1000_200_04_424_vqdm_00020.png,1,0.99777
data/genimage/imagenet_ai_0419_vqdm/val/ai/VQDM_1000_200_04_428_vqdm_00020.png,1,0.999752
data/genimage/imagenet_ai_0419_vqdm/val/ai/VQDM_1000_200_04_428_vqdm_00074.png,1,0.999954
data/genimage/imagenet_ai_0419_vqdm/val/ai/VQDM_1000_200_04_430_vqdm_00074.png,1,0.015639
data/genimage/imagenet_ai_0419_vqdm/val/ai/VQDM_1000_200_04_432_vqdm_00127.png,1,0.916532
data/genimage/imagenet_ai_0419_vqdm/val/ai/VQDM_1000_200_04_436_vqdm_00127.png,1,0.999864
data/genimage/imagenet_ai_0419_vqdm/val/ai/VQDM_1000_200_04_437_vqdm_00020.png,1,0.999991
data/genimage/imagenet_ai_0419_vqdm/val/ai/VQDM_1000_200_04_437_vqdm_00039.png,1,0.999817
data/genimage/imagenet_ai_0419_vqdm/val/ai/VQDM_1000_200_04_439_vqdm_00074.png,1,0.997623
data/genimage/imagenet_ai_0419_vqdm/val/ai/VQDM_1000_200_04_444_vqdm_00035.png,1,0.999596
data/genimage/imagenet_ai_0419_vqdm/val/ai/VQDM_1000_200_04_446_vqdm_00127.png,1,0.999997
data/genimage/imagenet_ai_0419_vqdm/val/ai/VQDM_1000_200_04_448_vqdm_00020.png,1,0.961569
data/genimage/imagenet_ai_0419_vqdm/val/ai/VQDM_1000_200_04_448_vqdm_00035.png,1,0.740038
data/genimage/imagenet_ai_0419_vqdm/val/ai/VQDM_1000_200_04_451_vqdm_00074.png,1,0.999934
data/genimage/imagenet_ai_0419_vqdm/val/ai/VQDM_1000_200_04_454_vqdm_00039.png,1,0.868805
data/genimage/imagenet_ai_0419_vqdm/val/ai/VQDM_1000_200_04_458_vqdm_00127.png,1,0.836247
data/genimage/imagenet_ai_0419_vqdm/val/ai/VQDM_1000_200_04_459_vqdm_00039.png,1,0.997326
data/genimage/imagenet_ai_0419_vqdm/val/ai/VQDM_1000_200_04_463_vqdm_00035.png,1,0.980719
data/genimage/imagenet_ai_0419_vqdm/val/ai/VQDM_1000_200_04_463_vqdm_00039.png,1,0.999827
data/genimage/imagenet_ai_0419_vqdm/val/ai/VQDM_1000_200_04_464_vqdm_00035.png,1,0.996507
data/genimage/imagenet_ai_0419_vqdm/val/ai/VQDM_1000_200_04_470_vqdm_00039.png,1,0.995528
data/genimage/imagenet_ai_0419_vqdm/val/ai/VQDM_1000_200_04_470_vqdm_00127.png,1,0.999633
data/genimage/imagenet_ai_0419_vqdm/val/ai/VQDM_1000_200_04_475_vqdm_00020.png,1,0.999843
data/genimage/imagenet_ai_0419_vqdm/val/ai/VQDM_1000_200_04_476_vqdm_00039.png,1,0.997302
data/genimage/imagenet_ai_0419_vqdm/val/ai/VQDM_1000_200_04_477_vqdm_00035.png,1,0.998629
data/genimage/imagenet_ai_0419_vqdm/val/ai/VQDM_1000_200_04_478_vqdm_00143.png,1,0.999954
data/genimage/imagenet_ai_0419_vqdm/val/ai/VQDM_1000_200_04_479_vqdm_00020.png,1,0.999962
data/genimage/imagenet_ai_0419_vqdm/val/ai/VQDM_1000_200_04_485_vqdm_00074.png,1,0.999731
data/genimage/imagenet_ai_0419_vqdm/val/ai/VQDM_1000_200_04_486_vqdm_00074.png,1,0.999979
data/genimage/imagenet_ai_0419_vqdm/val/ai/VQDM_1000_200_04_488_vqdm_00143.png,1,0.999993
data/genimage/imagenet_ai_0419_vqdm/val/ai/VQDM_1000_200_04_489_vqdm_00074.png,1,0.999665
data/genimage/imagenet_ai_0419_vqdm/val/ai/VQDM_1000_200_04_491_vqdm_00020.png,1,0.999993
data/genimage/imagenet_ai_0419_vqdm/val/ai/VQDM_1000_200_04_491_vqdm_00127.png,1,0.999882
data/genimage/imagenet_ai_0419_vqdm/val/ai/VQDM_1000_200_04_491_vqdm_00143.png,1,0.999915
data/genimage/imagenet_ai_0419_vqdm/val/ai/VQDM_1000_200_04_492_vqdm_00035.png,1,1.0
data/genimage/imagenet_ai_0419_vqdm/val/ai/VQDM_1000_200_04_494_vqdm_00020.png,1,0.999914
data/genimage/imagenet_ai_0419_vqdm/val/ai/VQDM_1000_200_04_494_vqdm_00039.png,1,0.82103
data/genimage/imagenet_ai_0419_vqdm/val/ai/VQDM_1000_200_04_496_vqdm_00020.png,1,0.99995
data/genimage/imagenet_ai_0419_vqdm/val/ai/VQDM_1000_200_05_500_vqdm_00143.png,1,0.989523
data/genimage/imagenet_ai_0419_vqdm/val/ai/VQDM_1000_200_05_501_vqdm_00039.png,1,0.999995
data/genimage/imagenet_ai_0419_vqdm/val/ai/VQDM_1000_200_05_503_vqdm_00020.png,1,0.999829
data/genimage/imagenet_ai_0419_vqdm/val/ai/VQDM_1000_200_05_504_vqdm_00074.png,1,0.993425
data/genimage/imagenet_ai_0419_vqdm/val/ai/VQDM_1000_200_05_507_vqdm_00039.png,1,0.997832
data/genimage/imagenet_ai_0419_vqdm/val/ai/VQDM_1000_200_05_509_vqdm_00035.png,1,0.999039
data/genimage/imagenet_ai_0419_vqdm/val/ai/VQDM_1000_200_05_512_vqdm_00127.png,1,0.999982
data/genimage/imagenet_ai_0419_vqdm/val/ai/VQDM_1000_200_05_513_vqdm_00020.png,1,0.998325
data/genimage/imagenet_ai_0419_vqdm/val/ai/VQDM_1000_200_05_516_vqdm_00127.png,1,0.999999
data/genimage/imagenet_ai_0419_vqdm/val/ai/VQDM_1000_200_05_522_vqdm_00020.png,1,0.997446
data/genimage/imagenet_ai_0419_vqdm/val/ai/VQDM_1000_200_05_522_vqdm_00127.png,1,0.999811
data/genimage/imagenet_ai_0419_vqdm/val/ai/VQDM_1000_200_05_522_vqdm_00143.png,1,0.987328
data/genimage/imagenet_ai_0419_vqdm/val/ai/VQDM_1000_200_05_525_vqdm_00074.png,1,0.995048
data/genimage/imagenet_ai_0419_vqdm/val/ai/VQDM_1000_200_05_529_vqdm_00035.png,1,0.991918
data/genimage/imagenet_ai_0419_vqdm/val/ai/VQDM_1000_200_05_530_vqdm_00020.png,1,0.916793
data/genimage/imagenet_ai_0419_vqdm/val/ai/VQDM_1000_200_05_531_vqdm_00020.png,1,0.903644
data/genimage/imagenet_ai_0419_vqdm/val/ai/VQDM_1000_200_05_531_vqdm_00039.png,1,0.997888
data/genimage/imagenet_ai_0419_vqdm/val/ai/VQDM_1000_200_05_533_vqdm_00143.png,1,0.946352
data/genimage/imagenet_ai_0419_vqdm/val/ai/VQDM_1000_200_05_534_vqdm_00035.png,1,0.99922
data/genimage/imagenet_ai_0419_vqdm/val/ai/VQDM_1000_200_05_534_vqdm_00143.png,1,0.993253
data/genimage/imagenet_ai_0419_vqdm/val/ai/VQDM_1000_200_05_537_vqdm_00143.png,1,0.999907
data/genimage/imagenet_ai_0419_vqdm/val/ai/VQDM_1000_200_05_538_vqdm_00074.png,1,0.999933
data/genimage/imagenet_ai_0419_vqdm/val/ai/VQDM_1000_200_05_541_vqdm_00074.png,1,0.999944
data/genimage/imagenet_ai_0419_vqdm/val/ai/VQDM_1000_200_05_543_vqdm_00039.png,1,0.934666
data/genimage/imagenet_ai_0419_vqdm/val/ai/VQDM_1000_200_05_546_vqdm_00035.png,1,0.999675
data/genimage/imagenet_ai_0419_vqdm/val/ai/VQDM_1000_200_05_547_vqdm_00035.png,1,0.999997
data/genimage/imagenet_ai_0419_vqdm/val/ai/VQDM_1000_200_05_548_vqdm_00020.png,1,0.9511
data/genimage/imagenet_ai_0419_vqdm/val/ai/VQDM_1000_200_05_553_vqdm_00020.png,1,0.98095
data/genimage/imagenet_ai_0419_vqdm/val/ai/VQDM_1000_200_05_553_vqdm_00143.png,1,0.98173
data/genimage/imagenet_ai_0419_vqdm/val/ai/VQDM_1000_200_05_554_vqdm_00127.png,1,0.995916
data/genimage/imagenet_ai_0419_vqdm/val/ai/VQDM_1000_200_05_555_vqdm_00127.png,1,0.999687
data/genimage/imagenet_ai_0419_vqdm/val/ai/VQDM_1000_200_05_556_vqdm_00020.png,1,0.999696
data/genimage/imagenet_ai_0419_vqdm/val/ai/VQDM_1000_200_05_557_vqdm_00020.png,1,0.99397
data/genimage/imagenet_ai_0419_vqdm/val/ai/VQDM_1000_200_05_559_vqdm_00143.png,1,0.998923
data/genimage/imagenet_ai_0419_vqdm/val/ai/VQDM_1000_200_05_570_vqdm_00039.png,1,0.989616
data/genimage/imagenet_ai_0419_vqdm/val/ai/VQDM_1000_200_05_572_vqdm_00127.png,1,0.999646
data/genimage/imagenet_ai_0419_vqdm/val/ai/VQDM_1000_200_05_575_vqdm_00039.png,1,0.997464
data/genimage/imagenet_ai_0419_vqdm/val/ai/VQDM_1000_200_05_575_vqdm_00074.png,1,0.594526
data/genimage/imagenet_ai_0419_vqdm/val/ai/VQDM_1000_200_05_577_vqdm_00074.png,1,0.999885
data/genimage/imagenet_ai_0419_vqdm/val/ai/VQDM_1000_200_05_579_vqdm_00035.png,1,0.989843
data/genimage/imagenet_ai_0419_vqdm/val/ai/VQDM_1000_200_05_583_vqdm_00020.png,1,0.999975
data/genimage/imagenet_ai_0419_vqdm/val/ai/VQDM_1000_200_05_584_vqdm_00143.png,1,0.999961
data/genimage/imagenet_ai_0419_vqdm/val/ai/VQDM_1000_200_05_586_vqdm_00039.png,1,0.999443
data/genimage/imagenet_ai_0419_vqdm/val/ai/VQDM_1000_200_05_587_vqdm_00143.png,1,0.035565
data/genimage/imagenet_ai_0419_vqdm/val/ai/VQDM_1000_200_05_588_vqdm_00020.png,1,0.82527
data/genimage/imagenet_ai_0419_vqdm/val/ai/VQDM_1000_200_05_588_vqdm_00074.png,1,0.930909
data/genimage/imagenet_ai_0419_vqdm/val/ai/VQDM_1000_200_05_588_vqdm_00143.png,1,0.999999
data/genimage/imagenet_ai_0419_vqdm/val/ai/VQDM_1000_200_05_590_vqdm_00035.png,1,0.999631
data/genimage/imagenet_ai_0419_vqdm/val/ai/VQDM_1000_200_05_591_vqdm_00035.png,1,0.922761
data/genimage/imagenet_ai_0419_vqdm/val/ai/VQDM_1000_200_05_595_vqdm_00020.png,1,0.999999
data/genimage/imagenet_ai_0419_vqdm/val/ai/VQDM_1000_200_05_595_vqdm_00039.png,1,0.999117
data/genimage/imagenet_ai_0419_vqdm/val/ai/VQDM_1000_200_05_598_vqdm_00039.png,1,0.162953
data/genimage/imagenet_ai_0419_vqdm/val/ai/VQDM_1000_200_05_598_vqdm_00127.png,1,0.999678
data/genimage/imagenet_ai_0419_vqdm/val/ai/VQDM_1000_200_06_601_vqdm_00020.png,1,0.998286
data/genimage/imagenet_ai_0419_vqdm/val/ai/VQDM_1000_200_06_601_vqdm_00035.png,1,0.992414
data/genimage/imagenet_ai_0419_vqdm/val/ai/VQDM_1000_200_06_601_vqdm_00143.png,1,0.999624
data/genimage/imagenet_ai_0419_vqdm/val/ai/VQDM_1000_200_06_603_vqdm_00035.png,1,0.999942
data/genimage/imagenet_ai_0419_vqdm/val/ai/VQDM_1000_200_06_603_vqdm_00127.png,1,0.9445
data/genimage/imagenet_ai_0419_vqdm/val/ai/VQDM_1000_200_06_609_vqdm_00020.png,1,0.999976
data/genimage/imagenet_ai_0419_vqdm/val/ai/VQDM_1000_200_06_611_vqdm_00074.png,1,0.99927
data/genimage/imagenet_ai_0419_vqdm/val/ai/VQDM_1000_200_06_611_vqdm_00143.png,1,0.99852
data/genimage/imagenet_ai_0419_vqdm/val/ai/VQDM_1000_200_06_614_vqdm_00035.png,1,0.989274
data/genimage/imagenet_ai_0419_vqdm/val/ai/VQDM_1000_200_06_617_vqdm_00039.png,1,0.939001
data/genimage/imagenet_ai_0419_vqdm/val/ai/VQDM_1000_200_06_618_vqdm_00020.png,1,0.999225
data/genimage/imagenet_ai_0419_vqdm/val/ai/VQDM_1000_200_06_618_vqdm_00035.png,1,0.999835
data/genimage/imagenet_ai_0419_vqdm/val/ai/VQDM_1000_200_06_619_vqdm_00127.png,1,0.999057
data/genimage/imagenet_ai_0419_vqdm/val/ai/VQDM_1000_200_06_621_vqdm_00127.png,1,0.998613
data/genimage/imagenet_ai_0419_vqdm/val/ai/VQDM_1000_200_06_622_vqdm_00127.png,1,0.999597
data/genimage/imagenet_ai_0419_vqdm/val/ai/VQDM_1000_200_06_625_vqdm_00127.png,1,0.999678
data/genimage/imagenet_ai_0419_vqdm/val/ai/VQDM_1000_200_06_631_vqdm_00074.png,1,0.400263
data/genimage/imagenet_ai_0419_vqdm/val/ai/VQDM_1000_200_06_633_vqdm_00020.png,1,0.970707
data/genimage/imagenet_ai_0419_vqdm/val/ai/VQDM_1000_200_06_634_vqdm_00143.png,1,0.999889
data/genimage/imagenet_ai_0419_vqdm/val/ai/VQDM_1000_200_06_635_vqdm_00035.png,1,0.809839
data/genimage/imagenet_ai_0419_vqdm/val/ai/VQDM_1000_200_06_636_vqdm_00143.png,1,0.999986
data/genimage/imagenet_ai_0419_vqdm/val/ai/VQDM_1000_200_06_637_vqdm_00039.png,1,0.99992
data/genimage/imagenet_ai_0419_vqdm/val/ai/VQDM_1000_200_06_639_vqdm_00020.png,1,0.994474
data/genimage/imagenet_ai_0419_vqdm/val/ai/VQDM_1000_200_06_640_vqdm_00035.png,1,0.371557
data/genimage/imagenet_ai_0419_vqdm/val/ai/VQDM_1000_200_06_643_vqdm_00039.png,1,0.998027
data/genimage/imagenet_ai_0419_vqdm/val/ai/VQDM_1000_200_06_644_vqdm_00127.png,1,0.999946
data/genimage/imagenet_ai_0419_vqdm/val/ai/VQDM_1000_200_06_645_vqdm_00035.png,1,0.994748
data/genimage/imagenet_ai_0419_vqdm/val/ai/VQDM_1000_200_06_646_vqdm_00020.png,1,0.988457
data/genimage/imagenet_ai_0419_vqdm/val/ai/VQDM_1000_200_06_647_vqdm_00074.png,1,0.992861
data/genimage/imagenet_ai_0419_vqdm/val/ai/VQDM_1000_200_06_648_vqdm_00035.png,1,0.992457
data/genimage/imagenet_ai_0419_vqdm/val/ai/VQDM_1000_200_06_652_vqdm_00143.png,1,0.985629
data/genimage/imagenet_ai_0419_vqdm/val/ai/VQDM_1000_200_06_654_vqdm_00020.png,1,0.995454
data/genimage/imagenet_ai_0419_vqdm/val/ai/VQDM_1000_200_06_655_vqdm_00020.png,1,0.999999
data/genimage/imagenet_ai_0419_vqdm/val/ai/VQDM_1000_200_06_657_vqdm_00127.png,1,0.997249
data/genimage/imagenet_ai_0419_vqdm/val/ai/VQDM_1000_200_06_658_vqdm_00074.png,1,0.999922
data/genimage/imagenet_ai_0419_vqdm/val/ai/VQDM_1000_200_06_660_vqdm_00035.png,1,0.835041
data/genimage/imagenet_ai_0419_vqdm/val/ai/VQDM_1000_200_06_660_vqdm_00074.png,1,0.999854
data/genimage/imagenet_ai_0419_vqdm/val/ai/VQDM_1000_200_06_663_vqdm_00074.png,1,0.999849
data/genimage/imagenet_ai_0419_vqdm/val/ai/VQDM_1000_200_06_665_vqdm_00035.png,1,0.999833
data/genimage/imagenet_ai_0419_vqdm/val/ai/VQDM_1000_200_06_666_vqdm_00074.png,1,0.999759
data/genimage/imagenet_ai_0419_vqdm/val/ai/VQDM_1000_200_06_671_vqdm_00127.png,1,0.999975
data/genimage/imagenet_ai_0419_vqdm/val/ai/VQDM_1000_200_06_672_vqdm_00143.png,1,0.999785
data/genimage/imagenet_ai_0419_vqdm/val/ai/VQDM_1000_200_06_675_vqdm_00074.png,1,1.0
data/genimage/imagenet_ai_0419_vqdm/val/ai/VQDM_1000_200_06_676_vqdm_00127.png,1,0.99741
data/genimage/imagenet_ai_0419_vqdm/val/ai/VQDM_1000_200_06_681_vqdm_00020.png,1,0.994221
data/genimage/imagenet_ai_0419_vqdm/val/ai/VQDM_1000_200_06_687_vqdm_00074.png,1,0.999675
data/genimage/imagenet_ai_0419_vqdm/val/ai/VQDM_1000_200_06_691_vqdm_00143.png,1,0.99834
data/genimage/imagenet_ai_0419_vqdm/val/ai/VQDM_1000_200_06_693_vqdm_00127.png,1,0.826054
data/genimage/imagenet_ai_0419_vqdm/val/ai/VQDM_1000_200_06_694_vqdm_00039.png,1,0.998014
data/genimage/imagenet_ai_0419_vqdm/val/ai/VQDM_1000_200_06_695_vqdm_00143.png,1,0.999962
data/genimage/imagenet_ai_0419_vqdm/val/ai/VQDM_1000_200_07_703_vqdm_00039.png,1,0.999957
data/genimage/imagenet_ai_0419_vqdm/val/ai/VQDM_1000_200_07_706_vqdm_00020.png,1,0.981784
data/genimage/imagenet_ai_0419_vqdm/val/ai/VQDM_1000_200_07_708_vqdm_00039.png,1,0.999985
data/genimage/imagenet_ai_0419_vqdm/val/ai/VQDM_1000_200_07_709_vqdm_00035.png,1,0.999927
data/genimage/imagenet_ai_0419_vqdm/val/ai/VQDM_1000_200_07_711_vqdm_00020.png,1,0.99995
data/genimage/imagenet_ai_0419_vqdm/val/ai/VQDM_1000_200_07_711_vqdm_00143.png,1,0.999473
data/genimage/imagenet_ai_0419_vqdm/val/ai/VQDM_1000_200_07_715_vqdm_00035.png,1,0.136842
data/genimage/imagenet_ai_0419_vqdm/val/ai/VQDM_1000_200_07_717_vqdm_00074.png,1,0.998254
data/genimage/imagenet_ai_0419_vqdm/val/ai/VQDM_1000_200_07_718_vqdm_00020.png,1,0.980122
data/genimage/imagenet_ai_0419_vqdm/val/ai/VQDM_1000_200_07_724_vqdm_00143.png,1,0.998641
data/genimage/imagenet_ai_0419_vqdm/val/ai/VQDM_1000_200_07_729_vqdm_00074.png,1,0.999808
data/genimage/imagenet_ai_0419_vqdm/val/ai/VQDM_1000_200_07_730_vqdm_00039.png,1,0.999548
data/genimage/imagenet_ai_0419_vqdm/val/ai/VQDM_1000_200_07_735_vqdm_00127.png,1,0.999832
data/genimage/imagenet_ai_0419_vqdm/val/ai/VQDM_1000_200_07_737_vqdm_00127.png,1,0.999976
data/genimage/imagenet_ai_0419_vqdm/val/ai/VQDM_1000_200_07_739_vqdm_00035.png,1,0.998855
data/genimage/imagenet_ai_0419_vqdm/val/ai/VQDM_1000_200_07_742_vqdm_00127.png,1,0.999988
data/genimage/imagenet_ai_0419_vqdm/val/ai/VQDM_1000_200_07_743_vqdm_00127.png,1,0.999993
data/genimage/imagenet_ai_0419_vqdm/val/ai/VQDM_1000_200_07_743_vqdm_00143.png,1,0.999998
data/genimage/imagenet_ai_0419_vqdm/val/ai/VQDM_1000_200_07_748_vqdm_00039.png,1,0.991609
data/genimage/imagenet_ai_0419_vqdm/val/ai/VQDM_1000_200_07_750_vqdm_00127.png,1,0.262088
data/genimage/imagenet_ai_0419_vqdm/val/ai/VQDM_1000_200_07_753_vqdm_00039.png,1,0.999922
data/genimage/imagenet_ai_0419_vqdm/val/ai/VQDM_1000_200_07_757_vqdm_00035.png,1,0.99998
data/genimage/imagenet_ai_0419_vqdm/val/ai/VQDM_1000_200_07_758_vqdm_00127.png,1,0.999094
data/genimage/imagenet_ai_0419_vqdm/val/ai/VQDM_1000_200_07_759_vqdm_00143.png,1,1.0
data/genimage/imagenet_ai_0419_vqdm/val/ai/VQDM_1000_200_07_760_vqdm_00143.png,1,0.989114
data/genimage/imagenet_ai_0419_vqdm/val/ai/VQDM_1000_200_07_761_vqdm_00020.png,1,1.0
data/genimage/imagenet_ai_0419_vqdm/val/ai/VQDM_1000_200_07_763_vqdm_00035.png,1,0.723541
data/genimage/imagenet_ai_0419_vqdm/val/ai/VQDM_1000_200_07_763_vqdm_00039.png,1,0.999054
data/genimage/imagenet_ai_0419_vqdm/val/ai/VQDM_1000_200_07_765_vqdm_00035.png,1,0.999913
data/genimage/imagenet_ai_0419_vqdm/val/ai/VQDM_1000_200_07_773_vqdm_00035.png,1,0.960121
data/genimage/imagenet_ai_0419_vqdm/val/ai/VQDM_1000_200_07_775_vqdm_00039.png,1,0.947035
data/genimage/imagenet_ai_0419_vqdm/val/ai/VQDM_1000_200_07_775_vqdm_00143.png,1,0.999628
data/genimage/imagenet_ai_0419_vqdm/val/ai/VQDM_1000_200_07_778_vqdm_00020.png,1,0.998923
data/genimage/imagenet_ai_0419_vqdm/val/ai/VQDM_1000_200_07_781_vqdm_00039.png,1,0.999904
data/genimage/imagenet_ai_0419_vqdm/val/ai/VQDM_1000_200_07_781_vqdm_00143.png,1,0.999698
data/genimage/imagenet_ai_0419_vqdm/val/ai/VQDM_1000_200_07_784_vqdm_00127.png,1,0.64932
data/genimage/imagenet_ai_0419_vqdm/val/ai/VQDM_1000_200_07_787_vqdm_00035.png,1,0.999669
data/genimage/imagenet_ai_0419_vqdm/val/ai/VQDM_1000_200_07_792_vqdm_00039.png,1,0.984537
data/genimage/imagenet_ai_0419_vqdm/val/ai/VQDM_1000_200_07_792_vqdm_00074.png,1,1.0
data/genimage/imagenet_ai_0419_vqdm/val/ai/VQDM_1000_200_07_795_vqdm_00074.png,1,0.991606
data/genimage/imagenet_ai_0419_vqdm/val/ai/VQDM_1000_200_07_797_vqdm_00127.png,1,0.999356
data/genimage/imagenet_ai_0419_vqdm/val/ai/VQDM_1000_200_07_798_vqdm_00020.png,1,0.999991
data/genimage/imagenet_ai_0419_vqdm/val/ai/VQDM_1000_200_08_802_vqdm_00127.png,1,0.988468
data/genimage/imagenet_ai_0419_vqdm/val/ai/VQDM_1000_200_08_803_vqdm_00035.png,1,0.990756
data/genimage/imagenet_ai_0419_vqdm/val/ai/VQDM_1000_200_08_805_vqdm_00074.png,1,0.999759
data/genimage/imagenet_ai_0419_vqdm/val/ai/VQDM_1000_200_08_805_vqdm_00143.png,1,0.982714
data/genimage/imagenet_ai_0419_vqdm/val/ai/VQDM_1000_200_08_807_vqdm_00074.png,1,1.0
data/genimage/imagenet_ai_0419_vqdm/val/ai/VQDM_1000_200_08_808_vqdm_00039.png,1,0.866434
data/genimage/imagenet_ai_0419_vqdm/val/ai/VQDM_1000_200_08_817_vqdm_00039.png,1,0.989736
data/genimage/imagenet_ai_0419_vqdm/val/ai/VQDM_1000_200_08_817_vqdm_00074.png,1,0.999185
data/genimage/imagenet_ai_0419_vqdm/val/ai/VQDM_1000_200_08_819_vqdm_00127.png,1,0.989351
data/genimage/imagenet_ai_0419_vqdm/val/ai/VQDM_1000_200_08_822_vqdm_00074.png,1,0.999759
data/genimage/imagenet_ai_0419_vqdm/val/ai/VQDM_1000_200_08_823_vqdm_00035.png,1,0.999979
data/genimage/imagenet_ai_0419_vqdm/val/ai/VQDM_1000_200_08_824_vqdm_00020.png,1,0.994928
data/genimage/imagenet_ai_0419_vqdm/val/ai/VQDM_1000_200_08_824_vqdm_00039.png,1,0.56
data/genimage/imagenet_ai_0419_vqdm/val/ai/VQDM_1000_200_08_826_vqdm_00035.png,1,1.0
data/genimage/imagenet_ai_0419_vqdm/val/ai/VQDM_1000_200_08_828_vqdm_00127.png,1,0.978544
data/genimage/imagenet_ai_0419_vqdm/val/ai/VQDM_1000_200_08_830_vqdm_00035.png,1,0.999767
data/genimage/imagenet_ai_0419_vqdm/val/ai/VQDM_1000_200_08_831_vqdm_00035.png,1,0.998425
data/genimage/imagenet_ai_0419_vqdm/val/ai/VQDM_1000_200_08_834_vqdm_00039.png,1,0.999972
data/genimage/imagenet_ai_0419_vqdm/val/ai/VQDM_1000_200_08_836_vqdm_00127.png,1,0.999914
data/genimage/imagenet_ai_0419_vqdm/val/ai/VQDM_1000_200_08_837_vqdm_00039.png,1,0.999805
data/genimage/imagenet_ai_0419_vqdm/val/ai/VQDM_1000_200_08_845_vqdm_00143.png,1,0.916092
data/genimage/imagenet_ai_0419_vqdm/val/ai/VQDM_1000_200_08_850_vqdm_00039.png,1,0.677567
data/genimage/imagenet_ai_0419_vqdm/val/ai/VQDM_1000_200_08_851_vqdm_00074.png,1,0.99564
data/genimage/imagenet_ai_0419_vqdm/val/ai/VQDM_1000_200_08_854_vqdm_00020.png,1,0.997694
data/genimage/imagenet_ai_0419_vqdm/val/ai/VQDM_1000_200_08_855_vqdm_00143.png,1,0.998715
data/genimage/imagenet_ai_0419_vqdm/val/ai/VQDM_1000_200_08_857_vqdm_00127.png,1,0.624238
data/genimage/imagenet_ai_0419_vqdm/val/ai/VQDM_1000_200_08_858_vqdm_00020.png,1,0.965695
data/genimage/imagenet_ai_0419_vqdm/val/ai/VQDM_1000_200_08_863_vqdm_00035.png,1,0.998844
data/genimage/imagenet_ai_0419_vqdm/val/ai/VQDM_1000_200_08_864_vqdm_00039.png,1,0.240343
data/genimage/imagenet_ai_0419_vqdm/val/ai/VQDM_1000_200_08_867_vqdm_00039.png,1,0.947619
data/genimage/imagenet_ai_0419_vqdm/val/ai/VQDM_1000_200_08_873_vqdm_00020.png,1,0.705804
data/genimage/imagenet_ai_0419_vqdm/val/ai/VQDM_1000_200_08_873_vqdm_00127.png,1,0.994786
data/genimage/imagenet_ai_0419_vqdm/val/ai/VQDM_1000_200_08_876_vqdm_00143.png,1,0.985203
data/genimage/imagenet_ai_0419_vqdm/val/ai/VQDM_1000_200_08_879_vqdm_00035.png,1,0.954314
data/genimage/imagenet_ai_0419_vqdm/val/ai/VQDM_1000_200_08_882_vqdm_00074.png,1,0.99983
data/genimage/imagenet_ai_0419_vqdm/val/ai/VQDM_1000_200_08_883_vqdm_00127.png,1,0.931703
data/genimage/imagenet_ai_0419_vqdm/val/ai/VQDM_1000_200_08_884_vqdm_00035.png,1,0.999999
data/genimage/imagenet_ai_0419_vqdm/val/ai/VQDM_1000_200_08_889_vqdm_00020.png,1,0.885697
data/genimage/imagenet_ai_0419_vqdm/val/ai/VQDM_1000_200_08_890_vqdm_00035.png,1,0.987507
data/genimage/imagenet_ai_0419_vqdm/val/ai/VQDM_1000_200_08_893_vqdm_00020.png,1,0.978804
data/genimage/imagenet_ai_0419_vqdm/val/ai/VQDM_1000_200_08_893_vqdm_00143.png,1,0.880198
data/genimage/imagenet_ai_0419_vqdm/val/ai/VQDM_1000_200_08_894_vqdm_00143.png,1,0.999939
data/genimage/imagenet_ai_0419_vqdm/val/ai/VQDM_1000_200_08_896_vqdm_00035.png,1,0.959441
data/genimage/imagenet_ai_0419_vqdm/val/ai/VQDM_1000_200_09_900_vqdm_00143.png,1,0.999767
data/genimage/imagenet_ai_0419_vqdm/val/ai/VQDM_1000_200_09_901_vqdm_00020.png,1,0.999645
data/genimage/imagenet_ai_0419_vqdm/val/ai/VQDM_1000_200_09_901_vqdm_00039.png,1,0.999927
data/genimage/imagenet_ai_0419_vqdm/val/ai/VQDM_1000_200_09_901_vqdm_00074.png,1,0.966371
data/genimage/imagenet_ai_0419_vqdm/val/ai/VQDM_1000_200_09_901_vqdm_00127.png,1,0.999989
data/genimage/imagenet_ai_0419_vqdm/val/ai/VQDM_1000_200_09_903_vqdm_00143.png,1,0.999168
data/genimage/imagenet_ai_0419_vqdm/val/ai/VQDM_1000_200_09_906_vqdm_00035.png,1,0.999988
data/genimage/imagenet_ai_0419_vqdm/val/ai/VQDM_1000_200_09_908_vqdm_00020.png,1,0.999963
data/genimage/imagenet_ai_0419_vqdm/val/ai/VQDM_1000_200_09_911_vqdm_00074.png,1,0.999994
data/genimage/imagenet_ai_0419_vqdm/val/ai/VQDM_1000_200_09_913_vqdm_00020.png,1,0.99999
data/genimage/imagenet_ai_0419_vqdm/val/ai/VQDM_1000_200_09_915_vqdm_00039.png,1,0.999982
data/genimage/imagenet_ai_0419_vqdm/val/ai/VQDM_1000_200_09_915_vqdm_00143.png,1,0.117293
data/genimage/imagenet_ai_0419_vqdm/val/ai/VQDM_1000_200_09_916_vqdm_00020.png,1,0.999961
data/genimage/imagenet_ai_0419_vqdm/val/ai/VQDM_1000_200_09_917_vqdm_00020.png,1,0.798316
data/genimage/imagenet_ai_0419_vqdm/val/ai/VQDM_1000_200_09_919_vqdm_00074.png,1,0.999983
data/genimage/imagenet_ai_0419_vqdm/val/ai/VQDM_1000_200_09_920_vqdm_00020.png,1,0.999985
data/genimage/imagenet_ai_0419_vqdm/val/ai/VQDM_1000_200_09_920_vqdm_00035.png,1,0.957367
data/genimage/imagenet_ai_0419_vqdm/val/ai/VQDM_1000_200_09_921_vqdm_00039.png,1,0.998733
data/genimage/imagenet_ai_0419_vqdm/val/ai/VQDM_1000_200_09_922_vqdm_00035.png,1,0.998819
data/genimage/imagenet_ai_0419_vqdm/val/ai/VQDM_1000_200_09_925_vqdm_00035.png,1,0.998044
data/genimage/imagenet_ai_0419_vqdm/val/ai/VQDM_1000_200_09_925_vqdm_00143.png,1,0.997558
data/genimage/imagenet_ai_0419_vqdm/val/ai/VQDM_1000_200_09_926_vqdm_00039.png,1,0.999808
data/genimage/imagenet_ai_0419_vqdm/val/ai/VQDM_1000_200_09_929_vqdm_00035.png,1,0.999141
data/genimage/imagenet_ai_0419_vqdm/val/ai/VQDM_1000_200_09_932_vqdm_00074.png,1,0.999844
data/genimage/imagenet_ai_0419_vqdm/val/ai/VQDM_1000_200_09_932_vqdm_00127.png,1,0.999233
data/genimage/imagenet_ai_0419_vqdm/val/ai/VQDM_1000_200_09_934_vqdm_00039.png,1,0.999862
data/genimage/imagenet_ai_0419_vqdm/val/ai/VQDM_1000_200_09_934_vqdm_00127.png,1,0.006868
data/genimage/imagenet_ai_0419_vqdm/val/ai/VQDM_1000_200_09_937_vqdm_00127.png,1,0.997734
data/genimage/imagenet_ai_0419_vqdm/val/ai/VQDM_1000_200_09_938_vqdm_00143.png,1,0.99983
data/genimage/imagenet_ai_0419_vqdm/val/ai/VQDM_1000_200_09_942_vqdm_00035.png,1,0.999995
data/genimage/imagenet_ai_0419_vqdm/val/ai/VQDM_1000_200_09_946_vqdm_00035.png,1,0.995773
data/genimage/imagenet_ai_0419_vqdm/val/ai/VQDM_1000_200_09_947_vqdm_00039.png,1,0.999993
data/genimage/imagenet_ai_0419_vqdm/val/ai/VQDM_1000_200_09_951_vqdm_00127.png,1,0.658806
data/genimage/imagenet_ai_0419_vqdm/val/ai/VQDM_1000_200_09_951_vqdm_00143.png,1,0.946641
data/genimage/imagenet_ai_0419_vqdm/val/ai/VQDM_1000_200_09_953_vqdm_00127.png,1,0.999993
data/genimage/imagenet_ai_0419_vqdm/val/ai/VQDM_1000_200_09_954_vqdm_00127.png,1,0.99813
data/genimage/imagenet_ai_0419_vqdm/val/ai/VQDM_1000_200_09_962_vqdm_00020.png,1,0.999978
data/genimage/imagenet_ai_0419_vqdm/val/ai/VQDM_1000_200_09_962_vqdm_00035.png,1,0.99823
data/genimage/imagenet_ai_0419_vqdm/val/ai/VQDM_1000_200_09_962_vqdm_00127.png,1,0.572881
data/genimage/imagenet_ai_0419_vqdm/val/ai/VQDM_1000_200_09_967_vqdm_00127.png,1,0.999991
data/genimage/imagenet_ai_0419_vqdm/val/ai/VQDM_1000_200_09_968_vqdm_00127.png,1,0.999999
data/genimage/imagenet_ai_0419_vqdm/val/ai/VQDM_1000_200_09_968_vqdm_00143.png,1,0.999947
data/genimage/imagenet_ai_0419_vqdm/val/ai/VQDM_1000_200_09_969_vqdm_00020.png,1,0.93788
data/genimage/imagenet_ai_0419_vqdm/val/ai/VQDM_1000_200_09_971_vqdm_00074.png,1,0.895055
data/genimage/imagenet_ai_0419_vqdm/val/ai/VQDM_1000_200_09_972_vqdm_00035.png,1,0.978629
data/genimage/imagenet_ai_0419_vqdm/val/ai/VQDM_1000_200_09_973_vqdm_00127.png,1,0.997002
data/genimage/imagenet_ai_0419_vqdm/val/ai/VQDM_1000_200_09_974_vqdm_00020.png,1,0.976891
data/genimage/imagenet_ai_0419_vqdm/val/ai/VQDM_1000_200_09_976_vqdm_00039.png,1,0.997154
data/genimage/imagenet_ai_0419_vqdm/val/ai/VQDM_1000_200_09_976_vqdm_00143.png,1,0.999904
data/genimage/imagenet_ai_0419_vqdm/val/ai/VQDM_1000_200_09_977_vqdm_00020.png,1,0.556042
data/genimage/imagenet_ai_0419_vqdm/val/ai/VQDM_1000_200_09_980_vqdm_00143.png,1,0.921741
data/genimage/imagenet_ai_0419_vqdm/val/ai/VQDM_1000_200_09_983_vqdm_00020.png,1,0.996522
data/genimage/imagenet_ai_0419_vqdm/val/ai/VQDM_1000_200_09_984_vqdm_00074.png,1,0.988544
data/genimage/imagenet_ai_0419_vqdm/val/ai/VQDM_1000_200_09_987_vqdm_00035.png,1,0.982678
data/genimage/imagenet_ai_0419_vqdm/val/ai/VQDM_1000_200_09_987_vqdm_00143.png,1,0.999716
data/genimage/imagenet_ai_0419_vqdm/val/ai/VQDM_1000_200_09_996_vqdm_00127.png,1,0.999997
data/genimage/imagenet_ai_0419_vqdm/val/ai/VQDM_1000_200_09_997_vqdm_00074.png,1,0.908993
data/genimage/imagenet_ai_0419_vqdm/val/ai/VQDM_1000_200_09_997_vqdm_00143.png,1,0.999421
data/genimage/imagenet_ai_0419_vqdm/val/ai/VQDM_1000_200_09_998_vqdm_00127.png,1,0.999485
data/genimage/imagenet_ai_0419_vqdm/val/nature/ILSVRC2012_val_00000136.JPEG,0,2.9e-05
data/genimage/imagenet_ai_0419_vqdm/val/nature/ILSVRC2012_val_00000137.JPEG,0,1.6e-05
data/genimage/imagenet_ai_0419_vqdm/val/nature/ILSVRC2012_val_00000177.JPEG,0,0.001736
data/genimage/imagenet_ai_0419_vqdm/val/nature/ILSVRC2012_val_00000192.JPEG,0,0.016808
data/genimage/imagenet_ai_0419_vqdm/val/nature/ILSVRC2012_val_00000200.JPEG,0,0.000139
data/genimage/imagenet_ai_0419_vqdm/val/nature/ILSVRC2012_val_00000336.JPEG,0,0.002684
data/genimage/imagenet_ai_0419_vqdm/val/nature/ILSVRC2012_val_00000380.JPEG,0,0.992925
data/genimage/imagenet_ai_0419_vqdm/val/nature/ILSVRC2012_val_00000444.JPEG,0,5e-05
data/genimage/imagenet_ai_0419_vqdm/val/nature/ILSVRC2012_val_00000464.JPEG,0,0.000212
data/genimage/imagenet_ai_0419_vqdm/val/nature/ILSVRC2012_val_00000821.JPEG,0,0.002541
data/genimage/imagenet_ai_0419_vqdm/val/nature/ILSVRC2012_val_00000839.JPEG,0,3.5e-05
data/genimage/imagenet_ai_0419_vqdm/val/nature/ILSVRC2012_val_00000905.JPEG,0,0.00011
data/genimage/imagenet_ai_0419_vqdm/val/nature/ILSVRC2012_val_00000928.JPEG,0,0.001168
data/genimage/imagenet_ai_0419_vqdm/val/nature/ILSVRC2012_val_00001047.JPEG,0,7e-06
data/genimage/imagenet_ai_0419_vqdm/val/nature/ILSVRC2012_val_00001070.JPEG,0,0.003498
data/genimage/imagenet_ai_0419_vqdm/val/nature/ILSVRC2012_val_00001481.JPEG,0,0.000195
data/genimage/imagenet_ai_0419_vqdm/val/nature/ILSVRC2012_val_00001558.JPEG,0,0.002688
data/genimage/imagenet_ai_0419_vqdm/val/nature/ILSVRC2012_val_00001601.JPEG,0,0.001764
data/genimage/imagenet_ai_0419_vqdm/val/nature/ILSVRC2012_val_00001698.JPEG,0,0.009532
data/genimage/imagenet_ai_0419_vqdm/val/nature/ILSVRC2012_val_00001723.JPEG,0,0.000137
data/genimage/imagenet_ai_0419_vqdm/val/nature/ILSVRC2012_val_00001823.JPEG,0,4e-06
data/genimage/imagenet_ai_0419_vqdm/val/nature/ILSVRC2012_val_00001912.JPEG,0,0.000947
data/genimage/imagenet_ai_0419_vqdm/val/nature/ILSVRC2012_val_00001978.JPEG,0,2.7e-05
data/genimage/imagenet_ai_0419_vqdm/val/nature/ILSVRC2012_val_00002150.JPEG,0,3e-06
data/genimage/imagenet_ai_0419_vqdm/val/nature/ILSVRC2012_val_00002168.JPEG,0,0.000184
data/genimage/imagenet_ai_0419_vqdm/val/nature/ILSVRC2012_val_00002237.JPEG,0,6.2e-05
data/genimage/imagenet_ai_0419_vqdm/val/nature/ILSVRC2012_val_00002329.JPEG,0,0.001569
data/genimage/imagenet_ai_0419_vqdm/val/nature/ILSVRC2012_val_00002640.JPEG,0,0.00058
data/genimage/imagenet_ai_0419_vqdm/val/nature/ILSVRC2012_val_00002842.JPEG,0,0.000881
data/genimage/imagenet_ai_0419_vqdm/val/nature/ILSVRC2012_val_00002928.JPEG,0,1.9e-05
data/genimage/imagenet_ai_0419_vqdm/val/nature/ILSVRC2012_val_00003167.JPEG,0,4e-06
data/genimage/imagenet_ai_0419_vqdm/val/nature/ILSVRC2012_val_00003345.JPEG,0,0.026528
data/genimage/imagenet_ai_0419_vqdm/val/nature/ILSVRC2012_val_00003447.JPEG,0,5.9e-05
data/genimage/imagenet_ai_0419_vqdm/val/nature/ILSVRC2012_val_00003749.JPEG,0,0.00074
data/genimage/imagenet_ai_0419_vqdm/val/nature/ILSVRC2012_val_00004095.JPEG,0,0.019463
data/genimage/imagenet_ai_0419_vqdm/val/nature/ILSVRC2012_val_00004129.JPEG,0,2e-06
data/genimage/imagenet_ai_0419_vqdm/val/nature/ILSVRC2012_val_00004163.JPEG,0,0.000197
data/genimage/imagenet_ai_0419_vqdm/val/nature/ILSVRC2012_val_00004377.JPEG,0,0.021888
data/genimage/imagenet_ai_0419_vqdm/val/nature/ILSVRC2012_val_00004387.JPEG,0,0.017488
data/genimage/imagenet_ai_0419_vqdm/val/nature/ILSVRC2012_val_00004554.JPEG,0,0.054365
data/genimage/imagenet_ai_0419_vqdm/val/nature/ILSVRC2012_val_00004613.JPEG,0,0.02387
data/genimage/imagenet_ai_0419_vqdm/val/nature/ILSVRC2012_val_00004772.JPEG,0,0.001924
data/genimage/imagenet_ai_0419_vqdm/val/nature/ILSVRC2012_val_00004869.JPEG,0,0.001425
data/genimage/imagenet_ai_0419_vqdm/val/nature/ILSVRC2012_val_00005042.JPEG,0,0.000301
data/genimage/imagenet_ai_0419_vqdm/val/nature/ILSVRC2012_val_00005323.JPEG,0,0.004542
data/genimage/imagenet_ai_0419_vqdm/val/nature/ILSVRC2012_val_00005572.JPEG,0,7e-06
data/genimage/imagenet_ai_0419_vqdm/val/nature/ILSVRC2012_val_00005640.JPEG,0,6.6e-05
data/genimage/imagenet_ai_0419_vqdm/val/nature/ILSVRC2012_val_00005737.JPEG,0,2.8e-05
data/genimage/imagenet_ai_0419_vqdm/val/nature/ILSVRC2012_val_00005799.JPEG,0,0.001178
data/genimage/imagenet_ai_0419_vqdm/val/nature/ILSVRC2012_val_00005933.JPEG,0,0.099747
data/genimage/imagenet_ai_0419_vqdm/val/nature/ILSVRC2012_val_00005946.JPEG,0,0.003513
data/genimage/imagenet_ai_0419_vqdm/val/nature/ILSVRC2012_val_00005976.JPEG,0,0.006028
data/genimage/imagenet_ai_0419_vqdm/val/nature/ILSVRC2012_val_00006076.JPEG,0,0.82579
data/genimage/imagenet_ai_0419_vqdm/val/nature/ILSVRC2012_val_00006215.JPEG,0,0.000381
data/genimage/imagenet_ai_0419_vqdm/val/nature/ILSVRC2012_val_00006272.JPEG,0,0.008195
data/genimage/imagenet_ai_0419_vqdm/val/nature/ILSVRC2012_val_00006332.JPEG,0,6.3e-05
data/genimage/imagenet_ai_0419_vqdm/val/nature/ILSVRC2012_val_00006349.JPEG,0,0.000269
data/genimage/imagenet_ai_0419_vqdm/val/nature/ILSVRC2012_val_00006420.JPEG,0,0.000476
data/genimage/imagenet_ai_0419_vqdm/val/nature/ILSVRC2012_val_00006561.JPEG,0,0.009991
data/genimage/imagenet_ai_0419_vqdm/val/nature/ILSVRC2012_val_00006594.JPEG,0,0.010554
data/genimage/imagenet_ai_0419_vqdm/val/nature/ILSVRC2012_val_00006808.JPEG,0,8.7e-05
data/genimage/imagenet_ai_0419_vqdm/val/nature/ILSVRC2012_val_00006829.JPEG,0,0.000642
data/genimage/imagenet_ai_0419_vqdm/val/nature/ILSVRC2012_val_00006849.JPEG,0,6e-06
data/genimage/imagenet_ai_0419_vqdm/val/nature/ILSVRC2012_val_00006999.JPEG,0,4.5e-05
data/genimage/imagenet_ai_0419_vqdm/val/nature/ILSVRC2012_val_00007082.JPEG,0,0.003483
data/genimage/imagenet_ai_0419_vqdm/val/nature/ILSVRC2012_val_00007200.JPEG,0,0.000527
data/genimage/imagenet_ai_0419_vqdm/val/nature/ILSVRC2012_val_00007206.JPEG,0,0.962705
data/genimage/imagenet_ai_0419_vqdm/val/nature/ILSVRC2012_val_00007219.JPEG,0,3.2e-05
data/genimage/imagenet_ai_0419_vqdm/val/nature/ILSVRC2012_val_00007378.JPEG,0,0.003448
data/genimage/imagenet_ai_0419_vqdm/val/nature/ILSVRC2012_val_00007498.JPEG,0,1.7e-05
data/genimage/imagenet_ai_0419_vqdm/val/nature/ILSVRC2012_val_00007620.JPEG,0,4.3e-05
data/genimage/imagenet_ai_0419_vqdm/val/nature/ILSVRC2012_val_00007661.JPEG,0,0.288088
data/genimage/imagenet_ai_0419_vqdm/val/nature/ILSVRC2012_val_00007681.JPEG,0,1.5e-05
data/genimage/imagenet_ai_0419_vqdm/val/nature/ILSVRC2012_val_00007747.JPEG,0,0.429149
data/genimage/imagenet_ai_0419_vqdm/val/nature/ILSVRC2012_val_00007763.JPEG,0,0.000384
data/genimage/imagenet_ai_0419_vqdm/val/nature/ILSVRC2012_val_00007873.JPEG,0,9e-06
data/genimage/imagenet_ai_0419_vqdm/val/nature/ILSVRC2012_val_00008051.JPEG,0,5e-06
data/genimage/imagenet_ai_0419_vqdm/val/nature/ILSVRC2012_val_00008191.JPEG,0,0.228194
data/genimage/imagenet_ai_0419_vqdm/val/nature/ILSVRC2012_val_00008213.JPEG,0,0.0
data/genimage/imagenet_ai_0419_vqdm/val/nature/ILSVRC2012_val_00008280.JPEG,0,0.000289
data/genimage/imagenet_ai_0419_vqdm/val/nature/ILSVRC2012_val_00008288.JPEG,0,0.069346
data/genimage/imagenet_ai_0419_vqdm/val/nature/ILSVRC2012_val_00008438.JPEG,0,0.120078
data/genimage/imagenet_ai_0419_vqdm/val/nature/ILSVRC2012_val_00008493.JPEG,0,0.012977
data/genimage/imagenet_ai_0419_vqdm/val/nature/ILSVRC2012_val_00008534.JPEG,0,0.047631
data/genimage/imagenet_ai_0419_vqdm/val/nature/ILSVRC2012_val_00008629.JPEG,0,0.000195
data/genimage/imagenet_ai_0419_vqdm/val/nature/ILSVRC2012_val_00008660.JPEG,0,0.001275
data/genimage/imagenet_ai_0419_vqdm/val/nature/ILSVRC2012_val_00008661.JPEG,0,0.013901
data/genimage/imagenet_ai_0419_vqdm/val/nature/ILSVRC2012_val_00008696.JPEG,0,0.000605
data/genimage/imagenet_ai_0419_vqdm/val/nature/ILSVRC2012_val_00008838.JPEG,0,1.9e-05
data/genimage/imagenet_ai_0419_vqdm/val/nature/ILSVRC2012_val_00008853.JPEG,0,3e-06
data/genimage/imagenet_ai_0419_vqdm/val/nature/ILSVRC2012_val_00008903.JPEG,0,6.3e-05
data/genimage/imagenet_ai_0419_vqdm/val/nature/ILSVRC2012_val_00008904.JPEG,0,0.06933
data/genimage/imagenet_ai_0419_vqdm/val/nature/ILSVRC2012_val_00008952.JPEG,0,0.00014
data/genimage/imagenet_ai_0419_vqdm/val/nature/ILSVRC2012_val_00009158.JPEG,0,0.0002
data/genimage/imagenet_ai_0419_vqdm/val/nature/ILSVRC2012_val_00009288.JPEG,0,0.0
data/genimage/imagenet_ai_0419_vqdm/val/nature/ILSVRC2012_val_00009376.JPEG,0,0.000584
data/genimage/imagenet_ai_0419_vqdm/val/nature/ILSVRC2012_val_00009388.JPEG,0,0.001307
data/genimage/imagenet_ai_0419_vqdm/val/nature/ILSVRC2012_val_00009526.JPEG,0,0.002179
data/genimage/imagenet_ai_0419_vqdm/val/nature/ILSVRC2012_val_00009714.JPEG,0,0.21768
data/genimage/imagenet_ai_0419_vqdm/val/nature/ILSVRC2012_val_00009773.JPEG,0,0.02131
data/genimage/imagenet_ai_0419_vqdm/val/nature/ILSVRC2012_val_00009786.JPEG,0,0.001164
data/genimage/imagenet_ai_0419_vqdm/val/nature/ILSVRC2012_val_00010076.JPEG,0,0.163103
data/genimage/imagenet_ai_0419_vqdm/val/nature/ILSVRC2012_val_00010093.JPEG,0,2e-06
data/genimage/imagenet_ai_0419_vqdm/val/nature/ILSVRC2012_val_00010159.JPEG,0,0.000508
data/genimage/imagenet_ai_0419_vqdm/val/nature/ILSVRC2012_val_00010197.JPEG,0,0.087195
data/genimage/imagenet_ai_0419_vqdm/val/nature/ILSVRC2012_val_00010217.JPEG,0,0.001345
data/genimage/imagenet_ai_0419_vqdm/val/nature/ILSVRC2012_val_00010414.JPEG,0,0.000966
data/genimage/imagenet_ai_0419_vqdm/val/nature/ILSVRC2012_val_00010445.JPEG,0,0.428286
data/genimage/imagenet_ai_0419_vqdm/val/nature/ILSVRC2012_val_00010572.JPEG,0,4.7e-05
data/genimage/imagenet_ai_0419_vqdm/val/nature/ILSVRC2012_val_00010603.JPEG,0,0.000376
data/genimage/imagenet_ai_0419_vqdm/val/nature/ILSVRC2012_val_00010649.JPEG,0,0.000808
data/genimage/imagenet_ai_0419_vqdm/val/nature/ILSVRC2012_val_00010879.JPEG,0,0.000476
data/genimage/imagenet_ai_0419_vqdm/val/nature/ILSVRC2012_val_00010909.JPEG,0,0.002771
data/genimage/imagenet_ai_0419_vqdm/val/nature/ILSVRC2012_val_00010961.JPEG,0,0.070429
data/genimage/imagenet_ai_0419_vqdm/val/nature/ILSVRC2012_val_00011338.JPEG,0,0.046892
data/genimage/imagenet_ai_0419_vqdm/val/nature/ILSVRC2012_val_00011604.JPEG,0,0.000262
data/genimage/imagenet_ai_0419_vqdm/val/nature/ILSVRC2012_val_00011834.JPEG,0,0.021939
data/genimage/imagenet_ai_0419_vqdm/val/nature/ILSVRC2012_val_00011863.JPEG,0,0.00812
data/genimage/imagenet_ai_0419_vqdm/val/nature/ILSVRC2012_val_00011868.JPEG,0,0.00445
data/genimage/imagenet_ai_0419_vqdm/val/nature/ILSVRC2012_val_00011886.JPEG,0,0.006889
data/genimage/imagenet_ai_0419_vqdm/val/nature/ILSVRC2012_val_00012000.JPEG,0,5.9e-05
data/genimage/imagenet_ai_0419_vqdm/val/nature/ILSVRC2012_val_00012043.JPEG,0,9.6e-05
data/genimage/imagenet_ai_0419_vqdm/val/nature/ILSVRC2012_val_00012246.JPEG,0,0.003946
data/genimage/imagenet_ai_0419_vqdm/val/nature/ILSVRC2012_val_00012775.JPEG,0,0.000633
data/genimage/imagenet_ai_0419_vqdm/val/nature/ILSVRC2012_val_00012846.JPEG,0,0.702973
data/genimage/imagenet_ai_0419_vqdm/val/nature/ILSVRC2012_val_00012925.JPEG,0,7e-06
data/genimage/imagenet_ai_0419_vqdm/val/nature/ILSVRC2012_val_00012965.JPEG,0,0.001015
data/genimage/imagenet_ai_0419_vqdm/val/nature/ILSVRC2012_val_00012973.JPEG,0,1.6e-05
data/genimage/imagenet_ai_0419_vqdm/val/nature/ILSVRC2012_val_00013046.JPEG,0,4.8e-05
data/genimage/imagenet_ai_0419_vqdm/val/nature/ILSVRC2012_val_00013152.JPEG,0,0.000851
data/genimage/imagenet_ai_0419_vqdm/val/nature/ILSVRC2012_val_00013175.JPEG,0,0.006489
data/genimage/imagenet_ai_0419_vqdm/val/nature/ILSVRC2012_val_00013266.JPEG,0,0.086721
data/genimage/imagenet_ai_0419_vqdm/val/nature/ILSVRC2012_val_00013503.JPEG,0,0.000183
data/genimage/imagenet_ai_0419_vqdm/val/nature/ILSVRC2012_val_00013521.JPEG,0,0.059166
data/genimage/imagenet_ai_0419_vqdm/val/nature/ILSVRC2012_val_00013526.JPEG,0,0.000709
data/genimage/imagenet_ai_0419_vqdm/val/nature/ILSVRC2012_val_00013629.JPEG,0,0.00124
data/genimage/imagenet_ai_0419_vqdm/val/nature/ILSVRC2012_val_00013680.JPEG,0,0.000136
data/genimage/imagenet_ai_0419_vqdm/val/nature/ILSVRC2012_val_00013690.JPEG,0,2.7e-05
data/genimage/imagenet_ai_0419_vqdm/val/nature/ILSVRC2012_val_00013743.JPEG,0,2.5e-05
data/genimage/imagenet_ai_0419_vqdm/val/nature/ILSVRC2012_val_00013829.JPEG,0,0.001514
data/genimage/imagenet_ai_0419_vqdm/val/nature/ILSVRC2012_val_00014041.JPEG,0,0.011946
data/genimage/imagenet_ai_0419_vqdm/val/nature/ILSVRC2012_val_00014064.JPEG,0,0.000122
data/genimage/imagenet_ai_0419_vqdm/val/nature/ILSVRC2012_val_00014292.JPEG,0,0.007431
data/genimage/imagenet_ai_0419_vqdm/val/nature/ILSVRC2012_val_00014317.JPEG,0,0.01016
data/genimage/imagenet_ai_0419_vqdm/val/nature/ILSVRC2012_val_00014322.JPEG,0,1e-06
data/genimage/imagenet_ai_0419_vqdm/val/nature/ILSVRC2012_val_00014399.JPEG,0,0.000521
data/genimage/imagenet_ai_0419_vqdm/val/nature/ILSVRC2012_val_00014525.JPEG,0,0.001888
data/genimage/imagenet_ai_0419_vqdm/val/nature/ILSVRC2012_val_00014610.JPEG,0,0.098214
data/genimage/imagenet_ai_0419_vqdm/val/nature/ILSVRC2012_val_00014746.JPEG,0,0.000156
data/genimage/imagenet_ai_0419_vqdm/val/nature/ILSVRC2012_val_00014848.JPEG,0,0.876744
data/genimage/imagenet_ai_0419_vqdm/val/nature/ILSVRC2012_val_00014859.JPEG,0,7.7e-05
data/genimage/imagenet_ai_0419_vqdm/val/nature/ILSVRC2012_val_00014956.JPEG,0,8e-06
data/genimage/imagenet_ai_0419_vqdm/val/nature/ILSVRC2012_val_00014974.JPEG,0,0.001068
data/genimage/imagenet_ai_0419_vqdm/val/nature/ILSVRC2012_val_00015040.JPEG,0,0.002141
data/genimage/imagenet_ai_0419_vqdm/val/nature/ILSVRC2012_val_00015313.JPEG,0,2e-05
data/genimage/imagenet_ai_0419_vqdm/val/nature/ILSVRC2012_val_00015373.JPEG,0,1e-06
data/genimage/imagenet_ai_0419_vqdm/val/nature/ILSVRC2012_val_00015405.JPEG,0,7e-06
data/genimage/imagenet_ai_0419_vqdm/val/nature/ILSVRC2012_val_00015491.JPEG,0,7e-06
data/genimage/imagenet_ai_0419_vqdm/val/nature/ILSVRC2012_val_00015633.JPEG,0,0.01394
data/genimage/imagenet_ai_0419_vqdm/val/nature/ILSVRC2012_val_00015640.JPEG,0,4.7e-05
data/genimage/imagenet_ai_0419_vqdm/val/nature/ILSVRC2012_val_00015710.JPEG,0,3e-06
data/genimage/imagenet_ai_0419_vqdm/val/nature/ILSVRC2012_val_00015818.JPEG,0,7e-06
data/genimage/imagenet_ai_0419_vqdm/val/nature/ILSVRC2012_val_00015976.JPEG,0,0.00754
data/genimage/imagenet_ai_0419_vqdm/val/nature/ILSVRC2012_val_00016061.JPEG,0,8e-06
data/genimage/imagenet_ai_0419_vqdm/val/nature/ILSVRC2012_val_00016408.JPEG,0,7e-06
data/genimage/imagenet_ai_0419_vqdm/val/nature/ILSVRC2012_val_00016672.JPEG,0,0.00565
data/genimage/imagenet_ai_0419_vqdm/val/nature/ILSVRC2012_val_00016732.JPEG,0,0.007249
data/genimage/imagenet_ai_0419_vqdm/val/nature/ILSVRC2012_val_00016895.JPEG,0,8.7e-05
data/genimage/imagenet_ai_0419_vqdm/val/nature/ILSVRC2012_val_00016923.JPEG,0,0.274817
data/genimage/imagenet_ai_0419_vqdm/val/nature/ILSVRC2012_val_00017003.JPEG,0,8e-06
data/genimage/imagenet_ai_0419_vqdm/val/nature/ILSVRC2012_val_00017320.JPEG,0,0.044533
data/genimage/imagenet_ai_0419_vqdm/val/nature/ILSVRC2012_val_00017352.JPEG,0,2.4e-05
data/genimage/imagenet_ai_0419_vqdm/val/nature/ILSVRC2012_val_00017354.JPEG,0,2.6e-05
data/genimage/imagenet_ai_0419_vqdm/val/nature/ILSVRC2012_val_00017562.JPEG,0,9.6e-05
data/genimage/imagenet_ai_0419_vqdm/val/nature/ILSVRC2012_val_00017625.JPEG,0,0.000192
data/genimage/imagenet_ai_0419_vqdm/val/nature/ILSVRC2012_val_00017743.JPEG,0,0.000129
data/genimage/imagenet_ai_0419_vqdm/val/nature/ILSVRC2012_val_00017817.JPEG,0,3e-06
data/genimage/imagenet_ai_0419_vqdm/val/nature/ILSVRC2012_val_00017958.JPEG,0,0.000708
data/genimage/imagenet_ai_0419_vqdm/val/nature/ILSVRC2012_val_00018014.JPEG,0,0.002661
data/genimage/imagenet_ai_0419_vqdm/val/nature/ILSVRC2012_val_00018038.JPEG,0,2e-06
data/genimage/imagenet_ai_0419_vqdm/val/nature/ILSVRC2012_val_00018042.JPEG,0,0.000841
data/genimage/imagenet_ai_0419_vqdm/val/nature/ILSVRC2012_val_00018528.JPEG,0,0.049992
data/genimage/imagenet_ai_0419_vqdm/val/nature/ILSVRC2012_val_00018616.JPEG,0,0.10246
data/genimage/imagenet_ai_0419_vqdm/val/nature/ILSVRC2012_val_00018670.JPEG,0,0.000223
data/genimage/imagenet_ai_0419_vqdm/val/nature/ILSVRC2012_val_00018715.JPEG,0,0.026348
data/genimage/imagenet_ai_0419_vqdm/val/nature/ILSVRC2012_val_00018862.JPEG,0,2e-06
data/genimage/imagenet_ai_0419_vqdm/val/nature/ILSVRC2012_val_00018934.JPEG,0,0.050877
data/genimage/imagenet_ai_0419_vqdm/val/nature/ILSVRC2012_val_00019033.JPEG,0,0.000332
data/genimage/imagenet_ai_0419_vqdm/val/nature/ILSVRC2012_val_00019072.JPEG,0,5.9e-05
data/genimage/imagenet_ai_0419_vqdm/val/nature/ILSVRC2012_val_00019096.JPEG,0,3e-06
data/genimage/imagenet_ai_0419_vqdm/val/nature/ILSVRC2012_val_00019113.JPEG,0,4e-06
data/genimage/imagenet_ai_0419_vqdm/val/nature/ILSVRC2012_val_00019166.JPEG,0,4.5e-05
data/genimage/imagenet_ai_0419_vqdm/val/nature/ILSVRC2012_val_00019340.JPEG,0,0.000446
data/genimage/imagenet_ai_0419_vqdm/val/nature/ILSVRC2012_val_00019490.JPEG,0,8.8e-05
data/genimage/imagenet_ai_0419_vqdm/val/nature/ILSVRC2012_val_00019787.JPEG,0,7e-06
data/genimage/imagenet_ai_0419_vqdm/val/nature/ILSVRC2012_val_00019804.JPEG,0,0.036208
data/genimage/imagenet_ai_0419_vqdm/val/nature/ILSVRC2012_val_00019832.JPEG,0,1.7e-05
data/genimage/imagenet_ai_0419_vqdm/val/nature/ILSVRC2012_val_00019898.JPEG,0,0.0001
data/genimage/imagenet_ai_0419_vqdm/val/nature/ILSVRC2012_val_00019976.JPEG,0,8e-06
data/genimage/imagenet_ai_0419_vqdm/val/nature/ILSVRC2012_val_00020026.JPEG,0,0.001026
data/genimage/imagenet_ai_0419_vqdm/val/nature/ILSVRC2012_val_00020050.JPEG,0,4.7e-05
data/genimage/imagenet_ai_0419_vqdm/val/nature/ILSVRC2012_val_00020160.JPEG,0,3e-05
data/genimage/imagenet_ai_0419_vqdm/val/nature/ILSVRC2012_val_00020388.JPEG,0,0.091499
data/genimage/imagenet_ai_0419_vqdm/val/nature/ILSVRC2012_val_00020526.JPEG,0,0.001858
data/genimage/imagenet_ai_0419_vqdm/val/nature/ILSVRC2012_val_00020631.JPEG,0,0.005428
data/genimage/imagenet_ai_0419_vqdm/val/nature/ILSVRC2012_val_00020655.JPEG,0,0.01789
data/genimage/imagenet_ai_0419_vqdm/val/nature/ILSVRC2012_val_00020861.JPEG,0,7e-06
data/genimage/imagenet_ai_0419_vqdm/val/nature/ILSVRC2012_val_00021031.JPEG,0,0.000492
data/genimage/imagenet_ai_0419_vqdm/val/nature/ILSVRC2012_val_00021071.JPEG,0,0.000286
data/genimage/imagenet_ai_0419_vqdm/val/nature/ILSVRC2012_val_00021306.JPEG,0,0.019185
data/genimage/imagenet_ai_0419_vqdm/val/nature/ILSVRC2012_val_00021348.JPEG,0,7.3e-05
data/genimage/imagenet_ai_0419_vqdm/val/nature/ILSVRC2012_val_00021397.JPEG,0,0.027387
data/genimage/imagenet_ai_0419_vqdm/val/nature/ILSVRC2012_val_00021410.JPEG,0,1e-06
data/genimage/imagenet_ai_0419_vqdm/val/nature/ILSVRC2012_val_00021470.JPEG,0,0.005405
data/genimage/imagenet_ai_0419_vqdm/val/nature/ILSVRC2012_val_00021499.JPEG,0,4.6e-05
data/genimage/imagenet_ai_0419_vqdm/val/nature/ILSVRC2012_val_00021549.JPEG,0,0.000186
data/genimage/imagenet_ai_0419_vqdm/val/nature/ILSVRC2012_val_00021696.JPEG,0,0.010733
data/genimage/imagenet_ai_0419_vqdm/val/nature/ILSVRC2012_val_00021715.JPEG,0,0.002168
data/genimage/imagenet_ai_0419_vqdm/val/nature/ILSVRC2012_val_00021749.JPEG,0,8.1e-05
data/genimage/imagenet_ai_0419_vqdm/val/nature/ILSVRC2012_val_00021770.JPEG,0,0.000664
data/genimage/imagenet_ai_0419_vqdm/val/nature/ILSVRC2012_val_00021790.JPEG,0,0.016294
data/genimage/imagenet_ai_0419_vqdm/val/nature/ILSVRC2012_val_00021833.JPEG,0,0.026546
data/genimage/imagenet_ai_0419_vqdm/val/nature/ILSVRC2012_val_00021842.JPEG,0,5e-06
data/genimage/imagenet_ai_0419_vqdm/val/nature/ILSVRC2012_val_00021851.JPEG,0,1.7e-05
data/genimage/imagenet_ai_0419_vqdm/val/nature/ILSVRC2012_val_00021865.JPEG,0,1.5e-05
data/genimage/imagenet_ai_0419_vqdm/val/nature/ILSVRC2012_val_00021911.JPEG,0,0.000181
data/genimage/imagenet_ai_0419_vqdm/val/nature/ILSVRC2012_val_00021971.JPEG,0,0.018552
data/genimage/imagenet_ai_0419_vqdm/val/nature/ILSVRC2012_val_00021985.JPEG,0,0.002758
data/genimage/imagenet_ai_0419_vqdm/val/nature/ILSVRC2012_val_00022177.JPEG,0,7e-06
data/genimage/imagenet_ai_0419_vqdm/val/nature/ILSVRC2012_val_00022637.JPEG,0,0.042927
data/genimage/imagenet_ai_0419_vqdm/val/nature/ILSVRC2012_val_00022851.JPEG,0,4e-05
data/genimage/imagenet_ai_0419_vqdm/val/nature/ILSVRC2012_val_00022962.JPEG,0,9.8e-05
data/genimage/imagenet_ai_0419_vqdm/val/nature/ILSVRC2012_val_00022968.JPEG,0,8.2e-05
data/genimage/imagenet_ai_0419_vqdm/val/nature/ILSVRC2012_val_00023046.JPEG,0,0.004009
data/genimage/imagenet_ai_0419_vqdm/val/nature/ILSVRC2012_val_00023054.JPEG,0,0.000111
data/genimage/imagenet_ai_0419_vqdm/val/nature/ILSVRC2012_val_00023235.JPEG,0,1e-05
data/genimage/imagenet_ai_0419_vqdm/val/nature/ILSVRC2012_val_00023366.JPEG,0,0.009378
data/genimage/imagenet_ai_0419_vqdm/val/nature/ILSVRC2012_val_00023423.JPEG,0,0.001408
data/genimage/imagenet_ai_0419_vqdm/val/nature/ILSVRC2012_val_00023468.JPEG,0,2.9e-05
data/genimage/imagenet_ai_0419_vqdm/val/nature/ILSVRC2012_val_00023528.JPEG,0,9.4e-05
data/genimage/imagenet_ai_0419_vqdm/val/nature/ILSVRC2012_val_00023564.JPEG,0,0.006174
data/genimage/imagenet_ai_0419_vqdm/val/nature/ILSVRC2012_val_00023633.JPEG,0,2e-06
data/genimage/imagenet_ai_0419_vqdm/val/nature/ILSVRC2012_val_00023724.JPEG,0,2e-06
data/genimage/imagenet_ai_0419_vqdm/val/nature/ILSVRC2012_val_00023739.JPEG,0,0.859447
data/genimage/imagenet_ai_0419_vqdm/val/nature/ILSVRC2012_val_00023838.JPEG,0,4.4e-05
data/genimage/imagenet_ai_0419_vqdm/val/nature/ILSVRC2012_val_00023857.JPEG,0,0.000153
data/genimage/imagenet_ai_0419_vqdm/val/nature/ILSVRC2012_val_00024247.JPEG,0,0.00422
data/genimage/imagenet_ai_0419_vqdm/val/nature/ILSVRC2012_val_00024264.JPEG,0,4.8e-05
data/genimage/imagenet_ai_0419_vqdm/val/nature/ILSVRC2012_val_00024266.JPEG,0,1.1e-05
data/genimage/imagenet_ai_0419_vqdm/val/nature/ILSVRC2012_val_00024303.JPEG,0,0.008165
data/genimage/imagenet_ai_0419_vqdm/val/nature/ILSVRC2012_val_00024351.JPEG,0,0.002963
data/genimage/imagenet_ai_0419_vqdm/val/nature/ILSVRC2012_val_00024563.JPEG,0,4.1e-05
data/genimage/imagenet_ai_0419_vqdm/val/nature/ILSVRC2012_val_00024687.JPEG,0,0.574242
data/genimage/imagenet_ai_0419_vqdm/val/nature/ILSVRC2012_val_00024704.JPEG,0,4.7e-05
data/genimage/imagenet_ai_0419_vqdm/val/nature/ILSVRC2012_val_00024710.JPEG,0,0.000915
data/genimage/imagenet_ai_0419_vqdm/val/nature/ILSVRC2012_val_00024828.JPEG,0,0.681648
data/genimage/imagenet_ai_0419_vqdm/val/nature/ILSVRC2012_val_00024997.JPEG,0,0.000751
data/genimage/imagenet_ai_0419_vqdm/val/nature/ILSVRC2012_val_00025355.JPEG,0,2.4e-05
data/genimage/imagenet_ai_0419_vqdm/val/nature/ILSVRC2012_val_00025368.JPEG,0,0.001811
data/genimage/imagenet_ai_0419_vqdm/val/nature/ILSVRC2012_val_00025831.JPEG,0,0.001055
data/genimage/imagenet_ai_0419_vqdm/val/nature/ILSVRC2012_val_00025909.JPEG,0,0.00027
data/genimage/imagenet_ai_0419_vqdm/val/nature/ILSVRC2012_val_00025974.JPEG,0,6e-05
data/genimage/imagenet_ai_0419_vqdm/val/nature/ILSVRC2012_val_00026332.JPEG,0,0.000754
data/genimage/imagenet_ai_0419_vqdm/val/nature/ILSVRC2012_val_00026450.JPEG,0,3.3e-05
data/genimage/imagenet_ai_0419_vqdm/val/nature/ILSVRC2012_val_00026599.JPEG,0,0.002511
data/genimage/imagenet_ai_0419_vqdm/val/nature/ILSVRC2012_val_00026709.JPEG,0,1e-06
data/genimage/imagenet_ai_0419_vqdm/val/nature/ILSVRC2012_val_00026723.JPEG,0,7e-06
data/genimage/imagenet_ai_0419_vqdm/val/nature/ILSVRC2012_val_00026725.JPEG,0,0.00094
data/genimage/imagenet_ai_0419_vqdm/val/nature/ILSVRC2012_val_00026728.JPEG,0,8.3e-05
data/genimage/imagenet_ai_0419_vqdm/val/nature/ILSVRC2012_val_00026846.JPEG,0,0.010284
data/genimage/imagenet_ai_0419_vqdm/val/nature/ILSVRC2012_val_00026886.JPEG,0,0.004882
data/genimage/imagenet_ai_0419_vqdm/val/nature/ILSVRC2012_val_00026924.JPEG,0,0.00254
data/genimage/imagenet_ai_0419_vqdm/val/nature/ILSVRC2012_val_00026958.JPEG,0,0.000328
data/genimage/imagenet_ai_0419_vqdm/val/nature/ILSVRC2012_val_00026989.JPEG,0,5.3e-05
data/genimage/imagenet_ai_0419_vqdm/val/nature/ILSVRC2012_val_00026998.JPEG,0,0.326336
data/genimage/imagenet_ai_0419_vqdm/val/nature/ILSVRC2012_val_00027025.JPEG,0,2.3e-05
data/genimage/imagenet_ai_0419_vqdm/val/nature/ILSVRC2012_val_00027309.JPEG,0,0.005648
data/genimage/imagenet_ai_0419_vqdm/val/nature/ILSVRC2012_val_00027602.JPEG,0,0.000623
data/genimage/imagenet_ai_0419_vqdm/val/nature/ILSVRC2012_val_00027741.JPEG,0,0.000345
data/genimage/imagenet_ai_0419_vqdm/val/nature/ILSVRC2012_val_00027762.JPEG,0,3e-06
data/genimage/imagenet_ai_0419_vqdm/val/nature/ILSVRC2012_val_00027804.JPEG,0,0.000218
data/genimage/imagenet_ai_0419_vqdm/val/nature/ILSVRC2012_val_00027897.JPEG,0,0.016571
data/genimage/imagenet_ai_0419_vqdm/val/nature/ILSVRC2012_val_00027953.JPEG,0,0.00253
data/genimage/imagenet_ai_0419_vqdm/val/nature/ILSVRC2012_val_00028019.JPEG,0,0.012853
data/genimage/imagenet_ai_0419_vqdm/val/nature/ILSVRC2012_val_00028052.JPEG,0,0.000136
data/genimage/imagenet_ai_0419_vqdm/val/nature/ILSVRC2012_val_00028077.JPEG,0,0.657368
data/genimage/imagenet_ai_0419_vqdm/val/nature/ILSVRC2012_val_00028097.JPEG,0,0.0
data/genimage/imagenet_ai_0419_vqdm/val/nature/ILSVRC2012_val_00028106.JPEG,0,7.6e-05
data/genimage/imagenet_ai_0419_vqdm/val/nature/ILSVRC2012_val_00028214.JPEG,0,1.6e-05
data/genimage/imagenet_ai_0419_vqdm/val/nature/ILSVRC2012_val_00028491.JPEG,0,6.5e-05
data/genimage/imagenet_ai_0419_vqdm/val/nature/ILSVRC2012_val_00028624.JPEG,0,0.012887
data/genimage/imagenet_ai_0419_vqdm/val/nature/ILSVRC2012_val_00028713.JPEG,0,0.085077
data/genimage/imagenet_ai_0419_vqdm/val/nature/ILSVRC2012_val_00028789.JPEG,0,0.007138
data/genimage/imagenet_ai_0419_vqdm/val/nature/ILSVRC2012_val_00028877.JPEG,0,0.000783
data/genimage/imagenet_ai_0419_vqdm/val/nature/ILSVRC2012_val_00028959.JPEG,0,0.000153
data/genimage/imagenet_ai_0419_vqdm/val/nature/ILSVRC2012_val_00029077.JPEG,0,0.001515
data/genimage/imagenet_ai_0419_vqdm/val/nature/ILSVRC2012_val_00029118.JPEG,0,0.01237
data/genimage/imagenet_ai_0419_vqdm/val/nature/ILSVRC2012_val_00029261.JPEG,0,6e-05
data/genimage/imagenet_ai_0419_vqdm/val/nature/ILSVRC2012_val_00029332.JPEG,0,0.00068
data/genimage/imagenet_ai_0419_vqdm/val/nature/ILSVRC2012_val_00029360.JPEG,0,0.023597
data/genimage/imagenet_ai_0419_vqdm/val/nature/ILSVRC2012_val_00029376.JPEG,0,0.000108
data/genimage/imagenet_ai_0419_vqdm/val/nature/ILSVRC2012_val_00029552.JPEG,0,0.000104
data/genimage/imagenet_ai_0419_vqdm/val/nature/ILSVRC2012_val_00029557.JPEG,0,5e-05
data/genimage/imagenet_ai_0419_vqdm/val/nature/ILSVRC2012_val_00029693.JPEG,0,0.000712
data/genimage/imagenet_ai_0419_vqdm/val/nature/ILSVRC2012_val_00029740.JPEG,0,0.000215
data/genimage/imagenet_ai_0419_vqdm/val/nature/ILSVRC2012_val_00029765.JPEG,0,0.009851
data/genimage/imagenet_ai_0419_vqdm/val/nature/ILSVRC2012_val_00029785.JPEG,0,0.000365
data/genimage/imagenet_ai_0419_vqdm/val/nature/ILSVRC2012_val_00029824.JPEG,0,0.010596
data/genimage/imagenet_ai_0419_vqdm/val/nature/ILSVRC2012_val_00029829.JPEG,0,0.0
data/genimage/imagenet_ai_0419_vqdm/val/nature/ILSVRC2012_val_00030037.JPEG,0,0.001192
data/genimage/imagenet_ai_0419_vqdm/val/nature/ILSVRC2012_val_00030060.JPEG,0,0.000105
data/genimage/imagenet_ai_0419_vqdm/val/nature/ILSVRC2012_val_00030070.JPEG,0,6e-06
data/genimage/imagenet_ai_0419_vqdm/val/nature/ILSVRC2012_val_00030102.JPEG,0,0.000123
data/genimage/imagenet_ai_0419_vqdm/val/nature/ILSVRC2012_val_00030153.JPEG,0,4e-06
data/genimage/imagenet_ai_0419_vqdm/val/nature/ILSVRC2012_val_00030227.JPEG,0,0.00048
data/genimage/imagenet_ai_0419_vqdm/val/nature/ILSVRC2012_val_00030309.JPEG,0,0.000193
data/genimage/imagenet_ai_0419_vqdm/val/nature/ILSVRC2012_val_00030491.JPEG,0,0.000299
data/genimage/imagenet_ai_0419_vqdm/val/nature/ILSVRC2012_val_00030751.JPEG,0,0.000397
data/genimage/imagenet_ai_0419_vqdm/val/nature/ILSVRC2012_val_00030854.JPEG,0,0.000658
data/genimage/imagenet_ai_0419_vqdm/val/nature/ILSVRC2012_val_00030929.JPEG,0,0.833195
data/genimage/imagenet_ai_0419_vqdm/val/nature/ILSVRC2012_val_00031083.JPEG,0,0.00013
data/genimage/imagenet_ai_0419_vqdm/val/nature/ILSVRC2012_val_00031135.JPEG,0,0.000582
data/genimage/imagenet_ai_0419_vqdm/val/nature/ILSVRC2012_val_00031161.JPEG,0,0.004753
data/genimage/imagenet_ai_0419_vqdm/val/nature/ILSVRC2012_val_00031338.JPEG,0,0.00023
data/genimage/imagenet_ai_0419_vqdm/val/nature/ILSVRC2012_val_00031386.JPEG,0,0.042151
data/genimage/imagenet_ai_0419_vqdm/val/nature/ILSVRC2012_val_00031508.JPEG,0,2.8e-05
data/genimage/imagenet_ai_0419_vqdm/val/nature/ILSVRC2012_val_00031602.JPEG,0,6.5e-05
data/genimage/imagenet_ai_0419_vqdm/val/nature/ILSVRC2012_val_00031692.JPEG,0,0.704272
data/genimage/imagenet_ai_0419_vqdm/val/nature/ILSVRC2012_val_00031741.JPEG,0,7.6e-05
data/genimage/imagenet_ai_0419_vqdm/val/nature/ILSVRC2012_val_00031742.JPEG,0,0.002827
data/genimage/imagenet_ai_0419_vqdm/val/nature/ILSVRC2012_val_00031767.JPEG,0,2.7e-05
data/genimage/imagenet_ai_0419_vqdm/val/nature/ILSVRC2012_val_00031806.JPEG,0,0.0
data/genimage/imagenet_ai_0419_vqdm/val/nature/ILSVRC2012_val_00031847.JPEG,0,0.000149
data/genimage/imagenet_ai_0419_vqdm/val/nature/ILSVRC2012_val_00032003.JPEG,0,0.000353
data/genimage/imagenet_ai_0419_vqdm/val/nature/ILSVRC2012_val_00032234.JPEG,0,0.00144
data/genimage/imagenet_ai_0419_vqdm/val/nature/ILSVRC2012_val_00032303.JPEG,0,0.002624
data/genimage/imagenet_ai_0419_vqdm/val/nature/ILSVRC2012_val_00032470.JPEG,0,0.000635
data/genimage/imagenet_ai_0419_vqdm/val/nature/ILSVRC2012_val_00032561.JPEG,0,0.097852
data/genimage/imagenet_ai_0419_vqdm/val/nature/ILSVRC2012_val_00032662.JPEG,0,2e-05
data/genimage/imagenet_ai_0419_vqdm/val/nature/ILSVRC2012_val_00032702.JPEG,0,0.035784
data/genimage/imagenet_ai_0419_vqdm/val/nature/ILSVRC2012_val_00032911.JPEG,0,0.178671
data/genimage/imagenet_ai_0419_vqdm/val/nature/ILSVRC2012_val_00033106.JPEG,0,0.000257
data/genimage/imagenet_ai_0419_vqdm/val/nature/ILSVRC2012_val_00033136.JPEG,0,9.7e-05
data/genimage/imagenet_ai_0419_vqdm/val/nature/ILSVRC2012_val_00033289.JPEG,0,0.453552
data/genimage/imagenet_ai_0419_vqdm/val/nature/ILSVRC2012_val_00033305.JPEG,0,0.000402
data/genimage/imagenet_ai_0419_vqdm/val/nature/ILSVRC2012_val_00033380.JPEG,0,0.000175
data/genimage/imagenet_ai_0419_vqdm/val/nature/ILSVRC2012_val_00033449.JPEG,0,2e-06
data/genimage/imagenet_ai_0419_vqdm/val/nature/ILSVRC2012_val_00033535.JPEG,0,7.7e-05
data/genimage/imagenet_ai_0419_vqdm/val/nature/ILSVRC2012_val_00033549.JPEG,0,0.013364
data/genimage/imagenet_ai_0419_vqdm/val/nature/ILSVRC2012_val_00033721.JPEG,0,0.001916
data/genimage/imagenet_ai_0419_vqdm/val/nature/ILSVRC2012_val_00033828.JPEG,0,0.00057
data/genimage/imagenet_ai_0419_vqdm/val/nature/ILSVRC2012_val_00033925.JPEG,0,0.000104
data/genimage/imagenet_ai_0419_vqdm/val/nature/ILSVRC2012_val_00034044.JPEG,0,1.5e-05
data/genimage/imagenet_ai_0419_vqdm/val/nature/ILSVRC2012_val_00034077.JPEG,0,0.000439
data/genimage/imagenet_ai_0419_vqdm/val/nature/ILSVRC2012_val_00034221.JPEG,0,2.9e-05
data/genimage/imagenet_ai_0419_vqdm/val/nature/ILSVRC2012_val_00034311.JPEG,0,0.000987
data/genimage/imagenet_ai_0419_vqdm/val/nature/ILSVRC2012_val_00034465.JPEG,0,0.000851
data/genimage/imagenet_ai_0419_vqdm/val/nature/ILSVRC2012_val_00034597.JPEG,0,0.110043
data/genimage/imagenet_ai_0419_vqdm/val/nature/ILSVRC2012_val_00034660.JPEG,0,1.9e-05
data/genimage/imagenet_ai_0419_vqdm/val/nature/ILSVRC2012_val_00034682.JPEG,0,2e-06
data/genimage/imagenet_ai_0419_vqdm/val/nature/ILSVRC2012_val_00035011.JPEG,0,5.1e-05
data/genimage/imagenet_ai_0419_vqdm/val/nature/ILSVRC2012_val_00035019.JPEG,0,0.000123
data/genimage/imagenet_ai_0419_vqdm/val/nature/ILSVRC2012_val_00035121.JPEG,0,5e-06
data/genimage/imagenet_ai_0419_vqdm/val/nature/ILSVRC2012_val_00035254.JPEG,0,0.060715
data/genimage/imagenet_ai_0419_vqdm/val/nature/ILSVRC2012_val_00035268.JPEG,0,0.000386
data/genimage/imagenet_ai_0419_vqdm/val/nature/ILSVRC2012_val_00035589.JPEG,0,0.000292
data/genimage/imagenet_ai_0419_vqdm/val/nature/ILSVRC2012_val_00035735.JPEG,0,1.1e-05
data/genimage/imagenet_ai_0419_vqdm/val/nature/ILSVRC2012_val_00035749.JPEG,0,7e-06
data/genimage/imagenet_ai_0419_vqdm/val/nature/ILSVRC2012_val_00035774.JPEG,0,0.002217
data/genimage/imagenet_ai_0419_vqdm/val/nature/ILSVRC2012_val_00035834.JPEG,0,0.015988
data/genimage/imagenet_ai_0419_vqdm/val/nature/ILSVRC2012_val_00035837.JPEG,0,0.000142
data/genimage/imagenet_ai_0419_vqdm/val/nature/ILSVRC2012_val_00035984.JPEG,0,4.4e-05
data/genimage/imagenet_ai_0419_vqdm/val/nature/ILSVRC2012_val_00036094.JPEG,0,0.000427
data/genimage/imagenet_ai_0419_vqdm/val/nature/ILSVRC2012_val_00036336.JPEG,0,0.074432
data/genimage/imagenet_ai_0419_vqdm/val/nature/ILSVRC2012_val_00036433.JPEG,0,0.003971
data/genimage/imagenet_ai_0419_vqdm/val/nature/ILSVRC2012_val_00036435.JPEG,0,0.000555
data/genimage/imagenet_ai_0419_vqdm/val/nature/ILSVRC2012_val_00036554.JPEG,0,0.000244
data/genimage/imagenet_ai_0419_vqdm/val/nature/ILSVRC2012_val_00036572.JPEG,0,1.4e-05
data/genimage/imagenet_ai_0419_vqdm/val/nature/ILSVRC2012_val_00036669.JPEG,0,2e-06
data/genimage/imagenet_ai_0419_vqdm/val/nature/ILSVRC2012_val_00036823.JPEG,0,0.000487
data/genimage/imagenet_ai_0419_vqdm/val/nature/ILSVRC2012_val_00037158.JPEG,0,0.001389
data/genimage/imagenet_ai_0419_vqdm/val/nature/ILSVRC2012_val_00037163.JPEG,0,0.000776
data/genimage/imagenet_ai_0419_vqdm/val/nature/ILSVRC2012_val_00037246.JPEG,0,0.018818
data/genimage/imagenet_ai_0419_vqdm/val/nature/ILSVRC2012_val_00037290.JPEG,0,1.2e-05
data/genimage/imagenet_ai_0419_vqdm/val/nature/ILSVRC2012_val_00037403.JPEG,0,0.005458
data/genimage/imagenet_ai_0419_vqdm/val/nature/ILSVRC2012_val_00037414.JPEG,0,9.9e-05
data/genimage/imagenet_ai_0419_vqdm/val/nature/ILSVRC2012_val_00037472.JPEG,0,2.7e-05
data/genimage/imagenet_ai_0419_vqdm/val/nature/ILSVRC2012_val_00037547.JPEG,0,0.001587
data/genimage/imagenet_ai_0419_vqdm/val/nature/ILSVRC2012_val_00037719.JPEG,0,0.000104
data/genimage/imagenet_ai_0419_vqdm/val/nature/ILSVRC2012_val_00038013.JPEG,0,0.040502
data/genimage/imagenet_ai_0419_vqdm/val/nature/ILSVRC2012_val_00038218.JPEG,0,0.0
data/genimage/imagenet_ai_0419_vqdm/val/nature/ILSVRC2012_val_00038276.JPEG,0,3e-06
data/genimage/imagenet_ai_0419_vqdm/val/nature/ILSVRC2012_val_00038353.JPEG,0,0.040021
data/genimage/imagenet_ai_0419_vqdm/val/nature/ILSVRC2012_val_00038499.JPEG,0,1.1e-05
data/genimage/imagenet_ai_0419_vqdm/val/nature/ILSVRC2012_val_00038506.JPEG,0,0.000923
data/genimage/imagenet_ai_0419_vqdm/val/nature/ILSVRC2012_val_00038843.JPEG,0,0.017488
data/genimage/imagenet_ai_0419_vqdm/val/nature/ILSVRC2012_val_00038961.JPEG,0,0.007897
data/genimage/imagenet_ai_0419_vqdm/val/nature/ILSVRC2012_val_00039015.JPEG,0,0.153352
data/genimage/imagenet_ai_0419_vqdm/val/nature/ILSVRC2012_val_00039063.JPEG,0,8e-06
data/genimage/imagenet_ai_0419_vqdm/val/nature/ILSVRC2012_val_00039114.JPEG,0,0.015107
data/genimage/imagenet_ai_0419_vqdm/val/nature/ILSVRC2012_val_00039154.JPEG,0,0.0
data/genimage/imagenet_ai_0419_vqdm/val/nature/ILSVRC2012_val_00039374.JPEG,0,1.1e-05
data/genimage/imagenet_ai_0419_vqdm/val/nature/ILSVRC2012_val_00039424.JPEG,0,0.231689
data/genimage/imagenet_ai_0419_vqdm/val/nature/ILSVRC2012_val_00039484.JPEG,0,0.00354
data/genimage/imagenet_ai_0419_vqdm/val/nature/ILSVRC2012_val_00039507.JPEG,0,0.0
data/genimage/imagenet_ai_0419_vqdm/val/nature/ILSVRC2012_val_00039680.JPEG,0,4e-06
data/genimage/imagenet_ai_0419_vqdm/val/nature/ILSVRC2012_val_00039790.JPEG,0,0.000262
data/genimage/imagenet_ai_0419_vqdm/val/nature/ILSVRC2012_val_00039840.JPEG,0,0.006271
data/genimage/imagenet_ai_0419_vqdm/val/nature/ILSVRC2012_val_00039876.JPEG,0,0.023392
data/genimage/imagenet_ai_0419_vqdm/val/nature/ILSVRC2012_val_00039890.JPEG,0,0.011197
data/genimage/imagenet_ai_0419_vqdm/val/nature/ILSVRC2012_val_00040008.JPEG,0,0.001192
data/genimage/imagenet_ai_0419_vqdm/val/nature/ILSVRC2012_val_00040107.JPEG,0,0.000982
data/genimage/imagenet_ai_0419_vqdm/val/nature/ILSVRC2012_val_00040124.JPEG,0,0.001129
data/genimage/imagenet_ai_0419_vqdm/val/nature/ILSVRC2012_val_00040268.JPEG,0,0.002826
data/genimage/imagenet_ai_0419_vqdm/val/nature/ILSVRC2012_val_00040314.JPEG,0,9.6e-05
data/genimage/imagenet_ai_0419_vqdm/val/nature/ILSVRC2012_val_00040384.JPEG,0,0.000635
data/genimage/imagenet_ai_0419_vqdm/val/nature/ILSVRC2012_val_00040615.JPEG,0,1e-06
data/genimage/imagenet_ai_0419_vqdm/val/nature/ILSVRC2012_val_00040692.JPEG,0,0.033828
data/genimage/imagenet_ai_0419_vqdm/val/nature/ILSVRC2012_val_00040811.JPEG,0,5e-05
data/genimage/imagenet_ai_0419_vqdm/val/nature/ILSVRC2012_val_00040830.JPEG,0,0.000502
data/genimage/imagenet_ai_0419_vqdm/val/nature/ILSVRC2012_val_00040950.JPEG,0,0.005237
data/genimage/imagenet_ai_0419_vqdm/val/nature/ILSVRC2012_val_00040990.JPEG,0,4e-06
data/genimage/imagenet_ai_0419_vqdm/val/nature/ILSVRC2012_val_00041076.JPEG,0,0.005414
data/genimage/imagenet_ai_0419_vqdm/val/nature/ILSVRC2012_val_00041097.JPEG,0,7.4e-05
data/genimage/imagenet_ai_0419_vqdm/val/nature/ILSVRC2012_val_00041173.JPEG,0,0.119568
data/genimage/imagenet_ai_0419_vqdm/val/nature/ILSVRC2012_val_00041269.JPEG,0,0.019002
data/genimage/imagenet_ai_0419_vqdm/val/nature/ILSVRC2012_val_00041407.JPEG,0,0.9694
data/genimage/imagenet_ai_0419_vqdm/val/nature/ILSVRC2012_val_00041548.JPEG,0,0.001019
data/genimage/imagenet_ai_0419_vqdm/val/nature/ILSVRC2012_val_00041626.JPEG,0,4.2e-05
data/genimage/imagenet_ai_0419_vqdm/val/nature/ILSVRC2012_val_00041658.JPEG,0,0.00452
data/genimage/imagenet_ai_0419_vqdm/val/nature/ILSVRC2012_val_00041684.JPEG,0,0.000451
data/genimage/imagenet_ai_0419_vqdm/val/nature/ILSVRC2012_val_00041750.JPEG,0,8.7e-05
data/genimage/imagenet_ai_0419_vqdm/val/nature/ILSVRC2012_val_00041761.JPEG,0,5.4e-05
data/genimage/imagenet_ai_0419_vqdm/val/nature/ILSVRC2012_val_00041853.JPEG,0,0.000528
data/genimage/imagenet_ai_0419_vqdm/val/nature/ILSVRC2012_val_00042074.JPEG,0,5.9e-05
data/genimage/imagenet_ai_0419_vqdm/val/nature/ILSVRC2012_val_00042165.JPEG,0,1e-06
data/genimage/imagenet_ai_0419_vqdm/val/nature/ILSVRC2012_val_00042215.JPEG,0,0.001144
data/genimage/imagenet_ai_0419_vqdm/val/nature/ILSVRC2012_val_00042339.JPEG,0,2e-06
data/genimage/imagenet_ai_0419_vqdm/val/nature/ILSVRC2012_val_00042552.JPEG,0,0.021175
data/genimage/imagenet_ai_0419_vqdm/val/nature/ILSVRC2012_val_00042588.JPEG,0,9.9e-05
data/genimage/imagenet_ai_0419_vqdm/val/nature/ILSVRC2012_val_00042707.JPEG,0,0.059669
data/genimage/imagenet_ai_0419_vqdm/val/nature/ILSVRC2012_val_00042955.JPEG,0,6.6e-05
data/genimage/imagenet_ai_0419_vqdm/val/nature/ILSVRC2012_val_00042984.JPEG,0,0.00418
data/genimage/imagenet_ai_0419_vqdm/val/nature/ILSVRC2012_val_00043030.JPEG,0,0.000366
data/genimage/imagenet_ai_0419_vqdm/val/nature/ILSVRC2012_val_00043567.JPEG,0,0.027162
data/genimage/imagenet_ai_0419_vqdm/val/nature/ILSVRC2012_val_00043657.JPEG,0,0.000133
data/genimage/imagenet_ai_0419_vqdm/val/nature/ILSVRC2012_val_00043696.JPEG,0,0.078958
data/genimage/imagenet_ai_0419_vqdm/val/nature/ILSVRC2012_val_00043936.JPEG,0,0.059955
data/genimage/imagenet_ai_0419_vqdm/val/nature/ILSVRC2012_val_00044221.JPEG,0,0.150088
data/genimage/imagenet_ai_0419_vqdm/val/nature/ILSVRC2012_val_00044423.JPEG,0,1.4e-05
data/genimage/imagenet_ai_0419_vqdm/val/nature/ILSVRC2012_val_00044496.JPEG,0,9e-06
data/genimage/imagenet_ai_0419_vqdm/val/nature/ILSVRC2012_val_00044678.JPEG,0,2.7e-05
data/genimage/imagenet_ai_0419_vqdm/val/nature/ILSVRC2012_val_00044739.JPEG,0,2e-05
data/genimage/imagenet_ai_0419_vqdm/val/nature/ILSVRC2012_val_00044880.JPEG,0,0.017285
data/genimage/imagenet_ai_0419_vqdm/val/nature/ILSVRC2012_val_00044971.JPEG,0,2e-05
data/genimage/imagenet_ai_0419_vqdm/val/nature/ILSVRC2012_val_00045076.JPEG,0,9.8e-05
data/genimage/imagenet_ai_0419_vqdm/val/nature/ILSVRC2012_val_00045153.JPEG,0,0.000103
data/genimage/imagenet_ai_0419_vqdm/val/nature/ILSVRC2012_val_00045163.JPEG,0,3.4e-05
data/genimage/imagenet_ai_0419_vqdm/val/nature/ILSVRC2012_val_00045198.JPEG,0,0.000423
data/genimage/imagenet_ai_0419_vqdm/val/nature/ILSVRC2012_val_00045283.JPEG,0,0.003395
data/genimage/imagenet_ai_0419_vqdm/val/nature/ILSVRC2012_val_00045365.JPEG,0,0.001464
data/genimage/imagenet_ai_0419_vqdm/val/nature/ILSVRC2012_val_00045453.JPEG,0,2.5e-05
data/genimage/imagenet_ai_0419_vqdm/val/nature/ILSVRC2012_val_00045525.JPEG,0,0.396465
data/genimage/imagenet_ai_0419_vqdm/val/nature/ILSVRC2012_val_00045577.JPEG,0,0.116799
data/genimage/imagenet_ai_0419_vqdm/val/nature/ILSVRC2012_val_00045617.JPEG,0,0.000747
data/genimage/imagenet_ai_0419_vqdm/val/nature/ILSVRC2012_val_00045754.JPEG,0,0.014276
data/genimage/imagenet_ai_0419_vqdm/val/nature/ILSVRC2012_val_00045987.JPEG,0,0.075162
data/genimage/imagenet_ai_0419_vqdm/val/nature/ILSVRC2012_val_00046097.JPEG,0,0.005203
data/genimage/imagenet_ai_0419_vqdm/val/nature/ILSVRC2012_val_00046364.JPEG,0,5.3e-05
data/genimage/imagenet_ai_0419_vqdm/val/nature/ILSVRC2012_val_00046408.JPEG,0,0.01219
data/genimage/imagenet_ai_0419_vqdm/val/nature/ILSVRC2012_val_00046478.JPEG,0,0.000596
data/genimage/imagenet_ai_0419_vqdm/val/nature/ILSVRC2012_val_00046751.JPEG,0,1e-06
data/genimage/imagenet_ai_0419_vqdm/val/nature/ILSVRC2012_val_00046778.JPEG,0,8.1e-05
data/genimage/imagenet_ai_0419_vqdm/val/nature/ILSVRC2012_val_00046810.JPEG,0,2e-06
data/genimage/imagenet_ai_0419_vqdm/val/nature/ILSVRC2012_val_00046818.JPEG,0,0.002201
data/genimage/imagenet_ai_0419_vqdm/val/nature/ILSVRC2012_val_00046837.JPEG,0,0.000829
data/genimage/imagenet_ai_0419_vqdm/val/nature/ILSVRC2012_val_00046960.JPEG,0,0.008076
data/genimage/imagenet_ai_0419_vqdm/val/nature/ILSVRC2012_val_00047063.JPEG,0,9.4e-05
data/genimage/imagenet_ai_0419_vqdm/val/nature/ILSVRC2012_val_00047153.JPEG,0,0.004515
data/genimage/imagenet_ai_0419_vqdm/val/nature/ILSVRC2012_val_00047227.JPEG,0,0.000335
data/genimage/imagenet_ai_0419_vqdm/val/nature/ILSVRC2012_val_00047257.JPEG,0,6.5e-05
data/genimage/imagenet_ai_0419_vqdm/val/nature/ILSVRC2012_val_00047614.JPEG,0,2.3e-05
data/genimage/imagenet_ai_0419_vqdm/val/nature/ILSVRC2012_val_00047724.JPEG,0,0.009522
data/genimage/imagenet_ai_0419_vqdm/val/nature/ILSVRC2012_val_00047755.JPEG,0,0.000711
data/genimage/imagenet_ai_0419_vqdm/val/nature/ILSVRC2012_val_00047914.JPEG,0,0.000134
data/genimage/imagenet_ai_0419_vqdm/val/nature/ILSVRC2012_val_00048038.JPEG,0,0.103001
data/genimage/imagenet_ai_0419_vqdm/val/nature/ILSVRC2012_val_00048125.JPEG,0,5.8e-05
data/genimage/imagenet_ai_0419_vqdm/val/nature/ILSVRC2012_val_00048218.JPEG,0,0.005517
data/genimage/imagenet_ai_0419_vqdm/val/nature/ILSVRC2012_val_00048431.JPEG,0,6.4e-05
data/genimage/imagenet_ai_0419_vqdm/val/nature/ILSVRC2012_val_00048611.JPEG,0,8.3e-05
data/genimage/imagenet_ai_0419_vqdm/val/nature/ILSVRC2012_val_00048656.JPEG,0,0.018753
data/genimage/imagenet_ai_0419_vqdm/val/nature/ILSVRC2012_val_00048696.JPEG,0,3.4e-05
data/genimage/imagenet_ai_0419_vqdm/val/nature/ILSVRC2012_val_00048745.JPEG,0,0.000182
data/genimage/imagenet_ai_0419_vqdm/val/nature/ILSVRC2012_val_00049088.JPEG,0,0.040635
data/genimage/imagenet_ai_0419_vqdm/val/nature/ILSVRC2012_val_00049140.JPEG,0,0.0
data/genimage/imagenet_ai_0419_vqdm/val/nature/ILSVRC2012_val_00049212.JPEG,0,0.001232
data/genimage/imagenet_ai_0419_vqdm/val/nature/ILSVRC2012_val_00049519.JPEG,0,0.050955
data/genimage/imagenet_ai_0419_vqdm/val/nature/ILSVRC2012_val_00049698.JPEG,0,0.031474
data/genimage/imagenet_ai_0419_vqdm/val/nature/ILSVRC2012_val_00049907.JPEG,0,4e-06
data/genimage/imagenet_ai_0419_vqdm/val/nature/ILSVRC2012_val_00049983.JPEG,0,4e-06
data/genimage/imagenet_ai_0424_sdv5/val/ai/006_sdv5_00135.png,1,0.999852
data/genimage/imagenet_ai_0424_sdv5/val/ai/007_sdv5_00027.png,1,0.997174
data/genimage/imagenet_ai_0424_sdv5/val/ai/007_sdv5_00039.png,1,0.999911
data/genimage/imagenet_ai_0424_sdv5/val/ai/008_sdv5_00039.png,1,0.99983
data/genimage/imagenet_ai_0424_sdv5/val/ai/009_sdv5_00020.png,1,0.993047
data/genimage/imagenet_ai_0424_sdv5/val/ai/010_sdv5_00135.png,1,0.999907
data/genimage/imagenet_ai_0424_sdv5/val/ai/012_sdv5_00020.png,1,0.997683
data/genimage/imagenet_ai_0424_sdv5/val/ai/014_sdv5_00020.png,1,0.999436
data/genimage/imagenet_ai_0424_sdv5/val/ai/016_sdv5_00195.png,1,0.999964
data/genimage/imagenet_ai_0424_sdv5/val/ai/020_sdv5_00039.png,1,0.709011
data/genimage/imagenet_ai_0424_sdv5/val/ai/022_sdv5_00003.png,1,0.805333
data/genimage/imagenet_ai_0424_sdv5/val/ai/030_sdv5_00003.png,1,0.999895
data/genimage/imagenet_ai_0424_sdv5/val/ai/031_sdv5_00195.png,1,0.99721
data/genimage/imagenet_ai_0424_sdv5/val/ai/036_sdv5_00003.png,1,0.999979
data/genimage/imagenet_ai_0424_sdv5/val/ai/040_sdv5_00020.png,1,0.999982
data/genimage/imagenet_ai_0424_sdv5/val/ai/040_sdv5_00100.png,1,0.999973
data/genimage/imagenet_ai_0424_sdv5/val/ai/043_sdv5_00003.png,1,1.0
data/genimage/imagenet_ai_0424_sdv5/val/ai/043_sdv5_00009.png,1,0.999701
data/genimage/imagenet_ai_0424_sdv5/val/ai/044_sdv5_00027.png,1,0.999987
data/genimage/imagenet_ai_0424_sdv5/val/ai/047_sdv5_00039.png,1,0.999992
data/genimage/imagenet_ai_0424_sdv5/val/ai/049_sdv5_00027.png,1,0.998921
data/genimage/imagenet_ai_0424_sdv5/val/ai/049_sdv5_00135.png,1,0.999031
data/genimage/imagenet_ai_0424_sdv5/val/ai/051_sdv5_00020.png,1,0.973082
data/genimage/imagenet_ai_0424_sdv5/val/ai/051_sdv5_00027.png,1,0.999699
data/genimage/imagenet_ai_0424_sdv5/val/ai/053_sdv5_00100.png,1,1.0
data/genimage/imagenet_ai_0424_sdv5/val/ai/056_sdv5_00100.png,1,0.999996
data/genimage/imagenet_ai_0424_sdv5/val/ai/057_sdv5_00009.png,1,0.999993
data/genimage/imagenet_ai_0424_sdv5/val/ai/058_sdv5_00009.png,1,0.212673
data/genimage/imagenet_ai_0424_sdv5/val/ai/058_sdv5_00027.png,1,0.916805
data/genimage/imagenet_ai_0424_sdv5/val/ai/060_sdv5_00195.png,1,0.999637
data/genimage/imagenet_ai_0424_sdv5/val/ai/064_sdv5_00135.png,1,0.999991
data/genimage/imagenet_ai_0424_sdv5/val/ai/065_sdv5_00003.png,1,0.999928
data/genimage/imagenet_ai_0424_sdv5/val/ai/066_sdv5_00027.png,1,0.999974
data/genimage/imagenet_ai_0424_sdv5/val/ai/066_sdv5_00135.png,1,0.99999
data/genimage/imagenet_ai_0424_sdv5/val/ai/067_sdv5_00009.png,1,0.999947
data/genimage/imagenet_ai_0424_sdv5/val/ai/067_sdv5_00100.png,1,0.999966
data/genimage/imagenet_ai_0424_sdv5/val/ai/069_sdv5_00009.png,1,0.999968
data/genimage/imagenet_ai_0424_sdv5/val/ai/069_sdv5_00100.png,1,0.99993
data/genimage/imagenet_ai_0424_sdv5/val/ai/070_sdv5_00009.png,1,0.087422
data/genimage/imagenet_ai_0424_sdv5/val/ai/076_sdv5_00009.png,1,0.999968
data/genimage/imagenet_ai_0424_sdv5/val/ai/080_sdv5_00009.png,1,0.996263
data/genimage/imagenet_ai_0424_sdv5/val/ai/080_sdv5_00135.png,1,0.981928
data/genimage/imagenet_ai_0424_sdv5/val/ai/080_sdv5_00195.png,1,0.997619
data/genimage/imagenet_ai_0424_sdv5/val/ai/081_sdv5_00195.png,1,0.892359
data/genimage/imagenet_ai_0424_sdv5/val/ai/082_sdv5_00003.png,1,0.960326
data/genimage/imagenet_ai_0424_sdv5/val/ai/082_sdv5_00039.png,1,0.99995
data/genimage/imagenet_ai_0424_sdv5/val/ai/088_sdv5_00020.png,1,0.996216
data/genimage/imagenet_ai_0424_sdv5/val/ai/089_sdv5_00020.png,1,0.999683
data/genimage/imagenet_ai_0424_sdv5/val/ai/091_sdv5_00003.png,1,0.999911
data/genimage/imagenet_ai_0424_sdv5/val/ai/093_sdv5_00195.png,1,0.999525
data/genimage/imagenet_ai_0424_sdv5/val/ai/094_sdv5_00020.png,1,0.998741
data/genimage/imagenet_ai_0424_sdv5/val/ai/094_sdv5_00027.png,1,0.997968
data/genimage/imagenet_ai_0424_sdv5/val/ai/095_sdv5_00009.png,1,0.999965
data/genimage/imagenet_ai_0424_sdv5/val/ai/097_sdv5_00039.png,1,0.999998
data/genimage/imagenet_ai_0424_sdv5/val/ai/099_sdv5_00039.png,1,0.998645
data/genimage/imagenet_ai_0424_sdv5/val/ai/100_sdv5_00135.png,1,0.998387
data/genimage/imagenet_ai_0424_sdv5/val/ai/101_sdv5_00027.png,1,0.870834
data/genimage/imagenet_ai_0424_sdv5/val/ai/102_sdv5_00020.png,1,0.998247
data/genimage/imagenet_ai_0424_sdv5/val/ai/102_sdv5_00135.png,1,0.99985
data/genimage/imagenet_ai_0424_sdv5/val/ai/103_sdv5_00003.png,1,0.990658
data/genimage/imagenet_ai_0424_sdv5/val/ai/105_sdv5_00003.png,1,0.980927
data/genimage/imagenet_ai_0424_sdv5/val/ai/106_sdv5_00100.png,1,0.999913
data/genimage/imagenet_ai_0424_sdv5/val/ai/108_sdv5_00039.png,1,0.972443
data/genimage/imagenet_ai_0424_sdv5/val/ai/110_sdv5_00100.png,1,0.995748
data/genimage/imagenet_ai_0424_sdv5/val/ai/111_sdv5_00020.png,1,0.98367
data/genimage/imagenet_ai_0424_sdv5/val/ai/111_sdv5_00195.png,1,0.996939
data/genimage/imagenet_ai_0424_sdv5/val/ai/114_sdv5_00020.png,1,0.938743
data/genimage/imagenet_ai_0424_sdv5/val/ai/115_sdv5_00020.png,1,0.995877
data/genimage/imagenet_ai_0424_sdv5/val/ai/117_sdv5_00003.png,1,0.997672
data/genimage/imagenet_ai_0424_sdv5/val/ai/118_sdv5_00009.png,1,0.999338
data/genimage/imagenet_ai_0424_sdv5/val/ai/118_sdv5_00195.png,1,0.999567
data/genimage/imagenet_ai_0424_sdv5/val/ai/120_sdv5_00020.png,1,0.999997
data/genimage/imagenet_ai_0424_sdv5/val/ai/123_sdv5_00009.png,1,0.999505
data/genimage/imagenet_ai_0424_sdv5/val/ai/124_sdv5_00135.png,1,0.994451
data/genimage/imagenet_ai_0424_sdv5/val/ai/124_sdv5_00195.png,1,0.903771
data/genimage/imagenet_ai_0424_sdv5/val/ai/125_sdv5_00027.png,1,0.999992
data/genimage/imagenet_ai_0424_sdv5/val/ai/127_sdv5_00020.png,1,0.999989
data/genimage/imagenet_ai_0424_sdv5/val/ai/127_sdv5_00195.png,1,0.991906
data/genimage/imagenet_ai_0424_sdv5/val/ai/135_sdv5_00020.png,1,0.752481
data/genimage/imagenet_ai_0424_sdv5/val/ai/137_sdv5_00100.png,1,0.999594
data/genimage/imagenet_ai_0424_sdv5/val/ai/138_sdv5_00195.png,1,0.999992
data/genimage/imagenet_ai_0424_sdv5/val/ai/140_sdv5_00027.png,1,0.999575
data/genimage/imagenet_ai_0424_sdv5/val/ai/141_sdv5_00003.png,1,0.994981
data/genimage/imagenet_ai_0424_sdv5/val/ai/143_sdv5_00135.png,1,0.963186
data/genimage/imagenet_ai_0424_sdv5/val/ai/145_sdv5_00135.png,1,0.997448
data/genimage/imagenet_ai_0424_sdv5/val/ai/151_sdv5_00100.png,1,0.999532
data/genimage/imagenet_ai_0424_sdv5/val/ai/152_sdv5_00009.png,1,0.999991
data/genimage/imagenet_ai_0424_sdv5/val/ai/153_sdv5_00009.png,1,0.999961
data/genimage/imagenet_ai_0424_sdv5/val/ai/153_sdv5_00027.png,1,0.999995
data/genimage/imagenet_ai_0424_sdv5/val/ai/155_sdv5_00027.png,1,0.999913
data/genimage/imagenet_ai_0424_sdv5/val/ai/159_sdv5_00027.png,1,0.99979
data/genimage/imagenet_ai_0424_sdv5/val/ai/164_sdv5_00027.png,1,0.999956
data/genimage/imagenet_ai_0424_sdv5/val/ai/166_sdv5_00009.png,1,0.999986
data/genimage/imagenet_ai_0424_sdv5/val/ai/167_sdv5_00020.png,1,0.999975
data/genimage/imagenet_ai_0424_sdv5/val/ai/167_sdv5_00027.png,1,0.999952
data/genimage/imagenet_ai_0424_sdv5/val/ai/171_sdv5_00039.png,1,0.994602
data/genimage/imagenet_ai_0424_sdv5/val/ai/173_sdv5_00020.png,1,0.993487
data/genimage/imagenet_ai_0424_sdv5/val/ai/173_sdv5_00195.png,1,0.993305
data/genimage/imagenet_ai_0424_sdv5/val/ai/174_sdv5_00027.png,1,0.999988
data/genimage/imagenet_ai_0424_sdv5/val/ai/176_sdv5_00195.png,1,0.986835
data/genimage/imagenet_ai_0424_sdv5/val/ai/179_sdv5_00039.png,1,0.999985
data/genimage/imagenet_ai_0424_sdv5/val/ai/180_sdv5_00027.png,1,0.999922
data/genimage/imagenet_ai_0424_sdv5/val/ai/181_sdv5_00100.png,1,0.999533
data/genimage/imagenet_ai_0424_sdv5/val/ai/183_sdv5_00020.png,1,0.998026
data/genimage/imagenet_ai_0424_sdv5/val/ai/184_sdv5_00135.png,1,0.999936
data/genimage/imagenet_ai_0424_sdv5/val/ai/193_sdv5_00003.png,1,0.999971
data/genimage/imagenet_ai_0424_sdv5/val/ai/193_sdv5_00135.png,1,0.999714
data/genimage/imagenet_ai_0424_sdv5/val/ai/195_sdv5_00009.png,1,1.0
data/genimage/imagenet_ai_0424_sdv5/val/ai/197_sdv5_00195.png,1,0.999898
data/genimage/imagenet_ai_0424_sdv5/val/ai/198_sdv5_00009.png,1,0.999998
data/genimage/imagenet_ai_0424_sdv5/val/ai/200_sdv5_00027.png,1,0.999999
data/genimage/imagenet_ai_0424_sdv5/val/ai/205_sdv5_00009.png,1,0.999907
data/genimage/imagenet_ai_0424_sdv5/val/ai/205_sdv5_00027.png,1,0.996822
data/genimage/imagenet_ai_0424_sdv5/val/ai/207_sdv5_00039.png,1,0.999972
data/genimage/imagenet_ai_0424_sdv5/val/ai/208_sdv5_00100.png,1,0.999749
data/genimage/imagenet_ai_0424_sdv5/val/ai/208_sdv5_00195.png,1,0.999863
data/genimage/imagenet_ai_0424_sdv5/val/ai/209_sdv5_00135.png,1,0.998317
data/genimage/imagenet_ai_0424_sdv5/val/ai/211_sdv5_00100.png,1,0.999993
data/genimage/imagenet_ai_0424_sdv5/val/ai/212_sdv5_00003.png,1,1.0
data/genimage/imagenet_ai_0424_sdv5/val/ai/212_sdv5_00009.png,1,0.997231
data/genimage/imagenet_ai_0424_sdv5/val/ai/215_sdv5_00135.png,1,0.999783
data/genimage/imagenet_ai_0424_sdv5/val/ai/216_sdv5_00135.png,1,0.999894
data/genimage/imagenet_ai_0424_sdv5/val/ai/219_sdv5_00003.png,1,0.99999
data/genimage/imagenet_ai_0424_sdv5/val/ai/222_sdv5_00100.png,1,0.999951
data/genimage/imagenet_ai_0424_sdv5/val/ai/223_sdv5_00195.png,1,0.999731
data/genimage/imagenet_ai_0424_sdv5/val/ai/225_sdv5_00027.png,1,0.999934
data/genimage/imagenet_ai_0424_sdv5/val/ai/226_sdv5_00100.png,1,0.999982
data/genimage/imagenet_ai_0424_sdv5/val/ai/227_sdv5_00039.png,1,0.999993
data/genimage/imagenet_ai_0424_sdv5/val/ai/230_sdv5_00100.png,1,0.99914
data/genimage/imagenet_ai_0424_sdv5/val/ai/232_sdv5_00195.png,1,0.999796
data/genimage/imagenet_ai_0424_sdv5/val/ai/235_sdv5_00135.png,1,0.999985
data/genimage/imagenet_ai_0424_sdv5/val/ai/236_sdv5_00195.png,1,0.999989
data/genimage/imagenet_ai_0424_sdv5/val/ai/237_sdv5_00009.png,1,0.999997
data/genimage/imagenet_ai_0424_sdv5/val/ai/237_sdv5_00027.png,1,0.999323
data/genimage/imagenet_ai_0424_sdv5/val/ai/238_sdv5_00039.png,1,1.0
data/genimage/imagenet_ai_0424_sdv5/val/ai/239_sdv5_00003.png,1,0.999999
data/genimage/imagenet_ai_0424_sdv5/val/ai/240_sdv5_00009.png,1,0.99933
data/genimage/imagenet_ai_0424_sdv5/val/ai/243_sdv5_00100.png,1,0.999087
data/genimage/imagenet_ai_0424_sdv5/val/ai/243_sdv5_00195.png,1,0.999997
data/genimage/imagenet_ai_0424_sdv5/val/ai/246_sdv5_00003.png,1,0.999993
data/genimage/imagenet_ai_0424_sdv5/val/ai/246_sdv5_00195.png,1,0.999371
data/genimage/imagenet_ai_0424_sdv5/val/ai/251_sdv5_00003.png,1,0.998457
data/genimage/imagenet_ai_0424_sdv5/val/ai/251_sdv5_00100.png,1,0.999962
data/genimage/imagenet_ai_0424_sdv5/val/ai/253_sdv5_00009.png,1,0.99965
data/genimage/imagenet_ai_0424_sdv5/val/ai/253_sdv5_00020.png,1,0.999305
data/genimage/imagenet_ai_0424_sdv5/val/ai/254_sdv5_00039.png,1,1.0
data/genimage/imagenet_ai_0424_sdv5/val/ai/254_sdv5_00195.png,1,1.0
data/genimage/imagenet_ai_0424_sdv5/val/ai/257_sdv5_00100.png,1,0.999987
data/genimage/imagenet_ai_0424_sdv5/val/ai/260_sdv5_00027.png,1,0.999947
data/genimage/imagenet_ai_0424_sdv5/val/ai/263_sdv5_00100.png,1,0.999972
data/genimage/imagenet_ai_0424_sdv5/val/ai/267_sdv5_00100.png,1,0.993353
data/genimage/imagenet_ai_0424_sdv5/val/ai/268_sdv5_00009.png,1,0.999988
data/genimage/imagenet_ai_0424_sdv5/val/ai/270_sdv5_00135.png,1,0.999482
data/genimage/imagenet_ai_0424_sdv5/val/ai/271_sdv5_00135.png,1,0.999987
data/genimage/imagenet_ai_0424_sdv5/val/ai/272_sdv5_00020.png,1,0.975084
data/genimage/imagenet_ai_0424_sdv5/val/ai/272_sdv5_00039.png,1,0.99812
data/genimage/imagenet_ai_0424_sdv5/val/ai/273_sdv5_00020.png,1,0.986506
data/genimage/imagenet_ai_0424_sdv5/val/ai/274_sdv5_00009.png,1,0.978794
data/genimage/imagenet_ai_0424_sdv5/val/ai/278_sdv5_00009.png,1,0.999924
data/genimage/imagenet_ai_0424_sdv5/val/ai/278_sdv5_00027.png,1,1.0
data/genimage/imagenet_ai_0424_sdv5/val/ai/281_sdv5_00003.png,1,0.999984
data/genimage/imagenet_ai_0424_sdv5/val/ai/281_sdv5_00100.png,1,0.999977
data/genimage/imagenet_ai_0424_sdv5/val/ai/285_sdv5_00100.png,1,0.999887
data/genimage/imagenet_ai_0424_sdv5/val/ai/285_sdv5_00195.png,1,0.999999
data/genimage/imagenet_ai_0424_sdv5/val/ai/290_sdv5_00100.png,1,0.998337
data/genimage/imagenet_ai_0424_sdv5/val/ai/291_sdv5_00027.png,1,0.993217
data/genimage/imagenet_ai_0424_sdv5/val/ai/295_sdv5_00020.png,1,0.989327
data/genimage/imagenet_ai_0424_sdv5/val/ai/296_sdv5_00003.png,1,0.999882
data/genimage/imagenet_ai_0424_sdv5/val/ai/296_sdv5_00009.png,1,0.999941
data/genimage/imagenet_ai_0424_sdv5/val/ai/299_sdv5_00009.png,1,0.99998
data/genimage/imagenet_ai_0424_sdv5/val/ai/300_sdv5_00003.png,1,1.0
data/genimage/imagenet_ai_0424_sdv5/val/ai/300_sdv5_00100.png,1,0.999996
data/genimage/imagenet_ai_0424_sdv5/val/ai/304_sdv5_00003.png,1,0.998962
data/genimage/imagenet_ai_0424_sdv5/val/ai/309_sdv5_00009.png,1,0.896543
data/genimage/imagenet_ai_0424_sdv5/val/ai/316_sdv5_00020.png,1,0.999031
data/genimage/imagenet_ai_0424_sdv5/val/ai/317_sdv5_00135.png,1,0.997532
data/genimage/imagenet_ai_0424_sdv5/val/ai/317_sdv5_00195.png,1,0.999994
data/genimage/imagenet_ai_0424_sdv5/val/ai/321_sdv5_00195.png,1,0.827657
data/genimage/imagenet_ai_0424_sdv5/val/ai/322_sdv5_00020.png,1,0.992651
data/genimage/imagenet_ai_0424_sdv5/val/ai/322_sdv5_00039.png,1,0.843502
data/genimage/imagenet_ai_0424_sdv5/val/ai/324_sdv5_00100.png,1,0.610475
data/genimage/imagenet_ai_0424_sdv5/val/ai/330_sdv5_00009.png,1,0.916536
data/genimage/imagenet_ai_0424_sdv5/val/ai/331_sdv5_00009.png,1,0.999895
data/genimage/imagenet_ai_0424_sdv5/val/ai/333_sdv5_00027.png,1,0.999997
data/genimage/imagenet_ai_0424_sdv5/val/ai/338_sdv5_00003.png,1,0.999991
data/genimage/imagenet_ai_0424_sdv5/val/ai/338_sdv5_00009.png,1,0.999848
data/genimage/imagenet_ai_0424_sdv5/val/ai/341_sdv5_00100.png,1,0.99801
data/genimage/imagenet_ai_0424_sdv5/val/ai/343_sdv5_00100.png,1,1.0
data/genimage/imagenet_ai_0424_sdv5/val/ai/345_sdv5_00009.png,1,0.227183
data/genimage/imagenet_ai_0424_sdv5/val/ai/346_sdv5_00100.png,1,0.041051
data/genimage/imagenet_ai_0424_sdv5/val/ai/346_sdv5_00135.png,1,0.92206
data/genimage/imagenet_ai_0424_sdv5/val/ai/347_sdv5_00039.png,1,0.99906
data/genimage/imagenet_ai_0424_sdv5/val/ai/349_sdv5_00195.png,1,0.697806
data/genimage/imagenet_ai_0424_sdv5/val/ai/351_sdv5_00020.png,1,0.999823
data/genimage/imagenet_ai_0424_sdv5/val/ai/353_sdv5_00003.png,1,0.99974
data/genimage/imagenet_ai_0424_sdv5/val/ai/353_sdv5_00100.png,1,0.981944
data/genimage/imagenet_ai_0424_sdv5/val/ai/358_sdv5_00135.png,1,0.999997
data/genimage/imagenet_ai_0424_sdv5/val/ai/361_sdv5_00009.png,1,0.999788
data/genimage/imagenet_ai_0424_sdv5/val/ai/365_sdv5_00027.png,1,0.993676
data/genimage/imagenet_ai_0424_sdv5/val/ai/370_sdv5_00003.png,1,0.999978
data/genimage/imagenet_ai_0424_sdv5/val/ai/371_sdv5_00003.png,1,0.999993
data/genimage/imagenet_ai_0424_sdv5/val/ai/374_sdv5_00039.png,1,0.999967
data/genimage/imagenet_ai_0424_sdv5/val/ai/375_sdv5_00020.png,1,0.999926
data/genimage/imagenet_ai_0424_sdv5/val/ai/377_sdv5_00003.png,1,0.999999
data/genimage/imagenet_ai_0424_sdv5/val/ai/380_sdv5_00009.png,1,0.999918
data/genimage/imagenet_ai_0424_sdv5/val/ai/381_sdv5_00135.png,1,0.999949
data/genimage/imagenet_ai_0424_sdv5/val/ai/387_sdv5_00003.png,1,0.999931
data/genimage/imagenet_ai_0424_sdv5/val/ai/391_sdv5_00039.png,1,0.997934
data/genimage/imagenet_ai_0424_sdv5/val/ai/393_sdv5_00009.png,1,0.72701
data/genimage/imagenet_ai_0424_sdv5/val/ai/394_sdv5_00027.png,1,0.930763
data/genimage/imagenet_ai_0424_sdv5/val/ai/397_sdv5_00100.png,1,0.99399
data/genimage/imagenet_ai_0424_sdv5/val/ai/397_sdv5_00195.png,1,0.96194
data/genimage/imagenet_ai_0424_sdv5/val/ai/398_sdv5_00009.png,1,0.999425
data/genimage/imagenet_ai_0424_sdv5/val/ai/399_sdv5_00195.png,1,0.999975
data/genimage/imagenet_ai_0424_sdv5/val/ai/405_sdv5_00003.png,1,0.999826
data/genimage/imagenet_ai_0424_sdv5/val/ai/405_sdv5_00100.png,1,0.999192
data/genimage/imagenet_ai_0424_sdv5/val/ai/406_sdv5_00020.png,1,0.998044
data/genimage/imagenet_ai_0424_sdv5/val/ai/408_sdv5_00195.png,1,0.638132
data/genimage/imagenet_ai_0424_sdv5/val/ai/409_sdv5_00003.png,1,0.999719
data/genimage/imagenet_ai_0424_sdv5/val/ai/409_sdv5_00027.png,1,0.583208
data/genimage/imagenet_ai_0424_sdv5/val/ai/410_sdv5_00195.png,1,0.999535
data/genimage/imagenet_ai_0424_sdv5/val/ai/411_sdv5_00009.png,1,0.610757
data/genimage/imagenet_ai_0424_sdv5/val/ai/411_sdv5_00039.png,1,0.999966
data/genimage/imagenet_ai_0424_sdv5/val/ai/412_sdv5_00027.png,1,0.841234
data/genimage/imagenet_ai_0424_sdv5/val/ai/414_sdv5_00027.png,1,0.993435
data/genimage/imagenet_ai_0424_sdv5/val/ai/415_sdv5_00020.png,1,0.997906
data/genimage/imagenet_ai_0424_sdv5/val/ai/425_sdv5_00020.png,1,0.999898
data/genimage/imagenet_ai_0424_sdv5/val/ai/427_sdv5_00027.png,1,0.99555
data/genimage/imagenet_ai_0424_sdv5/val/ai/428_sdv5_00027.png,1,0.999627
data/genimage/imagenet_ai_0424_sdv5/val/ai/430_sdv5_00009.png,1,0.010034
data/genimage/imagenet_ai_0424_sdv5/val/ai/433_sdv5_00003.png,1,0.926627
data/genimage/imagenet_ai_0424_sdv5/val/ai/436_sdv5_00135.png,1,0.999845
data/genimage/imagenet_ai_0424_sdv5/val/ai/439_sdv5_00009.png,1,0.999821
data/genimage/imagenet_ai_0424_sdv5/val/ai/442_sdv5_00039.png,1,0.997613
data/genimage/imagenet_ai_0424_sdv5/val/ai/443_sdv5_00195.png,1,0.018437
data/genimage/imagenet_ai_0424_sdv5/val/ai/445_sdv5_00135.png,1,0.346344
data/genimage/imagenet_ai_0424_sdv5/val/ai/448_sdv5_00009.png,1,0.999878
data/genimage/imagenet_ai_0424_sdv5/val/ai/448_sdv5_00027.png,1,0.841013
data/genimage/imagenet_ai_0424_sdv5/val/ai/450_sdv5_00020.png,1,1.0
data/genimage/imagenet_ai_0424_sdv5/val/ai/450_sdv5_00039.png,1,0.990177
data/genimage/imagenet_ai_0424_sdv5/val/ai/458_sdv5_00027.png,1,0.997934
data/genimage/imagenet_ai_0424_sdv5/val/ai/461_sdv5_00009.png,1,0.871269
data/genimage/imagenet_ai_0424_sdv5/val/ai/466_sdv5_00135.png,1,0.999983
data/genimage/imagenet_ai_0424_sdv5/val/ai/472_sdv5_00100.png,1,0.989726
data/genimage/imagenet_ai_0424_sdv5/val/ai/473_sdv5_00039.png,1,0.999899
data/genimage/imagenet_ai_0424_sdv5/val/ai/473_sdv5_00195.png,1,0.999462
data/genimage/imagenet_ai_0424_sdv5/val/ai/474_sdv5_00003.png,1,0.952087
data/genimage/imagenet_ai_0424_sdv5/val/ai/474_sdv5_00027.png,1,0.569791
data/genimage/imagenet_ai_0424_sdv5/val/ai/477_sdv5_00003.png,1,0.999879
data/genimage/imagenet_ai_0424_sdv5/val/ai/483_sdv5_00039.png,1,0.012019
data/genimage/imagenet_ai_0424_sdv5/val/ai/486_sdv5_00009.png,1,0.199814
data/genimage/imagenet_ai_0424_sdv5/val/ai/490_sdv5_00039.png,1,0.604201
data/genimage/imagenet_ai_0424_sdv5/val/ai/493_sdv5_00195.png,1,0.9999
data/genimage/imagenet_ai_0424_sdv5/val/ai/496_sdv5_00135.png,1,0.998512
data/genimage/imagenet_ai_0424_sdv5/val/ai/498_sdv5_00009.png,1,0.998517
data/genimage/imagenet_ai_0424_sdv5/val/ai/498_sdv5_00039.png,1,0.999633
data/genimage/imagenet_ai_0424_sdv5/val/ai/504_sdv5_00100.png,1,0.999886
data/genimage/imagenet_ai_0424_sdv5/val/ai/505_sdv5_00020.png,1,0.999859
data/genimage/imagenet_ai_0424_sdv5/val/ai/506_sdv5_00039.png,1,0.999369
data/genimage/imagenet_ai_0424_sdv5/val/ai/507_sdv5_00195.png,1,0.964614
data/genimage/imagenet_ai_0424_sdv5/val/ai/509_sdv5_00135.png,1,0.870762
data/genimage/imagenet_ai_0424_sdv5/val/ai/517_sdv5_00003.png,1,0.754528
data/genimage/imagenet_ai_0424_sdv5/val/ai/522_sdv5_00195.png,1,0.204
data/genimage/imagenet_ai_0424_sdv5/val/ai/523_sdv5_00009.png,1,0.978493
data/genimage/imagenet_ai_0424_sdv5/val/ai/523_sdv5_00100.png,1,0.99997
data/genimage/imagenet_ai_0424_sdv5/val/ai/526_sdv5_00100.png,1,0.999946
data/genimage/imagenet_ai_0424_sdv5/val/ai/529_sdv5_00020.png,1,0.998496
data/genimage/imagenet_ai_0424_sdv5/val/ai/530_sdv5_00135.png,1,0.99994
data/genimage/imagenet_ai_0424_sdv5/val/ai/531_sdv5_00195.png,1,0.999925
data/genimage/imagenet_ai_0424_sdv5/val/ai/536_sdv5_00039.png,1,0.997777
data/genimage/imagenet_ai_0424_sdv5/val/ai/537_sdv5_00009.png,1,0.959454
data/genimage/imagenet_ai_0424_sdv5/val/ai/539_sdv5_00020.png,1,0.988578
data/genimage/imagenet_ai_0424_sdv5/val/ai/541_sdv5_00195.png,1,0.999846
data/genimage/imagenet_ai_0424_sdv5/val/ai/543_sdv5_00100.png,1,0.999707
data/genimage/imagenet_ai_0424_sdv5/val/ai/544_sdv5_00020.png,1,1.0
data/genimage/imagenet_ai_0424_sdv5/val/ai/551_sdv5_00020.png,1,0.999986
data/genimage/imagenet_ai_0424_sdv5/val/ai/552_sdv5_00039.png,1,0.91938
data/genimage/imagenet_ai_0424_sdv5/val/ai/553_sdv5_00039.png,1,0.999599
data/genimage/imagenet_ai_0424_sdv5/val/ai/554_sdv5_00027.png,1,0.998897
data/genimage/imagenet_ai_0424_sdv5/val/ai/554_sdv5_00100.png,1,0.999784
data/genimage/imagenet_ai_0424_sdv5/val/ai/556_sdv5_00195.png,1,0.998929
data/genimage/imagenet_ai_0424_sdv5/val/ai/557_sdv5_00020.png,1,0.801304
data/genimage/imagenet_ai_0424_sdv5/val/ai/562_sdv5_00039.png,1,0.988036
data/genimage/imagenet_ai_0424_sdv5/val/ai/563_sdv5_00009.png,1,0.719862
data/genimage/imagenet_ai_0424_sdv5/val/ai/564_sdv5_00009.png,1,0.999984
data/genimage/imagenet_ai_0424_sdv5/val/ai/564_sdv5_00027.png,1,0.99973
data/genimage/imagenet_ai_0424_sdv5/val/ai/579_sdv5_00135.png,1,0.99993
data/genimage/imagenet_ai_0424_sdv5/val/ai/580_sdv5_00100.png,1,0.813914
data/genimage/imagenet_ai_0424_sdv5/val/ai/581_sdv5_00003.png,1,0.998705
data/genimage/imagenet_ai_0424_sdv5/val/ai/581_sdv5_00027.png,1,0.99826
data/genimage/imagenet_ai_0424_sdv5/val/ai/586_sdv5_00027.png,1,0.999822
data/genimage/imagenet_ai_0424_sdv5/val/ai/586_sdv5_00100.png,1,0.985974
data/genimage/imagenet_ai_0424_sdv5/val/ai/587_sdv5_00027.png,1,0.958721
data/genimage/imagenet_ai_0424_sdv5/val/ai/591_sdv5_00020.png,1,0.99895
data/genimage/imagenet_ai_0424_sdv5/val/ai/594_sdv5_00020.png,1,0.999441
data/genimage/imagenet_ai_0424_sdv5/val/ai/596_sdv5_00020.png,1,0.975773
data/genimage/imagenet_ai_0424_sdv5/val/ai/600_sdv5_00003.png,1,0.959227
data/genimage/imagenet_ai_0424_sdv5/val/ai/605_sdv5_00009.png,1,0.989528
data/genimage/imagenet_ai_0424_sdv5/val/ai/607_sdv5_00020.png,1,0.838277
data/genimage/imagenet_ai_0424_sdv5/val/ai/607_sdv5_00135.png,1,0.997497
data/genimage/imagenet_ai_0424_sdv5/val/ai/608_sdv5_00009.png,1,0.841111
data/genimage/imagenet_ai_0424_sdv5/val/ai/608_sdv5_00039.png,1,0.999988
data/genimage/imagenet_ai_0424_sdv5/val/ai/611_sdv5_00003.png,1,0.982492
data/genimage/imagenet_ai_0424_sdv5/val/ai/611_sdv5_00100.png,1,0.999805
data/genimage/imagenet_ai_0424_sdv5/val/ai/618_sdv5_00020.png,1,0.999858
data/genimage/imagenet_ai_0424_sdv5/val/ai/619_sdv5_00020.png,1,0.998226
data/genimage/imagenet_ai_0424_sdv5/val/ai/619_sdv5_00039.png,1,0.986689
data/genimage/imagenet_ai_0424_sdv5/val/ai/620_sdv5_00100.png,1,0.999836
data/genimage/imagenet_ai_0424_sdv5/val/ai/621_sdv5_00027.png,1,0.947154
data/genimage/imagenet_ai_0424_sdv5/val/ai/622_sdv5_00020.png,1,0.993398
data/genimage/imagenet_ai_0424_sdv5/val/ai/625_sdv5_00100.png,1,0.999898
data/genimage/imagenet_ai_0424_sdv5/val/ai/626_sdv5_00020.png,1,0.998212
data/genimage/imagenet_ai_0424_sdv5/val/ai/626_sdv5_00039.png,1,0.999941
data/genimage/imagenet_ai_0424_sdv5/val/ai/627_sdv5_00135.png,1,0.999532
data/genimage/imagenet_ai_0424_sdv5/val/ai/628_sdv5_00003.png,1,0.988368
data/genimage/imagenet_ai_0424_sdv5/val/ai/628_sdv5_00009.png,1,0.980595
data/genimage/imagenet_ai_0424_sdv5/val/ai/628_sdv5_00027.png,1,0.999895
data/genimage/imagenet_ai_0424_sdv5/val/ai/631_sdv5_00135.png,1,0.803402
data/genimage/imagenet_ai_0424_sdv5/val/ai/632_sdv5_00039.png,1,0.528208
data/genimage/imagenet_ai_0424_sdv5/val/ai/633_sdv5_00195.png,1,1.0
data/genimage/imagenet_ai_0424_sdv5/val/ai/636_sdv5_00135.png,1,0.994613
data/genimage/imagenet_ai_0424_sdv5/val/ai/640_sdv5_00027.png,1,0.620556
data/genimage/imagenet_ai_0424_sdv5/val/ai/641_sdv5_00020.png,1,0.998528
data/genimage/imagenet_ai_0424_sdv5/val/ai/645_sdv5_00009.png,1,0.952151
data/genimage/imagenet_ai_0424_sdv5/val/ai/645_sdv5_00135.png,1,0.992701
data/genimage/imagenet_ai_0424_sdv5/val/ai/646_sdv5_00003.png,1,0.997263
data/genimage/imagenet_ai_0424_sdv5/val/ai/650_sdv5_00135.png,1,0.99983
data/genimage/imagenet_ai_0424_sdv5/val/ai/653_sdv5_00003.png,1,0.999992
data/genimage/imagenet_ai_0424_sdv5/val/ai/654_sdv5_00100.png,1,0.999848
data/genimage/imagenet_ai_0424_sdv5/val/ai/655_sdv5_00003.png,1,0.999797
data/genimage/imagenet_ai_0424_sdv5/val/ai/655_sdv5_00135.png,1,0.974549
data/genimage/imagenet_ai_0424_sdv5/val/ai/661_sdv5_00027.png,1,0.999669
data/genimage/imagenet_ai_0424_sdv5/val/ai/666_sdv5_00039.png,1,0.668329
data/genimage/imagenet_ai_0424_sdv5/val/ai/666_sdv5_00100.png,1,0.777297
data/genimage/imagenet_ai_0424_sdv5/val/ai/667_sdv5_00020.png,1,0.99954
data/genimage/imagenet_ai_0424_sdv5/val/ai/669_sdv5_00039.png,1,0.998762
data/genimage/imagenet_ai_0424_sdv5/val/ai/671_sdv5_00003.png,1,0.989972
data/genimage/imagenet_ai_0424_sdv5/val/ai/672_sdv5_00003.png,1,0.999766
data/genimage/imagenet_ai_0424_sdv5/val/ai/675_sdv5_00020.png,1,0.996199
data/genimage/imagenet_ai_0424_sdv5/val/ai/678_sdv5_00039.png,1,1.0
data/genimage/imagenet_ai_0424_sdv5/val/ai/681_sdv5_00009.png,1,0.998402
data/genimage/imagenet_ai_0424_sdv5/val/ai/683_sdv5_00020.png,1,0.993495
data/genimage/imagenet_ai_0424_sdv5/val/ai/684_sdv5_00027.png,1,0.993601
data/genimage/imagenet_ai_0424_sdv5/val/ai/685_sdv5_00100.png,1,0.999935
data/genimage/imagenet_ai_0424_sdv5/val/ai/686_sdv5_00009.png,1,0.999998
data/genimage/imagenet_ai_0424_sdv5/val/ai/687_sdv5_00020.png,1,0.99777
data/genimage/imagenet_ai_0424_sdv5/val/ai/693_sdv5_00039.png,1,0.013868
data/genimage/imagenet_ai_0424_sdv5/val/ai/694_sdv5_00027.png,1,0.999904
data/genimage/imagenet_ai_0424_sdv5/val/ai/695_sdv5_00100.png,1,0.995642
data/genimage/imagenet_ai_0424_sdv5/val/ai/696_sdv5_00039.png,1,0.998973
data/genimage/imagenet_ai_0424_sdv5/val/ai/700_sdv5_00100.png,1,0.99913
data/genimage/imagenet_ai_0424_sdv5/val/ai/701_sdv5_00003.png,1,0.912166
data/genimage/imagenet_ai_0424_sdv5/val/ai/703_sdv5_00195.png,1,0.355823
data/genimage/imagenet_ai_0424_sdv5/val/ai/708_sdv5_00027.png,1,0.998886
data/genimage/imagenet_ai_0424_sdv5/val/ai/708_sdv5_00039.png,1,0.997594
data/genimage/imagenet_ai_0424_sdv5/val/ai/709_sdv5_00009.png,1,0.999653
data/genimage/imagenet_ai_0424_sdv5/val/ai/709_sdv5_00027.png,1,0.988699
data/genimage/imagenet_ai_0424_sdv5/val/ai/713_sdv5_00039.png,1,0.999999
data/genimage/imagenet_ai_0424_sdv5/val/ai/715_sdv5_00003.png,1,0.99812
data/genimage/imagenet_ai_0424_sdv5/val/ai/717_sdv5_00195.png,1,0.999968
data/genimage/imagenet_ai_0424_sdv5/val/ai/719_sdv5_00009.png,1,0.999901
data/genimage/imagenet_ai_0424_sdv5/val/ai/719_sdv5_00195.png,1,0.929389
data/genimage/imagenet_ai_0424_sdv5/val/ai/720_sdv5_00027.png,1,0.999998
data/genimage/imagenet_ai_0424_sdv5/val/ai/721_sdv5_00135.png,1,0.999304
data/genimage/imagenet_ai_0424_sdv5/val/ai/723_sdv5_00009.png,1,1.0
data/genimage/imagenet_ai_0424_sdv5/val/ai/723_sdv5_00027.png,1,0.999789
data/genimage/imagenet_ai_0424_sdv5/val/ai/724_sdv5_00100.png,1,0.968184
data/genimage/imagenet_ai_0424_sdv5/val/ai/728_sdv5_00020.png,1,0.999526
data/genimage/imagenet_ai_0424_sdv5/val/ai/735_sdv5_00027.png,1,0.999884
data/genimage/imagenet_ai_0424_sdv5/val/ai/737_sdv5_00009.png,1,0.999786
data/genimage/imagenet_ai_0424_sdv5/val/ai/737_sdv5_00039.png,1,0.999978
data/genimage/imagenet_ai_0424_sdv5/val/ai/738_sdv5_00003.png,1,0.986348
data/genimage/imagenet_ai_0424_sdv5/val/ai/742_sdv5_00027.png,1,0.999686
data/genimage/imagenet_ai_0424_sdv5/val/ai/744_sdv5_00039.png,1,0.999621
data/genimage/imagenet_ai_0424_sdv5/val/ai/745_sdv5_00100.png,1,0.999981
data/genimage/imagenet_ai_0424_sdv5/val/ai/747_sdv5_00195.png,1,0.995618
data/genimage/imagenet_ai_0424_sdv5/val/ai/748_sdv5_00135.png,1,0.999717
data/genimage/imagenet_ai_0424_sdv5/val/ai/755_sdv5_00003.png,1,0.996907
data/genimage/imagenet_ai_0424_sdv5/val/ai/759_sdv5_00009.png,1,0.999733
data/genimage/imagenet_ai_0424_sdv5/val/ai/761_sdv5_00003.png,1,0.999566
data/genimage/imagenet_ai_0424_sdv5/val/ai/763_sdv5_00100.png,1,0.999977
data/genimage/imagenet_ai_0424_sdv5/val/ai/764_sdv5_00027.png,1,1.0
data/genimage/imagenet_ai_0424_sdv5/val/ai/766_sdv5_00020.png,1,0.999982
data/genimage/imagenet_ai_0424_sdv5/val/ai/766_sdv5_00100.png,1,0.999864
data/genimage/imagenet_ai_0424_sdv5/val/ai/768_sdv5_00100.png,1,0.451844
data/genimage/imagenet_ai_0424_sdv5/val/ai/772_sdv5_00027.png,1,0.999995
data/genimage/imagenet_ai_0424_sdv5/val/ai/773_sdv5_00135.png,1,0.998667
data/genimage/imagenet_ai_0424_sdv5/val/ai/775_sdv5_00003.png,1,0.997161
data/genimage/imagenet_ai_0424_sdv5/val/ai/776_sdv5_00003.png,1,0.999978
data/genimage/imagenet_ai_0424_sdv5/val/ai/776_sdv5_00195.png,1,0.999798
data/genimage/imagenet_ai_0424_sdv5/val/ai/778_sdv5_00003.png,1,0.999883
data/genimage/imagenet_ai_0424_sdv5/val/ai/778_sdv5_00009.png,1,0.99991
data/genimage/imagenet_ai_0424_sdv5/val/ai/778_sdv5_00027.png,1,0.999359
data/genimage/imagenet_ai_0424_sdv5/val/ai/781_sdv5_00027.png,1,0.966846
data/genimage/imagenet_ai_0424_sdv5/val/ai/783_sdv5_00039.png,1,0.999874
data/genimage/imagenet_ai_0424_sdv5/val/ai/784_sdv5_00003.png,1,0.999999
data/genimage/imagenet_ai_0424_sdv5/val/ai/785_sdv5_00135.png,1,0.999721
data/genimage/imagenet_ai_0424_sdv5/val/ai/791_sdv5_00020.png,1,0.996676
data/genimage/imagenet_ai_0424_sdv5/val/ai/794_sdv5_00027.png,1,0.992082
data/genimage/imagenet_ai_0424_sdv5/val/ai/796_sdv5_00020.png,1,0.999994
data/genimage/imagenet_ai_0424_sdv5/val/ai/798_sdv5_00135.png,1,0.999908
data/genimage/imagenet_ai_0424_sdv5/val/ai/800_sdv5_00003.png,1,0.999034
data/genimage/imagenet_ai_0424_sdv5/val/ai/801_sdv5_00100.png,1,0.999848
data/genimage/imagenet_ai_0424_sdv5/val/ai/801_sdv5_00135.png,1,0.91815
data/genimage/imagenet_ai_0424_sdv5/val/ai/801_sdv5_00195.png,1,0.35585
data/genimage/imagenet_ai_0424_sdv5/val/ai/805_sdv5_00039.png,1,0.046677
data/genimage/imagenet_ai_0424_sdv5/val/ai/808_sdv5_00020.png,1,0.99937
data/genimage/imagenet_ai_0424_sdv5/val/ai/808_sdv5_00027.png,1,0.99801
data/genimage/imagenet_ai_0424_sdv5/val/ai/810_sdv5_00003.png,1,0.999999
data/genimage/imagenet_ai_0424_sdv5/val/ai/810_sdv5_00195.png,1,0.999895
data/genimage/imagenet_ai_0424_sdv5/val/ai/811_sdv5_00039.png,1,0.999999
data/genimage/imagenet_ai_0424_sdv5/val/ai/816_sdv5_00195.png,1,0.996227
data/genimage/imagenet_ai_0424_sdv5/val/ai/818_sdv5_00027.png,1,0.365872
data/genimage/imagenet_ai_0424_sdv5/val/ai/818_sdv5_00100.png,1,0.014566
data/genimage/imagenet_ai_0424_sdv5/val/ai/819_sdv5_00195.png,1,0.989002
data/genimage/imagenet_ai_0424_sdv5/val/ai/820_sdv5_00003.png,1,0.99992
data/genimage/imagenet_ai_0424_sdv5/val/ai/822_sdv5_00100.png,1,0.996882
data/genimage/imagenet_ai_0424_sdv5/val/ai/823_sdv5_00135.png,1,0.999997
data/genimage/imagenet_ai_0424_sdv5/val/ai/824_sdv5_00039.png,1,0.999752
data/genimage/imagenet_ai_0424_sdv5/val/ai/829_sdv5_00009.png,1,0.999927
data/genimage/imagenet_ai_0424_sdv5/val/ai/832_sdv5_00020.png,1,0.909792
data/genimage/imagenet_ai_0424_sdv5/val/ai/832_sdv5_00100.png,1,0.78416
data/genimage/imagenet_ai_0424_sdv5/val/ai/833_sdv5_00003.png,1,0.99507
data/genimage/imagenet_ai_0424_sdv5/val/ai/836_sdv5_00195.png,1,0.999445
data/genimage/imagenet_ai_0424_sdv5/val/ai/837_sdv5_00027.png,1,0.999877
data/genimage/imagenet_ai_0424_sdv5/val/ai/840_sdv5_00039.png,1,0.999813
data/genimage/imagenet_ai_0424_sdv5/val/ai/841_sdv5_00009.png,1,0.959437
data/genimage/imagenet_ai_0424_sdv5/val/ai/841_sdv5_00135.png,1,0.998586
data/genimage/imagenet_ai_0424_sdv5/val/ai/843_sdv5_00003.png,1,0.851612
data/genimage/imagenet_ai_0424_sdv5/val/ai/844_sdv5_00135.png,1,0.999934
data/genimage/imagenet_ai_0424_sdv5/val/ai/848_sdv5_00100.png,1,0.999963
data/genimage/imagenet_ai_0424_sdv5/val/ai/849_sdv5_00009.png,1,0.986304
data/genimage/imagenet_ai_0424_sdv5/val/ai/849_sdv5_00039.png,1,0.999969
data/genimage/imagenet_ai_0424_sdv5/val/ai/851_sdv5_00003.png,1,0.999919
data/genimage/imagenet_ai_0424_sdv5/val/ai/851_sdv5_00135.png,1,0.999963
data/genimage/imagenet_ai_0424_sdv5/val/ai/851_sdv5_00195.png,1,0.999924
data/genimage/imagenet_ai_0424_sdv5/val/ai/852_sdv5_00135.png,1,0.475141
data/genimage/imagenet_ai_0424_sdv5/val/ai/853_sdv5_00003.png,1,0.999976
data/genimage/imagenet_ai_0424_sdv5/val/ai/854_sdv5_00009.png,1,0.999954
data/genimage/imagenet_ai_0424_sdv5/val/ai/854_sdv5_00039.png,1,0.773942
data/genimage/imagenet_ai_0424_sdv5/val/ai/855_sdv5_00003.png,1,0.999635
data/genimage/imagenet_ai_0424_sdv5/val/ai/856_sdv5_00003.png,1,0.976486
data/genimage/imagenet_ai_0424_sdv5/val/ai/856_sdv5_00009.png,1,0.997992
data/genimage/imagenet_ai_0424_sdv5/val/ai/857_sdv5_00009.png,1,0.99896
data/genimage/imagenet_ai_0424_sdv5/val/ai/860_sdv5_00003.png,1,0.985541
data/genimage/imagenet_ai_0424_sdv5/val/ai/864_sdv5_00135.png,1,0.999918
data/genimage/imagenet_ai_0424_sdv5/val/ai/867_sdv5_00135.png,1,0.112922
data/genimage/imagenet_ai_0424_sdv5/val/ai/873_sdv5_00135.png,1,0.999937
data/genimage/imagenet_ai_0424_sdv5/val/ai/875_sdv5_00100.png,1,0.999993
data/genimage/imagenet_ai_0424_sdv5/val/ai/879_sdv5_00100.png,1,0.965128
data/genimage/imagenet_ai_0424_sdv5/val/ai/880_sdv5_00020.png,1,0.998931
data/genimage/imagenet_ai_0424_sdv5/val/ai/881_sdv5_00135.png,1,0.999902
data/genimage/imagenet_ai_0424_sdv5/val/ai/882_sdv5_00003.png,1,0.999987
data/genimage/imagenet_ai_0424_sdv5/val/ai/882_sdv5_00027.png,1,0.999984
data/genimage/imagenet_ai_0424_sdv5/val/ai/885_sdv5_00039.png,1,0.998113
data/genimage/imagenet_ai_0424_sdv5/val/ai/885_sdv5_00135.png,1,0.999991
data/genimage/imagenet_ai_0424_sdv5/val/ai/894_sdv5_00020.png,1,0.999991
data/genimage/imagenet_ai_0424_sdv5/val/ai/897_sdv5_00003.png,1,0.99988
data/genimage/imagenet_ai_0424_sdv5/val/ai/898_sdv5_00100.png,1,1.0
data/genimage/imagenet_ai_0424_sdv5/val/ai/900_sdv5_00009.png,1,0.950227
data/genimage/imagenet_ai_0424_sdv5/val/ai/900_sdv5_00020.png,1,0.815432
data/genimage/imagenet_ai_0424_sdv5/val/ai/903_sdv5_00027.png,1,0.999991
data/genimage/imagenet_ai_0424_sdv5/val/ai/904_sdv5_00020.png,1,0.936138
data/genimage/imagenet_ai_0424_sdv5/val/ai/905_sdv5_00027.png,1,0.998973
data/genimage/imagenet_ai_0424_sdv5/val/ai/907_sdv5_00135.png,1,0.997252
data/genimage/imagenet_ai_0424_sdv5/val/ai/909_sdv5_00195.png,1,0.999987
data/genimage/imagenet_ai_0424_sdv5/val/ai/911_sdv5_00135.png,1,0.960292
data/genimage/imagenet_ai_0424_sdv5/val/ai/913_sdv5_00020.png,1,0.997974
data/genimage/imagenet_ai_0424_sdv5/val/ai/913_sdv5_00135.png,1,0.922137
data/genimage/imagenet_ai_0424_sdv5/val/ai/917_sdv5_00039.png,1,0.995872
data/genimage/imagenet_ai_0424_sdv5/val/ai/917_sdv5_00100.png,1,0.997241
data/genimage/imagenet_ai_0424_sdv5/val/ai/923_sdv5_00020.png,1,0.999174
data/genimage/imagenet_ai_0424_sdv5/val/ai/925_sdv5_00100.png,1,0.999328
data/genimage/imagenet_ai_0424_sdv5/val/ai/926_sdv5_00020.png,1,0.999973
data/genimage/imagenet_ai_0424_sdv5/val/ai/931_sdv5_00039.png,1,0.999969
data/genimage/imagenet_ai_0424_sdv5/val/ai/931_sdv5_00195.png,1,0.034046
data/genimage/imagenet_ai_0424_sdv5/val/ai/932_sdv5_00027.png,1,0.999974
data/genimage/imagenet_ai_0424_sdv5/val/ai/932_sdv5_00135.png,1,0.98429
data/genimage/imagenet_ai_0424_sdv5/val/ai/934_sdv5_00009.png,1,0.999964
data/genimage/imagenet_ai_0424_sdv5/val/ai/934_sdv5_00195.png,1,0.999997
data/genimage/imagenet_ai_0424_sdv5/val/ai/937_sdv5_00009.png,1,0.999528
data/genimage/imagenet_ai_0424_sdv5/val/ai/938_sdv5_00195.png,1,0.999696
data/genimage/imagenet_ai_0424_sdv5/val/ai/939_sdv5_00020.png,1,0.99848
data/genimage/imagenet_ai_0424_sdv5/val/ai/942_sdv5_00135.png,1,0.999984
data/genimage/imagenet_ai_0424_sdv5/val/ai/943_sdv5_00020.png,1,0.995682
data/genimage/imagenet_ai_0424_sdv5/val/ai/944_sdv5_00195.png,1,0.999948
data/genimage/imagenet_ai_0424_sdv5/val/ai/947_sdv5_00020.png,1,0.999997
data/genimage/imagenet_ai_0424_sdv5/val/ai/947_sdv5_00195.png,1,0.999559
data/genimage/imagenet_ai_0424_sdv5/val/ai/958_sdv5_00027.png,1,0.757639
data/genimage/imagenet_ai_0424_sdv5/val/ai/962_sdv5_00135.png,1,0.964787
data/genimage/imagenet_ai_0424_sdv5/val/ai/968_sdv5_00027.png,1,0.996495
data/genimage/imagenet_ai_0424_sdv5/val/ai/970_sdv5_00100.png,1,0.787641
data/genimage/imagenet_ai_0424_sdv5/val/ai/970_sdv5_00195.png,1,0.999888
data/genimage/imagenet_ai_0424_sdv5/val/ai/971_sdv5_00003.png,1,0.995549
data/genimage/imagenet_ai_0424_sdv5/val/ai/979_sdv5_00009.png,1,0.995202
data/genimage/imagenet_ai_0424_sdv5/val/ai/979_sdv5_00195.png,1,0.810031
data/genimage/imagenet_ai_0424_sdv5/val/ai/983_sdv5_00195.png,1,0.13912
data/genimage/imagenet_ai_0424_sdv5/val/ai/989_sdv5_00003.png,1,0.999053
data/genimage/imagenet_ai_0424_sdv5/val/ai/994_sdv5_00003.png,1,0.992012
data/genimage/imagenet_ai_0424_sdv5/val/ai/999_sdv5_00135.png,1,0.999952
data/genimage/imagenet_ai_0424_sdv5/val/nature/ILSVRC2012_val_00000091.JPEG,0,0.000365
data/genimage/imagenet_ai_0424_sdv5/val/nature/ILSVRC2012_val_00000217.JPEG,0,0.005773
data/genimage/imagenet_ai_0424_sdv5/val/nature/ILSVRC2012_val_00000334.JPEG,0,0.000289
data/genimage/imagenet_ai_0424_sdv5/val/nature/ILSVRC2012_val_00000420.JPEG,0,0.320569
data/genimage/imagenet_ai_0424_sdv5/val/nature/ILSVRC2012_val_00000466.JPEG,0,0.004754
data/genimage/imagenet_ai_0424_sdv5/val/nature/ILSVRC2012_val_00000581.JPEG,0,0.015813
data/genimage/imagenet_ai_0424_sdv5/val/nature/ILSVRC2012_val_00000686.JPEG,0,0.403419
data/genimage/imagenet_ai_0424_sdv5/val/nature/ILSVRC2012_val_00000709.JPEG,0,1e-06
data/genimage/imagenet_ai_0424_sdv5/val/nature/ILSVRC2012_val_00000898.JPEG,0,0.003395
data/genimage/imagenet_ai_0424_sdv5/val/nature/ILSVRC2012_val_00000940.JPEG,0,0.000404
data/genimage/imagenet_ai_0424_sdv5/val/nature/ILSVRC2012_val_00000988.JPEG,0,0.293496
data/genimage/imagenet_ai_0424_sdv5/val/nature/ILSVRC2012_val_00000998.JPEG,0,0.000921
data/genimage/imagenet_ai_0424_sdv5/val/nature/ILSVRC2012_val_00001110.JPEG,0,0.000448
data/genimage/imagenet_ai_0424_sdv5/val/nature/ILSVRC2012_val_00001156.JPEG,0,0.010294
data/genimage/imagenet_ai_0424_sdv5/val/nature/ILSVRC2012_val_00001286.JPEG,0,0.0
data/genimage/imagenet_ai_0424_sdv5/val/nature/ILSVRC2012_val_00001409.JPEG,0,2.1e-05
data/genimage/imagenet_ai_0424_sdv5/val/nature/ILSVRC2012_val_00001440.JPEG,0,0.000512
data/genimage/imagenet_ai_0424_sdv5/val/nature/ILSVRC2012_val_00001462.JPEG,0,0.003274
data/genimage/imagenet_ai_0424_sdv5/val/nature/ILSVRC2012_val_00001487.JPEG,0,2.7e-05
data/genimage/imagenet_ai_0424_sdv5/val/nature/ILSVRC2012_val_00001564.JPEG,0,0.000297
data/genimage/imagenet_ai_0424_sdv5/val/nature/ILSVRC2012_val_00001620.JPEG,0,0.004092
data/genimage/imagenet_ai_0424_sdv5/val/nature/ILSVRC2012_val_00001672.JPEG,0,0.526834
data/genimage/imagenet_ai_0424_sdv5/val/nature/ILSVRC2012_val_00001714.JPEG,0,1.1e-05
data/genimage/imagenet_ai_0424_sdv5/val/nature/ILSVRC2012_val_00001813.JPEG,0,2.1e-05
data/genimage/imagenet_ai_0424_sdv5/val/nature/ILSVRC2012_val_00001850.JPEG,0,1.6e-05
data/genimage/imagenet_ai_0424_sdv5/val/nature/ILSVRC2012_val_00001931.JPEG,0,0.623882
data/genimage/imagenet_ai_0424_sdv5/val/nature/ILSVRC2012_val_00002041.JPEG,0,0.009239
data/genimage/imagenet_ai_0424_sdv5/val/nature/ILSVRC2012_val_00002056.JPEG,0,0.91016
data/genimage/imagenet_ai_0424_sdv5/val/nature/ILSVRC2012_val_00002192.JPEG,0,0.017911
data/genimage/imagenet_ai_0424_sdv5/val/nature/ILSVRC2012_val_00002370.JPEG,0,0.000107
data/genimage/imagenet_ai_0424_sdv5/val/nature/ILSVRC2012_val_00002419.JPEG,0,0.102208
data/genimage/imagenet_ai_0424_sdv5/val/nature/ILSVRC2012_val_00002442.JPEG,0,0.007912
data/genimage/imagenet_ai_0424_sdv5/val/nature/ILSVRC2012_val_00002488.JPEG,0,0.000341
data/genimage/imagenet_ai_0424_sdv5/val/nature/ILSVRC2012_val_00002566.JPEG,0,0.000522
data/genimage/imagenet_ai_0424_sdv5/val/nature/ILSVRC2012_val_00002606.JPEG,0,0.00014
data/genimage/imagenet_ai_0424_sdv5/val/nature/ILSVRC2012_val_00002919.JPEG,0,7e-06
data/genimage/imagenet_ai_0424_sdv5/val/nature/ILSVRC2012_val_00002980.JPEG,0,0.000683
data/genimage/imagenet_ai_0424_sdv5/val/nature/ILSVRC2012_val_00003121.JPEG,0,2.9e-05
data/genimage/imagenet_ai_0424_sdv5/val/nature/ILSVRC2012_val_00003134.JPEG,0,0.002825
data/genimage/imagenet_ai_0424_sdv5/val/nature/ILSVRC2012_val_00003464.JPEG,0,7e-06
data/genimage/imagenet_ai_0424_sdv5/val/nature/ILSVRC2012_val_00003537.JPEG,0,0.010954
data/genimage/imagenet_ai_0424_sdv5/val/nature/ILSVRC2012_val_00003768.JPEG,0,0.000303
data/genimage/imagenet_ai_0424_sdv5/val/nature/ILSVRC2012_val_00003769.JPEG,0,6e-06
data/genimage/imagenet_ai_0424_sdv5/val/nature/ILSVRC2012_val_00004008.JPEG,0,1.4e-05
data/genimage/imagenet_ai_0424_sdv5/val/nature/ILSVRC2012_val_00004287.JPEG,0,0.00015
data/genimage/imagenet_ai_0424_sdv5/val/nature/ILSVRC2012_val_00004314.JPEG,0,0.00277
data/genimage/imagenet_ai_0424_sdv5/val/nature/ILSVRC2012_val_00004336.JPEG,0,0.003801
data/genimage/imagenet_ai_0424_sdv5/val/nature/ILSVRC2012_val_00004659.JPEG,0,1.5e-05
data/genimage/imagenet_ai_0424_sdv5/val/nature/ILSVRC2012_val_00004675.JPEG,0,0.002341
data/genimage/imagenet_ai_0424_sdv5/val/nature/ILSVRC2012_val_00004768.JPEG,0,0.00063
data/genimage/imagenet_ai_0424_sdv5/val/nature/ILSVRC2012_val_00004837.JPEG,0,1.9e-05
data/genimage/imagenet_ai_0424_sdv5/val/nature/ILSVRC2012_val_00004959.JPEG,0,0.001628
data/genimage/imagenet_ai_0424_sdv5/val/nature/ILSVRC2012_val_00005022.JPEG,0,0.020193
data/genimage/imagenet_ai_0424_sdv5/val/nature/ILSVRC2012_val_00005070.JPEG,0,0.023423
data/genimage/imagenet_ai_0424_sdv5/val/nature/ILSVRC2012_val_00005074.JPEG,0,0.001011
data/genimage/imagenet_ai_0424_sdv5/val/nature/ILSVRC2012_val_00005104.JPEG,0,0.001239
data/genimage/imagenet_ai_0424_sdv5/val/nature/ILSVRC2012_val_00005571.JPEG,0,0.000283
data/genimage/imagenet_ai_0424_sdv5/val/nature/ILSVRC2012_val_00005573.JPEG,0,0.001448
data/genimage/imagenet_ai_0424_sdv5/val/nature/ILSVRC2012_val_00005632.JPEG,0,0.000273
data/genimage/imagenet_ai_0424_sdv5/val/nature/ILSVRC2012_val_00005660.JPEG,0,0.015582
data/genimage/imagenet_ai_0424_sdv5/val/nature/ILSVRC2012_val_00005878.JPEG,0,0.000145
data/genimage/imagenet_ai_0424_sdv5/val/nature/ILSVRC2012_val_00005926.JPEG,0,0.043333
data/genimage/imagenet_ai_0424_sdv5/val/nature/ILSVRC2012_val_00005969.JPEG,0,0.001065
data/genimage/imagenet_ai_0424_sdv5/val/nature/ILSVRC2012_val_00006120.JPEG,0,0.000705
data/genimage/imagenet_ai_0424_sdv5/val/nature/ILSVRC2012_val_00006138.JPEG,0,0.001964
data/genimage/imagenet_ai_0424_sdv5/val/nature/ILSVRC2012_val_00006155.JPEG,0,5.4e-05
data/genimage/imagenet_ai_0424_sdv5/val/nature/ILSVRC2012_val_00006274.JPEG,0,0.001654
data/genimage/imagenet_ai_0424_sdv5/val/nature/ILSVRC2012_val_00006289.JPEG,0,1.1e-05
data/genimage/imagenet_ai_0424_sdv5/val/nature/ILSVRC2012_val_00006335.JPEG,0,2e-06
data/genimage/imagenet_ai_0424_sdv5/val/nature/ILSVRC2012_val_00006447.JPEG,0,6.6e-05
data/genimage/imagenet_ai_0424_sdv5/val/nature/ILSVRC2012_val_00006507.JPEG,0,0.000159
data/genimage/imagenet_ai_0424_sdv5/val/nature/ILSVRC2012_val_00006529.JPEG,0,0.000489
data/genimage/imagenet_ai_0424_sdv5/val/nature/ILSVRC2012_val_00006580.JPEG,0,8e-06
data/genimage/imagenet_ai_0424_sdv5/val/nature/ILSVRC2012_val_00006607.JPEG,0,0.011331
data/genimage/imagenet_ai_0424_sdv5/val/nature/ILSVRC2012_val_00006669.JPEG,0,8.7e-05
data/genimage/imagenet_ai_0424_sdv5/val/nature/ILSVRC2012_val_00007025.JPEG,0,0.002239
data/genimage/imagenet_ai_0424_sdv5/val/nature/ILSVRC2012_val_00007058.JPEG,0,1.2e-05
data/genimage/imagenet_ai_0424_sdv5/val/nature/ILSVRC2012_val_00007468.JPEG,0,0.000151
data/genimage/imagenet_ai_0424_sdv5/val/nature/ILSVRC2012_val_00007488.JPEG,0,2e-06
data/genimage/imagenet_ai_0424_sdv5/val/nature/ILSVRC2012_val_00007585.JPEG,0,0.340048
data/genimage/imagenet_ai_0424_sdv5/val/nature/ILSVRC2012_val_00007641.JPEG,0,0.076767
data/genimage/imagenet_ai_0424_sdv5/val/nature/ILSVRC2012_val_00007665.JPEG,0,0.001363
data/genimage/imagenet_ai_0424_sdv5/val/nature/ILSVRC2012_val_00007759.JPEG,0,0.000299
data/genimage/imagenet_ai_0424_sdv5/val/nature/ILSVRC2012_val_00008077.JPEG,0,2.3e-05
data/genimage/imagenet_ai_0424_sdv5/val/nature/ILSVRC2012_val_00008081.JPEG,0,0.022674
data/genimage/imagenet_ai_0424_sdv5/val/nature/ILSVRC2012_val_00008088.JPEG,0,0.034624
data/genimage/imagenet_ai_0424_sdv5/val/nature/ILSVRC2012_val_00008260.JPEG,0,3.3e-05
data/genimage/imagenet_ai_0424_sdv5/val/nature/ILSVRC2012_val_00008298.JPEG,0,0.000373
data/genimage/imagenet_ai_0424_sdv5/val/nature/ILSVRC2012_val_00008563.JPEG,0,0.000332
data/genimage/imagenet_ai_0424_sdv5/val/nature/ILSVRC2012_val_00008621.JPEG,0,5.4e-05
data/genimage/imagenet_ai_0424_sdv5/val/nature/ILSVRC2012_val_00008644.JPEG,0,0.000374
data/genimage/imagenet_ai_0424_sdv5/val/nature/ILSVRC2012_val_00008724.JPEG,0,0.014389
data/genimage/imagenet_ai_0424_sdv5/val/nature/ILSVRC2012_val_00008736.JPEG,0,5.8e-05
data/genimage/imagenet_ai_0424_sdv5/val/nature/ILSVRC2012_val_00008911.JPEG,0,0.00011
data/genimage/imagenet_ai_0424_sdv5/val/nature/ILSVRC2012_val_00008955.JPEG,0,0.001075
data/genimage/imagenet_ai_0424_sdv5/val/nature/ILSVRC2012_val_00008980.JPEG,0,0.980808
data/genimage/imagenet_ai_0424_sdv5/val/nature/ILSVRC2012_val_00009022.JPEG,0,0.000771
data/genimage/imagenet_ai_0424_sdv5/val/nature/ILSVRC2012_val_00009144.JPEG,0,5.5e-05
data/genimage/imagenet_ai_0424_sdv5/val/nature/ILSVRC2012_val_00009159.JPEG,0,0.001069
data/genimage/imagenet_ai_0424_sdv5/val/nature/ILSVRC2012_val_00009181.JPEG,0,6.6e-05
data/genimage/imagenet_ai_0424_sdv5/val/nature/ILSVRC2012_val_00009250.JPEG,0,0.019198
data/genimage/imagenet_ai_0424_sdv5/val/nature/ILSVRC2012_val_00009280.JPEG,0,1.2e-05
data/genimage/imagenet_ai_0424_sdv5/val/nature/ILSVRC2012_val_00009383.JPEG,0,0.021709
data/genimage/imagenet_ai_0424_sdv5/val/nature/ILSVRC2012_val_00009415.JPEG,0,0.000185
data/genimage/imagenet_ai_0424_sdv5/val/nature/ILSVRC2012_val_00009524.JPEG,0,0.218147
data/genimage/imagenet_ai_0424_sdv5/val/nature/ILSVRC2012_val_00009676.JPEG,0,1.7e-05
data/genimage/imagenet_ai_0424_sdv5/val/nature/ILSVRC2012_val_00009677.JPEG,0,0.001411
data/genimage/imagenet_ai_0424_sdv5/val/nature/ILSVRC2012_val_00009764.JPEG,0,0.000607
data/genimage/imagenet_ai_0424_sdv5/val/nature/ILSVRC2012_val_00009851.JPEG,0,0.000227
data/genimage/imagenet_ai_0424_sdv5/val/nature/ILSVRC2012_val_00010404.JPEG,0,0.000159
data/genimage/imagenet_ai_0424_sdv5/val/nature/ILSVRC2012_val_00010407.JPEG,0,8.1e-05
data/genimage/imagenet_ai_0424_sdv5/val/nature/ILSVRC2012_val_00010458.JPEG,0,0.443019
data/genimage/imagenet_ai_0424_sdv5/val/nature/ILSVRC2012_val_00010461.JPEG,0,0.0
data/genimage/imagenet_ai_0424_sdv5/val/nature/ILSVRC2012_val_00010647.JPEG,0,0.000275
data/genimage/imagenet_ai_0424_sdv5/val/nature/ILSVRC2012_val_00010658.JPEG,0,0.000458
data/genimage/imagenet_ai_0424_sdv5/val/nature/ILSVRC2012_val_00010804.JPEG,0,0.001266
data/genimage/imagenet_ai_0424_sdv5/val/nature/ILSVRC2012_val_00010848.JPEG,0,0.006057
data/genimage/imagenet_ai_0424_sdv5/val/nature/ILSVRC2012_val_00010906.JPEG,0,5.4e-05
data/genimage/imagenet_ai_0424_sdv5/val/nature/ILSVRC2012_val_00010987.JPEG,0,0.003809
data/genimage/imagenet_ai_0424_sdv5/val/nature/ILSVRC2012_val_00011231.JPEG,0,0.019648
data/genimage/imagenet_ai_0424_sdv5/val/nature/ILSVRC2012_val_00011456.JPEG,0,0.000374
data/genimage/imagenet_ai_0424_sdv5/val/nature/ILSVRC2012_val_00011479.JPEG,0,0.999577
data/genimage/imagenet_ai_0424_sdv5/val/nature/ILSVRC2012_val_00011718.JPEG,0,1e-06
data/genimage/imagenet_ai_0424_sdv5/val/nature/ILSVRC2012_val_00012200.JPEG,0,0.000138
data/genimage/imagenet_ai_0424_sdv5/val/nature/ILSVRC2012_val_00012274.JPEG,0,9.4e-05
data/genimage/imagenet_ai_0424_sdv5/val/nature/ILSVRC2012_val_00012334.JPEG,0,0.000131
data/genimage/imagenet_ai_0424_sdv5/val/nature/ILSVRC2012_val_00012503.JPEG,0,6.7e-05
data/genimage/imagenet_ai_0424_sdv5/val/nature/ILSVRC2012_val_00012504.JPEG,0,0.001692
data/genimage/imagenet_ai_0424_sdv5/val/nature/ILSVRC2012_val_00012547.JPEG,0,0.009408
data/genimage/imagenet_ai_0424_sdv5/val/nature/ILSVRC2012_val_00012600.JPEG,0,0.004214
data/genimage/imagenet_ai_0424_sdv5/val/nature/ILSVRC2012_val_00012693.JPEG,0,0.006727
data/genimage/imagenet_ai_0424_sdv5/val/nature/ILSVRC2012_val_00012863.JPEG,0,0.011284
data/genimage/imagenet_ai_0424_sdv5/val/nature/ILSVRC2012_val_00013008.JPEG,0,0.000493
data/genimage/imagenet_ai_0424_sdv5/val/nature/ILSVRC2012_val_00013072.JPEG,0,9.2e-05
data/genimage/imagenet_ai_0424_sdv5/val/nature/ILSVRC2012_val_00013183.JPEG,0,0.000206
data/genimage/imagenet_ai_0424_sdv5/val/nature/ILSVRC2012_val_00013197.JPEG,0,6e-06
data/genimage/imagenet_ai_0424_sdv5/val/nature/ILSVRC2012_val_00013338.JPEG,0,0.276786
data/genimage/imagenet_ai_0424_sdv5/val/nature/ILSVRC2012_val_00013340.JPEG,0,0.001653
data/genimage/imagenet_ai_0424_sdv5/val/nature/ILSVRC2012_val_00013346.JPEG,0,0.000299
data/genimage/imagenet_ai_0424_sdv5/val/nature/ILSVRC2012_val_00013431.JPEG,0,0.000348
data/genimage/imagenet_ai_0424_sdv5/val/nature/ILSVRC2012_val_00013435.JPEG,0,0.000694
data/genimage/imagenet_ai_0424_sdv5/val/nature/ILSVRC2012_val_00013624.JPEG,0,0.005609
data/genimage/imagenet_ai_0424_sdv5/val/nature/ILSVRC2012_val_00013762.JPEG,0,0.008921
data/genimage/imagenet_ai_0424_sdv5/val/nature/ILSVRC2012_val_00013792.JPEG,0,0.001853
data/genimage/imagenet_ai_0424_sdv5/val/nature/ILSVRC2012_val_00013860.JPEG,0,2e-05
data/genimage/imagenet_ai_0424_sdv5/val/nature/ILSVRC2012_val_00013971.JPEG,0,0.000825
data/genimage/imagenet_ai_0424_sdv5/val/nature/ILSVRC2012_val_00013987.JPEG,0,2.5e-05
data/genimage/imagenet_ai_0424_sdv5/val/nature/ILSVRC2012_val_00013996.JPEG,0,9.3e-05
data/genimage/imagenet_ai_0424_sdv5/val/nature/ILSVRC2012_val_00014009.JPEG,0,0.007949
data/genimage/imagenet_ai_0424_sdv5/val/nature/ILSVRC2012_val_00014283.JPEG,0,8.8e-05
data/genimage/imagenet_ai_0424_sdv5/val/nature/ILSVRC2012_val_00014284.JPEG,0,2e-06
data/genimage/imagenet_ai_0424_sdv5/val/nature/ILSVRC2012_val_00014286.JPEG,0,8.5e-05
data/genimage/imagenet_ai_0424_sdv5/val/nature/ILSVRC2012_val_00014301.JPEG,0,5e-05
data/genimage/imagenet_ai_0424_sdv5/val/nature/ILSVRC2012_val_00014473.JPEG,0,0.009439
data/genimage/imagenet_ai_0424_sdv5/val/nature/ILSVRC2012_val_00014498.JPEG,0,0.076029
data/genimage/imagenet_ai_0424_sdv5/val/nature/ILSVRC2012_val_00014527.JPEG,0,0.000128
data/genimage/imagenet_ai_0424_sdv5/val/nature/ILSVRC2012_val_00014545.JPEG,0,1.9e-05
data/genimage/imagenet_ai_0424_sdv5/val/nature/ILSVRC2012_val_00015162.JPEG,0,8.7e-05
data/genimage/imagenet_ai_0424_sdv5/val/nature/ILSVRC2012_val_00015254.JPEG,0,6e-06
data/genimage/imagenet_ai_0424_sdv5/val/nature/ILSVRC2012_val_00015272.JPEG,0,0.004648
data/genimage/imagenet_ai_0424_sdv5/val/nature/ILSVRC2012_val_00015294.JPEG,0,3e-06
data/genimage/imagenet_ai_0424_sdv5/val/nature/ILSVRC2012_val_00015441.JPEG,0,0.130657
data/genimage/imagenet_ai_0424_sdv5/val/nature/ILSVRC2012_val_00015547.JPEG,0,5e-06
data/genimage/imagenet_ai_0424_sdv5/val/nature/ILSVRC2012_val_00015649.JPEG,0,0.999394
data/genimage/imagenet_ai_0424_sdv5/val/nature/ILSVRC2012_val_00015686.JPEG,0,0.036147
data/genimage/imagenet_ai_0424_sdv5/val/nature/ILSVRC2012_val_00015703.JPEG,0,0.001541
data/genimage/imagenet_ai_0424_sdv5/val/nature/ILSVRC2012_val_00015868.JPEG,0,9e-06
data/genimage/imagenet_ai_0424_sdv5/val/nature/ILSVRC2012_val_00016000.JPEG,0,0.000592
data/genimage/imagenet_ai_0424_sdv5/val/nature/ILSVRC2012_val_00016012.JPEG,0,0.075577
data/genimage/imagenet_ai_0424_sdv5/val/nature/ILSVRC2012_val_00016068.JPEG,0,0.002253
data/genimage/imagenet_ai_0424_sdv5/val/nature/ILSVRC2012_val_00016131.JPEG,0,3.7e-05
data/genimage/imagenet_ai_0424_sdv5/val/nature/ILSVRC2012_val_00016367.JPEG,0,7.9e-05
data/genimage/imagenet_ai_0424_sdv5/val/nature/ILSVRC2012_val_00016692.JPEG,0,0.010717
data/genimage/imagenet_ai_0424_sdv5/val/nature/ILSVRC2012_val_00016757.JPEG,0,1e-06
data/genimage/imagenet_ai_0424_sdv5/val/nature/ILSVRC2012_val_00017134.JPEG,0,4e-06
data/genimage/imagenet_ai_0424_sdv5/val/nature/ILSVRC2012_val_00017453.JPEG,0,3e-06
data/genimage/imagenet_ai_0424_sdv5/val/nature/ILSVRC2012_val_00017458.JPEG,0,2e-06
data/genimage/imagenet_ai_0424_sdv5/val/nature/ILSVRC2012_val_00017603.JPEG,0,0.002255
data/genimage/imagenet_ai_0424_sdv5/val/nature/ILSVRC2012_val_00017872.JPEG,0,0.038799
data/genimage/imagenet_ai_0424_sdv5/val/nature/ILSVRC2012_val_00017881.JPEG,0,4.5e-05
data/genimage/imagenet_ai_0424_sdv5/val/nature/ILSVRC2012_val_00017967.JPEG,0,0.006676
data/genimage/imagenet_ai_0424_sdv5/val/nature/ILSVRC2012_val_00018107.JPEG,0,0.000509
data/genimage/imagenet_ai_0424_sdv5/val/nature/ILSVRC2012_val_00018199.JPEG,0,0.001033
data/genimage/imagenet_ai_0424_sdv5/val/nature/ILSVRC2012_val_00018226.JPEG,0,0.001067
data/genimage/imagenet_ai_0424_sdv5/val/nature/ILSVRC2012_val_00018261.JPEG,0,0.603109
data/genimage/imagenet_ai_0424_sdv5/val/nature/ILSVRC2012_val_00018411.JPEG,0,0.025646
data/genimage/imagenet_ai_0424_sdv5/val/nature/ILSVRC2012_val_00018502.JPEG,0,0.000113
data/genimage/imagenet_ai_0424_sdv5/val/nature/ILSVRC2012_val_00018579.JPEG,0,0.007744
data/genimage/imagenet_ai_0424_sdv5/val/nature/ILSVRC2012_val_00018735.JPEG,0,0.000696
data/genimage/imagenet_ai_0424_sdv5/val/nature/ILSVRC2012_val_00018860.JPEG,0,0.400728
data/genimage/imagenet_ai_0424_sdv5/val/nature/ILSVRC2012_val_00019598.JPEG,0,0.00249
data/genimage/imagenet_ai_0424_sdv5/val/nature/ILSVRC2012_val_00019601.JPEG,0,0.000833
data/genimage/imagenet_ai_0424_sdv5/val/nature/ILSVRC2012_val_00019628.JPEG,0,0.000166
data/genimage/imagenet_ai_0424_sdv5/val/nature/ILSVRC2012_val_00019755.JPEG,0,0.015578
data/genimage/imagenet_ai_0424_sdv5/val/nature/ILSVRC2012_val_00020010.JPEG,0,0.000167
data/genimage/imagenet_ai_0424_sdv5/val/nature/ILSVRC2012_val_00020085.JPEG,0,0.059705
data/genimage/imagenet_ai_0424_sdv5/val/nature/ILSVRC2012_val_00020090.JPEG,0,8e-06
data/genimage/imagenet_ai_0424_sdv5/val/nature/ILSVRC2012_val_00020155.JPEG,0,8.2e-05
data/genimage/imagenet_ai_0424_sdv5/val/nature/ILSVRC2012_val_00020198.JPEG,0,1e-06
data/genimage/imagenet_ai_0424_sdv5/val/nature/ILSVRC2012_val_00020265.JPEG,0,0.000801
data/genimage/imagenet_ai_0424_sdv5/val/nature/ILSVRC2012_val_00020268.JPEG,0,0.115739
data/genimage/imagenet_ai_0424_sdv5/val/nature/ILSVRC2012_val_00020309.JPEG,0,3e-06
data/genimage/imagenet_ai_0424_sdv5/val/nature/ILSVRC2012_val_00020368.JPEG,0,0.001464
data/genimage/imagenet_ai_0424_sdv5/val/nature/ILSVRC2012_val_00020672.JPEG,0,0.039231
data/genimage/imagenet_ai_0424_sdv5/val/nature/ILSVRC2012_val_00020684.JPEG,0,2.8e-05
data/genimage/imagenet_ai_0424_sdv5/val/nature/ILSVRC2012_val_00020759.JPEG,0,0.018157
data/genimage/imagenet_ai_0424_sdv5/val/nature/ILSVRC2012_val_00020862.JPEG,0,1.4e-05
data/genimage/imagenet_ai_0424_sdv5/val/nature/ILSVRC2012_val_00020943.JPEG,0,0.000183
data/genimage/imagenet_ai_0424_sdv5/val/nature/ILSVRC2012_val_00020966.JPEG,0,7.2e-05
data/genimage/imagenet_ai_0424_sdv5/val/nature/ILSVRC2012_val_00021108.JPEG,0,0.00061
data/genimage/imagenet_ai_0424_sdv5/val/nature/ILSVRC2012_val_00021175.JPEG,0,0.000287
data/genimage/imagenet_ai_0424_sdv5/val/nature/ILSVRC2012_val_00021714.JPEG,0,0.000175
data/genimage/imagenet_ai_0424_sdv5/val/nature/ILSVRC2012_val_00021901.JPEG,0,6e-06
data/genimage/imagenet_ai_0424_sdv5/val/nature/ILSVRC2012_val_00021948.JPEG,0,0.003174
data/genimage/imagenet_ai_0424_sdv5/val/nature/ILSVRC2012_val_00022068.JPEG,0,0.003254
data/genimage/imagenet_ai_0424_sdv5/val/nature/ILSVRC2012_val_00022071.JPEG,0,3.5e-05
data/genimage/imagenet_ai_0424_sdv5/val/nature/ILSVRC2012_val_00022176.JPEG,0,0.000188
data/genimage/imagenet_ai_0424_sdv5/val/nature/ILSVRC2012_val_00022340.JPEG,0,0.703185
data/genimage/imagenet_ai_0424_sdv5/val/nature/ILSVRC2012_val_00022530.JPEG,0,6.2e-05
data/genimage/imagenet_ai_0424_sdv5/val/nature/ILSVRC2012_val_00022696.JPEG,0,2e-06
data/genimage/imagenet_ai_0424_sdv5/val/nature/ILSVRC2012_val_00022957.JPEG,0,0.00022
data/genimage/imagenet_ai_0424_sdv5/val/nature/ILSVRC2012_val_00023051.JPEG,0,0.004722
data/genimage/imagenet_ai_0424_sdv5/val/nature/ILSVRC2012_val_00023234.JPEG,0,2.3e-05
data/genimage/imagenet_ai_0424_sdv5/val/nature/ILSVRC2012_val_00023324.JPEG,0,0.011117
data/genimage/imagenet_ai_0424_sdv5/val/nature/ILSVRC2012_val_00023426.JPEG,0,0.001929
data/genimage/imagenet_ai_0424_sdv5/val/nature/ILSVRC2012_val_00023461.JPEG,0,9.3e-05
data/genimage/imagenet_ai_0424_sdv5/val/nature/ILSVRC2012_val_00023473.JPEG,0,4e-05
data/genimage/imagenet_ai_0424_sdv5/val/nature/ILSVRC2012_val_00023607.JPEG,0,0.000168
data/genimage/imagenet_ai_0424_sdv5/val/nature/ILSVRC2012_val_00023978.JPEG,0,0.142639
data/genimage/imagenet_ai_0424_sdv5/val/nature/ILSVRC2012_val_00024132.JPEG,0,0.000612
data/genimage/imagenet_ai_0424_sdv5/val/nature/ILSVRC2012_val_00024159.JPEG,0,0.000301
data/genimage/imagenet_ai_0424_sdv5/val/nature/ILSVRC2012_val_00024278.JPEG,0,0.879296
data/genimage/imagenet_ai_0424_sdv5/val/nature/ILSVRC2012_val_00024360.JPEG,0,0.994165
data/genimage/imagenet_ai_0424_sdv5/val/nature/ILSVRC2012_val_00024400.JPEG,0,1.2e-05
data/genimage/imagenet_ai_0424_sdv5/val/nature/ILSVRC2012_val_00024429.JPEG,0,0.000159
data/genimage/imagenet_ai_0424_sdv5/val/nature/ILSVRC2012_val_00024509.JPEG,0,2.8e-05
data/genimage/imagenet_ai_0424_sdv5/val/nature/ILSVRC2012_val_00024632.JPEG,0,0.003662
data/genimage/imagenet_ai_0424_sdv5/val/nature/ILSVRC2012_val_00024763.JPEG,0,0.006289
data/genimage/imagenet_ai_0424_sdv5/val/nature/ILSVRC2012_val_00024768.JPEG,0,0.000145
data/genimage/imagenet_ai_0424_sdv5/val/nature/ILSVRC2012_val_00024794.JPEG,0,0.400636
data/genimage/imagenet_ai_0424_sdv5/val/nature/ILSVRC2012_val_00024807.JPEG,0,0.002274
data/genimage/imagenet_ai_0424_sdv5/val/nature/ILSVRC2012_val_00024900.JPEG,0,0.79983
data/genimage/imagenet_ai_0424_sdv5/val/nature/ILSVRC2012_val_00025135.JPEG,0,0.058752
data/genimage/imagenet_ai_0424_sdv5/val/nature/ILSVRC2012_val_00025250.JPEG,0,0.108712
data/genimage/imagenet_ai_0424_sdv5/val/nature/ILSVRC2012_val_00025401.JPEG,0,0.029264
data/genimage/imagenet_ai_0424_sdv5/val/nature/ILSVRC2012_val_00025496.JPEG,0,0.460922
data/genimage/imagenet_ai_0424_sdv5/val/nature/ILSVRC2012_val_00025536.JPEG,0,0.008944
data/genimage/imagenet_ai_0424_sdv5/val/nature/ILSVRC2012_val_00025674.JPEG,0,1e-06
data/genimage/imagenet_ai_0424_sdv5/val/nature/ILSVRC2012_val_00025714.JPEG,0,0.0
data/genimage/imagenet_ai_0424_sdv5/val/nature/ILSVRC2012_val_00025809.JPEG,0,0.000398
data/genimage/imagenet_ai_0424_sdv5/val/nature/ILSVRC2012_val_00025857.JPEG,0,0.000112
data/genimage/imagenet_ai_0424_sdv5/val/nature/ILSVRC2012_val_00025943.JPEG,0,0.000966
data/genimage/imagenet_ai_0424_sdv5/val/nature/ILSVRC2012_val_00026008.JPEG,0,0.000124
data/genimage/imagenet_ai_0424_sdv5/val/nature/ILSVRC2012_val_00026212.JPEG,0,0.046157
data/genimage/imagenet_ai_0424_sdv5/val/nature/ILSVRC2012_val_00026512.JPEG,0,3.9e-05
data/genimage/imagenet_ai_0424_sdv5/val/nature/ILSVRC2012_val_00026529.JPEG,0,0.004211
data/genimage/imagenet_ai_0424_sdv5/val/nature/ILSVRC2012_val_00026635.JPEG,0,0.000159
data/genimage/imagenet_ai_0424_sdv5/val/nature/ILSVRC2012_val_00026747.JPEG,0,0.014539
data/genimage/imagenet_ai_0424_sdv5/val/nature/ILSVRC2012_val_00027056.JPEG,0,7e-06
data/genimage/imagenet_ai_0424_sdv5/val/nature/ILSVRC2012_val_00027192.JPEG,0,1.1e-05
data/genimage/imagenet_ai_0424_sdv5/val/nature/ILSVRC2012_val_00027229.JPEG,0,0.002176
data/genimage/imagenet_ai_0424_sdv5/val/nature/ILSVRC2012_val_00027232.JPEG,0,1.3e-05
data/genimage/imagenet_ai_0424_sdv5/val/nature/ILSVRC2012_val_00027256.JPEG,0,5.2e-05
data/genimage/imagenet_ai_0424_sdv5/val/nature/ILSVRC2012_val_00027397.JPEG,0,0.001709
data/genimage/imagenet_ai_0424_sdv5/val/nature/ILSVRC2012_val_00027422.JPEG,0,0.002149
data/genimage/imagenet_ai_0424_sdv5/val/nature/ILSVRC2012_val_00027546.JPEG,0,0.009506
data/genimage/imagenet_ai_0424_sdv5/val/nature/ILSVRC2012_val_00027701.JPEG,0,0.000111
data/genimage/imagenet_ai_0424_sdv5/val/nature/ILSVRC2012_val_00027746.JPEG,0,0.000909
data/genimage/imagenet_ai_0424_sdv5/val/nature/ILSVRC2012_val_00027857.JPEG,0,3e-06
data/genimage/imagenet_ai_0424_sdv5/val/nature/ILSVRC2012_val_00027920.JPEG,0,6e-06
data/genimage/imagenet_ai_0424_sdv5/val/nature/ILSVRC2012_val_00027935.JPEG,0,0.000875
data/genimage/imagenet_ai_0424_sdv5/val/nature/ILSVRC2012_val_00027936.JPEG,0,7.9e-05
data/genimage/imagenet_ai_0424_sdv5/val/nature/ILSVRC2012_val_00027991.JPEG,0,0.000443
data/genimage/imagenet_ai_0424_sdv5/val/nature/ILSVRC2012_val_00028003.JPEG,0,0.003295
data/genimage/imagenet_ai_0424_sdv5/val/nature/ILSVRC2012_val_00028127.JPEG,0,0.046702
data/genimage/imagenet_ai_0424_sdv5/val/nature/ILSVRC2012_val_00028280.JPEG,0,0.000129
data/genimage/imagenet_ai_0424_sdv5/val/nature/ILSVRC2012_val_00028294.JPEG,0,0.005204
data/genimage/imagenet_ai_0424_sdv5/val/nature/ILSVRC2012_val_00028376.JPEG,0,0.021281
data/genimage/imagenet_ai_0424_sdv5/val/nature/ILSVRC2012_val_00028736.JPEG,0,0.000341
data/genimage/imagenet_ai_0424_sdv5/val/nature/ILSVRC2012_val_00028748.JPEG,0,0.000506
data/genimage/imagenet_ai_0424_sdv5/val/nature/ILSVRC2012_val_00028805.JPEG,0,0.005193
data/genimage/imagenet_ai_0424_sdv5/val/nature/ILSVRC2012_val_00028822.JPEG,0,0.000438
data/genimage/imagenet_ai_0424_sdv5/val/nature/ILSVRC2012_val_00028899.JPEG,0,0.002732
data/genimage/imagenet_ai_0424_sdv5/val/nature/ILSVRC2012_val_00028969.JPEG,0,0.036031
data/genimage/imagenet_ai_0424_sdv5/val/nature/ILSVRC2012_val_00029178.JPEG,0,0.000474
data/genimage/imagenet_ai_0424_sdv5/val/nature/ILSVRC2012_val_00029183.JPEG,0,0.001069
data/genimage/imagenet_ai_0424_sdv5/val/nature/ILSVRC2012_val_00029199.JPEG,0,0.001586
data/genimage/imagenet_ai_0424_sdv5/val/nature/ILSVRC2012_val_00029217.JPEG,0,0.000188
data/genimage/imagenet_ai_0424_sdv5/val/nature/ILSVRC2012_val_00029283.JPEG,0,0.00085
data/genimage/imagenet_ai_0424_sdv5/val/nature/ILSVRC2012_val_00029374.JPEG,0,0.003809
data/genimage/imagenet_ai_0424_sdv5/val/nature/ILSVRC2012_val_00029421.JPEG,0,0.004698
data/genimage/imagenet_ai_0424_sdv5/val/nature/ILSVRC2012_val_00029568.JPEG,0,0.003454
data/genimage/imagenet_ai_0424_sdv5/val/nature/ILSVRC2012_val_00029581.JPEG,0,0.000291
data/genimage/imagenet_ai_0424_sdv5/val/nature/ILSVRC2012_val_00029746.JPEG,0,0.024419
data/genimage/imagenet_ai_0424_sdv5/val/nature/ILSVRC2012_val_00029882.JPEG,0,0.009466
data/genimage/imagenet_ai_0424_sdv5/val/nature/ILSVRC2012_val_00030085.JPEG,0,0.307488
data/genimage/imagenet_ai_0424_sdv5/val/nature/ILSVRC2012_val_00030226.JPEG,0,8e-06
data/genimage/imagenet_ai_0424_sdv5/val/nature/ILSVRC2012_val_00030245.JPEG,0,0.0
data/genimage/imagenet_ai_0424_sdv5/val/nature/ILSVRC2012_val_00030403.JPEG,0,0.000103
data/genimage/imagenet_ai_0424_sdv5/val/nature/ILSVRC2012_val_00030880.JPEG,0,8.7e-05
data/genimage/imagenet_ai_0424_sdv5/val/nature/ILSVRC2012_val_00030915.JPEG,0,1.4e-05
data/genimage/imagenet_ai_0424_sdv5/val/nature/ILSVRC2012_val_00030955.JPEG,0,0.030947
data/genimage/imagenet_ai_0424_sdv5/val/nature/ILSVRC2012_val_00031224.JPEG,0,0.005071
data/genimage/imagenet_ai_0424_sdv5/val/nature/ILSVRC2012_val_00031263.JPEG,0,0.000498
data/genimage/imagenet_ai_0424_sdv5/val/nature/ILSVRC2012_val_00031443.JPEG,0,0.003688
data/genimage/imagenet_ai_0424_sdv5/val/nature/ILSVRC2012_val_00031513.JPEG,0,9e-06
data/genimage/imagenet_ai_0424_sdv5/val/nature/ILSVRC2012_val_00031603.JPEG,0,1e-06
data/genimage/imagenet_ai_0424_sdv5/val/nature/ILSVRC2012_val_00031607.JPEG,0,0.000464
data/genimage/imagenet_ai_0424_sdv5/val/nature/ILSVRC2012_val_00031686.JPEG,0,0.023287
data/genimage/imagenet_ai_0424_sdv5/val/nature/ILSVRC2012_val_00031778.JPEG,0,2e-06
data/genimage/imagenet_ai_0424_sdv5/val/nature/ILSVRC2012_val_00031826.JPEG,0,0.390754
data/genimage/imagenet_ai_0424_sdv5/val/nature/ILSVRC2012_val_00031870.JPEG,0,0.001294
data/genimage/imagenet_ai_0424_sdv5/val/nature/ILSVRC2012_val_00031976.JPEG,0,0.012357
data/genimage/imagenet_ai_0424_sdv5/val/nature/ILSVRC2012_val_00032145.JPEG,0,0.006258
data/genimage/imagenet_ai_0424_sdv5/val/nature/ILSVRC2012_val_00032157.JPEG,0,1.4e-05
data/genimage/imagenet_ai_0424_sdv5/val/nature/ILSVRC2012_val_00032240.JPEG,0,0.813318
data/genimage/imagenet_ai_0424_sdv5/val/nature/ILSVRC2012_val_00032266.JPEG,0,0.000477
data/genimage/imagenet_ai_0424_sdv5/val/nature/ILSVRC2012_val_00032270.JPEG,0,0.015002
data/genimage/imagenet_ai_0424_sdv5/val/nature/ILSVRC2012_val_00032287.JPEG,0,0.00037
data/genimage/imagenet_ai_0424_sdv5/val/nature/ILSVRC2012_val_00032495.JPEG,0,0.017309
data/genimage/imagenet_ai_0424_sdv5/val/nature/ILSVRC2012_val_00032623.JPEG,0,4e-06
data/genimage/imagenet_ai_0424_sdv5/val/nature/ILSVRC2012_val_00032649.JPEG,0,0.0004
data/genimage/imagenet_ai_0424_sdv5/val/nature/ILSVRC2012_val_00032727.JPEG,0,1.9e-05
data/genimage/imagenet_ai_0424_sdv5/val/nature/ILSVRC2012_val_00032812.JPEG,0,0.000138
data/genimage/imagenet_ai_0424_sdv5/val/nature/ILSVRC2012_val_00032857.JPEG,0,5e-06
data/genimage/imagenet_ai_0424_sdv5/val/nature/ILSVRC2012_val_00033220.JPEG,0,0.000965
data/genimage/imagenet_ai_0424_sdv5/val/nature/ILSVRC2012_val_00033226.JPEG,0,0.0
data/genimage/imagenet_ai_0424_sdv5/val/nature/ILSVRC2012_val_00033298.JPEG,0,0.156024
data/genimage/imagenet_ai_0424_sdv5/val/nature/ILSVRC2012_val_00033360.JPEG,0,9.2e-05
data/genimage/imagenet_ai_0424_sdv5/val/nature/ILSVRC2012_val_00033418.JPEG,0,0.000141
data/genimage/imagenet_ai_0424_sdv5/val/nature/ILSVRC2012_val_00033529.JPEG,0,3e-06
data/genimage/imagenet_ai_0424_sdv5/val/nature/ILSVRC2012_val_00033671.JPEG,0,0.000119
data/genimage/imagenet_ai_0424_sdv5/val/nature/ILSVRC2012_val_00033676.JPEG,0,0.001707
data/genimage/imagenet_ai_0424_sdv5/val/nature/ILSVRC2012_val_00033693.JPEG,0,0.059554
data/genimage/imagenet_ai_0424_sdv5/val/nature/ILSVRC2012_val_00033746.JPEG,0,1.7e-05
data/genimage/imagenet_ai_0424_sdv5/val/nature/ILSVRC2012_val_00033796.JPEG,0,1e-06
data/genimage/imagenet_ai_0424_sdv5/val/nature/ILSVRC2012_val_00033875.JPEG,0,0.000144
data/genimage/imagenet_ai_0424_sdv5/val/nature/ILSVRC2012_val_00033889.JPEG,0,0.057406
data/genimage/imagenet_ai_0424_sdv5/val/nature/ILSVRC2012_val_00033901.JPEG,0,0.080249
data/genimage/imagenet_ai_0424_sdv5/val/nature/ILSVRC2012_val_00033967.JPEG,0,3e-05
data/genimage/imagenet_ai_0424_sdv5/val/nature/ILSVRC2012_val_00033992.JPEG,0,0.070223
data/genimage/imagenet_ai_0424_sdv5/val/nature/ILSVRC2012_val_00034041.JPEG,0,3.6e-05
data/genimage/imagenet_ai_0424_sdv5/val/nature/ILSVRC2012_val_00034158.JPEG,0,0.092139
data/genimage/imagenet_ai_0424_sdv5/val/nature/ILSVRC2012_val_00034213.JPEG,0,0.000541
data/genimage/imagenet_ai_0424_sdv5/val/nature/ILSVRC2012_val_00034350.JPEG,0,8e-06
data/genimage/imagenet_ai_0424_sdv5/val/nature/ILSVRC2012_val_00034405.JPEG,0,0.000424
data/genimage/imagenet_ai_0424_sdv5/val/nature/ILSVRC2012_val_00034617.JPEG,0,4e-06
data/genimage/imagenet_ai_0424_sdv5/val/nature/ILSVRC2012_val_00034670.JPEG,0,0.000234
data/genimage/imagenet_ai_0424_sdv5/val/nature/ILSVRC2012_val_00034677.JPEG,0,0.000329
data/genimage/imagenet_ai_0424_sdv5/val/nature/ILSVRC2012_val_00034839.JPEG,0,1e-06
data/genimage/imagenet_ai_0424_sdv5/val/nature/ILSVRC2012_val_00035063.JPEG,0,0.008123
data/genimage/imagenet_ai_0424_sdv5/val/nature/ILSVRC2012_val_00035100.JPEG,0,0.003989
data/genimage/imagenet_ai_0424_sdv5/val/nature/ILSVRC2012_val_00035217.JPEG,0,0.998495
data/genimage/imagenet_ai_0424_sdv5/val/nature/ILSVRC2012_val_00035314.JPEG,0,0.000353
data/genimage/imagenet_ai_0424_sdv5/val/nature/ILSVRC2012_val_00035422.JPEG,0,0.001493
data/genimage/imagenet_ai_0424_sdv5/val/nature/ILSVRC2012_val_00035467.JPEG,0,0.000579
data/genimage/imagenet_ai_0424_sdv5/val/nature/ILSVRC2012_val_00035529.JPEG,0,4e-06
data/genimage/imagenet_ai_0424_sdv5/val/nature/ILSVRC2012_val_00035615.JPEG,0,0.004993
data/genimage/imagenet_ai_0424_sdv5/val/nature/ILSVRC2012_val_00035636.JPEG,0,0.000144
data/genimage/imagenet_ai_0424_sdv5/val/nature/ILSVRC2012_val_00035816.JPEG,0,0.007342
data/genimage/imagenet_ai_0424_sdv5/val/nature/ILSVRC2012_val_00035894.JPEG,0,2.5e-05
data/genimage/imagenet_ai_0424_sdv5/val/nature/ILSVRC2012_val_00035981.JPEG,0,0.001305
data/genimage/imagenet_ai_0424_sdv5/val/nature/ILSVRC2012_val_00036133.JPEG,0,0.87097
data/genimage/imagenet_ai_0424_sdv5/val/nature/ILSVRC2012_val_00036173.JPEG,0,4.9e-05
data/genimage/imagenet_ai_0424_sdv5/val/nature/ILSVRC2012_val_00036268.JPEG,0,7e-06
data/genimage/imagenet_ai_0424_sdv5/val/nature/ILSVRC2012_val_00036294.JPEG,0,0.009126
data/genimage/imagenet_ai_0424_sdv5/val/nature/ILSVRC2012_val_00036298.JPEG,0,0.003959
data/genimage/imagenet_ai_0424_sdv5/val/nature/ILSVRC2012_val_00036424.JPEG,0,0.002599
data/genimage/imagenet_ai_0424_sdv5/val/nature/ILSVRC2012_val_00036537.JPEG,0,1.1e-05
data/genimage/imagenet_ai_0424_sdv5/val/nature/ILSVRC2012_val_00036596.JPEG,0,0.001422
data/genimage/imagenet_ai_0424_sdv5/val/nature/ILSVRC2012_val_00036608.JPEG,0,1.1e-05
data/genimage/imagenet_ai_0424_sdv5/val/nature/ILSVRC2012_val_00036694.JPEG,0,0.000389
data/genimage/imagenet_ai_0424_sdv5/val/nature/ILSVRC2012_val_00036697.JPEG,0,1e-06
data/genimage/imagenet_ai_0424_sdv5/val/nature/ILSVRC2012_val_00036774.JPEG,0,0.001766
data/genimage/imagenet_ai_0424_sdv5/val/nature/ILSVRC2012_val_00036834.JPEG,0,0.000239
data/genimage/imagenet_ai_0424_sdv5/val/nature/ILSVRC2012_val_00036865.JPEG,0,3e-06
data/genimage/imagenet_ai_0424_sdv5/val/nature/ILSVRC2012_val_00037144.JPEG,0,0.000153
data/genimage/imagenet_ai_0424_sdv5/val/nature/ILSVRC2012_val_00037212.JPEG,0,0.010965
data/genimage/imagenet_ai_0424_sdv5/val/nature/ILSVRC2012_val_00037230.JPEG,0,9.4e-05
data/genimage/imagenet_ai_0424_sdv5/val/nature/ILSVRC2012_val_00037302.JPEG,0,5e-06
data/genimage/imagenet_ai_0424_sdv5/val/nature/ILSVRC2012_val_00037643.JPEG,0,5.4e-05
data/genimage/imagenet_ai_0424_sdv5/val/nature/ILSVRC2012_val_00037713.JPEG,0,6e-06
data/genimage/imagenet_ai_0424_sdv5/val/nature/ILSVRC2012_val_00037732.JPEG,0,0.129692
data/genimage/imagenet_ai_0424_sdv5/val/nature/ILSVRC2012_val_00037738.JPEG,0,0.000259
data/genimage/imagenet_ai_0424_sdv5/val/nature/ILSVRC2012_val_00037988.JPEG,0,0.000156
data/genimage/imagenet_ai_0424_sdv5/val/nature/ILSVRC2012_val_00038087.JPEG,0,0.000228
data/genimage/imagenet_ai_0424_sdv5/val/nature/ILSVRC2012_val_00038244.JPEG,0,1e-05
data/genimage/imagenet_ai_0424_sdv5/val/nature/ILSVRC2012_val_00038291.JPEG,0,0.002197
data/genimage/imagenet_ai_0424_sdv5/val/nature/ILSVRC2012_val_00038342.JPEG,0,7.9e-05
data/genimage/imagenet_ai_0424_sdv5/val/nature/ILSVRC2012_val_00038399.JPEG,0,2.6e-05
data/genimage/imagenet_ai_0424_sdv5/val/nature/ILSVRC2012_val_00038517.JPEG,0,0.059587
data/genimage/imagenet_ai_0424_sdv5/val/nature/ILSVRC2012_val_00038581.JPEG,0,0.000213
data/genimage/imagenet_ai_0424_sdv5/val/nature/ILSVRC2012_val_00038889.JPEG,0,0.000153
data/genimage/imagenet_ai_0424_sdv5/val/nature/ILSVRC2012_val_00038891.JPEG,0,3.5e-05
data/genimage/imagenet_ai_0424_sdv5/val/nature/ILSVRC2012_val_00038903.JPEG,0,0.013248
data/genimage/imagenet_ai_0424_sdv5/val/nature/ILSVRC2012_val_00039003.JPEG,0,2.4e-05
data/genimage/imagenet_ai_0424_sdv5/val/nature/ILSVRC2012_val_00039057.JPEG,0,0.000136
data/genimage/imagenet_ai_0424_sdv5/val/nature/ILSVRC2012_val_00039077.JPEG,0,3e-06
data/genimage/imagenet_ai_0424_sdv5/val/nature/ILSVRC2012_val_00039125.JPEG,0,0.001732
data/genimage/imagenet_ai_0424_sdv5/val/nature/ILSVRC2012_val_00039157.JPEG,0,0.000336
data/genimage/imagenet_ai_0424_sdv5/val/nature/ILSVRC2012_val_00039158.JPEG,0,0.000194
data/genimage/imagenet_ai_0424_sdv5/val/nature/ILSVRC2012_val_00039353.JPEG,0,3.1e-05
data/genimage/imagenet_ai_0424_sdv5/val/nature/ILSVRC2012_val_00039461.JPEG,0,0.003376
data/genimage/imagenet_ai_0424_sdv5/val/nature/ILSVRC2012_val_00039824.JPEG,0,7.2e-05
data/genimage/imagenet_ai_0424_sdv5/val/nature/ILSVRC2012_val_00039984.JPEG,0,0.6059
data/genimage/imagenet_ai_0424_sdv5/val/nature/ILSVRC2012_val_00040014.JPEG,0,0.000112
data/genimage/imagenet_ai_0424_sdv5/val/nature/ILSVRC2012_val_00040052.JPEG,0,4.5e-05
data/genimage/imagenet_ai_0424_sdv5/val/nature/ILSVRC2012_val_00040099.JPEG,0,2.2e-05
data/genimage/imagenet_ai_0424_sdv5/val/nature/ILSVRC2012_val_00040288.JPEG,0,0.001912
data/genimage/imagenet_ai_0424_sdv5/val/nature/ILSVRC2012_val_00040329.JPEG,0,0.000652
data/genimage/imagenet_ai_0424_sdv5/val/nature/ILSVRC2012_val_00040415.JPEG,0,0.002734
data/genimage/imagenet_ai_0424_sdv5/val/nature/ILSVRC2012_val_00040641.JPEG,0,2.8e-05
data/genimage/imagenet_ai_0424_sdv5/val/nature/ILSVRC2012_val_00041047.JPEG,0,0.002263
data/genimage/imagenet_ai_0424_sdv5/val/nature/ILSVRC2012_val_00041321.JPEG,0,0.000471
data/genimage/imagenet_ai_0424_sdv5/val/nature/ILSVRC2012_val_00041505.JPEG,0,0.000128
data/genimage/imagenet_ai_0424_sdv5/val/nature/ILSVRC2012_val_00041580.JPEG,0,0.051576
data/genimage/imagenet_ai_0424_sdv5/val/nature/ILSVRC2012_val_00041645.JPEG,0,1.5e-05
data/genimage/imagenet_ai_0424_sdv5/val/nature/ILSVRC2012_val_00041705.JPEG,0,0.205165
data/genimage/imagenet_ai_0424_sdv5/val/nature/ILSVRC2012_val_00041736.JPEG,0,0.001024
data/genimage/imagenet_ai_0424_sdv5/val/nature/ILSVRC2012_val_00041886.JPEG,0,8e-06
data/genimage/imagenet_ai_0424_sdv5/val/nature/ILSVRC2012_val_00041906.JPEG,0,0.000553
data/genimage/imagenet_ai_0424_sdv5/val/nature/ILSVRC2012_val_00041945.JPEG,0,3.3e-05
data/genimage/imagenet_ai_0424_sdv5/val/nature/ILSVRC2012_val_00041997.JPEG,0,0.088666
data/genimage/imagenet_ai_0424_sdv5/val/nature/ILSVRC2012_val_00042080.JPEG,0,1.5e-05
data/genimage/imagenet_ai_0424_sdv5/val/nature/ILSVRC2012_val_00042082.JPEG,0,4e-06
data/genimage/imagenet_ai_0424_sdv5/val/nature/ILSVRC2012_val_00042236.JPEG,0,0.001304
data/genimage/imagenet_ai_0424_sdv5/val/nature/ILSVRC2012_val_00042439.JPEG,0,0.001
data/genimage/imagenet_ai_0424_sdv5/val/nature/ILSVRC2012_val_00042542.JPEG,0,3e-06
data/genimage/imagenet_ai_0424_sdv5/val/nature/ILSVRC2012_val_00042865.JPEG,0,0.013336
data/genimage/imagenet_ai_0424_sdv5/val/nature/ILSVRC2012_val_00043003.JPEG,0,0.000577
data/genimage/imagenet_ai_0424_sdv5/val/nature/ILSVRC2012_val_00043070.JPEG,0,0.004013
data/genimage/imagenet_ai_0424_sdv5/val/nature/ILSVRC2012_val_00043328.JPEG,0,0.118661
data/genimage/imagenet_ai_0424_sdv5/val/nature/ILSVRC2012_val_00043384.JPEG,0,0.000177
data/genimage/imagenet_ai_0424_sdv5/val/nature/ILSVRC2012_val_00043398.JPEG,0,0.000114
data/genimage/imagenet_ai_0424_sdv5/val/nature/ILSVRC2012_val_00043573.JPEG,0,0.406575
data/genimage/imagenet_ai_0424_sdv5/val/nature/ILSVRC2012_val_00043579.JPEG,0,0.057445
data/genimage/imagenet_ai_0424_sdv5/val/nature/ILSVRC2012_val_00043678.JPEG,0,0.008005
data/genimage/imagenet_ai_0424_sdv5/val/nature/ILSVRC2012_val_00044013.JPEG,0,8.7e-05
data/genimage/imagenet_ai_0424_sdv5/val/nature/ILSVRC2012_val_00044073.JPEG,0,0.013529
data/genimage/imagenet_ai_0424_sdv5/val/nature/ILSVRC2012_val_00044269.JPEG,0,6e-06
data/genimage/imagenet_ai_0424_sdv5/val/nature/ILSVRC2012_val_00044395.JPEG,0,0.000137
data/genimage/imagenet_ai_0424_sdv5/val/nature/ILSVRC2012_val_00044456.JPEG,0,0.012325
data/genimage/imagenet_ai_0424_sdv5/val/nature/ILSVRC2012_val_00044641.JPEG,0,0.000363
data/genimage/imagenet_ai_0424_sdv5/val/nature/ILSVRC2012_val_00044694.JPEG,0,1e-06
data/genimage/imagenet_ai_0424_sdv5/val/nature/ILSVRC2012_val_00044882.JPEG,0,1.5e-05
data/genimage/imagenet_ai_0424_sdv5/val/nature/ILSVRC2012_val_00045000.JPEG,0,0.000887
data/genimage/imagenet_ai_0424_sdv5/val/nature/ILSVRC2012_val_00045017.JPEG,0,0.00185
data/genimage/imagenet_ai_0424_sdv5/val/nature/ILSVRC2012_val_00045088.JPEG,0,4.2e-05
data/genimage/imagenet_ai_0424_sdv5/val/nature/ILSVRC2012_val_00045583.JPEG,0,0.000243
data/genimage/imagenet_ai_0424_sdv5/val/nature/ILSVRC2012_val_00045662.JPEG,0,0.005014
data/genimage/imagenet_ai_0424_sdv5/val/nature/ILSVRC2012_val_00045755.JPEG,0,2e-06
data/genimage/imagenet_ai_0424_sdv5/val/nature/ILSVRC2012_val_00045892.JPEG,0,0.000331
data/genimage/imagenet_ai_0424_sdv5/val/nature/ILSVRC2012_val_00045939.JPEG,0,1e-06
data/genimage/imagenet_ai_0424_sdv5/val/nature/ILSVRC2012_val_00046079.JPEG,0,1.3e-05
data/genimage/imagenet_ai_0424_sdv5/val/nature/ILSVRC2012_val_00046164.JPEG,0,1.7e-05
data/genimage/imagenet_ai_0424_sdv5/val/nature/ILSVRC2012_val_00046175.JPEG,0,0.0
data/genimage/imagenet_ai_0424_sdv5/val/nature/ILSVRC2012_val_00046191.JPEG,0,6e-05
data/genimage/imagenet_ai_0424_sdv5/val/nature/ILSVRC2012_val_00046265.JPEG,0,0.002026
data/genimage/imagenet_ai_0424_sdv5/val/nature/ILSVRC2012_val_00046369.JPEG,0,0.000129
data/genimage/imagenet_ai_0424_sdv5/val/nature/ILSVRC2012_val_00046438.JPEG,0,0.000542
data/genimage/imagenet_ai_0424_sdv5/val/nature/ILSVRC2012_val_00046486.JPEG,0,0.000166
data/genimage/imagenet_ai_0424_sdv5/val/nature/ILSVRC2012_val_00046570.JPEG,0,0.000224
data/genimage/imagenet_ai_0424_sdv5/val/nature/ILSVRC2012_val_00046641.JPEG,0,0.003867
data/genimage/imagenet_ai_0424_sdv5/val/nature/ILSVRC2012_val_00046838.JPEG,0,0.001495
data/genimage/imagenet_ai_0424_sdv5/val/nature/ILSVRC2012_val_00046848.JPEG,0,0.007762
data/genimage/imagenet_ai_0424_sdv5/val/nature/ILSVRC2012_val_00046858.JPEG,0,0.00114
data/genimage/imagenet_ai_0424_sdv5/val/nature/ILSVRC2012_val_00046877.JPEG,0,5.4e-05
data/genimage/imagenet_ai_0424_sdv5/val/nature/ILSVRC2012_val_00046893.JPEG,0,0.000668
data/genimage/imagenet_ai_0424_sdv5/val/nature/ILSVRC2012_val_00046903.JPEG,0,0.005159
data/genimage/imagenet_ai_0424_sdv5/val/nature/ILSVRC2012_val_00046989.JPEG,0,0.000213
data/genimage/imagenet_ai_0424_sdv5/val/nature/ILSVRC2012_val_00047080.JPEG,0,0.009361
data/genimage/imagenet_ai_0424_sdv5/val/nature/ILSVRC2012_val_00047134.JPEG,0,0.000124
data/genimage/imagenet_ai_0424_sdv5/val/nature/ILSVRC2012_val_00047141.JPEG,0,0.02501
data/genimage/imagenet_ai_0424_sdv5/val/nature/ILSVRC2012_val_00047146.JPEG,0,1e-05
data/genimage/imagenet_ai_0424_sdv5/val/nature/ILSVRC2012_val_00047225.JPEG,0,1.5e-05
data/genimage/imagenet_ai_0424_sdv5/val/nature/ILSVRC2012_val_00047245.JPEG,0,0.003115
data/genimage/imagenet_ai_0424_sdv5/val/nature/ILSVRC2012_val_00047524.JPEG,0,0.000189
data/genimage/imagenet_ai_0424_sdv5/val/nature/ILSVRC2012_val_00047823.JPEG,0,7e-06
data/genimage/imagenet_ai_0424_sdv5/val/nature/ILSVRC2012_val_00047845.JPEG,0,1.2e-05
data/genimage/imagenet_ai_0424_sdv5/val/nature/ILSVRC2012_val_00047899.JPEG,0,1.1e-05
data/genimage/imagenet_ai_0424_sdv5/val/nature/ILSVRC2012_val_00048200.JPEG,0,9e-06
data/genimage/imagenet_ai_0424_sdv5/val/nature/ILSVRC2012_val_00048208.JPEG,0,6e-06
data/genimage/imagenet_ai_0424_sdv5/val/nature/ILSVRC2012_val_00048238.JPEG,0,1e-06
data/genimage/imagenet_ai_0424_sdv5/val/nature/ILSVRC2012_val_00048404.JPEG,0,0.004856
data/genimage/imagenet_ai_0424_sdv5/val/nature/ILSVRC2012_val_00048558.JPEG,0,4e-05
data/genimage/imagenet_ai_0424_sdv5/val/nature/ILSVRC2012_val_00048665.JPEG,0,7e-06
data/genimage/imagenet_ai_0424_sdv5/val/nature/ILSVRC2012_val_00048781.JPEG,0,0.158039
data/genimage/imagenet_ai_0424_sdv5/val/nature/ILSVRC2012_val_00048817.JPEG,0,5e-06
data/genimage/imagenet_ai_0424_sdv5/val/nature/ILSVRC2012_val_00048837.JPEG,0,0.002129
data/genimage/imagenet_ai_0424_sdv5/val/nature/ILSVRC2012_val_00048844.JPEG,0,0.009006
data/genimage/imagenet_ai_0424_sdv5/val/nature/ILSVRC2012_val_00048905.JPEG,0,1e-06
data/genimage/imagenet_ai_0424_sdv5/val/nature/ILSVRC2012_val_00048924.JPEG,0,6.1e-05
data/genimage/imagenet_ai_0424_sdv5/val/nature/ILSVRC2012_val_00049173.JPEG,0,2.5e-05
data/genimage/imagenet_ai_0424_sdv5/val/nature/ILSVRC2012_val_00049240.JPEG,0,0.003426
data/genimage/imagenet_ai_0424_sdv5/val/nature/ILSVRC2012_val_00049270.JPEG,0,0.023051
data/genimage/imagenet_ai_0424_sdv5/val/nature/ILSVRC2012_val_00049512.JPEG,0,0.000118
data/genimage/imagenet_ai_0424_sdv5/val/nature/ILSVRC2012_val_00049560.JPEG,0,0.044311
data/genimage/imagenet_ai_0424_sdv5/val/nature/ILSVRC2012_val_00049766.JPEG,0,0.00264
data/genimage/imagenet_ai_0424_sdv5/val/nature/ILSVRC2012_val_00049940.JPEG,0,1e-06
data/genimage/imagenet_ai_0424_sdv5/val/nature/ILSVRC2012_val_00049950.JPEG,0,0.014891
data/genimage/imagenet_ai_0424_wukong/val/ai/102_wukong_image88.png,1,0.99995
data/genimage/imagenet_ai_0424_wukong/val/ai/103_wukong_image128.png,1,0.999451
data/genimage/imagenet_ai_0424_wukong/val/ai/104_wukong_image198.png,1,0.937715
data/genimage/imagenet_ai_0424_wukong/val/ai/106_wukong_image198.png,1,0.991155
data/genimage/imagenet_ai_0424_wukong/val/ai/106_wukong_image86.png,1,0.997503
data/genimage/imagenet_ai_0424_wukong/val/ai/108_wukong_image188.png,1,0.998979
data/genimage/imagenet_ai_0424_wukong/val/ai/111_wukong_image61.png,1,0.568884
data/genimage/imagenet_ai_0424_wukong/val/ai/115_wukong_image128.png,1,0.996534
data/genimage/imagenet_ai_0424_wukong/val/ai/117_wukong_image61.png,1,0.987575
data/genimage/imagenet_ai_0424_wukong/val/ai/118_wukong_image188.png,1,1.0
data/genimage/imagenet_ai_0424_wukong/val/ai/119_wukong_image128.png,1,0.886126
data/genimage/imagenet_ai_0424_wukong/val/ai/119_wukong_image86.png,1,0.999998
data/genimage/imagenet_ai_0424_wukong/val/ai/120_wukong_image86.png,1,0.999981
data/genimage/imagenet_ai_0424_wukong/val/ai/122_wukong_image198.png,1,0.999934
data/genimage/imagenet_ai_0424_wukong/val/ai/123_wukong_image128.png,1,0.998609
data/genimage/imagenet_ai_0424_wukong/val/ai/123_wukong_image61.png,1,0.825454
data/genimage/imagenet_ai_0424_wukong/val/ai/125_wukong_image198.png,1,0.307211
data/genimage/imagenet_ai_0424_wukong/val/ai/125_wukong_image61.png,1,0.999969
data/genimage/imagenet_ai_0424_wukong/val/ai/126_wukong_image128.png,1,0.99978
data/genimage/imagenet_ai_0424_wukong/val/ai/128_wukong_image128.png,1,0.98975
data/genimage/imagenet_ai_0424_wukong/val/ai/129_wukong_image188.png,1,0.999999
data/genimage/imagenet_ai_0424_wukong/val/ai/129_wukong_image61.png,1,0.969914
data/genimage/imagenet_ai_0424_wukong/val/ai/12_wukong_image198.png,1,0.999749
data/genimage/imagenet_ai_0424_wukong/val/ai/131_wukong_image188.png,1,0.992736
data/genimage/imagenet_ai_0424_wukong/val/ai/134_wukong_image198.png,1,0.999395
data/genimage/imagenet_ai_0424_wukong/val/ai/137_wukong_image61.png,1,0.999965
data/genimage/imagenet_ai_0424_wukong/val/ai/13_wukong_image188.png,1,0.988997
data/genimage/imagenet_ai_0424_wukong/val/ai/140_wukong_image198.png,1,0.793817
data/genimage/imagenet_ai_0424_wukong/val/ai/141_wukong_image198.png,1,0.996419
data/genimage/imagenet_ai_0424_wukong/val/ai/142_wukong_image128.png,1,0.999887
data/genimage/imagenet_ai_0424_wukong/val/ai/143_wukong_image198.png,1,0.905818
data/genimage/imagenet_ai_0424_wukong/val/ai/143_wukong_image86.png,1,0.999954
data/genimage/imagenet_ai_0424_wukong/val/ai/144_wukong_image198.png,1,0.997808
data/genimage/imagenet_ai_0424_wukong/val/ai/145_wukong_image61.png,1,0.965732
data/genimage/imagenet_ai_0424_wukong/val/ai/146_wukong_image86.png,1,0.999451
data/genimage/imagenet_ai_0424_wukong/val/ai/148_wukong_image86.png,1,0.803324
data/genimage/imagenet_ai_0424_wukong/val/ai/151_wukong_image198.png,1,0.992591
data/genimage/imagenet_ai_0424_wukong/val/ai/152_wukong_image86.png,1,0.985434
data/genimage/imagenet_ai_0424_wukong/val/ai/155_wukong_image88.png,1,0.999999
data/genimage/imagenet_ai_0424_wukong/val/ai/156_wukong_image88.png,1,0.999726
data/genimage/imagenet_ai_0424_wukong/val/ai/158_wukong_image88.png,1,0.99986
data/genimage/imagenet_ai_0424_wukong/val/ai/159_wukong_image128.png,1,0.999979
data/genimage/imagenet_ai_0424_wukong/val/ai/159_wukong_image61.png,1,0.999995
data/genimage/imagenet_ai_0424_wukong/val/ai/160_wukong_image88.png,1,0.999997
data/genimage/imagenet_ai_0424_wukong/val/ai/163_wukong_image61.png,1,1.0
data/genimage/imagenet_ai_0424_wukong/val/ai/164_wukong_image188.png,1,0.999574
data/genimage/imagenet_ai_0424_wukong/val/ai/164_wukong_image88.png,1,1.0
data/genimage/imagenet_ai_0424_wukong/val/ai/166_wukong_image198.png,1,0.999971
data/genimage/imagenet_ai_0424_wukong/val/ai/168_wukong_image128.png,1,0.999939
data/genimage/imagenet_ai_0424_wukong/val/ai/173_wukong_image61.png,1,0.999997
data/genimage/imagenet_ai_0424_wukong/val/ai/176_wukong_image198.png,1,0.5135
data/genimage/imagenet_ai_0424_wukong/val/ai/177_wukong_image198.png,1,0.999997
data/genimage/imagenet_ai_0424_wukong/val/ai/178_wukong_image128.png,1,0.994843
data/genimage/imagenet_ai_0424_wukong/val/ai/179_wukong_image198.png,1,0.999999
data/genimage/imagenet_ai_0424_wukong/val/ai/179_wukong_image61.png,1,0.999998
data/genimage/imagenet_ai_0424_wukong/val/ai/17_wukong_image86.png,1,0.99988
data/genimage/imagenet_ai_0424_wukong/val/ai/181_wukong_image61.png,1,0.99945
data/genimage/imagenet_ai_0424_wukong/val/ai/182_wukong_image86.png,1,0.955993
data/genimage/imagenet_ai_0424_wukong/val/ai/184_wukong_image188.png,1,0.999916
data/genimage/imagenet_ai_0424_wukong/val/ai/184_wukong_image88.png,1,1.0
data/genimage/imagenet_ai_0424_wukong/val/ai/187_wukong_image86.png,1,0.999749
data/genimage/imagenet_ai_0424_wukong/val/ai/189_wukong_image198.png,1,0.999161
data/genimage/imagenet_ai_0424_wukong/val/ai/18_wukong_image198.png,1,0.99999
data/genimage/imagenet_ai_0424_wukong/val/ai/197_wukong_image198.png,1,0.999981
data/genimage/imagenet_ai_0424_wukong/val/ai/198_wukong_image198.png,1,0.999948
data/genimage/imagenet_ai_0424_wukong/val/ai/201_wukong_image128.png,1,0.999963
data/genimage/imagenet_ai_0424_wukong/val/ai/202_wukong_image88.png,1,0.999998
data/genimage/imagenet_ai_0424_wukong/val/ai/205_wukong_image188.png,1,0.922396
data/genimage/imagenet_ai_0424_wukong/val/ai/205_wukong_image88.png,1,0.999969
data/genimage/imagenet_ai_0424_wukong/val/ai/211_wukong_image188.png,1,0.999958
data/genimage/imagenet_ai_0424_wukong/val/ai/211_wukong_image61.png,1,0.999961
data/genimage/imagenet_ai_0424_wukong/val/ai/212_wukong_image61.png,1,0.999999
data/genimage/imagenet_ai_0424_wukong/val/ai/212_wukong_image86.png,1,0.999046
data/genimage/imagenet_ai_0424_wukong/val/ai/215_wukong_image88.png,1,0.999845
data/genimage/imagenet_ai_0424_wukong/val/ai/216_wukong_image188.png,1,0.999977
data/genimage/imagenet_ai_0424_wukong/val/ai/216_wukong_image61.png,1,1.0
data/genimage/imagenet_ai_0424_wukong/val/ai/219_wukong_image188.png,1,0.999999
data/genimage/imagenet_ai_0424_wukong/val/ai/220_wukong_image88.png,1,0.999961
data/genimage/imagenet_ai_0424_wukong/val/ai/222_wukong_image128.png,1,0.881897
data/genimage/imagenet_ai_0424_wukong/val/ai/222_wukong_image198.png,1,0.999999
data/genimage/imagenet_ai_0424_wukong/val/ai/224_wukong_image86.png,1,0.999967
data/genimage/imagenet_ai_0424_wukong/val/ai/228_wukong_image188.png,1,0.999928
data/genimage/imagenet_ai_0424_wukong/val/ai/229_wukong_image128.png,1,0.999999
data/genimage/imagenet_ai_0424_wukong/val/ai/230_wukong_image198.png,1,0.999946
data/genimage/imagenet_ai_0424_wukong/val/ai/230_wukong_image61.png,1,1.0
data/genimage/imagenet_ai_0424_wukong/val/ai/232_wukong_image188.png,1,0.999986
data/genimage/imagenet_ai_0424_wukong/val/ai/232_wukong_image88.png,1,0.999659
data/genimage/imagenet_ai_0424_wukong/val/ai/236_wukong_image88.png,1,0.999999
data/genimage/imagenet_ai_0424_wukong/val/ai/241_wukong_image128.png,1,0.99999
data/genimage/imagenet_ai_0424_wukong/val/ai/243_wukong_image86.png,1,0.983193
data/genimage/imagenet_ai_0424_wukong/val/ai/245_wukong_image88.png,1,0.998871
data/genimage/imagenet_ai_0424_wukong/val/ai/24_wukong_image88.png,1,0.999015
data/genimage/imagenet_ai_0424_wukong/val/ai/253_wukong_image61.png,1,0.999986
data/genimage/imagenet_ai_0424_wukong/val/ai/254_wukong_image128.png,1,0.999998
data/genimage/imagenet_ai_0424_wukong/val/ai/255_wukong_image188.png,1,0.999988
data/genimage/imagenet_ai_0424_wukong/val/ai/255_wukong_image61.png,1,0.999996
data/genimage/imagenet_ai_0424_wukong/val/ai/25_wukong_image188.png,1,0.999258
data/genimage/imagenet_ai_0424_wukong/val/ai/263_wukong_image128.png,1,0.999999
data/genimage/imagenet_ai_0424_wukong/val/ai/264_wukong_image61.png,1,0.999992
data/genimage/imagenet_ai_0424_wukong/val/ai/265_wukong_image86.png,1,1.0
data/genimage/imagenet_ai_0424_wukong/val/ai/268_wukong_image188.png,1,0.858491
data/genimage/imagenet_ai_0424_wukong/val/ai/26_wukong_image86.png,1,0.995697
data/genimage/imagenet_ai_0424_wukong/val/ai/270_wukong_image188.png,1,0.052284
data/genimage/imagenet_ai_0424_wukong/val/ai/272_wukong_image86.png,1,0.997114
data/genimage/imagenet_ai_0424_wukong/val/ai/274_wukong_image61.png,1,0.998372
data/genimage/imagenet_ai_0424_wukong/val/ai/275_wukong_image61.png,1,0.865348
data/genimage/imagenet_ai_0424_wukong/val/ai/276_wukong_image198.png,1,0.87983
data/genimage/imagenet_ai_0424_wukong/val/ai/277_wukong_image128.png,1,1.0
data/genimage/imagenet_ai_0424_wukong/val/ai/278_wukong_image86.png,1,0.99995
data/genimage/imagenet_ai_0424_wukong/val/ai/279_wukong_image188.png,1,0.999996
data/genimage/imagenet_ai_0424_wukong/val/ai/283_wukong_image61.png,1,0.998958
data/genimage/imagenet_ai_0424_wukong/val/ai/283_wukong_image86.png,1,0.999998
data/genimage/imagenet_ai_0424_wukong/val/ai/285_wukong_image88.png,1,0.999997
data/genimage/imagenet_ai_0424_wukong/val/ai/286_wukong_image128.png,1,0.999992
data/genimage/imagenet_ai_0424_wukong/val/ai/288_wukong_image128.png,1,1.0
data/genimage/imagenet_ai_0424_wukong/val/ai/288_wukong_image188.png,1,0.999985
data/genimage/imagenet_ai_0424_wukong/val/ai/289_wukong_image128.png,1,0.999019
data/genimage/imagenet_ai_0424_wukong/val/ai/28_wukong_image61.png,1,0.999243
data/genimage/imagenet_ai_0424_wukong/val/ai/292_wukong_image61.png,1,0.99991
data/genimage/imagenet_ai_0424_wukong/val/ai/294_wukong_image86.png,1,0.999899
data/genimage/imagenet_ai_0424_wukong/val/ai/295_wukong_image88.png,1,0.997589
data/genimage/imagenet_ai_0424_wukong/val/ai/297_wukong_image61.png,1,0.999993
data/genimage/imagenet_ai_0424_wukong/val/ai/298_wukong_image188.png,1,0.999863
data/genimage/imagenet_ai_0424_wukong/val/ai/298_wukong_image198.png,1,0.999944
data/genimage/imagenet_ai_0424_wukong/val/ai/307_wukong_image188.png,1,0.999851
data/genimage/imagenet_ai_0424_wukong/val/ai/309_wukong_image188.png,1,0.998562
data/genimage/imagenet_ai_0424_wukong/val/ai/30_wukong_image61.png,1,0.997886
data/genimage/imagenet_ai_0424_wukong/val/ai/311_wukong_image88.png,1,0.999899
data/genimage/imagenet_ai_0424_wukong/val/ai/312_wukong_image86.png,1,0.961496
data/genimage/imagenet_ai_0424_wukong/val/ai/314_wukong_image188.png,1,0.972474
data/genimage/imagenet_ai_0424_wukong/val/ai/315_wukong_image86.png,1,0.999995
data/genimage/imagenet_ai_0424_wukong/val/ai/316_wukong_image86.png,1,0.999429
data/genimage/imagenet_ai_0424_wukong/val/ai/31_wukong_image128.png,1,0.999962
data/genimage/imagenet_ai_0424_wukong/val/ai/31_wukong_image61.png,1,0.999067
data/genimage/imagenet_ai_0424_wukong/val/ai/320_wukong_image188.png,1,0.999989
data/genimage/imagenet_ai_0424_wukong/val/ai/320_wukong_image86.png,1,0.999987
data/genimage/imagenet_ai_0424_wukong/val/ai/322_wukong_image198.png,1,0.938561
data/genimage/imagenet_ai_0424_wukong/val/ai/326_wukong_image128.png,1,0.999969
data/genimage/imagenet_ai_0424_wukong/val/ai/333_wukong_image61.png,1,0.006798
data/genimage/imagenet_ai_0424_wukong/val/ai/334_wukong_image128.png,1,0.996908
data/genimage/imagenet_ai_0424_wukong/val/ai/334_wukong_image188.png,1,0.999482
data/genimage/imagenet_ai_0424_wukong/val/ai/335_wukong_image61.png,1,0.999359
data/genimage/imagenet_ai_0424_wukong/val/ai/337_wukong_image61.png,1,1.0
data/genimage/imagenet_ai_0424_wukong/val/ai/337_wukong_image88.png,1,0.999997
data/genimage/imagenet_ai_0424_wukong/val/ai/339_wukong_image188.png,1,0.996059
data/genimage/imagenet_ai_0424_wukong/val/ai/344_wukong_image86.png,1,1.0
data/genimage/imagenet_ai_0424_wukong/val/ai/345_wukong_image188.png,1,0.99999
data/genimage/imagenet_ai_0424_wukong/val/ai/347_wukong_image86.png,1,0.999487
data/genimage/imagenet_ai_0424_wukong/val/ai/348_wukong_image61.png,1,0.999835
data/genimage/imagenet_ai_0424_wukong/val/ai/349_wukong_image198.png,1,0.991547
data/genimage/imagenet_ai_0424_wukong/val/ai/34_wukong_image61.png,1,0.997082
data/genimage/imagenet_ai_0424_wukong/val/ai/350_wukong_image128.png,1,0.999987
data/genimage/imagenet_ai_0424_wukong/val/ai/350_wukong_image88.png,1,0.999988
data/genimage/imagenet_ai_0424_wukong/val/ai/353_wukong_image61.png,1,0.049542
data/genimage/imagenet_ai_0424_wukong/val/ai/354_wukong_image86.png,1,0.998779
data/genimage/imagenet_ai_0424_wukong/val/ai/355_wukong_image128.png,1,0.792214
data/genimage/imagenet_ai_0424_wukong/val/ai/355_wukong_image188.png,1,0.874313
data/genimage/imagenet_ai_0424_wukong/val/ai/357_wukong_image188.png,1,0.999858
data/genimage/imagenet_ai_0424_wukong/val/ai/358_wukong_image128.png,1,0.999366
data/genimage/imagenet_ai_0424_wukong/val/ai/359_wukong_image188.png,1,0.997677
data/genimage/imagenet_ai_0424_wukong/val/ai/360_wukong_image188.png,1,0.999969
data/genimage/imagenet_ai_0424_wukong/val/ai/360_wukong_image86.png,1,0.999888
data/genimage/imagenet_ai_0424_wukong/val/ai/363_wukong_image198.png,1,0.99998
data/genimage/imagenet_ai_0424_wukong/val/ai/363_wukong_image88.png,1,0.064132
data/genimage/imagenet_ai_0424_wukong/val/ai/365_wukong_image61.png,1,0.999981
data/genimage/imagenet_ai_0424_wukong/val/ai/366_wukong_image61.png,1,0.992333
data/genimage/imagenet_ai_0424_wukong/val/ai/366_wukong_image88.png,1,0.999991
data/genimage/imagenet_ai_0424_wukong/val/ai/367_wukong_image61.png,1,0.999997
data/genimage/imagenet_ai_0424_wukong/val/ai/369_wukong_image128.png,1,0.999997
data/genimage/imagenet_ai_0424_wukong/val/ai/369_wukong_image188.png,1,0.999985
data/genimage/imagenet_ai_0424_wukong/val/ai/369_wukong_image88.png,1,0.999215
data/genimage/imagenet_ai_0424_wukong/val/ai/371_wukong_image128.png,1,0.996173
data/genimage/imagenet_ai_0424_wukong/val/ai/371_wukong_image61.png,1,0.999998
data/genimage/imagenet_ai_0424_wukong/val/ai/375_wukong_image88.png,1,0.999994
data/genimage/imagenet_ai_0424_wukong/val/ai/376_wukong_image188.png,1,0.999922
data/genimage/imagenet_ai_0424_wukong/val/ai/376_wukong_image88.png,1,0.999978
data/genimage/imagenet_ai_0424_wukong/val/ai/379_wukong_image198.png,1,0.999992
data/genimage/imagenet_ai_0424_wukong/val/ai/381_wukong_image198.png,1,0.999996
data/genimage/imagenet_ai_0424_wukong/val/ai/384_wukong_image188.png,1,0.999116
data/genimage/imagenet_ai_0424_wukong/val/ai/385_wukong_image188.png,1,0.999276
data/genimage/imagenet_ai_0424_wukong/val/ai/388_wukong_image61.png,1,0.999228
data/genimage/imagenet_ai_0424_wukong/val/ai/389_wukong_image128.png,1,0.998402
data/genimage/imagenet_ai_0424_wukong/val/ai/390_wukong_image198.png,1,0.999948
data/genimage/imagenet_ai_0424_wukong/val/ai/390_wukong_image86.png,1,0.99852
data/genimage/imagenet_ai_0424_wukong/val/ai/392_wukong_image86.png,1,0.99997
data/genimage/imagenet_ai_0424_wukong/val/ai/394_wukong_image86.png,1,0.999945
data/genimage/imagenet_ai_0424_wukong/val/ai/396_wukong_image128.png,1,0.859753
data/genimage/imagenet_ai_0424_wukong/val/ai/400_wukong_image188.png,1,0.754023
data/genimage/imagenet_ai_0424_wukong/val/ai/400_wukong_image61.png,1,1.0
data/genimage/imagenet_ai_0424_wukong/val/ai/401_wukong_image61.png,1,0.999636
data/genimage/imagenet_ai_0424_wukong/val/ai/403_wukong_image188.png,1,0.999741
data/genimage/imagenet_ai_0424_wukong/val/ai/403_wukong_image88.png,1,0.992446
data/genimage/imagenet_ai_0424_wukong/val/ai/404_wukong_image188.png,1,0.99924
data/genimage/imagenet_ai_0424_wukong/val/ai/406_wukong_image88.png,1,0.959945
data/genimage/imagenet_ai_0424_wukong/val/ai/407_wukong_image188.png,1,0.99998
data/genimage/imagenet_ai_0424_wukong/val/ai/408_wukong_image61.png,1,0.995801
data/genimage/imagenet_ai_0424_wukong/val/ai/40_wukong_image198.png,1,0.998916
data/genimage/imagenet_ai_0424_wukong/val/ai/40_wukong_image61.png,1,0.999992
data/genimage/imagenet_ai_0424_wukong/val/ai/413_wukong_image61.png,1,0.156145
data/genimage/imagenet_ai_0424_wukong/val/ai/413_wukong_image86.png,1,0.977026
data/genimage/imagenet_ai_0424_wukong/val/ai/41_wukong_image188.png,1,0.999991
data/genimage/imagenet_ai_0424_wukong/val/ai/421_wukong_image188.png,1,0.555609
data/genimage/imagenet_ai_0424_wukong/val/ai/421_wukong_image61.png,1,0.995579
data/genimage/imagenet_ai_0424_wukong/val/ai/421_wukong_image88.png,1,0.995212
data/genimage/imagenet_ai_0424_wukong/val/ai/424_wukong_image86.png,1,0.998664
data/genimage/imagenet_ai_0424_wukong/val/ai/424_wukong_image88.png,1,0.998163
data/genimage/imagenet_ai_0424_wukong/val/ai/427_wukong_image86.png,1,0.980478
data/genimage/imagenet_ai_0424_wukong/val/ai/428_wukong_image88.png,1,0.999751
data/genimage/imagenet_ai_0424_wukong/val/ai/42_wukong_image198.png,1,0.999974
data/genimage/imagenet_ai_0424_wukong/val/ai/432_wukong_image128.png,1,0.997036
data/genimage/imagenet_ai_0424_wukong/val/ai/433_wukong_image86.png,1,0.994367
data/genimage/imagenet_ai_0424_wukong/val/ai/433_wukong_image88.png,1,0.983248
data/genimage/imagenet_ai_0424_wukong/val/ai/438_wukong_image86.png,1,0.999999
data/genimage/imagenet_ai_0424_wukong/val/ai/43_wukong_image128.png,1,0.999084
data/genimage/imagenet_ai_0424_wukong/val/ai/441_wukong_image88.png,1,0.999651
data/genimage/imagenet_ai_0424_wukong/val/ai/444_wukong_image128.png,1,0.979472
data/genimage/imagenet_ai_0424_wukong/val/ai/444_wukong_image88.png,1,0.034457
data/genimage/imagenet_ai_0424_wukong/val/ai/446_wukong_image188.png,1,0.999559
data/genimage/imagenet_ai_0424_wukong/val/ai/446_wukong_image198.png,1,0.999765
data/genimage/imagenet_ai_0424_wukong/val/ai/450_wukong_image88.png,1,0.999395
data/genimage/imagenet_ai_0424_wukong/val/ai/451_wukong_image188.png,1,0.998623
data/genimage/imagenet_ai_0424_wukong/val/ai/451_wukong_image198.png,1,0.999855
data/genimage/imagenet_ai_0424_wukong/val/ai/455_wukong_image86.png,1,0.999412
data/genimage/imagenet_ai_0424_wukong/val/ai/456_wukong_image198.png,1,1.0
data/genimage/imagenet_ai_0424_wukong/val/ai/457_wukong_image188.png,1,0.997562
data/genimage/imagenet_ai_0424_wukong/val/ai/457_wukong_image198.png,1,0.983325
data/genimage/imagenet_ai_0424_wukong/val/ai/457_wukong_image86.png,1,0.983834
data/genimage/imagenet_ai_0424_wukong/val/ai/458_wukong_image198.png,1,0.130255
data/genimage/imagenet_ai_0424_wukong/val/ai/465_wukong_image128.png,1,0.999345
data/genimage/imagenet_ai_0424_wukong/val/ai/467_wukong_image86.png,1,0.201549
data/genimage/imagenet_ai_0424_wukong/val/ai/470_wukong_image88.png,1,0.985285
data/genimage/imagenet_ai_0424_wukong/val/ai/473_wukong_image86.png,1,0.708932
data/genimage/imagenet_ai_0424_wukong/val/ai/475_wukong_image86.png,1,0.999589
data/genimage/imagenet_ai_0424_wukong/val/ai/477_wukong_image128.png,1,0.998985
data/genimage/imagenet_ai_0424_wukong/val/ai/479_wukong_image88.png,1,0.999997
data/genimage/imagenet_ai_0424_wukong/val/ai/47_wukong_image128.png,1,0.999987
data/genimage/imagenet_ai_0424_wukong/val/ai/483_wukong_image86.png,1,0.904847
data/genimage/imagenet_ai_0424_wukong/val/ai/483_wukong_image88.png,1,0.385113
data/genimage/imagenet_ai_0424_wukong/val/ai/490_wukong_image86.png,1,0.987589
data/genimage/imagenet_ai_0424_wukong/val/ai/491_wukong_image61.png,1,0.991825
data/genimage/imagenet_ai_0424_wukong/val/ai/494_wukong_image88.png,1,0.958534
data/genimage/imagenet_ai_0424_wukong/val/ai/496_wukong_image61.png,1,0.152625
data/genimage/imagenet_ai_0424_wukong/val/ai/498_wukong_image128.png,1,0.999736
data/genimage/imagenet_ai_0424_wukong/val/ai/498_wukong_image198.png,1,0.8654
data/genimage/imagenet_ai_0424_wukong/val/ai/498_wukong_image86.png,1,0.999989
data/genimage/imagenet_ai_0424_wukong/val/ai/4_wukong_image188.png,1,0.992072
data/genimage/imagenet_ai_0424_wukong/val/ai/501_wukong_image61.png,1,0.998892
data/genimage/imagenet_ai_0424_wukong/val/ai/502_wukong_image198.png,1,0.99997
data/genimage/imagenet_ai_0424_wukong/val/ai/505_wukong_image198.png,1,1.0
data/genimage/imagenet_ai_0424_wukong/val/ai/506_wukong_image188.png,1,0.998767
data/genimage/imagenet_ai_0424_wukong/val/ai/510_wukong_image86.png,1,0.967122
data/genimage/imagenet_ai_0424_wukong/val/ai/513_wukong_image188.png,1,0.937296
data/genimage/imagenet_ai_0424_wukong/val/ai/514_wukong_image188.png,1,0.982264
data/genimage/imagenet_ai_0424_wukong/val/ai/514_wukong_image86.png,1,0.578919
data/genimage/imagenet_ai_0424_wukong/val/ai/516_wukong_image188.png,1,0.000751
data/genimage/imagenet_ai_0424_wukong/val/ai/516_wukong_image86.png,1,0.999875
data/genimage/imagenet_ai_0424_wukong/val/ai/52_wukong_image128.png,1,0.999999
data/genimage/imagenet_ai_0424_wukong/val/ai/531_wukong_image88.png,1,0.999569
data/genimage/imagenet_ai_0424_wukong/val/ai/533_wukong_image88.png,1,0.999742
data/genimage/imagenet_ai_0424_wukong/val/ai/535_wukong_image61.png,1,0.9784
data/genimage/imagenet_ai_0424_wukong/val/ai/536_wukong_image188.png,1,0.99557
data/genimage/imagenet_ai_0424_wukong/val/ai/537_wukong_image128.png,1,0.976734
data/genimage/imagenet_ai_0424_wukong/val/ai/538_wukong_image88.png,1,0.998095
data/genimage/imagenet_ai_0424_wukong/val/ai/543_wukong_image188.png,1,0.999686
data/genimage/imagenet_ai_0424_wukong/val/ai/543_wukong_image61.png,1,0.999938
data/genimage/imagenet_ai_0424_wukong/val/ai/545_wukong_image128.png,1,0.981003
data/genimage/imagenet_ai_0424_wukong/val/ai/545_wukong_image88.png,1,0.937477
data/genimage/imagenet_ai_0424_wukong/val/ai/551_wukong_image128.png,1,0.999999
data/genimage/imagenet_ai_0424_wukong/val/ai/554_wukong_image88.png,1,0.157774
data/genimage/imagenet_ai_0424_wukong/val/ai/556_wukong_image188.png,1,0.923951
data/genimage/imagenet_ai_0424_wukong/val/ai/556_wukong_image86.png,1,0.999847
data/genimage/imagenet_ai_0424_wukong/val/ai/557_wukong_image128.png,1,0.809042
data/genimage/imagenet_ai_0424_wukong/val/ai/558_wukong_image128.png,1,0.999851
data/genimage/imagenet_ai_0424_wukong/val/ai/563_wukong_image128.png,1,0.986437
data/genimage/imagenet_ai_0424_wukong/val/ai/564_wukong_image198.png,1,0.975063
data/genimage/imagenet_ai_0424_wukong/val/ai/571_wukong_image128.png,1,0.98423
data/genimage/imagenet_ai_0424_wukong/val/ai/571_wukong_image86.png,1,0.999991
data/genimage/imagenet_ai_0424_wukong/val/ai/572_wukong_image128.png,1,0.99804
data/genimage/imagenet_ai_0424_wukong/val/ai/574_wukong_image88.png,1,0.488533
data/genimage/imagenet_ai_0424_wukong/val/ai/576_wukong_image188.png,1,0.998634
data/genimage/imagenet_ai_0424_wukong/val/ai/577_wukong_image128.png,1,0.997418
data/genimage/imagenet_ai_0424_wukong/val/ai/579_wukong_image88.png,1,0.999994
data/genimage/imagenet_ai_0424_wukong/val/ai/581_wukong_image188.png,1,0.536535
data/genimage/imagenet_ai_0424_wukong/val/ai/585_wukong_image198.png,1,0.921094
data/genimage/imagenet_ai_0424_wukong/val/ai/586_wukong_image61.png,1,0.382025
data/genimage/imagenet_ai_0424_wukong/val/ai/586_wukong_image88.png,1,0.005876
data/genimage/imagenet_ai_0424_wukong/val/ai/588_wukong_image188.png,1,0.768751
data/genimage/imagenet_ai_0424_wukong/val/ai/590_wukong_image86.png,1,0.999326
data/genimage/imagenet_ai_0424_wukong/val/ai/591_wukong_image88.png,1,0.100009
data/genimage/imagenet_ai_0424_wukong/val/ai/592_wukong_image61.png,1,0.999957
data/genimage/imagenet_ai_0424_wukong/val/ai/593_wukong_image198.png,1,0.998302
data/genimage/imagenet_ai_0424_wukong/val/ai/593_wukong_image61.png,1,0.999983
data/genimage/imagenet_ai_0424_wukong/val/ai/595_wukong_image86.png,1,0.987535
data/genimage/imagenet_ai_0424_wukong/val/ai/598_wukong_image61.png,1,0.995779
data/genimage/imagenet_ai_0424_wukong/val/ai/599_wukong_image128.png,1,0.999453
data/genimage/imagenet_ai_0424_wukong/val/ai/603_wukong_image86.png,1,0.99886
data/genimage/imagenet_ai_0424_wukong/val/ai/604_wukong_image188.png,1,0.999963
data/genimage/imagenet_ai_0424_wukong/val/ai/605_wukong_image61.png,1,0.970877
data/genimage/imagenet_ai_0424_wukong/val/ai/605_wukong_image88.png,1,0.999994
data/genimage/imagenet_ai_0424_wukong/val/ai/606_wukong_image198.png,1,0.99819
data/genimage/imagenet_ai_0424_wukong/val/ai/606_wukong_image88.png,1,0.042105
data/genimage/imagenet_ai_0424_wukong/val/ai/609_wukong_image88.png,1,0.999926
data/genimage/imagenet_ai_0424_wukong/val/ai/612_wukong_image198.png,1,0.7141
data/genimage/imagenet_ai_0424_wukong/val/ai/614_wukong_image188.png,1,0.999828
data/genimage/imagenet_ai_0424_wukong/val/ai/615_wukong_image88.png,1,0.999939
data/genimage/imagenet_ai_0424_wukong/val/ai/618_wukong_image128.png,1,0.874578
data/genimage/imagenet_ai_0424_wukong/val/ai/618_wukong_image188.png,1,0.999962
data/genimage/imagenet_ai_0424_wukong/val/ai/61_wukong_image88.png,1,0.999395
data/genimage/imagenet_ai_0424_wukong/val/ai/621_wukong_image61.png,1,0.97942
data/genimage/imagenet_ai_0424_wukong/val/ai/626_wukong_image128.png,1,0.999984
data/genimage/imagenet_ai_0424_wukong/val/ai/633_wukong_image128.png,1,0.999908
data/genimage/imagenet_ai_0424_wukong/val/ai/633_wukong_image188.png,1,0.999999
data/genimage/imagenet_ai_0424_wukong/val/ai/633_wukong_image88.png,1,0.999185
data/genimage/imagenet_ai_0424_wukong/val/ai/636_wukong_image188.png,1,0.999148
data/genimage/imagenet_ai_0424_wukong/val/ai/637_wukong_image188.png,1,0.999704
data/genimage/imagenet_ai_0424_wukong/val/ai/638_wukong_image188.png,1,0.999891
data/genimage/imagenet_ai_0424_wukong/val/ai/639_wukong_image88.png,1,0.999846
data/genimage/imagenet_ai_0424_wukong/val/ai/644_wukong_image86.png,1,0.999997
data/genimage/imagenet_ai_0424_wukong/val/ai/649_wukong_image61.png,1,0.110728
data/genimage/imagenet_ai_0424_wukong/val/ai/649_wukong_image86.png,1,0.590379
data/genimage/imagenet_ai_0424_wukong/val/ai/655_wukong_image128.png,1,0.999998
data/genimage/imagenet_ai_0424_wukong/val/ai/656_wukong_image188.png,1,0.999922
data/genimage/imagenet_ai_0424_wukong/val/ai/657_wukong_image188.png,1,0.999827
data/genimage/imagenet_ai_0424_wukong/val/ai/658_wukong_image128.png,1,0.582758
data/genimage/imagenet_ai_0424_wukong/val/ai/665_wukong_image61.png,1,0.997941
data/genimage/imagenet_ai_0424_wukong/val/ai/667_wukong_image188.png,1,0.997886
data/genimage/imagenet_ai_0424_wukong/val/ai/669_wukong_image128.png,1,0.999726
data/genimage/imagenet_ai_0424_wukong/val/ai/669_wukong_image61.png,1,0.997419
data/genimage/imagenet_ai_0424_wukong/val/ai/675_wukong_image188.png,1,0.992809
data/genimage/imagenet_ai_0424_wukong/val/ai/677_wukong_image188.png,1,0.993106
data/genimage/imagenet_ai_0424_wukong/val/ai/682_wukong_image88.png,1,0.474653
data/genimage/imagenet_ai_0424_wukong/val/ai/686_wukong_image128.png,1,0.929603
data/genimage/imagenet_ai_0424_wukong/val/ai/689_wukong_image86.png,1,0.999888
data/genimage/imagenet_ai_0424_wukong/val/ai/690_wukong_image88.png,1,0.571041
data/genimage/imagenet_ai_0424_wukong/val/ai/693_wukong_image188.png,1,0.901753
data/genimage/imagenet_ai_0424_wukong/val/ai/693_wukong_image61.png,1,0.330991
data/genimage/imagenet_ai_0424_wukong/val/ai/695_wukong_image128.png,1,0.03523
data/genimage/imagenet_ai_0424_wukong/val/ai/697_wukong_image86.png,1,0.553404
data/genimage/imagenet_ai_0424_wukong/val/ai/705_wukong_image198.png,1,0.998979
data/genimage/imagenet_ai_0424_wukong/val/ai/709_wukong_image61.png,1,0.967907
data/genimage/imagenet_ai_0424_wukong/val/ai/710_wukong_image128.png,1,0.999997
data/genimage/imagenet_ai_0424_wukong/val/ai/712_wukong_image86.png,1,0.998768
data/genimage/imagenet_ai_0424_wukong/val/ai/714_wukong_image188.png,1,0.99824
data/genimage/imagenet_ai_0424_wukong/val/ai/722_wukong_image128.png,1,0.945281
data/genimage/imagenet_ai_0424_wukong/val/ai/722_wukong_image188.png,1,0.983751
data/genimage/imagenet_ai_0424_wukong/val/ai/726_wukong_image198.png,1,0.001092
data/genimage/imagenet_ai_0424_wukong/val/ai/728_wukong_image188.png,1,0.99494
data/genimage/imagenet_ai_0424_wukong/val/ai/729_wukong_image188.png,1,0.97052
data/genimage/imagenet_ai_0424_wukong/val/ai/738_wukong_image86.png,1,0.999893
data/genimage/imagenet_ai_0424_wukong/val/ai/739_wukong_image86.png,1,0.999999
data/genimage/imagenet_ai_0424_wukong/val/ai/742_wukong_image128.png,1,0.882433
data/genimage/imagenet_ai_0424_wukong/val/ai/743_wukong_image128.png,1,0.787736
data/genimage/imagenet_ai_0424_wukong/val/ai/745_wukong_image128.png,1,0.721376
data/genimage/imagenet_ai_0424_wukong/val/ai/749_wukong_image86.png,1,0.999945
data/genimage/imagenet_ai_0424_wukong/val/ai/756_wukong_image88.png,1,0.208835
data/genimage/imagenet_ai_0424_wukong/val/ai/759_wukong_image128.png,1,0.999124
data/genimage/imagenet_ai_0424_wukong/val/ai/759_wukong_image198.png,1,0.999951
data/genimage/imagenet_ai_0424_wukong/val/ai/760_wukong_image188.png,1,0.656247
data/genimage/imagenet_ai_0424_wukong/val/ai/762_wukong_image61.png,1,0.999989
data/genimage/imagenet_ai_0424_wukong/val/ai/762_wukong_image86.png,1,0.00381
data/genimage/imagenet_ai_0424_wukong/val/ai/763_wukong_image188.png,1,1.0
data/genimage/imagenet_ai_0424_wukong/val/ai/763_wukong_image198.png,1,0.998379
data/genimage/imagenet_ai_0424_wukong/val/ai/764_wukong_image88.png,1,0.999673
data/genimage/imagenet_ai_0424_wukong/val/ai/765_wukong_image88.png,1,0.999903
data/genimage/imagenet_ai_0424_wukong/val/ai/767_wukong_image61.png,1,0.984257
data/genimage/imagenet_ai_0424_wukong/val/ai/769_wukong_image188.png,1,0.566918
data/genimage/imagenet_ai_0424_wukong/val/ai/769_wukong_image61.png,1,0.999999
data/genimage/imagenet_ai_0424_wukong/val/ai/76_wukong_image128.png,1,0.961434
data/genimage/imagenet_ai_0424_wukong/val/ai/770_wukong_image86.png,1,0.857647
data/genimage/imagenet_ai_0424_wukong/val/ai/772_wukong_image128.png,1,0.999949
data/genimage/imagenet_ai_0424_wukong/val/ai/774_wukong_image128.png,1,0.999896
data/genimage/imagenet_ai_0424_wukong/val/ai/774_wukong_image188.png,1,0.999918
data/genimage/imagenet_ai_0424_wukong/val/ai/776_wukong_image128.png,1,0.98687
data/genimage/imagenet_ai_0424_wukong/val/ai/778_wukong_image128.png,1,0.995439
data/genimage/imagenet_ai_0424_wukong/val/ai/77_wukong_image86.png,1,0.998434
data/genimage/imagenet_ai_0424_wukong/val/ai/780_wukong_image198.png,1,0.994565
data/genimage/imagenet_ai_0424_wukong/val/ai/781_wukong_image188.png,1,0.999992
data/genimage/imagenet_ai_0424_wukong/val/ai/781_wukong_image198.png,1,0.99385
data/genimage/imagenet_ai_0424_wukong/val/ai/782_wukong_image188.png,1,0.995294
data/genimage/imagenet_ai_0424_wukong/val/ai/783_wukong_image128.png,1,0.011717
data/genimage/imagenet_ai_0424_wukong/val/ai/787_wukong_image86.png,1,0.999779
data/genimage/imagenet_ai_0424_wukong/val/ai/78_wukong_image86.png,1,0.999998
data/genimage/imagenet_ai_0424_wukong/val/ai/790_wukong_image198.png,1,0.804027
data/genimage/imagenet_ai_0424_wukong/val/ai/794_wukong_image188.png,1,0.999419
data/genimage/imagenet_ai_0424_wukong/val/ai/795_wukong_image61.png,1,0.998124
data/genimage/imagenet_ai_0424_wukong/val/ai/796_wukong_image61.png,1,0.999722
data/genimage/imagenet_ai_0424_wukong/val/ai/799_wukong_image128.png,1,0.999473
data/genimage/imagenet_ai_0424_wukong/val/ai/800_wukong_image61.png,1,0.999934
data/genimage/imagenet_ai_0424_wukong/val/ai/803_wukong_image198.png,1,0.928637
data/genimage/imagenet_ai_0424_wukong/val/ai/804_wukong_image198.png,1,0.999919
data/genimage/imagenet_ai_0424_wukong/val/ai/805_wukong_image188.png,1,0.986095
data/genimage/imagenet_ai_0424_wukong/val/ai/80_wukong_image88.png,1,0.935166
data/genimage/imagenet_ai_0424_wukong/val/ai/811_wukong_image128.png,1,0.972202
data/genimage/imagenet_ai_0424_wukong/val/ai/815_wukong_image128.png,1,0.804715
data/genimage/imagenet_ai_0424_wukong/val/ai/819_wukong_image128.png,1,0.999816
data/genimage/imagenet_ai_0424_wukong/val/ai/819_wukong_image188.png,1,0.999999
data/genimage/imagenet_ai_0424_wukong/val/ai/81_wukong_image198.png,1,0.999999
data/genimage/imagenet_ai_0424_wukong/val/ai/820_wukong_image128.png,1,0.997724
data/genimage/imagenet_ai_0424_wukong/val/ai/820_wukong_image198.png,1,0.999974
data/genimage/imagenet_ai_0424_wukong/val/ai/823_wukong_image61.png,1,0.999967
data/genimage/imagenet_ai_0424_wukong/val/ai/826_wukong_image88.png,1,0.999749
data/genimage/imagenet_ai_0424_wukong/val/ai/827_wukong_image188.png,1,0.999945
data/genimage/imagenet_ai_0424_wukong/val/ai/828_wukong_image86.png,1,0.999238
data/genimage/imagenet_ai_0424_wukong/val/ai/832_wukong_image188.png,1,0.999606
data/genimage/imagenet_ai_0424_wukong/val/ai/832_wukong_image61.png,1,0.648055
data/genimage/imagenet_ai_0424_wukong/val/ai/833_wukong_image86.png,1,0.865621
data/genimage/imagenet_ai_0424_wukong/val/ai/833_wukong_image88.png,1,0.990256
data/genimage/imagenet_ai_0424_wukong/val/ai/834_wukong_image128.png,1,0.999554
data/genimage/imagenet_ai_0424_wukong/val/ai/837_wukong_image188.png,1,0.493592
data/genimage/imagenet_ai_0424_wukong/val/ai/837_wukong_image198.png,1,0.973819
data/genimage/imagenet_ai_0424_wukong/val/ai/842_wukong_image198.png,1,0.64427
data/genimage/imagenet_ai_0424_wukong/val/ai/843_wukong_image198.png,1,0.999353
data/genimage/imagenet_ai_0424_wukong/val/ai/847_wukong_image61.png,1,0.951163
data/genimage/imagenet_ai_0424_wukong/val/ai/848_wukong_image128.png,1,0.999997
data/genimage/imagenet_ai_0424_wukong/val/ai/848_wukong_image198.png,1,0.999856
data/genimage/imagenet_ai_0424_wukong/val/ai/849_wukong_image61.png,1,0.999109
data/genimage/imagenet_ai_0424_wukong/val/ai/853_wukong_image61.png,1,0.583787
data/genimage/imagenet_ai_0424_wukong/val/ai/855_wukong_image61.png,1,0.999836
data/genimage/imagenet_ai_0424_wukong/val/ai/856_wukong_image188.png,1,0.658685
data/genimage/imagenet_ai_0424_wukong/val/ai/858_wukong_image198.png,1,0.997829
data/genimage/imagenet_ai_0424_wukong/val/ai/858_wukong_image61.png,1,0.241532
data/genimage/imagenet_ai_0424_wukong/val/ai/860_wukong_image188.png,1,0.995913
data/genimage/imagenet_ai_0424_wukong/val/ai/860_wukong_image61.png,1,0.999859
data/genimage/imagenet_ai_0424_wukong/val/ai/861_wukong_image188.png,1,0.999016
data/genimage/imagenet_ai_0424_wukong/val/ai/866_wukong_image128.png,1,0.999482
data/genimage/imagenet_ai_0424_wukong/val/ai/867_wukong_image86.png,1,0.988824
data/genimage/imagenet_ai_0424_wukong/val/ai/873_wukong_image188.png,1,0.649346
data/genimage/imagenet_ai_0424_wukong/val/ai/877_wukong_image188.png,1,0.997339
data/genimage/imagenet_ai_0424_wukong/val/ai/877_wukong_image61.png,1,0.971512
data/genimage/imagenet_ai_0424_wukong/val/ai/878_wukong_image188.png,1,0.999842
data/genimage/imagenet_ai_0424_wukong/val/ai/879_wukong_image128.png,1,0.002421
data/genimage/imagenet_ai_0424_wukong/val/ai/883_wukong_image88.png,1,0.998221
data/genimage/imagenet_ai_0424_wukong/val/ai/886_wukong_image61.png,1,0.999986
data/genimage/imagenet_ai_0424_wukong/val/ai/889_wukong_image88.png,1,0.999371
data/genimage/imagenet_ai_0424_wukong/val/ai/88_wukong_image128.png,1,0.596766
data/genimage/imagenet_ai_0424_wukong/val/ai/893_wukong_image128.png,1,0.991033
data/genimage/imagenet_ai_0424_wukong/val/ai/893_wukong_image188.png,1,0.906654
data/genimage/imagenet_ai_0424_wukong/val/ai/894_wukong_image198.png,1,0.992662
data/genimage/imagenet_ai_0424_wukong/val/ai/895_wukong_image86.png,1,0.999455
data/genimage/imagenet_ai_0424_wukong/val/ai/897_wukong_image128.png,1,0.99475
data/genimage/imagenet_ai_0424_wukong/val/ai/898_wukong_image128.png,1,0.99052
data/genimage/imagenet_ai_0424_wukong/val/ai/898_wukong_image188.png,1,0.999998
data/genimage/imagenet_ai_0424_wukong/val/ai/900_wukong_image128.png,1,0.699483
data/genimage/imagenet_ai_0424_wukong/val/ai/900_wukong_image61.png,1,0.970396
data/genimage/imagenet_ai_0424_wukong/val/ai/901_wukong_image128.png,1,0.999996
data/genimage/imagenet_ai_0424_wukong/val/ai/903_wukong_image86.png,1,0.995018
data/genimage/imagenet_ai_0424_wukong/val/ai/905_wukong_image88.png,1,0.999668
data/genimage/imagenet_ai_0424_wukong/val/ai/908_wukong_image128.png,1,0.999504
data/genimage/imagenet_ai_0424_wukong/val/ai/914_wukong_image88.png,1,0.999956
data/genimage/imagenet_ai_0424_wukong/val/ai/915_wukong_image188.png,1,0.997956
data/genimage/imagenet_ai_0424_wukong/val/ai/917_wukong_image128.png,1,0.999713
data/genimage/imagenet_ai_0424_wukong/val/ai/917_wukong_image188.png,1,0.998334
data/genimage/imagenet_ai_0424_wukong/val/ai/919_wukong_image198.png,1,0.923048
data/genimage/imagenet_ai_0424_wukong/val/ai/91_wukong_image61.png,1,0.996898
data/genimage/imagenet_ai_0424_wukong/val/ai/920_wukong_image198.png,1,1.0
data/genimage/imagenet_ai_0424_wukong/val/ai/920_wukong_image86.png,1,0.998204
data/genimage/imagenet_ai_0424_wukong/val/ai/922_wukong_image128.png,1,0.823515
data/genimage/imagenet_ai_0424_wukong/val/ai/923_wukong_image198.png,1,1.0
data/genimage/imagenet_ai_0424_wukong/val/ai/925_wukong_image198.png,1,0.999488
data/genimage/imagenet_ai_0424_wukong/val/ai/929_wukong_image61.png,1,0.723288
data/genimage/imagenet_ai_0424_wukong/val/ai/932_wukong_image188.png,1,0.999906
data/genimage/imagenet_ai_0424_wukong/val/ai/933_wukong_image188.png,1,0.999946
data/genimage/imagenet_ai_0424_wukong/val/ai/933_wukong_image61.png,1,0.883475
data/genimage/imagenet_ai_0424_wukong/val/ai/934_wukong_image198.png,1,0.999764
data/genimage/imagenet_ai_0424_wukong/val/ai/934_wukong_image61.png,1,0.996481
data/genimage/imagenet_ai_0424_wukong/val/ai/938_wukong_image61.png,1,0.999962
data/genimage/imagenet_ai_0424_wukong/val/ai/939_wukong_image86.png,1,0.999964
data/genimage/imagenet_ai_0424_wukong/val/ai/93_wukong_image188.png,1,0.994545
data/genimage/imagenet_ai_0424_wukong/val/ai/93_wukong_image198.png,1,0.692037
data/genimage/imagenet_ai_0424_wukong/val/ai/93_wukong_image88.png,1,0.999733
data/genimage/imagenet_ai_0424_wukong/val/ai/942_wukong_image128.png,1,0.999836
data/genimage/imagenet_ai_0424_wukong/val/ai/942_wukong_image188.png,1,0.999981
data/genimage/imagenet_ai_0424_wukong/val/ai/942_wukong_image198.png,1,0.999984
data/genimage/imagenet_ai_0424_wukong/val/ai/943_wukong_image198.png,1,0.995766
data/genimage/imagenet_ai_0424_wukong/val/ai/949_wukong_image88.png,1,0.972295
data/genimage/imagenet_ai_0424_wukong/val/ai/94_wukong_image128.png,1,0.987032
data/genimage/imagenet_ai_0424_wukong/val/ai/94_wukong_image188.png,1,0.958889
data/genimage/imagenet_ai_0424_wukong/val/ai/953_wukong_image128.png,1,0.997298
data/genimage/imagenet_ai_0424_wukong/val/ai/953_wukong_image86.png,1,0.998942
data/genimage/imagenet_ai_0424_wukong/val/ai/954_wukong_image61.png,1,0.773882
data/genimage/imagenet_ai_0424_wukong/val/ai/954_wukong_image88.png,1,0.988026
data/genimage/imagenet_ai_0424_wukong/val/ai/960_wukong_image188.png,1,0.999998
data/genimage/imagenet_ai_0424_wukong/val/ai/961_wukong_image128.png,1,0.05967
data/genimage/imagenet_ai_0424_wukong/val/ai/962_wukong_image61.png,1,0.991289
data/genimage/imagenet_ai_0424_wukong/val/ai/96_wukong_image88.png,1,1.0
data/genimage/imagenet_ai_0424_wukong/val/ai/974_wukong_image198.png,1,0.913507
data/genimage/imagenet_ai_0424_wukong/val/ai/975_wukong_image188.png,1,0.183085
data/genimage/imagenet_ai_0424_wukong/val/ai/976_wukong_image198.png,1,0.406593
data/genimage/imagenet_ai_0424_wukong/val/ai/977_wukong_image86.png,1,0.002769
data/genimage/imagenet_ai_0424_wukong/val/ai/978_wukong_image88.png,1,0.992874
data/genimage/imagenet_ai_0424_wukong/val/ai/983_wukong_image128.png,1,0.999
data/genimage/imagenet_ai_0424_wukong/val/ai/984_wukong_image61.png,1,0.083079
data/genimage/imagenet_ai_0424_wukong/val/ai/990_wukong_image88.png,1,0.996042
data/genimage/imagenet_ai_0424_wukong/val/ai/991_wukong_image61.png,1,0.999987
data/genimage/imagenet_ai_0424_wukong/val/ai/991_wukong_image88.png,1,0.999294
data/genimage/imagenet_ai_0424_wukong/val/ai/992_wukong_image198.png,1,0.999984
data/genimage/imagenet_ai_0424_wukong/val/ai/995_wukong_image128.png,1,0.996003
data/genimage/imagenet_ai_0424_wukong/val/ai/996_wukong_image61.png,1,0.998214
data/genimage/imagenet_ai_0424_wukong/val/ai/998_wukong_image86.png,1,0.018996
data/genimage/imagenet_ai_0424_wukong/val/ai/99_wukong_image198.png,1,0.694291
data/genimage/imagenet_ai_0424_wukong/val/nature/ILSVRC2012_val_00000002.JPEG,0,0.000731
data/genimage/imagenet_ai_0424_wukong/val/nature/ILSVRC2012_val_00000143.JPEG,0,0.000199
data/genimage/imagenet_ai_0424_wukong/val/nature/ILSVRC2012_val_00000180.JPEG,0,1e-06
data/genimage/imagenet_ai_0424_wukong/val/nature/ILSVRC2012_val_00000250.JPEG,0,0.017308
data/genimage/imagenet_ai_0424_wukong/val/nature/ILSVRC2012_val_00000267.JPEG,0,0.000274
data/genimage/imagenet_ai_0424_wukong/val/nature/ILSVRC2012_val_00000415.JPEG,0,0.000276
data/genimage/imagenet_ai_0424_wukong/val/nature/ILSVRC2012_val_00000459.JPEG,0,0.004037
data/genimage/imagenet_ai_0424_wukong/val/nature/ILSVRC2012_val_00000524.JPEG,0,1.1e-05
data/genimage/imagenet_ai_0424_wukong/val/nature/ILSVRC2012_val_00000537.JPEG,0,0.000154
data/genimage/imagenet_ai_0424_wukong/val/nature/ILSVRC2012_val_00000654.JPEG,0,1.5e-05
data/genimage/imagenet_ai_0424_wukong/val/nature/ILSVRC2012_val_00000655.JPEG,0,1e-06
data/genimage/imagenet_ai_0424_wukong/val/nature/ILSVRC2012_val_00001051.JPEG,0,0.000741
data/genimage/imagenet_ai_0424_wukong/val/nature/ILSVRC2012_val_00001085.JPEG,0,0.000143
data/genimage/imagenet_ai_0424_wukong/val/nature/ILSVRC2012_val_00001125.JPEG,0,0.963949
data/genimage/imagenet_ai_0424_wukong/val/nature/ILSVRC2012_val_00001126.JPEG,0,0.002003
data/genimage/imagenet_ai_0424_wukong/val/nature/ILSVRC2012_val_00001196.JPEG,0,0.0
data/genimage/imagenet_ai_0424_wukong/val/nature/ILSVRC2012_val_00001392.JPEG,0,0.012955
data/genimage/imagenet_ai_0424_wukong/val/nature/ILSVRC2012_val_00001437.JPEG,0,0.002175
data/genimage/imagenet_ai_0424_wukong/val/nature/ILSVRC2012_val_00001536.JPEG,0,0.014336
data/genimage/imagenet_ai_0424_wukong/val/nature/ILSVRC2012_val_00001872.JPEG,0,1.2e-05
data/genimage/imagenet_ai_0424_wukong/val/nature/ILSVRC2012_val_00001923.JPEG,0,0.0
data/genimage/imagenet_ai_0424_wukong/val/nature/ILSVRC2012_val_00001952.JPEG,0,0.000277
data/genimage/imagenet_ai_0424_wukong/val/nature/ILSVRC2012_val_00002410.JPEG,0,0.000326
data/genimage/imagenet_ai_0424_wukong/val/nature/ILSVRC2012_val_00002446.JPEG,0,1e-06
data/genimage/imagenet_ai_0424_wukong/val/nature/ILSVRC2012_val_00002473.JPEG,0,0.000236
data/genimage/imagenet_ai_0424_wukong/val/nature/ILSVRC2012_val_00002493.JPEG,0,0.000527
data/genimage/imagenet_ai_0424_wukong/val/nature/ILSVRC2012_val_00002517.JPEG,0,0.00079
data/genimage/imagenet_ai_0424_wukong/val/nature/ILSVRC2012_val_00002537.JPEG,0,8.7e-05
data/genimage/imagenet_ai_0424_wukong/val/nature/ILSVRC2012_val_00002687.JPEG,0,1.9e-05
data/genimage/imagenet_ai_0424_wukong/val/nature/ILSVRC2012_val_00002701.JPEG,0,1e-06
data/genimage/imagenet_ai_0424_wukong/val/nature/ILSVRC2012_val_00002744.JPEG,0,0.002753
data/genimage/imagenet_ai_0424_wukong/val/nature/ILSVRC2012_val_00002889.JPEG,0,1.1e-05
data/genimage/imagenet_ai_0424_wukong/val/nature/ILSVRC2012_val_00002961.JPEG,0,0.004663
data/genimage/imagenet_ai_0424_wukong/val/nature/ILSVRC2012_val_00002990.JPEG,0,0.211525
data/genimage/imagenet_ai_0424_wukong/val/nature/ILSVRC2012_val_00003003.JPEG,0,0.072207
data/genimage/imagenet_ai_0424_wukong/val/nature/ILSVRC2012_val_00003133.JPEG,0,0.254674
data/genimage/imagenet_ai_0424_wukong/val/nature/ILSVRC2012_val_00003277.JPEG,0,1.9e-05
data/genimage/imagenet_ai_0424_wukong/val/nature/ILSVRC2012_val_00003321.JPEG,0,1.9e-05
data/genimage/imagenet_ai_0424_wukong/val/nature/ILSVRC2012_val_00003336.JPEG,0,0.003056
data/genimage/imagenet_ai_0424_wukong/val/nature/ILSVRC2012_val_00003350.JPEG,0,0.000391
data/genimage/imagenet_ai_0424_wukong/val/nature/ILSVRC2012_val_00003488.JPEG,0,0.001328
data/genimage/imagenet_ai_0424_wukong/val/nature/ILSVRC2012_val_00003817.JPEG,0,3.5e-05
data/genimage/imagenet_ai_0424_wukong/val/nature/ILSVRC2012_val_00003961.JPEG,0,0.397312
data/genimage/imagenet_ai_0424_wukong/val/nature/ILSVRC2012_val_00004029.JPEG,0,0.000883
data/genimage/imagenet_ai_0424_wukong/val/nature/ILSVRC2012_val_00004345.JPEG,0,0.000482
data/genimage/imagenet_ai_0424_wukong/val/nature/ILSVRC2012_val_00004389.JPEG,0,0.004185
data/genimage/imagenet_ai_0424_wukong/val/nature/ILSVRC2012_val_00004503.JPEG,0,4e-06
data/genimage/imagenet_ai_0424_wukong/val/nature/ILSVRC2012_val_00004612.JPEG,0,0.000177
data/genimage/imagenet_ai_0424_wukong/val/nature/ILSVRC2012_val_00004720.JPEG,0,2e-06
data/genimage/imagenet_ai_0424_wukong/val/nature/ILSVRC2012_val_00005135.JPEG,0,7e-06
data/genimage/imagenet_ai_0424_wukong/val/nature/ILSVRC2012_val_00005156.JPEG,0,0.049769
data/genimage/imagenet_ai_0424_wukong/val/nature/ILSVRC2012_val_00005161.JPEG,0,0.833822
data/genimage/imagenet_ai_0424_wukong/val/nature/ILSVRC2012_val_00005204.JPEG,0,0.000425
data/genimage/imagenet_ai_0424_wukong/val/nature/ILSVRC2012_val_00005240.JPEG,0,0.000264
data/genimage/imagenet_ai_0424_wukong/val/nature/ILSVRC2012_val_00005593.JPEG,0,0.000176
data/genimage/imagenet_ai_0424_wukong/val/nature/ILSVRC2012_val_00005683.JPEG,0,0.001114
data/genimage/imagenet_ai_0424_wukong/val/nature/ILSVRC2012_val_00005720.JPEG,0,0.0015
data/genimage/imagenet_ai_0424_wukong/val/nature/ILSVRC2012_val_00005721.JPEG,0,0.159224
data/genimage/imagenet_ai_0424_wukong/val/nature/ILSVRC2012_val_00005770.JPEG,0,0.00042
data/genimage/imagenet_ai_0424_wukong/val/nature/ILSVRC2012_val_00005927.JPEG,0,0.000171
data/genimage/imagenet_ai_0424_wukong/val/nature/ILSVRC2012_val_00006037.JPEG,0,0.000241
data/genimage/imagenet_ai_0424_wukong/val/nature/ILSVRC2012_val_00006088.JPEG,0,0.000713
data/genimage/imagenet_ai_0424_wukong/val/nature/ILSVRC2012_val_00006145.JPEG,0,0.002239
data/genimage/imagenet_ai_0424_wukong/val/nature/ILSVRC2012_val_00006200.JPEG,0,1e-06
data/genimage/imagenet_ai_0424_wukong/val/nature/ILSVRC2012_val_00006252.JPEG,0,0.916468
data/genimage/imagenet_ai_0424_wukong/val/nature/ILSVRC2012_val_00006569.JPEG,0,1.4e-05
data/genimage/imagenet_ai_0424_wukong/val/nature/ILSVRC2012_val_00006599.JPEG,0,1e-05
data/genimage/imagenet_ai_0424_wukong/val/nature/ILSVRC2012_val_00006615.JPEG,0,1.9e-05
data/genimage/imagenet_ai_0424_wukong/val/nature/ILSVRC2012_val_00006695.JPEG,0,0.00163
data/genimage/imagenet_ai_0424_wukong/val/nature/ILSVRC2012_val_00006877.JPEG,0,4.8e-05
data/genimage/imagenet_ai_0424_wukong/val/nature/ILSVRC2012_val_00006943.JPEG,0,0.000411
data/genimage/imagenet_ai_0424_wukong/val/nature/ILSVRC2012_val_00007037.JPEG,0,0.003368
data/genimage/imagenet_ai_0424_wukong/val/nature/ILSVRC2012_val_00007089.JPEG,0,1e-05
data/genimage/imagenet_ai_0424_wukong/val/nature/ILSVRC2012_val_00007250.JPEG,0,0.000495
data/genimage/imagenet_ai_0424_wukong/val/nature/ILSVRC2012_val_00007264.JPEG,0,0.009347
data/genimage/imagenet_ai_0424_wukong/val/nature/ILSVRC2012_val_00007305.JPEG,0,0.716135
data/genimage/imagenet_ai_0424_wukong/val/nature/ILSVRC2012_val_00007342.JPEG,0,4.3e-05
data/genimage/imagenet_ai_0424_wukong/val/nature/ILSVRC2012_val_00007385.JPEG,0,0.000386
data/genimage/imagenet_ai_0424_wukong/val/nature/ILSVRC2012_val_00007405.JPEG,0,2.4e-05
data/genimage/imagenet_ai_0424_wukong/val/nature/ILSVRC2012_val_00007458.JPEG,0,0.977812
data/genimage/imagenet_ai_0424_wukong/val/nature/ILSVRC2012_val_00007545.JPEG,0,6.8e-05
data/genimage/imagenet_ai_0424_wukong/val/nature/ILSVRC2012_val_00007598.JPEG,0,8e-06
data/genimage/imagenet_ai_0424_wukong/val/nature/ILSVRC2012_val_00007831.JPEG,0,1e-06
data/genimage/imagenet_ai_0424_wukong/val/nature/ILSVRC2012_val_00008145.JPEG,0,0.000294
data/genimage/imagenet_ai_0424_wukong/val/nature/ILSVRC2012_val_00008216.JPEG,0,0.0015
data/genimage/imagenet_ai_0424_wukong/val/nature/ILSVRC2012_val_00008248.JPEG,0,6e-06
data/genimage/imagenet_ai_0424_wukong/val/nature/ILSVRC2012_val_00008307.JPEG,0,0.021505
data/genimage/imagenet_ai_0424_wukong/val/nature/ILSVRC2012_val_00008495.JPEG,0,0.033819
data/genimage/imagenet_ai_0424_wukong/val/nature/ILSVRC2012_val_00008498.JPEG,0,4.7e-05
data/genimage/imagenet_ai_0424_wukong/val/nature/ILSVRC2012_val_00008630.JPEG,0,0.046202
data/genimage/imagenet_ai_0424_wukong/val/nature/ILSVRC2012_val_00008689.JPEG,0,0.042183
data/genimage/imagenet_ai_0424_wukong/val/nature/ILSVRC2012_val_00008703.JPEG,0,4.4e-05
data/genimage/imagenet_ai_0424_wukong/val/nature/ILSVRC2012_val_00008792.JPEG,0,0.015215
data/genimage/imagenet_ai_0424_wukong/val/nature/ILSVRC2012_val_00008851.JPEG,0,0.001767
data/genimage/imagenet_ai_0424_wukong/val/nature/ILSVRC2012_val_00008981.JPEG,0,0.000298
data/genimage/imagenet_ai_0424_wukong/val/nature/ILSVRC2012_val_00008983.JPEG,0,0.001714
data/genimage/imagenet_ai_0424_wukong/val/nature/ILSVRC2012_val_00008990.JPEG,0,0.784243
data/genimage/imagenet_ai_0424_wukong/val/nature/ILSVRC2012_val_00009053.JPEG,0,0.026331
data/genimage/imagenet_ai_0424_wukong/val/nature/ILSVRC2012_val_00009098.JPEG,0,0.047222
data/genimage/imagenet_ai_0424_wukong/val/nature/ILSVRC2012_val_00009119.JPEG,0,0.000175
data/genimage/imagenet_ai_0424_wukong/val/nature/ILSVRC2012_val_00009149.JPEG,0,2e-06
data/genimage/imagenet_ai_0424_wukong/val/nature/ILSVRC2012_val_00009186.JPEG,0,4.4e-05
data/genimage/imagenet_ai_0424_wukong/val/nature/ILSVRC2012_val_00009240.JPEG,0,0.000214
data/genimage/imagenet_ai_0424_wukong/val/nature/ILSVRC2012_val_00009246.JPEG,0,0.004254
data/genimage/imagenet_ai_0424_wukong/val/nature/ILSVRC2012_val_00009353.JPEG,0,3e-05
data/genimage/imagenet_ai_0424_wukong/val/nature/ILSVRC2012_val_00009357.JPEG,0,0.013018
data/genimage/imagenet_ai_0424_wukong/val/nature/ILSVRC2012_val_00009678.JPEG,0,1.1e-05
data/genimage/imagenet_ai_0424_wukong/val/nature/ILSVRC2012_val_00009710.JPEG,0,0.000185
data/genimage/imagenet_ai_0424_wukong/val/nature/ILSVRC2012_val_00009819.JPEG,0,0.000813
data/genimage/imagenet_ai_0424_wukong/val/nature/ILSVRC2012_val_00009966.JPEG,0,2.6e-05
data/genimage/imagenet_ai_0424_wukong/val/nature/ILSVRC2012_val_00009976.JPEG,0,6e-06
data/genimage/imagenet_ai_0424_wukong/val/nature/ILSVRC2012_val_00009978.JPEG,0,0.001128
data/genimage/imagenet_ai_0424_wukong/val/nature/ILSVRC2012_val_00010066.JPEG,0,0.309749
data/genimage/imagenet_ai_0424_wukong/val/nature/ILSVRC2012_val_00010181.JPEG,0,0.945104
data/genimage/imagenet_ai_0424_wukong/val/nature/ILSVRC2012_val_00010238.JPEG,0,5.3e-05
data/genimage/imagenet_ai_0424_wukong/val/nature/ILSVRC2012_val_00010332.JPEG,0,3.7e-05
data/genimage/imagenet_ai_0424_wukong/val/nature/ILSVRC2012_val_00010365.JPEG,0,0.001975
data/genimage/imagenet_ai_0424_wukong/val/nature/ILSVRC2012_val_00010561.JPEG,0,0.000684
data/genimage/imagenet_ai_0424_wukong/val/nature/ILSVRC2012_val_00010582.JPEG,0,0.001821
data/genimage/imagenet_ai_0424_wukong/val/nature/ILSVRC2012_val_00010705.JPEG,0,0.068441
data/genimage/imagenet_ai_0424_wukong/val/nature/ILSVRC2012_val_00010707.JPEG,0,0.002411
data/genimage/imagenet_ai_0424_wukong/val/nature/ILSVRC2012_val_00010753.JPEG,0,0.032084
data/genimage/imagenet_ai_0424_wukong/val/nature/ILSVRC2012_val_00010859.JPEG,0,3.7e-05
data/genimage/imagenet_ai_0424_wukong/val/nature/ILSVRC2012_val_00010916.JPEG,0,4e-06
data/genimage/imagenet_ai_0424_wukong/val/nature/ILSVRC2012_val_00011011.JPEG,0,0.000146
data/genimage/imagenet_ai_0424_wukong/val/nature/ILSVRC2012_val_00011056.JPEG,0,6e-06
data/genimage/imagenet_ai_0424_wukong/val/nature/ILSVRC2012_val_00011062.JPEG,0,0.020708
data/genimage/imagenet_ai_0424_wukong/val/nature/ILSVRC2012_val_00011181.JPEG,0,0.02124
data/genimage/imagenet_ai_0424_wukong/val/nature/ILSVRC2012_val_00011413.JPEG,0,9.2e-05
data/genimage/imagenet_ai_0424_wukong/val/nature/ILSVRC2012_val_00011493.JPEG,0,0.002476
data/genimage/imagenet_ai_0424_wukong/val/nature/ILSVRC2012_val_00011676.JPEG,0,0.0
data/genimage/imagenet_ai_0424_wukong/val/nature/ILSVRC2012_val_00011765.JPEG,0,1.2e-05
data/genimage/imagenet_ai_0424_wukong/val/nature/ILSVRC2012_val_00011845.JPEG,0,4.6e-05
data/genimage/imagenet_ai_0424_wukong/val/nature/ILSVRC2012_val_00011858.JPEG,0,6.7e-05
data/genimage/imagenet_ai_0424_wukong/val/nature/ILSVRC2012_val_00012404.JPEG,0,0.004034
data/genimage/imagenet_ai_0424_wukong/val/nature/ILSVRC2012_val_00012434.JPEG,0,0.999396
data/genimage/imagenet_ai_0424_wukong/val/nature/ILSVRC2012_val_00012441.JPEG,0,5e-06
data/genimage/imagenet_ai_0424_wukong/val/nature/ILSVRC2012_val_00012609.JPEG,0,5.7e-05
data/genimage/imagenet_ai_0424_wukong/val/nature/ILSVRC2012_val_00012684.JPEG,0,0.001027
data/genimage/imagenet_ai_0424_wukong/val/nature/ILSVRC2012_val_00012688.JPEG,0,0.000196
data/genimage/imagenet_ai_0424_wukong/val/nature/ILSVRC2012_val_00012727.JPEG,0,0.0002
data/genimage/imagenet_ai_0424_wukong/val/nature/ILSVRC2012_val_00012759.JPEG,0,0.001271
data/genimage/imagenet_ai_0424_wukong/val/nature/ILSVRC2012_val_00012804.JPEG,0,0.011192
data/genimage/imagenet_ai_0424_wukong/val/nature/ILSVRC2012_val_00013087.JPEG,0,0.015759
data/genimage/imagenet_ai_0424_wukong/val/nature/ILSVRC2012_val_00013173.JPEG,0,2e-06
data/genimage/imagenet_ai_0424_wukong/val/nature/ILSVRC2012_val_00013533.JPEG,0,3e-06
data/genimage/imagenet_ai_0424_wukong/val/nature/ILSVRC2012_val_00013627.JPEG,0,0.018737
data/genimage/imagenet_ai_0424_wukong/val/nature/ILSVRC2012_val_00013668.JPEG,0,0.001088
data/genimage/imagenet_ai_0424_wukong/val/nature/ILSVRC2012_val_00013739.JPEG,0,0.000434
data/genimage/imagenet_ai_0424_wukong/val/nature/ILSVRC2012_val_00013803.JPEG,0,1.1e-05
data/genimage/imagenet_ai_0424_wukong/val/nature/ILSVRC2012_val_00013816.JPEG,0,3.3e-05
data/genimage/imagenet_ai_0424_wukong/val/nature/ILSVRC2012_val_00013832.JPEG,0,0.000359
data/genimage/imagenet_ai_0424_wukong/val/nature/ILSVRC2012_val_00013920.JPEG,0,0.007956
data/genimage/imagenet_ai_0424_wukong/val/nature/ILSVRC2012_val_00014017.JPEG,0,0.005636
data/genimage/imagenet_ai_0424_wukong/val/nature/ILSVRC2012_val_00014195.JPEG,0,4.6e-05
data/genimage/imagenet_ai_0424_wukong/val/nature/ILSVRC2012_val_00014201.JPEG,0,0.000375
data/genimage/imagenet_ai_0424_wukong/val/nature/ILSVRC2012_val_00014262.JPEG,0,0.001481
data/genimage/imagenet_ai_0424_wukong/val/nature/ILSVRC2012_val_00014336.JPEG,0,3.3e-05
data/genimage/imagenet_ai_0424_wukong/val/nature/ILSVRC2012_val_00014390.JPEG,0,0.001772
data/genimage/imagenet_ai_0424_wukong/val/nature/ILSVRC2012_val_00014395.JPEG,0,4.6e-05
data/genimage/imagenet_ai_0424_wukong/val/nature/ILSVRC2012_val_00014499.JPEG,0,0.048982
data/genimage/imagenet_ai_0424_wukong/val/nature/ILSVRC2012_val_00014519.JPEG,0,0.004504
data/genimage/imagenet_ai_0424_wukong/val/nature/ILSVRC2012_val_00014812.JPEG,0,0.002977
data/genimage/imagenet_ai_0424_wukong/val/nature/ILSVRC2012_val_00014949.JPEG,0,7e-06
data/genimage/imagenet_ai_0424_wukong/val/nature/ILSVRC2012_val_00014961.JPEG,0,0.000105
data/genimage/imagenet_ai_0424_wukong/val/nature/ILSVRC2012_val_00014962.JPEG,0,8.3e-05
data/genimage/imagenet_ai_0424_wukong/val/nature/ILSVRC2012_val_00015058.JPEG,0,0.009945
data/genimage/imagenet_ai_0424_wukong/val/nature/ILSVRC2012_val_00015171.JPEG,0,0.002025
data/genimage/imagenet_ai_0424_wukong/val/nature/ILSVRC2012_val_00015253.JPEG,0,0.059514
data/genimage/imagenet_ai_0424_wukong/val/nature/ILSVRC2012_val_00015258.JPEG,0,0.011706
data/genimage/imagenet_ai_0424_wukong/val/nature/ILSVRC2012_val_00015403.JPEG,0,0.001327
data/genimage/imagenet_ai_0424_wukong/val/nature/ILSVRC2012_val_00015417.JPEG,0,0.047072
data/genimage/imagenet_ai_0424_wukong/val/nature/ILSVRC2012_val_00015478.JPEG,0,0.000101
data/genimage/imagenet_ai_0424_wukong/val/nature/ILSVRC2012_val_00015489.JPEG,0,0.000111
data/genimage/imagenet_ai_0424_wukong/val/nature/ILSVRC2012_val_00015564.JPEG,0,0.000124
data/genimage/imagenet_ai_0424_wukong/val/nature/ILSVRC2012_val_00015778.JPEG,0,0.006706
data/genimage/imagenet_ai_0424_wukong/val/nature/ILSVRC2012_val_00015853.JPEG,0,3e-06
data/genimage/imagenet_ai_0424_wukong/val/nature/ILSVRC2012_val_00015870.JPEG,0,0.001753
data/genimage/imagenet_ai_0424_wukong/val/nature/ILSVRC2012_val_00015900.JPEG,0,0.002826
data/genimage/imagenet_ai_0424_wukong/val/nature/ILSVRC2012_val_00016107.JPEG,0,0.003931
data/genimage/imagenet_ai_0424_wukong/val/nature/ILSVRC2012_val_00016413.JPEG,0,0.000809
data/genimage/imagenet_ai_0424_wukong/val/nature/ILSVRC2012_val_00016448.JPEG,0,1e-06
data/genimage/imagenet_ai_0424_wukong/val/nature/ILSVRC2012_val_00016799.JPEG,0,0.000822
data/genimage/imagenet_ai_0424_wukong/val/nature/ILSVRC2012_val_00016889.JPEG,0,0.020298
data/genimage/imagenet_ai_0424_wukong/val/nature/ILSVRC2012_val_00016932.JPEG,0,0.868176
data/genimage/imagenet_ai_0424_wukong/val/nature/ILSVRC2012_val_00017013.JPEG,0,9e-06
data/genimage/imagenet_ai_0424_wukong/val/nature/ILSVRC2012_val_00017121.JPEG,0,0.00101
data/genimage/imagenet_ai_0424_wukong/val/nature/ILSVRC2012_val_00017163.JPEG,0,0.034679
data/genimage/imagenet_ai_0424_wukong/val/nature/ILSVRC2012_val_00017209.JPEG,0,0.217413
data/genimage/imagenet_ai_0424_wukong/val/nature/ILSVRC2012_val_00017253.JPEG,0,5.8e-05
data/genimage/imagenet_ai_0424_wukong/val/nature/ILSVRC2012_val_00017375.JPEG,0,0.0
data/genimage/imagenet_ai_0424_wukong/val/nature/ILSVRC2012_val_00017378.JPEG,0,0.00056
data/genimage/imagenet_ai_0424_wukong/val/nature/ILSVRC2012_val_00017395.JPEG,0,0.001272
data/genimage/imagenet_ai_0424_wukong/val/nature/ILSVRC2012_val_00017610.JPEG,0,0.000716
data/genimage/imagenet_ai_0424_wukong/val/nature/ILSVRC2012_val_00017740.JPEG,0,0.17852
data/genimage/imagenet_ai_0424_wukong/val/nature/ILSVRC2012_val_00017825.JPEG,0,0.011746
data/genimage/imagenet_ai_0424_wukong/val/nature/ILSVRC2012_val_00017973.JPEG,0,0.993924
data/genimage/imagenet_ai_0424_wukong/val/nature/ILSVRC2012_val_00018065.JPEG,0,7e-06
data/genimage/imagenet_ai_0424_wukong/val/nature/ILSVRC2012_val_00018091.JPEG,0,0.003562
data/genimage/imagenet_ai_0424_wukong/val/nature/ILSVRC2012_val_00018391.JPEG,0,0.48923
data/genimage/imagenet_ai_0424_wukong/val/nature/ILSVRC2012_val_00018425.JPEG,0,0.016454
data/genimage/imagenet_ai_0424_wukong/val/nature/ILSVRC2012_val_00018434.JPEG,0,0.000673
data/genimage/imagenet_ai_0424_wukong/val/nature/ILSVRC2012_val_00018451.JPEG,0,0.000257
data/genimage/imagenet_ai_0424_wukong/val/nature/ILSVRC2012_val_00018458.JPEG,0,0.001493
data/genimage/imagenet_ai_0424_wukong/val/nature/ILSVRC2012_val_00018559.JPEG,0,0.003856
data/genimage/imagenet_ai_0424_wukong/val/nature/ILSVRC2012_val_00018566.JPEG,0,0.000112
data/genimage/imagenet_ai_0424_wukong/val/nature/ILSVRC2012_val_00018582.JPEG,0,0.244934
data/genimage/imagenet_ai_0424_wukong/val/nature/ILSVRC2012_val_00018584.JPEG,0,3e-06
data/genimage/imagenet_ai_0424_wukong/val/nature/ILSVRC2012_val_00018776.JPEG,0,1e-06
data/genimage/imagenet_ai_0424_wukong/val/nature/ILSVRC2012_val_00018826.JPEG,0,1e-06
data/genimage/imagenet_ai_0424_wukong/val/nature/ILSVRC2012_val_00019014.JPEG,0,0.019685
data/genimage/imagenet_ai_0424_wukong/val/nature/ILSVRC2012_val_00019243.JPEG,0,0.000204
data/genimage/imagenet_ai_0424_wukong/val/nature/ILSVRC2012_val_00019265.JPEG,0,0.000113
data/genimage/imagenet_ai_0424_wukong/val/nature/ILSVRC2012_val_00019356.JPEG,0,4.2e-05
data/genimage/imagenet_ai_0424_wukong/val/nature/ILSVRC2012_val_00019532.JPEG,0,0.000249
data/genimage/imagenet_ai_0424_wukong/val/nature/ILSVRC2012_val_00019588.JPEG,0,0.584544
data/genimage/imagenet_ai_0424_wukong/val/nature/ILSVRC2012_val_00019841.JPEG,0,0.000291
data/genimage/imagenet_ai_0424_wukong/val/nature/ILSVRC2012_val_00019853.JPEG,0,0.000144
data/genimage/imagenet_ai_0424_wukong/val/nature/ILSVRC2012_val_00019935.JPEG,0,6.2e-05
data/genimage/imagenet_ai_0424_wukong/val/nature/ILSVRC2012_val_00020032.JPEG,0,0.000186
data/genimage/imagenet_ai_0424_wukong/val/nature/ILSVRC2012_val_00020089.JPEG,0,0.000269
data/genimage/imagenet_ai_0424_wukong/val/nature/ILSVRC2012_val_00020195.JPEG,0,4.8e-05
data/genimage/imagenet_ai_0424_wukong/val/nature/ILSVRC2012_val_00020295.JPEG,0,3.8e-05
data/genimage/imagenet_ai_0424_wukong/val/nature/ILSVRC2012_val_00020360.JPEG,0,0.000551
data/genimage/imagenet_ai_0424_wukong/val/nature/ILSVRC2012_val_00020596.JPEG,0,0.000921
data/genimage/imagenet_ai_0424_wukong/val/nature/ILSVRC2012_val_00020767.JPEG,0,2.1e-05
data/genimage/imagenet_ai_0424_wukong/val/nature/ILSVRC2012_val_00020775.JPEG,0,0.000122
data/genimage/imagenet_ai_0424_wukong/val/nature/ILSVRC2012_val_00020803.JPEG,0,0.00018
data/genimage/imagenet_ai_0424_wukong/val/nature/ILSVRC2012_val_00020825.JPEG,0,0.000297
data/genimage/imagenet_ai_0424_wukong/val/nature/ILSVRC2012_val_00020874.JPEG,0,4.6e-05
data/genimage/imagenet_ai_0424_wukong/val/nature/ILSVRC2012_val_00021104.JPEG,0,9.3e-05
data/genimage/imagenet_ai_0424_wukong/val/nature/ILSVRC2012_val_00021403.JPEG,0,0.007016
data/genimage/imagenet_ai_0424_wukong/val/nature/ILSVRC2012_val_00021414.JPEG,0,1.9e-05
data/genimage/imagenet_ai_0424_wukong/val/nature/ILSVRC2012_val_00021602.JPEG,0,1e-06
data/genimage/imagenet_ai_0424_wukong/val/nature/ILSVRC2012_val_00021685.JPEG,0,0.000265
data/genimage/imagenet_ai_0424_wukong/val/nature/ILSVRC2012_val_00021754.JPEG,0,4.1e-05
data/genimage/imagenet_ai_0424_wukong/val/nature/ILSVRC2012_val_00021757.JPEG,0,0.002887
data/genimage/imagenet_ai_0424_wukong/val/nature/ILSVRC2012_val_00021847.JPEG,0,0.000242
data/genimage/imagenet_ai_0424_wukong/val/nature/ILSVRC2012_val_00021905.JPEG,0,0.001243
data/genimage/imagenet_ai_0424_wukong/val/nature/ILSVRC2012_val_00022012.JPEG,0,0.050516
data/genimage/imagenet_ai_0424_wukong/val/nature/ILSVRC2012_val_00022153.JPEG,0,0.003975
data/genimage/imagenet_ai_0424_wukong/val/nature/ILSVRC2012_val_00022178.JPEG,0,0.001713
data/genimage/imagenet_ai_0424_wukong/val/nature/ILSVRC2012_val_00022311.JPEG,0,0.006137
data/genimage/imagenet_ai_0424_wukong/val/nature/ILSVRC2012_val_00022321.JPEG,0,0.000978
data/genimage/imagenet_ai_0424_wukong/val/nature/ILSVRC2012_val_00022334.JPEG,0,4.2e-05
data/genimage/imagenet_ai_0424_wukong/val/nature/ILSVRC2012_val_00022444.JPEG,0,0.104543
data/genimage/imagenet_ai_0424_wukong/val/nature/ILSVRC2012_val_00022467.JPEG,0,0.002201
data/genimage/imagenet_ai_0424_wukong/val/nature/ILSVRC2012_val_00022477.JPEG,0,7e-05
data/genimage/imagenet_ai_0424_wukong/val/nature/ILSVRC2012_val_00022497.JPEG,0,0.002924
data/genimage/imagenet_ai_0424_wukong/val/nature/ILSVRC2012_val_00022513.JPEG,0,5.1e-05
data/genimage/imagenet_ai_0424_wukong/val/nature/ILSVRC2012_val_00022705.JPEG,0,0.012425
data/genimage/imagenet_ai_0424_wukong/val/nature/ILSVRC2012_val_00022738.JPEG,0,1.2e-05
data/genimage/imagenet_ai_0424_wukong/val/nature/ILSVRC2012_val_00022795.JPEG,0,1e-06
data/genimage/imagenet_ai_0424_wukong/val/nature/ILSVRC2012_val_00022934.JPEG,0,0.0004
data/genimage/imagenet_ai_0424_wukong/val/nature/ILSVRC2012_val_00022950.JPEG,0,1.4e-05
data/genimage/imagenet_ai_0424_wukong/val/nature/ILSVRC2012_val_00022951.JPEG,0,0.033462
data/genimage/imagenet_ai_0424_wukong/val/nature/ILSVRC2012_val_00022971.JPEG,0,0.000261
data/genimage/imagenet_ai_0424_wukong/val/nature/ILSVRC2012_val_00023001.JPEG,0,0.731475
data/genimage/imagenet_ai_0424_wukong/val/nature/ILSVRC2012_val_00023055.JPEG,0,1e-06
data/genimage/imagenet_ai_0424_wukong/val/nature/ILSVRC2012_val_00023101.JPEG,0,2.2e-05
data/genimage/imagenet_ai_0424_wukong/val/nature/ILSVRC2012_val_00023285.JPEG,0,6.2e-05
data/genimage/imagenet_ai_0424_wukong/val/nature/ILSVRC2012_val_00023783.JPEG,0,0.0
data/genimage/imagenet_ai_0424_wukong/val/nature/ILSVRC2012_val_00023793.JPEG,0,0.020001
data/genimage/imagenet_ai_0424_wukong/val/nature/ILSVRC2012_val_00023802.JPEG,0,3e-06
data/genimage/imagenet_ai_0424_wukong/val/nature/ILSVRC2012_val_00023858.JPEG,0,0.000894
data/genimage/imagenet_ai_0424_wukong/val/nature/ILSVRC2012_val_00023885.JPEG,0,0.001557
data/genimage/imagenet_ai_0424_wukong/val/nature/ILSVRC2012_val_00023984.JPEG,0,3.3e-05
data/genimage/imagenet_ai_0424_wukong/val/nature/ILSVRC2012_val_00024036.JPEG,0,0.019306
data/genimage/imagenet_ai_0424_wukong/val/nature/ILSVRC2012_val_00024038.JPEG,0,1.5e-05
data/genimage/imagenet_ai_0424_wukong/val/nature/ILSVRC2012_val_00024302.JPEG,0,0.019015
data/genimage/imagenet_ai_0424_wukong/val/nature/ILSVRC2012_val_00024385.JPEG,0,4e-06
data/genimage/imagenet_ai_0424_wukong/val/nature/ILSVRC2012_val_00024405.JPEG,0,0.015224
data/genimage/imagenet_ai_0424_wukong/val/nature/ILSVRC2012_val_00024473.JPEG,0,0.004105
data/genimage/imagenet_ai_0424_wukong/val/nature/ILSVRC2012_val_00024535.JPEG,0,0.000283
data/genimage/imagenet_ai_0424_wukong/val/nature/ILSVRC2012_val_00024562.JPEG,0,1e-05
data/genimage/imagenet_ai_0424_wukong/val/nature/ILSVRC2012_val_00024656.JPEG,0,6.1e-05
data/genimage/imagenet_ai_0424_wukong/val/nature/ILSVRC2012_val_00024660.JPEG,0,0.474545
data/genimage/imagenet_ai_0424_wukong/val/nature/ILSVRC2012_val_00024791.JPEG,0,0.970925
data/genimage/imagenet_ai_0424_wukong/val/nature/ILSVRC2012_val_00025157.JPEG,0,0.000122
data/genimage/imagenet_ai_0424_wukong/val/nature/ILSVRC2012_val_00025178.JPEG,0,0.000397
data/genimage/imagenet_ai_0424_wukong/val/nature/ILSVRC2012_val_00025321.JPEG,0,0.003196
data/genimage/imagenet_ai_0424_wukong/val/nature/ILSVRC2012_val_00025448.JPEG,0,1.2e-05
data/genimage/imagenet_ai_0424_wukong/val/nature/ILSVRC2012_val_00025459.JPEG,0,0.000975
data/genimage/imagenet_ai_0424_wukong/val/nature/ILSVRC2012_val_00025636.JPEG,0,0.003359
data/genimage/imagenet_ai_0424_wukong/val/nature/ILSVRC2012_val_00025799.JPEG,0,0.000125
data/genimage/imagenet_ai_0424_wukong/val/nature/ILSVRC2012_val_00025803.JPEG,0,0.006905
data/genimage/imagenet_ai_0424_wukong/val/nature/ILSVRC2012_val_00025807.JPEG,0,0.003489
data/genimage/imagenet_ai_0424_wukong/val/nature/ILSVRC2012_val_00025889.JPEG,0,3.1e-05
data/genimage/imagenet_ai_0424_wukong/val/nature/ILSVRC2012_val_00025954.JPEG,0,0.005778
data/genimage/imagenet_ai_0424_wukong/val/nature/ILSVRC2012_val_00026015.JPEG,0,0.000273
data/genimage/imagenet_ai_0424_wukong/val/nature/ILSVRC2012_val_00026044.JPEG,0,0.000525
data/genimage/imagenet_ai_0424_wukong/val/nature/ILSVRC2012_val_00026059.JPEG,0,3.7e-05
data/genimage/imagenet_ai_0424_wukong/val/nature/ILSVRC2012_val_00026199.JPEG,0,0.00055
data/genimage/imagenet_ai_0424_wukong/val/nature/ILSVRC2012_val_00026388.JPEG,0,1e-06
data/genimage/imagenet_ai_0424_wukong/val/nature/ILSVRC2012_val_00026408.JPEG,0,4.7e-05
data/genimage/imagenet_ai_0424_wukong/val/nature/ILSVRC2012_val_00026706.JPEG,0,0.000144
data/genimage/imagenet_ai_0424_wukong/val/nature/ILSVRC2012_val_00026707.JPEG,0,1.6e-05
data/genimage/imagenet_ai_0424_wukong/val/nature/ILSVRC2012_val_00026804.JPEG,0,0.000184
data/genimage/imagenet_ai_0424_wukong/val/nature/ILSVRC2012_val_00026880.JPEG,0,6e-05
data/genimage/imagenet_ai_0424_wukong/val/nature/ILSVRC2012_val_00026975.JPEG,0,0.00113
data/genimage/imagenet_ai_0424_wukong/val/nature/ILSVRC2012_val_00027068.JPEG,0,0.004115
data/genimage/imagenet_ai_0424_wukong/val/nature/ILSVRC2012_val_00027328.JPEG,0,1.2e-05
data/genimage/imagenet_ai_0424_wukong/val/nature/ILSVRC2012_val_00027444.JPEG,0,0.000242
data/genimage/imagenet_ai_0424_wukong/val/nature/ILSVRC2012_val_00027492.JPEG,0,0.000273
data/genimage/imagenet_ai_0424_wukong/val/nature/ILSVRC2012_val_00027541.JPEG,0,0.064448
data/genimage/imagenet_ai_0424_wukong/val/nature/ILSVRC2012_val_00027803.JPEG,0,0.207969
data/genimage/imagenet_ai_0424_wukong/val/nature/ILSVRC2012_val_00027882.JPEG,0,8.4e-05
data/genimage/imagenet_ai_0424_wukong/val/nature/ILSVRC2012_val_00027945.JPEG,0,8.4e-05
data/genimage/imagenet_ai_0424_wukong/val/nature/ILSVRC2012_val_00027969.JPEG,0,0.008337
data/genimage/imagenet_ai_0424_wukong/val/nature/ILSVRC2012_val_00028060.JPEG,0,0.001182
data/genimage/imagenet_ai_0424_wukong/val/nature/ILSVRC2012_val_00028216.JPEG,0,1e-06
data/genimage/imagenet_ai_0424_wukong/val/nature/ILSVRC2012_val_00028253.JPEG,0,0.003646
data/genimage/imagenet_ai_0424_wukong/val/nature/ILSVRC2012_val_00028284.JPEG,0,0.000442
data/genimage/imagenet_ai_0424_wukong/val/nature/ILSVRC2012_val_00028335.JPEG,0,7e-06
data/genimage/imagenet_ai_0424_wukong/val/nature/ILSVRC2012_val_00028418.JPEG,0,1.6e-05
data/genimage/imagenet_ai_0424_wukong/val/nature/ILSVRC2012_val_00028455.JPEG,0,0.003718
data/genimage/imagenet_ai_0424_wukong/val/nature/ILSVRC2012_val_00028543.JPEG,0,0.0007
data/genimage/imagenet_ai_0424_wukong/val/nature/ILSVRC2012_val_00028573.JPEG,0,0.035001
data/genimage/imagenet_ai_0424_wukong/val/nature/ILSVRC2012_val_00028603.JPEG,0,0.008846
data/genimage/imagenet_ai_0424_wukong/val/nature/ILSVRC2012_val_00028693.JPEG,0,0.001267
data/genimage/imagenet_ai_0424_wukong/val/nature/ILSVRC2012_val_00028858.JPEG,0,0.001073
data/genimage/imagenet_ai_0424_wukong/val/nature/ILSVRC2012_val_00029056.JPEG,0,0.010259
data/genimage/imagenet_ai_0424_wukong/val/nature/ILSVRC2012_val_00029144.JPEG,0,0.000193
data/genimage/imagenet_ai_0424_wukong/val/nature/ILSVRC2012_val_00029268.JPEG,0,3.4e-05
data/genimage/imagenet_ai_0424_wukong/val/nature/ILSVRC2012_val_00029393.JPEG,0,0.000956
data/genimage/imagenet_ai_0424_wukong/val/nature/ILSVRC2012_val_00029411.JPEG,0,0.000559
data/genimage/imagenet_ai_0424_wukong/val/nature/ILSVRC2012_val_00029839.JPEG,0,5.5e-05
data/genimage/imagenet_ai_0424_wukong/val/nature/ILSVRC2012_val_00029927.JPEG,0,0.097191
data/genimage/imagenet_ai_0424_wukong/val/nature/ILSVRC2012_val_00029984.JPEG,0,0.000232
data/genimage/imagenet_ai_0424_wukong/val/nature/ILSVRC2012_val_00030069.JPEG,0,0.509471
data/genimage/imagenet_ai_0424_wukong/val/nature/ILSVRC2012_val_00030217.JPEG,0,0.002596
data/genimage/imagenet_ai_0424_wukong/val/nature/ILSVRC2012_val_00030252.JPEG,0,0.002891
data/genimage/imagenet_ai_0424_wukong/val/nature/ILSVRC2012_val_00030365.JPEG,0,1e-06
data/genimage/imagenet_ai_0424_wukong/val/nature/ILSVRC2012_val_00030695.JPEG,0,0.965607
data/genimage/imagenet_ai_0424_wukong/val/nature/ILSVRC2012_val_00030796.JPEG,0,0.016958
data/genimage/imagenet_ai_0424_wukong/val/nature/ILSVRC2012_val_00030834.JPEG,0,0.000471
data/genimage/imagenet_ai_0424_wukong/val/nature/ILSVRC2012_val_00030894.JPEG,0,2e-06
data/genimage/imagenet_ai_0424_wukong/val/nature/ILSVRC2012_val_00030899.JPEG,0,0.000151
data/genimage/imagenet_ai_0424_wukong/val/nature/ILSVRC2012_val_00031166.JPEG,0,5.8e-05
data/genimage/imagenet_ai_0424_wukong/val/nature/ILSVRC2012_val_00031196.JPEG,0,0.000178
data/genimage/imagenet_ai_0424_wukong/val/nature/ILSVRC2012_val_00031220.JPEG,0,1.6e-05
data/genimage/imagenet_ai_0424_wukong/val/nature/ILSVRC2012_val_00031222.JPEG,0,9.1e-05
data/genimage/imagenet_ai_0424_wukong/val/nature/ILSVRC2012_val_00031226.JPEG,0,0.006354
data/genimage/imagenet_ai_0424_wukong/val/nature/ILSVRC2012_val_00031442.JPEG,0,0.317983
data/genimage/imagenet_ai_0424_wukong/val/nature/ILSVRC2012_val_00031536.JPEG,0,1e-06
data/genimage/imagenet_ai_0424_wukong/val/nature/ILSVRC2012_val_00031568.JPEG,0,0.000412
data/genimage/imagenet_ai_0424_wukong/val/nature/ILSVRC2012_val_00031703.JPEG,0,4.1e-05
data/genimage/imagenet_ai_0424_wukong/val/nature/ILSVRC2012_val_00031765.JPEG,0,1e-06
data/genimage/imagenet_ai_0424_wukong/val/nature/ILSVRC2012_val_00031958.JPEG,0,0.089922
data/genimage/imagenet_ai_0424_wukong/val/nature/ILSVRC2012_val_00032135.JPEG,0,0.999074
data/genimage/imagenet_ai_0424_wukong/val/nature/ILSVRC2012_val_00032146.JPEG,0,7.1e-05
data/genimage/imagenet_ai_0424_wukong/val/nature/ILSVRC2012_val_00032372.JPEG,0,6e-06
data/genimage/imagenet_ai_0424_wukong/val/nature/ILSVRC2012_val_00032389.JPEG,0,2.8e-05
data/genimage/imagenet_ai_0424_wukong/val/nature/ILSVRC2012_val_00032419.JPEG,0,6.2e-05
data/genimage/imagenet_ai_0424_wukong/val/nature/ILSVRC2012_val_00032454.JPEG,0,0.019985
data/genimage/imagenet_ai_0424_wukong/val/nature/ILSVRC2012_val_00032459.JPEG,0,0.006236
data/genimage/imagenet_ai_0424_wukong/val/nature/ILSVRC2012_val_00032585.JPEG,0,1e-06
data/genimage/imagenet_ai_0424_wukong/val/nature/ILSVRC2012_val_00032626.JPEG,0,0.015069
data/genimage/imagenet_ai_0424_wukong/val/nature/ILSVRC2012_val_00033135.JPEG,0,0.001861
data/genimage/imagenet_ai_0424_wukong/val/nature/ILSVRC2012_val_00033137.JPEG,0,1.5e-05
data/genimage/imagenet_ai_0424_wukong/val/nature/ILSVRC2012_val_00033329.JPEG,0,0.001452
data/genimage/imagenet_ai_0424_wukong/val/nature/ILSVRC2012_val_00033339.JPEG,0,0.00025
data/genimage/imagenet_ai_0424_wukong/val/nature/ILSVRC2012_val_00033384.JPEG,0,0.04278
data/genimage/imagenet_ai_0424_wukong/val/nature/ILSVRC2012_val_00033433.JPEG,0,0.023069
data/genimage/imagenet_ai_0424_wukong/val/nature/ILSVRC2012_val_00033440.JPEG,0,0.886365
data/genimage/imagenet_ai_0424_wukong/val/nature/ILSVRC2012_val_00033641.JPEG,0,1.1e-05
data/genimage/imagenet_ai_0424_wukong/val/nature/ILSVRC2012_val_00033670.JPEG,0,0.000132
data/genimage/imagenet_ai_0424_wukong/val/nature/ILSVRC2012_val_00033732.JPEG,0,0.167106
data/genimage/imagenet_ai_0424_wukong/val/nature/ILSVRC2012_val_00033788.JPEG,0,0.000234
data/genimage/imagenet_ai_0424_wukong/val/nature/ILSVRC2012_val_00033804.JPEG,0,3.1e-05
data/genimage/imagenet_ai_0424_wukong/val/nature/ILSVRC2012_val_00034023.JPEG,0,0.154805
data/genimage/imagenet_ai_0424_wukong/val/nature/ILSVRC2012_val_00034089.JPEG,0,0.003828
data/genimage/imagenet_ai_0424_wukong/val/nature/ILSVRC2012_val_00034255.JPEG,0,0.0
data/genimage/imagenet_ai_0424_wukong/val/nature/ILSVRC2012_val_00034474.JPEG,0,0.0
data/genimage/imagenet_ai_0424_wukong/val/nature/ILSVRC2012_val_00034479.JPEG,0,2.2e-05
data/genimage/imagenet_ai_0424_wukong/val/nature/ILSVRC2012_val_00034827.JPEG,0,3.3e-05
data/genimage/imagenet_ai_0424_wukong/val/nature/ILSVRC2012_val_00034918.JPEG,0,0.080253
data/genimage/imagenet_ai_0424_wukong/val/nature/ILSVRC2012_val_00034921.JPEG,0,0.000615
data/genimage/imagenet_ai_0424_wukong/val/nature/ILSVRC2012_val_00035008.JPEG,0,3e-06
data/genimage/imagenet_ai_0424_wukong/val/nature/ILSVRC2012_val_00035084.JPEG,0,0.056563
data/genimage/imagenet_ai_0424_wukong/val/nature/ILSVRC2012_val_00035129.JPEG,0,0.880696
data/genimage/imagenet_ai_0424_wukong/val/nature/ILSVRC2012_val_00035252.JPEG,0,0.404788
data/genimage/imagenet_ai_0424_wukong/val/nature/ILSVRC2012_val_00035269.JPEG,0,3.5e-05
data/genimage/imagenet_ai_0424_wukong/val/nature/ILSVRC2012_val_00035298.JPEG,0,2.6e-05
data/genimage/imagenet_ai_0424_wukong/val/nature/ILSVRC2012_val_00035423.JPEG,0,0.003197
data/genimage/imagenet_ai_0424_wukong/val/nature/ILSVRC2012_val_00035509.JPEG,0,6e-06
data/genimage/imagenet_ai_0424_wukong/val/nature/ILSVRC2012_val_00035606.JPEG,0,2e-06
data/genimage/imagenet_ai_0424_wukong/val/nature/ILSVRC2012_val_00035723.JPEG,0,2e-06
data/genimage/imagenet_ai_0424_wukong/val/nature/ILSVRC2012_val_00035872.JPEG,0,6.3e-05
data/genimage/imagenet_ai_0424_wukong/val/nature/ILSVRC2012_val_00036135.JPEG,0,0.006951
data/genimage/imagenet_ai_0424_wukong/val/nature/ILSVRC2012_val_00036276.JPEG,0,7.7e-05
data/genimage/imagenet_ai_0424_wukong/val/nature/ILSVRC2012_val_00036492.JPEG,0,1.1e-05
data/genimage/imagenet_ai_0424_wukong/val/nature/ILSVRC2012_val_00036588.JPEG,0,0.003984
data/genimage/imagenet_ai_0424_wukong/val/nature/ILSVRC2012_val_00036739.JPEG,0,3.2e-05
data/genimage/imagenet_ai_0424_wukong/val/nature/ILSVRC2012_val_00036761.JPEG,0,0.0065
data/genimage/imagenet_ai_0424_wukong/val/nature/ILSVRC2012_val_00036772.JPEG,0,0.018101
data/genimage/imagenet_ai_0424_wukong/val/nature/ILSVRC2012_val_00037169.JPEG,0,1e-06
data/genimage/imagenet_ai_0424_wukong/val/nature/ILSVRC2012_val_00037412.JPEG,0,0.196179
data/genimage/imagenet_ai_0424_wukong/val/nature/ILSVRC2012_val_00037489.JPEG,0,2e-06
data/genimage/imagenet_ai_0424_wukong/val/nature/ILSVRC2012_val_00037609.JPEG,0,4e-06
data/genimage/imagenet_ai_0424_wukong/val/nature/ILSVRC2012_val_00037691.JPEG,0,9e-06
data/genimage/imagenet_ai_0424_wukong/val/nature/ILSVRC2012_val_00037781.JPEG,0,0.00013
data/genimage/imagenet_ai_0424_wukong/val/nature/ILSVRC2012_val_00037804.JPEG,0,4e-06
data/genimage/imagenet_ai_0424_wukong/val/nature/ILSVRC2012_val_00037856.JPEG,0,4e-06
data/genimage/imagenet_ai_0424_wukong/val/nature/ILSVRC2012_val_00037999.JPEG,0,5.5e-05
data/genimage/imagenet_ai_0424_wukong/val/nature/ILSVRC2012_val_00038053.JPEG,0,0.000795
data/genimage/imagenet_ai_0424_wukong/val/nature/ILSVRC2012_val_00038258.JPEG,0,0.00112
data/genimage/imagenet_ai_0424_wukong/val/nature/ILSVRC2012_val_00038279.JPEG,0,0.000666
data/genimage/imagenet_ai_0424_wukong/val/nature/ILSVRC2012_val_00038314.JPEG,0,5e-06
data/genimage/imagenet_ai_0424_wukong/val/nature/ILSVRC2012_val_00038900.JPEG,0,0.002237
data/genimage/imagenet_ai_0424_wukong/val/nature/ILSVRC2012_val_00038944.JPEG,0,0.001064
data/genimage/imagenet_ai_0424_wukong/val/nature/ILSVRC2012_val_00039194.JPEG,0,0.892074
data/genimage/imagenet_ai_0424_wukong/val/nature/ILSVRC2012_val_00039383.JPEG,0,4.9e-05
data/genimage/imagenet_ai_0424_wukong/val/nature/ILSVRC2012_val_00039450.JPEG,0,0.000155
data/genimage/imagenet_ai_0424_wukong/val/nature/ILSVRC2012_val_00039464.JPEG,0,0.000381
data/genimage/imagenet_ai_0424_wukong/val/nature/ILSVRC2012_val_00039508.JPEG,0,6e-06
data/genimage/imagenet_ai_0424_wukong/val/nature/ILSVRC2012_val_00039624.JPEG,0,0.756305
data/genimage/imagenet_ai_0424_wukong/val/nature/ILSVRC2012_val_00039634.JPEG,0,0.063984
data/genimage/imagenet_ai_0424_wukong/val/nature/ILSVRC2012_val_00039643.JPEG,0,7.2e-05
data/genimage/imagenet_ai_0424_wukong/val/nature/ILSVRC2012_val_00039688.JPEG,0,0.00026
data/genimage/imagenet_ai_0424_wukong/val/nature/ILSVRC2012_val_00039708.JPEG,0,2.3e-05
data/genimage/imagenet_ai_0424_wukong/val/nature/ILSVRC2012_val_00039946.JPEG,0,1.7e-05
data/genimage/imagenet_ai_0424_wukong/val/nature/ILSVRC2012_val_00040299.JPEG,0,0.676288
data/genimage/imagenet_ai_0424_wukong/val/nature/ILSVRC2012_val_00040312.JPEG,0,0.000735
data/genimage/imagenet_ai_0424_wukong/val/nature/ILSVRC2012_val_00040528.JPEG,0,0.029897
data/genimage/imagenet_ai_0424_wukong/val/nature/ILSVRC2012_val_00040926.JPEG,0,1e-05
data/genimage/imagenet_ai_0424_wukong/val/nature/ILSVRC2012_val_00040947.JPEG,0,0.000315
data/genimage/imagenet_ai_0424_wukong/val/nature/ILSVRC2012_val_00040980.JPEG,0,1e-06
data/genimage/imagenet_ai_0424_wukong/val/nature/ILSVRC2012_val_00041263.JPEG,0,5e-06
data/genimage/imagenet_ai_0424_wukong/val/nature/ILSVRC2012_val_00041264.JPEG,0,0.000247
data/genimage/imagenet_ai_0424_wukong/val/nature/ILSVRC2012_val_00041278.JPEG,0,0.001983
data/genimage/imagenet_ai_0424_wukong/val/nature/ILSVRC2012_val_00041424.JPEG,0,0.005898
data/genimage/imagenet_ai_0424_wukong/val/nature/ILSVRC2012_val_00041566.JPEG,0,0.000221
data/genimage/imagenet_ai_0424_wukong/val/nature/ILSVRC2012_val_00041584.JPEG,0,0.993777
data/genimage/imagenet_ai_0424_wukong/val/nature/ILSVRC2012_val_00041616.JPEG,0,4.1e-05
data/genimage/imagenet_ai_0424_wukong/val/nature/ILSVRC2012_val_00041659.JPEG,0,0.012651
data/genimage/imagenet_ai_0424_wukong/val/nature/ILSVRC2012_val_00041703.JPEG,0,0.003623
data/genimage/imagenet_ai_0424_wukong/val/nature/ILSVRC2012_val_00041737.JPEG,0,0.008164
data/genimage/imagenet_ai_0424_wukong/val/nature/ILSVRC2012_val_00041749.JPEG,0,2.2e-05
data/genimage/imagenet_ai_0424_wukong/val/nature/ILSVRC2012_val_00041823.JPEG,0,0.04222
data/genimage/imagenet_ai_0424_wukong/val/nature/ILSVRC2012_val_00041851.JPEG,0,0.000464
data/genimage/imagenet_ai_0424_wukong/val/nature/ILSVRC2012_val_00041885.JPEG,0,0.000287
data/genimage/imagenet_ai_0424_wukong/val/nature/ILSVRC2012_val_00042393.JPEG,0,0.002858
data/genimage/imagenet_ai_0424_wukong/val/nature/ILSVRC2012_val_00042558.JPEG,0,7.5e-05
data/genimage/imagenet_ai_0424_wukong/val/nature/ILSVRC2012_val_00042560.JPEG,0,0.002205
data/genimage/imagenet_ai_0424_wukong/val/nature/ILSVRC2012_val_00042634.JPEG,0,0.004485
data/genimage/imagenet_ai_0424_wukong/val/nature/ILSVRC2012_val_00042663.JPEG,0,0.073583
data/genimage/imagenet_ai_0424_wukong/val/nature/ILSVRC2012_val_00042788.JPEG,0,0.000159
data/genimage/imagenet_ai_0424_wukong/val/nature/ILSVRC2012_val_00043299.JPEG,0,0.002677
data/genimage/imagenet_ai_0424_wukong/val/nature/ILSVRC2012_val_00043309.JPEG,0,4.4e-05
data/genimage/imagenet_ai_0424_wukong/val/nature/ILSVRC2012_val_00043326.JPEG,0,8.8e-05
data/genimage/imagenet_ai_0424_wukong/val/nature/ILSVRC2012_val_00043411.JPEG,0,5.3e-05
data/genimage/imagenet_ai_0424_wukong/val/nature/ILSVRC2012_val_00043478.JPEG,0,0.000291
data/genimage/imagenet_ai_0424_wukong/val/nature/ILSVRC2012_val_00043533.JPEG,0,8.4e-05
data/genimage/imagenet_ai_0424_wukong/val/nature/ILSVRC2012_val_00043598.JPEG,0,0.000231
data/genimage/imagenet_ai_0424_wukong/val/nature/ILSVRC2012_val_00043926.JPEG,0,3.9e-05
data/genimage/imagenet_ai_0424_wukong/val/nature/ILSVRC2012_val_00044232.JPEG,0,1.4e-05
data/genimage/imagenet_ai_0424_wukong/val/nature/ILSVRC2012_val_00044292.JPEG,0,0.000965
data/genimage/imagenet_ai_0424_wukong/val/nature/ILSVRC2012_val_00044297.JPEG,0,3e-06
data/genimage/imagenet_ai_0424_wukong/val/nature/ILSVRC2012_val_00044781.JPEG,0,0.000111
data/genimage/imagenet_ai_0424_wukong/val/nature/ILSVRC2012_val_00044801.JPEG,0,0.010793
data/genimage/imagenet_ai_0424_wukong/val/nature/ILSVRC2012_val_00044995.JPEG,0,4e-06
data/genimage/imagenet_ai_0424_wukong/val/nature/ILSVRC2012_val_00045403.JPEG,0,0.00188
data/genimage/imagenet_ai_0424_wukong/val/nature/ILSVRC2012_val_00045503.JPEG,0,0.001248
data/genimage/imagenet_ai_0424_wukong/val/nature/ILSVRC2012_val_00045629.JPEG,0,0.170372
data/genimage/imagenet_ai_0424_wukong/val/nature/ILSVRC2012_val_00045708.JPEG,0,5e-06
data/genimage/imagenet_ai_0424_wukong/val/nature/ILSVRC2012_val_00045724.JPEG,0,0.009902
data/genimage/imagenet_ai_0424_wukong/val/nature/ILSVRC2012_val_00045745.JPEG,0,2.3e-05
data/genimage/imagenet_ai_0424_wukong/val/nature/ILSVRC2012_val_00045784.JPEG,0,0.000494
data/genimage/imagenet_ai_0424_wukong/val/nature/ILSVRC2012_val_00045796.JPEG,0,0.000652
data/genimage/imagenet_ai_0424_wukong/val/nature/ILSVRC2012_val_00046180.JPEG,0,0.000141
data/genimage/imagenet_ai_0424_wukong/val/nature/ILSVRC2012_val_00046313.JPEG,0,0.001011
data/genimage/imagenet_ai_0424_wukong/val/nature/ILSVRC2012_val_00046365.JPEG,0,0.000559
data/genimage/imagenet_ai_0424_wukong/val/nature/ILSVRC2012_val_00046500.JPEG,0,0.013672
data/genimage/imagenet_ai_0424_wukong/val/nature/ILSVRC2012_val_00046506.JPEG,0,1.3e-05
data/genimage/imagenet_ai_0424_wukong/val/nature/ILSVRC2012_val_00046510.JPEG,0,0.001397
data/genimage/imagenet_ai_0424_wukong/val/nature/ILSVRC2012_val_00046574.JPEG,0,1.6e-05
data/genimage/imagenet_ai_0424_wukong/val/nature/ILSVRC2012_val_00046633.JPEG,0,1.5e-05
data/genimage/imagenet_ai_0424_wukong/val/nature/ILSVRC2012_val_00046835.JPEG,0,0.243696
data/genimage/imagenet_ai_0424_wukong/val/nature/ILSVRC2012_val_00046961.JPEG,0,2e-05
data/genimage/imagenet_ai_0424_wukong/val/nature/ILSVRC2012_val_00047479.JPEG,0,0.000892
data/genimage/imagenet_ai_0424_wukong/val/nature/ILSVRC2012_val_00047490.JPEG,0,0.000179
data/genimage/imagenet_ai_0424_wukong/val/nature/ILSVRC2012_val_00047564.JPEG,0,2.9e-05
data/genimage/imagenet_ai_0424_wukong/val/nature/ILSVRC2012_val_00047619.JPEG,0,6.4e-05
data/genimage/imagenet_ai_0424_wukong/val/nature/ILSVRC2012_val_00047714.JPEG,0,0.000472
data/genimage/imagenet_ai_0424_wukong/val/nature/ILSVRC2012_val_00047743.JPEG,0,0.004856
data/genimage/imagenet_ai_0424_wukong/val/nature/ILSVRC2012_val_00047818.JPEG,0,0.001163
data/genimage/imagenet_ai_0424_wukong/val/nature/ILSVRC2012_val_00047979.JPEG,0,0.0
data/genimage/imagenet_ai_0424_wukong/val/nature/ILSVRC2012_val_00048174.JPEG,0,0.000127
data/genimage/imagenet_ai_0424_wukong/val/nature/ILSVRC2012_val_00048513.JPEG,0,0.04641
data/genimage/imagenet_ai_0424_wukong/val/nature/ILSVRC2012_val_00048597.JPEG,0,9e-06
data/genimage/imagenet_ai_0424_wukong/val/nature/ILSVRC2012_val_00048606.JPEG,0,0.046477
data/genimage/imagenet_ai_0424_wukong/val/nature/ILSVRC2012_val_00048958.JPEG,0,0.009749
data/genimage/imagenet_ai_0424_wukong/val/nature/ILSVRC2012_val_00049064.JPEG,0,0.00327
data/genimage/imagenet_ai_0424_wukong/val/nature/ILSVRC2012_val_00049105.JPEG,0,0.00242
data/genimage/imagenet_ai_0424_wukong/val/nature/ILSVRC2012_val_00049450.JPEG,0,0.000522
data/genimage/imagenet_ai_0424_wukong/val/nature/ILSVRC2012_val_00049605.JPEG,0,0.001487
data/genimage/imagenet_ai_0424_wukong/val/nature/ILSVRC2012_val_00049733.JPEG,0,0.004807
data/genimage/imagenet_ai_0424_wukong/val/nature/ILSVRC2012_val_00049865.JPEG,0,0.000507
data/genimage/imagenet_ai_0424_wukong/val/nature/ILSVRC2012_val_00049943.JPEG,0,0.464511
data/genimage/imagenet_glide/val/ai/GLIDE_1000_200_00_002_glide_00039.png,1,1.0
data/genimage/imagenet_glide/val/ai/GLIDE_1000_200_00_003_glide_00143.png,1,1.0
data/genimage/imagenet_glide/val/ai/GLIDE_1000_200_00_006_glide_00020.png,1,0.999908
data/genimage/imagenet_glide/val/ai/GLIDE_1000_200_00_012_glide_00074.png,1,0.995329
data/genimage/imagenet_glide/val/ai/GLIDE_1000_200_00_013_glide_00035.png,1,1.0
data/genimage/imagenet_glide/val/ai/GLIDE_1000_200_00_014_glide_00020.png,1,0.997259
data/genimage/imagenet_glide/val/ai/GLIDE_1000_200_00_015_glide_00020.png,1,0.999996
data/genimage/imagenet_glide/val/ai/GLIDE_1000_200_00_015_glide_00143.png,1,0.998927
data/genimage/imagenet_glide/val/ai/GLIDE_1000_200_00_017_glide_00020.png,1,0.999712
data/genimage/imagenet_glide/val/ai/GLIDE_1000_200_00_018_glide_00035.png,1,1.0
data/genimage/imagenet_glide/val/ai/GLIDE_1000_200_00_022_glide_00035.png,1,0.999319
data/genimage/imagenet_glide/val/ai/GLIDE_1000_200_00_022_glide_00127.png,1,0.999313
data/genimage/imagenet_glide/val/ai/GLIDE_1000_200_00_023_glide_00020.png,1,0.999855
data/genimage/imagenet_glide/val/ai/GLIDE_1000_200_00_023_glide_00127.png,1,0.999987
data/genimage/imagenet_glide/val/ai/GLIDE_1000_200_00_032_glide_00143.png,1,0.999999
data/genimage/imagenet_glide/val/ai/GLIDE_1000_200_00_033_glide_00039.png,1,0.999949
data/genimage/imagenet_glide/val/ai/GLIDE_1000_200_00_034_glide_00020.png,1,1.0
data/genimage/imagenet_glide/val/ai/GLIDE_1000_200_00_036_glide_00074.png,1,1.0
data/genimage/imagenet_glide/val/ai/GLIDE_1000_200_00_037_glide_00143.png,1,0.999999
data/genimage/imagenet_glide/val/ai/GLIDE_1000_200_00_044_glide_00020.png,1,0.0677
data/genimage/imagenet_glide/val/ai/GLIDE_1000_200_00_044_glide_00074.png,1,1.0
data/genimage/imagenet_glide/val/ai/GLIDE_1000_200_00_046_glide_00127.png,1,0.999885
data/genimage/imagenet_glide/val/ai/GLIDE_1000_200_00_047_glide_00143.png,1,0.999999
data/genimage/imagenet_glide/val/ai/GLIDE_1000_200_00_049_glide_00074.png,1,0.99999
data/genimage/imagenet_glide/val/ai/GLIDE_1000_200_00_053_glide_00074.png,1,1.0
data/genimage/imagenet_glide/val/ai/GLIDE_1000_200_00_054_glide_00127.png,1,0.999883
data/genimage/imagenet_glide/val/ai/GLIDE_1000_200_00_056_glide_00035.png,1,1.0
data/genimage/imagenet_glide/val/ai/GLIDE_1000_200_00_056_glide_00074.png,1,1.0
data/genimage/imagenet_glide/val/ai/GLIDE_1000_200_00_059_glide_00039.png,1,0.999998
data/genimage/imagenet_glide/val/ai/GLIDE_1000_200_00_064_glide_00074.png,1,0.999995
data/genimage/imagenet_glide/val/ai/GLIDE_1000_200_00_066_glide_00074.png,1,0.998512
data/genimage/imagenet_glide/val/ai/GLIDE_1000_200_00_068_glide_00035.png,1,0.999995
data/genimage/imagenet_glide/val/ai/GLIDE_1000_200_00_068_glide_00143.png,1,0.994415
data/genimage/imagenet_glide/val/ai/GLIDE_1000_200_00_070_glide_00020.png,1,0.999022
data/genimage/imagenet_glide/val/ai/GLIDE_1000_200_00_071_glide_00035.png,1,0.995492
data/genimage/imagenet_glide/val/ai/GLIDE_1000_200_00_072_glide_00143.png,1,0.999998
data/genimage/imagenet_glide/val/ai/GLIDE_1000_200_00_073_glide_00020.png,1,0.998578
data/genimage/imagenet_glide/val/ai/GLIDE_1000_200_00_074_glide_00074.png,1,0.999775
data/genimage/imagenet_glide/val/ai/GLIDE_1000_200_00_084_glide_00039.png,1,1.0
data/genimage/imagenet_glide/val/ai/GLIDE_1000_200_00_084_glide_00143.png,1,0.999894
data/genimage/imagenet_glide/val/ai/GLIDE_1000_200_00_089_glide_00143.png,1,0.995245
data/genimage/imagenet_glide/val/ai/GLIDE_1000_200_00_092_glide_00035.png,1,0.999905
data/genimage/imagenet_glide/val/ai/GLIDE_1000_200_00_092_glide_00143.png,1,0.999778
data/genimage/imagenet_glide/val/ai/GLIDE_1000_200_00_097_glide_00020.png,1,0.999515
data/genimage/imagenet_glide/val/ai/GLIDE_1000_200_00_097_glide_00039.png,1,0.999998
data/genimage/imagenet_glide/val/ai/GLIDE_1000_200_00_098_glide_00020.png,1,0.964038
data/genimage/imagenet_glide/val/ai/GLIDE_1000_200_01_102_glide_00035.png,1,0.997158
data/genimage/imagenet_glide/val/ai/GLIDE_1000_200_01_103_glide_00039.png,1,0.999988
data/genimage/imagenet_glide/val/ai/GLIDE_1000_200_01_104_glide_00035.png,1,0.99999
data/genimage/imagenet_glide/val/ai/GLIDE_1000_200_01_107_glide_00020.png,1,0.998522
data/genimage/imagenet_glide/val/ai/GLIDE_1000_200_01_109_glide_00020.png,1,0.999808
data/genimage/imagenet_glide/val/ai/GLIDE_1000_200_01_109_glide_00035.png,1,0.996978
data/genimage/imagenet_glide/val/ai/GLIDE_1000_200_01_118_glide_00143.png,1,0.999937
data/genimage/imagenet_glide/val/ai/GLIDE_1000_200_01_120_glide_00127.png,1,0.999981
data/genimage/imagenet_glide/val/ai/GLIDE_1000_200_01_122_glide_00020.png,1,0.999946
data/genimage/imagenet_glide/val/ai/GLIDE_1000_200_01_122_glide_00035.png,1,0.999553
data/genimage/imagenet_glide/val/ai/GLIDE_1000_200_01_125_glide_00127.png,1,1.0
data/genimage/imagenet_glide/val/ai/GLIDE_1000_200_01_127_glide_00020.png,1,0.999969
data/genimage/imagenet_glide/val/ai/GLIDE_1000_200_01_131_glide_00127.png,1,0.722246
data/genimage/imagenet_glide/val/ai/GLIDE_1000_200_01_138_glide_00143.png,1,0.964396
data/genimage/imagenet_glide/val/ai/GLIDE_1000_200_01_139_glide_00074.png,1,0.999991
data/genimage/imagenet_glide/val/ai/GLIDE_1000_200_01_140_glide_00143.png,1,0.999994
data/genimage/imagenet_glide/val/ai/GLIDE_1000_200_01_141_glide_00020.png,1,0.998653
data/genimage/imagenet_glide/val/ai/GLIDE_1000_200_01_141_glide_00039.png,1,0.999988
data/genimage/imagenet_glide/val/ai/GLIDE_1000_200_01_142_glide_00020.png,1,0.998941
data/genimage/imagenet_glide/val/ai/GLIDE_1000_200_01_143_glide_00020.png,1,0.998887
data/genimage/imagenet_glide/val/ai/GLIDE_1000_200_01_145_glide_00127.png,1,0.99995
data/genimage/imagenet_glide/val/ai/GLIDE_1000_200_01_146_glide_00127.png,1,0.999995
data/genimage/imagenet_glide/val/ai/GLIDE_1000_200_01_148_glide_00020.png,1,0.999917
data/genimage/imagenet_glide/val/ai/GLIDE_1000_200_01_149_glide_00143.png,1,0.999998
data/genimage/imagenet_glide/val/ai/GLIDE_1000_200_01_151_glide_00074.png,1,0.999971
data/genimage/imagenet_glide/val/ai/GLIDE_1000_200_01_156_glide_00035.png,1,0.998906
data/genimage/imagenet_glide/val/ai/GLIDE_1000_200_01_157_glide_00039.png,1,1.0
data/genimage/imagenet_glide/val/ai/GLIDE_1000_200_01_161_glide_00074.png,1,1.0
data/genimage/imagenet_glide/val/ai/GLIDE_1000_200_01_162_glide_00143.png,1,0.999995
data/genimage/imagenet_glide/val/ai/GLIDE_1000_200_01_164_glide_00127.png,1,1.0
data/genimage/imagenet_glide/val/ai/GLIDE_1000_200_01_166_glide_00020.png,1,0.999999
data/genimage/imagenet_glide/val/ai/GLIDE_1000_200_01_167_glide_00074.png,1,0.999979
data/genimage/imagenet_glide/val/ai/GLIDE_1000_200_01_172_glide_00020.png,1,0.99999
data/genimage/imagenet_glide/val/ai/GLIDE_1000_200_01_173_glide_00074.png,1,1.0
data/genimage/imagenet_glide/val/ai/GLIDE_1000_200_01_174_glide_00039.png,1,0.999999
data/genimage/imagenet_glide/val/ai/GLIDE_1000_200_01_175_glide_00127.png,1,0.999977
data/genimage/imagenet_glide/val/ai/GLIDE_1000_200_01_179_glide_00127.png,1,0.999979
data/genimage/imagenet_glide/val/ai/GLIDE_1000_200_01_183_glide_00143.png,1,0.999939
data/genimage/imagenet_glide/val/ai/GLIDE_1000_200_01_184_glide_00127.png,1,1.0
data/genimage/imagenet_glide/val/ai/GLIDE_1000_200_01_184_glide_00143.png,1,1.0
data/genimage/imagenet_glide/val/ai/GLIDE_1000_200_01_185_glide_00039.png,1,0.999618
data/genimage/imagenet_glide/val/ai/GLIDE_1000_200_01_188_glide_00020.png,1,0.999923
data/genimage/imagenet_glide/val/ai/GLIDE_1000_200_01_190_glide_00035.png,1,1.0
data/genimage/imagenet_glide/val/ai/GLIDE_1000_200_01_191_glide_00035.png,1,0.999999
data/genimage/imagenet_glide/val/ai/GLIDE_1000_200_01_191_glide_00074.png,1,0.99998
data/genimage/imagenet_glide/val/ai/GLIDE_1000_200_01_197_glide_00035.png,1,0.999665
data/genimage/imagenet_glide/val/ai/GLIDE_1000_200_02_206_glide_00074.png,1,1.0
data/genimage/imagenet_glide/val/ai/GLIDE_1000_200_02_208_glide_00074.png,1,0.999755
data/genimage/imagenet_glide/val/ai/GLIDE_1000_200_02_209_glide_00143.png,1,1.0
data/genimage/imagenet_glide/val/ai/GLIDE_1000_200_02_211_glide_00039.png,1,0.993447
data/genimage/imagenet_glide/val/ai/GLIDE_1000_200_02_213_glide_00039.png,1,0.999999
data/genimage/imagenet_glide/val/ai/GLIDE_1000_200_02_217_glide_00020.png,1,1.0
data/genimage/imagenet_glide/val/ai/GLIDE_1000_200_02_219_glide_00020.png,1,0.999977
data/genimage/imagenet_glide/val/ai/GLIDE_1000_200_02_221_glide_00039.png,1,0.999961
data/genimage/imagenet_glide/val/ai/GLIDE_1000_200_02_226_glide_00074.png,1,0.999995
data/genimage/imagenet_glide/val/ai/GLIDE_1000_200_02_230_glide_00039.png,1,0.999999
data/genimage/imagenet_glide/val/ai/GLIDE_1000_200_02_230_glide_00143.png,1,1.0
data/genimage/imagenet_glide/val/ai/GLIDE_1000_200_02_231_glide_00035.png,1,0.999996
data/genimage/imagenet_glide/val/ai/GLIDE_1000_200_02_233_glide_00074.png,1,0.999942
data/genimage/imagenet_glide/val/ai/GLIDE_1000_200_02_234_glide_00035.png,1,0.999996
data/genimage/imagenet_glide/val/ai/GLIDE_1000_200_02_234_glide_00039.png,1,1.0
data/genimage/imagenet_glide/val/ai/GLIDE_1000_200_02_234_glide_00074.png,1,1.0
data/genimage/imagenet_glide/val/ai/GLIDE_1000_200_02_235_glide_00035.png,1,0.999987
data/genimage/imagenet_glide/val/ai/GLIDE_1000_200_02_235_glide_00074.png,1,1.0
data/genimage/imagenet_glide/val/ai/GLIDE_1000_200_02_238_glide_00143.png,1,1.0
data/genimage/imagenet_glide/val/ai/GLIDE_1000_200_02_241_glide_00020.png,1,0.999677
data/genimage/imagenet_glide/val/ai/GLIDE_1000_200_02_242_glide_00074.png,1,0.997484
data/genimage/imagenet_glide/val/ai/GLIDE_1000_200_02_242_glide_00143.png,1,1.0
data/genimage/imagenet_glide/val/ai/GLIDE_1000_200_02_244_glide_00020.png,1,0.999796
data/genimage/imagenet_glide/val/ai/GLIDE_1000_200_02_250_glide_00039.png,1,0.999997
data/genimage/imagenet_glide/val/ai/GLIDE_1000_200_02_251_glide_00143.png,1,0.999986
data/genimage/imagenet_glide/val/ai/GLIDE_1000_200_02_252_glide_00074.png,1,0.999999
data/genimage/imagenet_glide/val/ai/GLIDE_1000_200_02_255_glide_00039.png,1,0.999872
data/genimage/imagenet_glide/val/ai/GLIDE_1000_200_02_255_glide_00074.png,1,1.0
data/genimage/imagenet_glide/val/ai/GLIDE_1000_200_02_258_glide_00074.png,1,0.99999
data/genimage/imagenet_glide/val/ai/GLIDE_1000_200_02_261_glide_00074.png,1,1.0
data/genimage/imagenet_glide/val/ai/GLIDE_1000_200_02_263_glide_00143.png,1,0.999996
data/genimage/imagenet_glide/val/ai/GLIDE_1000_200_02_264_glide_00020.png,1,1.0
data/genimage/imagenet_glide/val/ai/GLIDE_1000_200_02_264_glide_00127.png,1,0.999997
data/genimage/imagenet_glide/val/ai/GLIDE_1000_200_02_265_glide_00035.png,1,0.999997
data/genimage/imagenet_glide/val/ai/GLIDE_1000_200_02_266_glide_00020.png,1,0.999997
data/genimage/imagenet_glide/val/ai/GLIDE_1000_200_02_266_glide_00074.png,1,0.99992
data/genimage/imagenet_glide/val/ai/GLIDE_1000_200_02_266_glide_00143.png,1,0.99999
data/genimage/imagenet_glide/val/ai/GLIDE_1000_200_02_269_glide_00143.png,1,0.999934
data/genimage/imagenet_glide/val/ai/GLIDE_1000_200_02_272_glide_00127.png,1,0.995959
data/genimage/imagenet_glide/val/ai/GLIDE_1000_200_02_274_glide_00039.png,1,0.999998
data/genimage/imagenet_glide/val/ai/GLIDE_1000_200_02_275_glide_00127.png,1,0.999836
data/genimage/imagenet_glide/val/ai/GLIDE_1000_200_02_276_glide_00127.png,1,0.999996
data/genimage/imagenet_glide/val/ai/GLIDE_1000_200_02_277_glide_00035.png,1,0.999985
data/genimage/imagenet_glide/val/ai/GLIDE_1000_200_02_277_glide_00127.png,1,0.99997
data/genimage/imagenet_glide/val/ai/GLIDE_1000_200_02_279_glide_00127.png,1,0.999999
data/genimage/imagenet_glide/val/ai/GLIDE_1000_200_02_282_glide_00127.png,1,0.924061
data/genimage/imagenet_glide/val/ai/GLIDE_1000_200_02_288_glide_00020.png,1,0.998715
data/genimage/imagenet_glide/val/ai/GLIDE_1000_200_02_291_glide_00143.png,1,0.999884
data/genimage/imagenet_glide/val/ai/GLIDE_1000_200_02_292_glide_00039.png,1,0.80007
data/genimage/imagenet_glide/val/ai/GLIDE_1000_200_02_299_glide_00074.png,1,0.999927
data/genimage/imagenet_glide/val/ai/GLIDE_1000_200_03_300_glide_00127.png,1,0.999893
data/genimage/imagenet_glide/val/ai/GLIDE_1000_200_03_301_glide_00127.png,1,0.999985
data/genimage/imagenet_glide/val/ai/GLIDE_1000_200_03_302_glide_00074.png,1,0.999936
data/genimage/imagenet_glide/val/ai/GLIDE_1000_200_03_302_glide_00127.png,1,1.0
data/genimage/imagenet_glide/val/ai/GLIDE_1000_200_03_303_glide_00035.png,1,0.998531
data/genimage/imagenet_glide/val/ai/GLIDE_1000_200_03_305_glide_00074.png,1,1.0
data/genimage/imagenet_glide/val/ai/GLIDE_1000_200_03_306_glide_00127.png,1,0.999992
data/genimage/imagenet_glide/val/ai/GLIDE_1000_200_03_308_glide_00039.png,1,0.999958
data/genimage/imagenet_glide/val/ai/GLIDE_1000_200_03_311_glide_00127.png,1,1.0
data/genimage/imagenet_glide/val/ai/GLIDE_1000_200_03_312_glide_00039.png,1,0.997505
data/genimage/imagenet_glide/val/ai/GLIDE_1000_200_03_313_glide_00074.png,1,0.999855
data/genimage/imagenet_glide/val/ai/GLIDE_1000_200_03_314_glide_00074.png,1,0.999809
data/genimage/imagenet_glide/val/ai/GLIDE_1000_200_03_318_glide_00035.png,1,0.999998
data/genimage/imagenet_glide/val/ai/GLIDE_1000_200_03_318_glide_00127.png,1,1.0
data/genimage/imagenet_glide/val/ai/GLIDE_1000_200_03_322_glide_00143.png,1,0.993189
data/genimage/imagenet_glide/val/ai/GLIDE_1000_200_03_323_glide_00127.png,1,0.999064
data/genimage/imagenet_glide/val/ai/GLIDE_1000_200_03_326_glide_00020.png,1,0.999999
data/genimage/imagenet_glide/val/ai/GLIDE_1000_200_03_329_glide_00143.png,1,0.838989
data/genimage/imagenet_glide/val/ai/GLIDE_1000_200_03_331_glide_00143.png,1,1.0
data/genimage/imagenet_glide/val/ai/GLIDE_1000_200_03_333_glide_00127.png,1,0.279088
data/genimage/imagenet_glide/val/ai/GLIDE_1000_200_03_333_glide_00143.png,1,0.999995
data/genimage/imagenet_glide/val/ai/GLIDE_1000_200_03_336_glide_00143.png,1,0.999907
data/genimage/imagenet_glide/val/ai/GLIDE_1000_200_03_337_glide_00020.png,1,0.999957
data/genimage/imagenet_glide/val/ai/GLIDE_1000_200_03_337_glide_00039.png,1,0.999988
data/genimage/imagenet_glide/val/ai/GLIDE_1000_200_03_340_glide_00035.png,1,0.991461
data/genimage/imagenet_glide/val/ai/GLIDE_1000_200_03_340_glide_00074.png,1,0.857493
data/genimage/imagenet_glide/val/ai/GLIDE_1000_200_03_341_glide_00127.png,1,0.998066
data/genimage/imagenet_glide/val/ai/GLIDE_1000_200_03_343_glide_00035.png,1,0.999288
data/genimage/imagenet_glide/val/ai/GLIDE_1000_200_03_346_glide_00039.png,1,0.999999
data/genimage/imagenet_glide/val/ai/GLIDE_1000_200_03_347_glide_00035.png,1,0.99998
data/genimage/imagenet_glide/val/ai/GLIDE_1000_200_03_349_glide_00143.png,1,0.999932
data/genimage/imagenet_glide/val/ai/GLIDE_1000_200_03_352_glide_00143.png,1,0.999996
data/genimage/imagenet_glide/val/ai/GLIDE_1000_200_03_353_glide_00020.png,1,0.998469
data/genimage/imagenet_glide/val/ai/GLIDE_1000_200_03_362_glide_00020.png,1,0.999999
data/genimage/imagenet_glide/val/ai/GLIDE_1000_200_03_364_glide_00074.png,1,0.986894
data/genimage/imagenet_glide/val/ai/GLIDE_1000_200_03_369_glide_00074.png,1,0.999849
data/genimage/imagenet_glide/val/ai/GLIDE_1000_200_03_372_glide_00020.png,1,0.999955
data/genimage/imagenet_glide/val/ai/GLIDE_1000_200_03_372_glide_00035.png,1,0.999966
data/genimage/imagenet_glide/val/ai/GLIDE_1000_200_03_378_glide_00020.png,1,0.999106
data/genimage/imagenet_glide/val/ai/GLIDE_1000_200_03_381_glide_00127.png,1,0.999996
data/genimage/imagenet_glide/val/ai/GLIDE_1000_200_03_387_glide_00035.png,1,0.999999
data/genimage/imagenet_glide/val/ai/GLIDE_1000_200_03_387_glide_00143.png,1,1.0
data/genimage/imagenet_glide/val/ai/GLIDE_1000_200_03_388_glide_00039.png,1,0.99996
data/genimage/imagenet_glide/val/ai/GLIDE_1000_200_03_388_glide_00127.png,1,0.999995
data/genimage/imagenet_glide/val/ai/GLIDE_1000_200_03_389_glide_00127.png,1,0.999999
data/genimage/imagenet_glide/val/ai/GLIDE_1000_200_03_389_glide_00143.png,1,0.999998
data/genimage/imagenet_glide/val/ai/GLIDE_1000_200_03_390_glide_00020.png,1,0.999999
data/genimage/imagenet_glide/val/ai/GLIDE_1000_200_03_390_glide_00074.png,1,0.999987
data/genimage/imagenet_glide/val/ai/GLIDE_1000_200_03_395_glide_00035.png,1,0.999947
data/genimage/imagenet_glide/val/ai/GLIDE_1000_200_03_395_glide_00074.png,1,0.999508
data/genimage/imagenet_glide/val/ai/GLIDE_1000_200_03_399_glide_00074.png,1,0.999982
data/genimage/imagenet_glide/val/ai/GLIDE_1000_200_04_402_glide_00039.png,1,0.999784
data/genimage/imagenet_glide/val/ai/GLIDE_1000_200_04_402_glide_00143.png,1,0.999878
data/genimage/imagenet_glide/val/ai/GLIDE_1000_200_04_403_glide_00039.png,1,0.999992
data/genimage/imagenet_glide/val/ai/GLIDE_1000_200_04_404_glide_00039.png,1,0.999808
data/genimage/imagenet_glide/val/ai/GLIDE_1000_200_04_408_glide_00143.png,1,0.999959
data/genimage/imagenet_glide/val/ai/GLIDE_1000_200_04_409_glide_00143.png,1,1.0
data/genimage/imagenet_glide/val/ai/GLIDE_1000_200_04_411_glide_00020.png,1,0.99994
data/genimage/imagenet_glide/val/ai/GLIDE_1000_200_04_412_glide_00074.png,1,0.999998
data/genimage/imagenet_glide/val/ai/GLIDE_1000_200_04_419_glide_00020.png,1,0.999977
data/genimage/imagenet_glide/val/ai/GLIDE_1000_200_04_419_glide_00039.png,1,0.999993
data/genimage/imagenet_glide/val/ai/GLIDE_1000_200_04_420_glide_00074.png,1,1.0
data/genimage/imagenet_glide/val/ai/GLIDE_1000_200_04_422_glide_00020.png,1,0.999977
data/genimage/imagenet_glide/val/ai/GLIDE_1000_200_04_424_glide_00143.png,1,0.999753
data/genimage/imagenet_glide/val/ai/GLIDE_1000_200_04_428_glide_00020.png,1,1.0
data/genimage/imagenet_glide/val/ai/GLIDE_1000_200_04_430_glide_00020.png,1,1.0
data/genimage/imagenet_glide/val/ai/GLIDE_1000_200_04_430_glide_00035.png,1,0.999999
data/genimage/imagenet_glide/val/ai/GLIDE_1000_200_04_433_glide_00127.png,1,0.951798
data/genimage/imagenet_glide/val/ai/GLIDE_1000_200_04_434_glide_00074.png,1,0.939373
data/genimage/imagenet_glide/val/ai/GLIDE_1000_200_04_436_glide_00020.png,1,0.999979
data/genimage/imagenet_glide/val/ai/GLIDE_1000_200_04_437_glide_00020.png,1,0.999176
data/genimage/imagenet_glide/val/ai/GLIDE_1000_200_04_439_glide_00035.png,1,0.999988
data/genimage/imagenet_glide/val/ai/GLIDE_1000_200_04_441_glide_00039.png,1,0.999953
data/genimage/imagenet_glide/val/ai/GLIDE_1000_200_04_447_glide_00143.png,1,0.99812
data/genimage/imagenet_glide/val/ai/GLIDE_1000_200_04_451_glide_00143.png,1,0.960677
data/genimage/imagenet_glide/val/ai/GLIDE_1000_200_04_452_glide_00039.png,1,0.999984
data/genimage/imagenet_glide/val/ai/GLIDE_1000_200_04_454_glide_00039.png,1,0.999974
data/genimage/imagenet_glide/val/ai/GLIDE_1000_200_04_455_glide_00127.png,1,0.999943
data/genimage/imagenet_glide/val/ai/GLIDE_1000_200_04_456_glide_00020.png,1,0.999999
data/genimage/imagenet_glide/val/ai/GLIDE_1000_200_04_457_glide_00020.png,1,0.999763
data/genimage/imagenet_glide/val/ai/GLIDE_1000_200_04_458_glide_00074.png,1,0.999999
data/genimage/imagenet_glide/val/ai/GLIDE_1000_200_04_459_glide_00039.png,1,0.954193
data/genimage/imagenet_glide/val/ai/GLIDE_1000_200_04_461_glide_00020.png,1,1.0
data/genimage/imagenet_glide/val/ai/GLIDE_1000_200_04_462_glide_00035.png,1,0.999058
data/genimage/imagenet_glide/val/ai/GLIDE_1000_200_04_463_glide_00039.png,1,0.999964
data/genimage/imagenet_glide/val/ai/GLIDE_1000_200_04_463_glide_00074.png,1,0.999397
data/genimage/imagenet_glide/val/ai/GLIDE_1000_200_04_468_glide_00143.png,1,0.999999
data/genimage/imagenet_glide/val/ai/GLIDE_1000_200_04_469_glide_00039.png,1,0.99998
data/genimage/imagenet_glide/val/ai/GLIDE_1000_200_04_470_glide_00039.png,1,0.998236
data/genimage/imagenet_glide/val/ai/GLIDE_1000_200_04_473_glide_00074.png,1,1.0
data/genimage/imagenet_glide/val/ai/GLIDE_1000_200_04_477_glide_00127.png,1,0.999815
data/genimage/imagenet_glide/val/ai/GLIDE_1000_200_04_478_glide_00035.png,1,0.999993
data/genimage/imagenet_glide/val/ai/GLIDE_1000_200_04_478_glide_00039.png,1,0.99996
data/genimage/imagenet_glide/val/ai/GLIDE_1000_200_04_480_glide_00039.png,1,0.971745
data/genimage/imagenet_glide/val/ai/GLIDE_1000_200_04_485_glide_00074.png,1,0.999996
data/genimage/imagenet_glide/val/ai/GLIDE_1000_200_04_486_glide_00020.png,1,1.0
data/genimage/imagenet_glide/val/ai/GLIDE_1000_200_04_491_glide_00039.png,1,0.999551
data/genimage/imagenet_glide/val/ai/GLIDE_1000_200_04_491_glide_00127.png,1,0.999999
data/genimage/imagenet_glide/val/ai/GLIDE_1000_200_04_497_glide_00020.png,1,0.998357
data/genimage/imagenet_glide/val/ai/GLIDE_1000_200_04_497_glide_00074.png,1,0.987496
data/genimage/imagenet_glide/val/ai/GLIDE_1000_200_04_498_glide_00074.png,1,0.999852
data/genimage/imagenet_glide/val/ai/GLIDE_1000_200_05_504_glide_00074.png,1,1.0
data/genimage/imagenet_glide/val/ai/GLIDE_1000_200_05_505_glide_00127.png,1,0.999984
data/genimage/imagenet_glide/val/ai/GLIDE_1000_200_05_506_glide_00039.png,1,0.992611
data/genimage/imagenet_glide/val/ai/GLIDE_1000_200_05_520_glide_00074.png,1,0.999911
data/genimage/imagenet_glide/val/ai/GLIDE_1000_200_05_520_glide_00127.png,1,1.0
data/genimage/imagenet_glide/val/ai/GLIDE_1000_200_05_522_glide_00074.png,1,0.974987
data/genimage/imagenet_glide/val/ai/GLIDE_1000_200_05_524_glide_00039.png,1,0.999993
data/genimage/imagenet_glide/val/ai/GLIDE_1000_200_05_528_glide_00074.png,1,0.999999
data/genimage/imagenet_glide/val/ai/GLIDE_1000_200_05_529_glide_00039.png,1,1.0
data/genimage/imagenet_glide/val/ai/GLIDE_1000_200_05_532_glide_00020.png,1,1.0
data/genimage/imagenet_glide/val/ai/GLIDE_1000_200_05_533_glide_00035.png,1,0.976704
data/genimage/imagenet_glide/val/ai/GLIDE_1000_200_05_538_glide_00143.png,1,0.759963
data/genimage/imagenet_glide/val/ai/GLIDE_1000_200_05_541_glide_00074.png,1,1.0
data/genimage/imagenet_glide/val/ai/GLIDE_1000_200_05_542_glide_00039.png,1,0.999999
data/genimage/imagenet_glide/val/ai/GLIDE_1000_200_05_542_glide_00074.png,1,0.999999
data/genimage/imagenet_glide/val/ai/GLIDE_1000_200_05_543_glide_00035.png,1,0.999986
data/genimage/imagenet_glide/val/ai/GLIDE_1000_200_05_545_glide_00074.png,1,1.0
data/genimage/imagenet_glide/val/ai/GLIDE_1000_200_05_547_glide_00143.png,1,0.99999
data/genimage/imagenet_glide/val/ai/GLIDE_1000_200_05_553_glide_00039.png,1,0.999994
data/genimage/imagenet_glide/val/ai/GLIDE_1000_200_05_554_glide_00127.png,1,1.0
data/genimage/imagenet_glide/val/ai/GLIDE_1000_200_05_556_glide_00035.png,1,1.0
data/genimage/imagenet_glide/val/ai/GLIDE_1000_200_05_556_glide_00074.png,1,0.999998
data/genimage/imagenet_glide/val/ai/GLIDE_1000_200_05_559_glide_00074.png,1,0.99979
data/genimage/imagenet_glide/val/ai/GLIDE_1000_200_05_559_glide_00143.png,1,0.99998
data/genimage/imagenet_glide/val/ai/GLIDE_1000_200_05_561_glide_00020.png,1,0.999865
data/genimage/imagenet_glide/val/ai/GLIDE_1000_200_05_562_glide_00127.png,1,1.0
data/genimage/imagenet_glide/val/ai/GLIDE_1000_200_05_565_glide_00127.png,1,0.999999
data/genimage/imagenet_glide/val/ai/GLIDE_1000_200_05_568_glide_00074.png,1,0.999999
data/genimage/imagenet_glide/val/ai/GLIDE_1000_200_05_569_glide_00127.png,1,0.999996
data/genimage/imagenet_glide/val/ai/GLIDE_1000_200_05_571_glide_00074.png,1,0.999971
data/genimage/imagenet_glide/val/ai/GLIDE_1000_200_05_572_glide_00143.png,1,0.983443
data/genimage/imagenet_glide/val/ai/GLIDE_1000_200_05_574_glide_00020.png,1,0.882756
data/genimage/imagenet_glide/val/ai/GLIDE_1000_200_05_574_glide_00143.png,1,0.999995
data/genimage/imagenet_glide/val/ai/GLIDE_1000_200_05_578_glide_00020.png,1,0.999996
data/genimage/imagenet_glide/val/ai/GLIDE_1000_200_05_578_glide_00127.png,1,1.0
data/genimage/imagenet_glide/val/ai/GLIDE_1000_200_05_581_glide_00074.png,1,0.99997
data/genimage/imagenet_glide/val/ai/GLIDE_1000_200_05_583_glide_00039.png,1,0.877703
data/genimage/imagenet_glide/val/ai/GLIDE_1000_200_05_584_glide_00143.png,1,0.999918
data/genimage/imagenet_glide/val/ai/GLIDE_1000_200_05_589_glide_00020.png,1,1.0
data/genimage/imagenet_glide/val/ai/GLIDE_1000_200_05_590_glide_00143.png,1,0.999981
data/genimage/imagenet_glide/val/ai/GLIDE_1000_200_05_592_glide_00039.png,1,1.0
data/genimage/imagenet_glide/val/ai/GLIDE_1000_200_05_592_glide_00127.png,1,1.0
data/genimage/imagenet_glide/val/ai/GLIDE_1000_200_05_593_glide_00127.png,1,0.999562
data/genimage/imagenet_glide/val/ai/GLIDE_1000_200_05_595_glide_00127.png,1,0.999999
data/genimage/imagenet_glide/val/ai/GLIDE_1000_200_05_597_glide_00020.png,1,0.812216
data/genimage/imagenet_glide/val/ai/GLIDE_1000_200_05_598_glide_00039.png,1,0.963363
data/genimage/imagenet_glide/val/ai/GLIDE_1000_200_06_605_glide_00020.png,1,0.999379
data/genimage/imagenet_glide/val/ai/GLIDE_1000_200_06_606_glide_00020.png,1,1.0
data/genimage/imagenet_glide/val/ai/GLIDE_1000_200_06_607_glide_00020.png,1,0.99833
data/genimage/imagenet_glide/val/ai/GLIDE_1000_200_06_607_glide_00039.png,1,0.99981
data/genimage/imagenet_glide/val/ai/GLIDE_1000_200_06_610_glide_00035.png,1,0.999813
data/genimage/imagenet_glide/val/ai/GLIDE_1000_200_06_620_glide_00035.png,1,0.999997
data/genimage/imagenet_glide/val/ai/GLIDE_1000_200_06_620_glide_00127.png,1,1.0
data/genimage/imagenet_glide/val/ai/GLIDE_1000_200_06_620_glide_00143.png,1,1.0
data/genimage/imagenet_glide/val/ai/GLIDE_1000_200_06_622_glide_00020.png,1,0.999934
data/genimage/imagenet_glide/val/ai/GLIDE_1000_200_06_622_glide_00039.png,1,0.999998
data/genimage/imagenet_glide/val/ai/GLIDE_1000_200_06_622_glide_00074.png,1,1.0
data/genimage/imagenet_glide/val/ai/GLIDE_1000_200_06_633_glide_00039.png,1,1.0
data/genimage/imagenet_glide/val/ai/GLIDE_1000_200_06_633_glide_00127.png,1,1.0
data/genimage/imagenet_glide/val/ai/GLIDE_1000_200_06_633_glide_00143.png,1,0.999289
data/genimage/imagenet_glide/val/ai/GLIDE_1000_200_06_635_glide_00127.png,1,1.0
data/genimage/imagenet_glide/val/ai/GLIDE_1000_200_06_636_glide_00127.png,1,0.676268
data/genimage/imagenet_glide/val/ai/GLIDE_1000_200_06_637_glide_00127.png,1,0.999415
data/genimage/imagenet_glide/val/ai/GLIDE_1000_200_06_637_glide_00143.png,1,0.999999
data/genimage/imagenet_glide/val/ai/GLIDE_1000_200_06_638_glide_00074.png,1,0.99785
data/genimage/imagenet_glide/val/ai/GLIDE_1000_200_06_639_glide_00127.png,1,1.0
data/genimage/imagenet_glide/val/ai/GLIDE_1000_200_06_644_glide_00039.png,1,0.999983
data/genimage/imagenet_glide/val/ai/GLIDE_1000_200_06_648_glide_00035.png,1,0.994268
data/genimage/imagenet_glide/val/ai/GLIDE_1000_200_06_650_glide_00039.png,1,0.999824
data/genimage/imagenet_glide/val/ai/GLIDE_1000_200_06_655_glide_00035.png,1,0.999998
data/genimage/imagenet_glide/val/ai/GLIDE_1000_200_06_656_glide_00127.png,1,0.999705
data/genimage/imagenet_glide/val/ai/GLIDE_1000_200_06_661_glide_00020.png,1,0.999999
data/genimage/imagenet_glide/val/ai/GLIDE_1000_200_06_665_glide_00074.png,1,0.99987
data/genimage/imagenet_glide/val/ai/GLIDE_1000_200_06_665_glide_00143.png,1,0.99967
data/genimage/imagenet_glide/val/ai/GLIDE_1000_200_06_668_glide_00039.png,1,0.999638
data/genimage/imagenet_glide/val/ai/GLIDE_1000_200_06_669_glide_00143.png,1,0.999987
data/genimage/imagenet_glide/val/ai/GLIDE_1000_200_06_671_glide_00074.png,1,0.998591
data/genimage/imagenet_glide/val/ai/GLIDE_1000_200_06_675_glide_00020.png,1,0.999999
data/genimage/imagenet_glide/val/ai/GLIDE_1000_200_06_676_glide_00143.png,1,1.0
data/genimage/imagenet_glide/val/ai/GLIDE_1000_200_06_677_glide_00074.png,1,0.999591
data/genimage/imagenet_glide/val/ai/GLIDE_1000_200_06_679_glide_00074.png,1,0.999823
data/genimage/imagenet_glide/val/ai/GLIDE_1000_200_06_682_glide_00020.png,1,0.999917
data/genimage/imagenet_glide/val/ai/GLIDE_1000_200_06_685_glide_00074.png,1,0.999934
data/genimage/imagenet_glide/val/ai/GLIDE_1000_200_06_686_glide_00127.png,1,0.999872
data/genimage/imagenet_glide/val/ai/GLIDE_1000_200_06_689_glide_00039.png,1,1.0
data/genimage/imagenet_glide/val/ai/GLIDE_1000_200_06_689_glide_00127.png,1,0.999997
data/genimage/imagenet_glide/val/ai/GLIDE_1000_200_06_689_glide_00143.png,1,0.998152
data/genimage/imagenet_glide/val/ai/GLIDE_1000_200_06_693_glide_00143.png,1,0.999998
data/genimage/imagenet_glide/val/ai/GLIDE_1000_200_06_694_glide_00143.png,1,0.999969
data/genimage/imagenet_glide/val/ai/GLIDE_1000_200_06_695_glide_00020.png,1,0.999999
data/genimage/imagenet_glide/val/ai/GLIDE_1000_200_06_696_glide_00127.png,1,0.999997
data/genimage/imagenet_glide/val/ai/GLIDE_1000_200_06_698_glide_00039.png,1,0.999997
data/genimage/imagenet_glide/val/ai/GLIDE_1000_200_06_698_glide_00143.png,1,0.999693
data/genimage/imagenet_glide/val/ai/GLIDE_1000_200_06_699_glide_00074.png,1,0.999998
data/genimage/imagenet_glide/val/ai/GLIDE_1000_200_07_700_glide_00074.png,1,0.999998
data/genimage/imagenet_glide/val/ai/GLIDE_1000_200_07_702_glide_00020.png,1,0.999999
data/genimage/imagenet_glide/val/ai/GLIDE_1000_200_07_702_glide_00039.png,1,0.999978
data/genimage/imagenet_glide/val/ai/GLIDE_1000_200_07_702_glide_00143.png,1,0.999998
data/genimage/imagenet_glide/val/ai/GLIDE_1000_200_07_703_glide_00035.png,1,0.996611
data/genimage/imagenet_glide/val/ai/GLIDE_1000_200_07_704_glide_00074.png,1,0.999996
data/genimage/imagenet_glide/val/ai/GLIDE_1000_200_07_705_glide_00039.png,1,0.999998
data/genimage/imagenet_glide/val/ai/GLIDE_1000_200_07_705_glide_00143.png,1,0.999999
data/genimage/imagenet_glide/val/ai/GLIDE_1000_200_07_708_glide_00039.png,1,0.99998
data/genimage/imagenet_glide/val/ai/GLIDE_1000_200_07_711_glide_00127.png,1,0.922731
data/genimage/imagenet_glide/val/ai/GLIDE_1000_200_07_713_glide_00020.png,1,0.999982
data/genimage/imagenet_glide/val/ai/GLIDE_1000_200_07_715_glide_00143.png,1,1.0
data/genimage/imagenet_glide/val/ai/GLIDE_1000_200_07_716_glide_00020.png,1,0.99987
data/genimage/imagenet_glide/val/ai/GLIDE_1000_200_07_723_glide_00039.png,1,0.996396
data/genimage/imagenet_glide/val/ai/GLIDE_1000_200_07_724_glide_00039.png,1,0.999916
data/genimage/imagenet_glide/val/ai/GLIDE_1000_200_07_724_glide_00127.png,1,0.999998
data/genimage/imagenet_glide/val/ai/GLIDE_1000_200_07_731_glide_00020.png,1,0.999992
data/genimage/imagenet_glide/val/ai/GLIDE_1000_200_07_733_glide_00074.png,1,0.999999
data/genimage/imagenet_glide/val/ai/GLIDE_1000_200_07_733_glide_00127.png,1,0.999991
data/genimage/imagenet_glide/val/ai/GLIDE_1000_200_07_737_glide_00127.png,1,0.999864
data/genimage/imagenet_glide/val/ai/GLIDE_1000_200_07_738_glide_00020.png,1,0.999955
data/genimage/imagenet_glide/val/ai/GLIDE_1000_200_07_740_glide_00035.png,1,0.999982
data/genimage/imagenet_glide/val/ai/GLIDE_1000_200_07_741_glide_00020.png,1,0.96595
data/genimage/imagenet_glide/val/ai/GLIDE_1000_200_07_742_glide_00035.png,1,0.999846
data/genimage/imagenet_glide/val/ai/GLIDE_1000_200_07_742_glide_00127.png,1,0.999998
data/genimage/imagenet_glide/val/ai/GLIDE_1000_200_07_743_glide_00020.png,1,0.999997
data/genimage/imagenet_glide/val/ai/GLIDE_1000_200_07_743_glide_00143.png,1,1.0
data/genimage/imagenet_glide/val/ai/GLIDE_1000_200_07_745_glide_00035.png,1,0.999986
data/genimage/imagenet_glide/val/ai/GLIDE_1000_200_07_745_glide_00074.png,1,1.0
data/genimage/imagenet_glide/val/ai/GLIDE_1000_200_07_745_glide_00127.png,1,0.999999
data/genimage/imagenet_glide/val/ai/GLIDE_1000_200_07_745_glide_00143.png,1,0.999964
data/genimage/imagenet_glide/val/ai/GLIDE_1000_200_07_747_glide_00020.png,1,1.0
data/genimage/imagenet_glide/val/ai/GLIDE_1000_200_07_748_glide_00020.png,1,0.999999
data/genimage/imagenet_glide/val/ai/GLIDE_1000_200_07_748_glide_00035.png,1,0.999925
data/genimage/imagenet_glide/val/ai/GLIDE_1000_200_07_748_glide_00127.png,1,0.992326
data/genimage/imagenet_glide/val/ai/GLIDE_1000_200_07_749_glide_00039.png,1,0.999971
data/genimage/imagenet_glide/val/ai/GLIDE_1000_200_07_750_glide_00143.png,1,0.999358
data/genimage/imagenet_glide/val/ai/GLIDE_1000_200_07_753_glide_00127.png,1,0.999936
data/genimage/imagenet_glide/val/ai/GLIDE_1000_200_07_757_glide_00143.png,1,0.999999
data/genimage/imagenet_glide/val/ai/GLIDE_1000_200_07_758_glide_00035.png,1,0.999965
data/genimage/imagenet_glide/val/ai/GLIDE_1000_200_07_761_glide_00035.png,1,0.999887
data/genimage/imagenet_glide/val/ai/GLIDE_1000_200_07_764_glide_00020.png,1,0.999983
data/genimage/imagenet_glide/val/ai/GLIDE_1000_200_07_766_glide_00020.png,1,0.99998
data/genimage/imagenet_glide/val/ai/GLIDE_1000_200_07_767_glide_00143.png,1,0.688034
data/genimage/imagenet_glide/val/ai/GLIDE_1000_200_07_769_glide_00074.png,1,1.0
data/genimage/imagenet_glide/val/ai/GLIDE_1000_200_07_770_glide_00039.png,1,1.0
data/genimage/imagenet_glide/val/ai/GLIDE_1000_200_07_771_glide_00143.png,1,0.999993
data/genimage/imagenet_glide/val/ai/GLIDE_1000_200_07_772_glide_00020.png,1,0.993952
data/genimage/imagenet_glide/val/ai/GLIDE_1000_200_07_772_glide_00074.png,1,0.99751
data/genimage/imagenet_glide/val/ai/GLIDE_1000_200_07_773_glide_00039.png,1,0.999932
data/genimage/imagenet_glide/val/ai/GLIDE_1000_200_07_777_glide_00039.png,1,0.999967
data/genimage/imagenet_glide/val/ai/GLIDE_1000_200_07_777_glide_00143.png,1,0.999999
data/genimage/imagenet_glide/val/ai/GLIDE_1000_200_07_778_glide_00127.png,1,0.999992
data/genimage/imagenet_glide/val/ai/GLIDE_1000_200_07_779_glide_00020.png,1,1.0
data/genimage/imagenet_glide/val/ai/GLIDE_1000_200_07_781_glide_00035.png,1,0.998176
data/genimage/imagenet_glide/val/ai/GLIDE_1000_200_07_783_glide_00035.png,1,0.233719
data/genimage/imagenet_glide/val/ai/GLIDE_1000_200_07_788_glide_00127.png,1,0.999946
data/genimage/imagenet_glide/val/ai/GLIDE_1000_200_07_789_glide_00039.png,1,0.999818
data/genimage/imagenet_glide/val/ai/GLIDE_1000_200_07_789_glide_00074.png,1,0.999514
data/genimage/imagenet_glide/val/ai/GLIDE_1000_200_07_791_glide_00035.png,1,0.999982
data/genimage/imagenet_glide/val/ai/GLIDE_1000_200_07_791_glide_00127.png,1,0.999998
data/genimage/imagenet_glide/val/ai/GLIDE_1000_200_07_795_glide_00127.png,1,0.999981
data/genimage/imagenet_glide/val/ai/GLIDE_1000_200_08_801_glide_00035.png,1,0.987789
data/genimage/imagenet_glide/val/ai/GLIDE_1000_200_08_802_glide_00020.png,1,1.0
data/genimage/imagenet_glide/val/ai/GLIDE_1000_200_08_803_glide_00074.png,1,0.999499
data/genimage/imagenet_glide/val/ai/GLIDE_1000_200_08_803_glide_00143.png,1,0.999299
data/genimage/imagenet_glide/val/ai/GLIDE_1000_200_08_804_glide_00143.png,1,0.985009
data/genimage/imagenet_glide/val/ai/GLIDE_1000_200_08_805_glide_00020.png,1,0.999955
data/genimage/imagenet_glide/val/ai/GLIDE_1000_200_08_805_glide_00143.png,1,0.999826
data/genimage/imagenet_glide/val/ai/GLIDE_1000_200_08_807_glide_00035.png,1,0.999992
data/genimage/imagenet_glide/val/ai/GLIDE_1000_200_08_807_glide_00039.png,1,0.999828
data/genimage/imagenet_glide/val/ai/GLIDE_1000_200_08_807_glide_00143.png,1,1.0
data/genimage/imagenet_glide/val/ai/GLIDE_1000_200_08_809_glide_00127.png,1,0.999999
data/genimage/imagenet_glide/val/ai/GLIDE_1000_200_08_813_glide_00039.png,1,0.999995
data/genimage/imagenet_glide/val/ai/GLIDE_1000_200_08_815_glide_00020.png,1,1.0
data/genimage/imagenet_glide/val/ai/GLIDE_1000_200_08_818_glide_00035.png,1,0.999998
data/genimage/imagenet_glide/val/ai/GLIDE_1000_200_08_819_glide_00020.png,1,1.0
data/genimage/imagenet_glide/val/ai/GLIDE_1000_200_08_821_glide_00127.png,1,0.999847
data/genimage/imagenet_glide/val/ai/GLIDE_1000_200_08_824_glide_00020.png,1,0.999705
data/genimage/imagenet_glide/val/ai/GLIDE_1000_200_08_824_glide_00035.png,1,0.999
data/genimage/imagenet_glide/val/ai/GLIDE_1000_200_08_826_glide_00039.png,1,0.999775
data/genimage/imagenet_glide/val/ai/GLIDE_1000_200_08_826_glide_00074.png,1,0.998938
data/genimage/imagenet_glide/val/ai/GLIDE_1000_200_08_828_glide_00143.png,1,0.999982
data/genimage/imagenet_glide/val/ai/GLIDE_1000_200_08_829_glide_00035.png,1,0.996906
data/genimage/imagenet_glide/val/ai/GLIDE_1000_200_08_829_glide_00127.png,1,0.999787
data/genimage/imagenet_glide/val/ai/GLIDE_1000_200_08_830_glide_00039.png,1,0.999886
data/genimage/imagenet_glide/val/ai/GLIDE_1000_200_08_832_glide_00039.png,1,0.999992
data/genimage/imagenet_glide/val/ai/GLIDE_1000_200_08_832_glide_00127.png,1,0.99999
data/genimage/imagenet_glide/val/ai/GLIDE_1000_200_08_833_glide_00074.png,1,0.999999
data/genimage/imagenet_glide/val/ai/GLIDE_1000_200_08_837_glide_00035.png,1,0.999997
data/genimage/imagenet_glide/val/ai/GLIDE_1000_200_08_839_glide_00020.png,1,0.999999
data/genimage/imagenet_glide/val/ai/GLIDE_1000_200_08_841_glide_00020.png,1,0.999797
data/genimage/imagenet_glide/val/ai/GLIDE_1000_200_08_841_glide_00035.png,1,0.999508
data/genimage/imagenet_glide/val/ai/GLIDE_1000_200_08_846_glide_00127.png,1,0.961468
data/genimage/imagenet_glide/val/ai/GLIDE_1000_200_08_848_glide_00020.png,1,1.0
data/genimage/imagenet_glide/val/ai/GLIDE_1000_200_08_850_glide_00074.png,1,0.999516
data/genimage/imagenet_glide/val/ai/GLIDE_1000_200_08_854_glide_00143.png,1,0.999894
data/genimage/imagenet_glide/val/ai/GLIDE_1000_200_08_858_glide_00074.png,1,0.999245
data/genimage/imagenet_glide/val/ai/GLIDE_1000_200_08_862_glide_00127.png,1,0.999964
data/genimage/imagenet_glide/val/ai/GLIDE_1000_200_08_863_glide_00039.png,1,0.999994
data/genimage/imagenet_glide/val/ai/GLIDE_1000_200_08_864_glide_00074.png,1,0.999997
data/genimage/imagenet_glide/val/ai/GLIDE_1000_200_08_865_glide_00127.png,1,0.999997
data/genimage/imagenet_glide/val/ai/GLIDE_1000_200_08_866_glide_00020.png,1,0.999998
data/genimage/imagenet_glide/val/ai/GLIDE_1000_200_08_868_glide_00035.png,1,0.999999
data/genimage/imagenet_glide/val/ai/GLIDE_1000_200_08_868_glide_00127.png,1,1.0
data/genimage/imagenet_glide/val/ai/GLIDE_1000_200_08_869_glide_00127.png,1,0.999991
data/genimage/imagenet_glide/val/ai/GLIDE_1000_200_08_870_glide_00035.png,1,0.999999
data/genimage/imagenet_glide/val/ai/GLIDE_1000_200_08_870_glide_00143.png,1,1.0
data/genimage/imagenet_glide/val/ai/GLIDE_1000_200_08_871_glide_00020.png,1,1.0
data/genimage/imagenet_glide/val/ai/GLIDE_1000_200_08_871_glide_00074.png,1,0.65207
data/genimage/imagenet_glide/val/ai/GLIDE_1000_200_08_874_glide_00127.png,1,1.0
data/genimage/imagenet_glide/val/ai/GLIDE_1000_200_08_874_glide_00143.png,1,1.0
data/genimage/imagenet_glide/val/ai/GLIDE_1000_200_08_875_glide_00127.png,1,0.999791
data/genimage/imagenet_glide/val/ai/GLIDE_1000_200_08_878_glide_00143.png,1,0.995674
data/genimage/imagenet_glide/val/ai/GLIDE_1000_200_08_880_glide_00035.png,1,0.999563
data/genimage/imagenet_glide/val/ai/GLIDE_1000_200_08_885_glide_00035.png,1,1.0
data/genimage/imagenet_glide/val/ai/GLIDE_1000_200_08_886_glide_00074.png,1,0.999998
data/genimage/imagenet_glide/val/ai/GLIDE_1000_200_08_887_glide_00020.png,1,0.999851
data/genimage/imagenet_glide/val/ai/GLIDE_1000_200_08_888_glide_00127.png,1,0.984526
data/genimage/imagenet_glide/val/ai/GLIDE_1000_200_08_889_glide_00020.png,1,0.999996
data/genimage/imagenet_glide/val/ai/GLIDE_1000_200_08_889_glide_00074.png,1,1.0
data/genimage/imagenet_glide/val/ai/GLIDE_1000_200_08_892_glide_00020.png,1,0.947752
data/genimage/imagenet_glide/val/ai/GLIDE_1000_200_08_894_glide_00039.png,1,0.997825
data/genimage/imagenet_glide/val/ai/GLIDE_1000_200_08_894_glide_00074.png,1,0.999994
data/genimage/imagenet_glide/val/ai/GLIDE_1000_200_08_899_glide_00074.png,1,0.999984
data/genimage/imagenet_glide/val/ai/GLIDE_1000_200_09_900_glide_00074.png,1,0.476852
data/genimage/imagenet_glide/val/ai/GLIDE_1000_200_09_908_glide_00039.png,1,0.999996
data/genimage/imagenet_glide/val/ai/GLIDE_1000_200_09_908_glide_00143.png,1,0.999982
data/genimage/imagenet_glide/val/ai/GLIDE_1000_200_09_910_glide_00074.png,1,0.999687
data/genimage/imagenet_glide/val/ai/GLIDE_1000_200_09_911_glide_00039.png,1,0.999996
data/genimage/imagenet_glide/val/ai/GLIDE_1000_200_09_916_glide_00127.png,1,0.999967
data/genimage/imagenet_glide/val/ai/GLIDE_1000_200_09_917_glide_00039.png,1,0.991543
data/genimage/imagenet_glide/val/ai/GLIDE_1000_200_09_920_glide_00074.png,1,0.999751
data/genimage/imagenet_glide/val/ai/GLIDE_1000_200_09_921_glide_00074.png,1,0.933578
data/genimage/imagenet_glide/val/ai/GLIDE_1000_200_09_922_glide_00074.png,1,0.998667
data/genimage/imagenet_glide/val/ai/GLIDE_1000_200_09_928_glide_00127.png,1,0.999986
data/genimage/imagenet_glide/val/ai/GLIDE_1000_200_09_932_glide_00074.png,1,0.999999
data/genimage/imagenet_glide/val/ai/GLIDE_1000_200_09_933_glide_00127.png,1,0.998222
data/genimage/imagenet_glide/val/ai/GLIDE_1000_200_09_935_glide_00127.png,1,0.999676
data/genimage/imagenet_glide/val/ai/GLIDE_1000_200_09_938_glide_00074.png,1,1.0
data/genimage/imagenet_glide/val/ai/GLIDE_1000_200_09_940_glide_00020.png,1,0.999999
data/genimage/imagenet_glide/val/ai/GLIDE_1000_200_09_941_glide_00039.png,1,1.0
data/genimage/imagenet_glide/val/ai/GLIDE_1000_200_09_943_glide_00039.png,1,0.99993
data/genimage/imagenet_glide/val/ai/GLIDE_1000_200_09_945_glide_00035.png,1,1.0
data/genimage/imagenet_glide/val/ai/GLIDE_1000_200_09_945_glide_00074.png,1,0.999995
data/genimage/imagenet_glide/val/ai/GLIDE_1000_200_09_946_glide_00020.png,1,0.805679
data/genimage/imagenet_glide/val/ai/GLIDE_1000_200_09_947_glide_00127.png,1,0.999998
data/genimage/imagenet_glide/val/ai/GLIDE_1000_200_09_948_glide_00020.png,1,0.999609
data/genimage/imagenet_glide/val/ai/GLIDE_1000_200_09_948_glide_00039.png,1,0.994745
data/genimage/imagenet_glide/val/ai/GLIDE_1000_200_09_948_glide_00143.png,1,0.999999
data/genimage/imagenet_glide/val/ai/GLIDE_1000_200_09_950_glide_00074.png,1,0.999995
data/genimage/imagenet_glide/val/ai/GLIDE_1000_200_09_954_glide_00039.png,1,0.999865
data/genimage/imagenet_glide/val/ai/GLIDE_1000_200_09_960_glide_00143.png,1,1.0
data/genimage/imagenet_glide/val/ai/GLIDE_1000_200_09_963_glide_00039.png,1,0.999995
data/genimage/imagenet_glide/val/ai/GLIDE_1000_200_09_969_glide_00039.png,1,1.0
data/genimage/imagenet_glide/val/ai/GLIDE_1000_200_09_970_glide_00143.png,1,0.999785
data/genimage/imagenet_glide/val/ai/GLIDE_1000_200_09_972_glide_00020.png,1,0.999999
data/genimage/imagenet_glide/val/ai/GLIDE_1000_200_09_976_glide_00143.png,1,0.999999
data/genimage/imagenet_glide/val/ai/GLIDE_1000_200_09_978_glide_00074.png,1,0.999996
data/genimage/imagenet_glide/val/ai/GLIDE_1000_200_09_988_glide_00143.png,1,0.999972
data/genimage/imagenet_glide/val/ai/GLIDE_1000_200_09_992_glide_00143.png,1,0.999888
data/genimage/imagenet_glide/val/ai/GLIDE_1000_200_09_997_glide_00020.png,1,0.999891
data/genimage/imagenet_glide/val/ai/GLIDE_1000_200_09_998_glide_00143.png,1,1.0
data/genimage/imagenet_glide/val/nature/ILSVRC2012_val_00000013.JPEG,0,1e-05
data/genimage/imagenet_glide/val/nature/ILSVRC2012_val_00000407.JPEG,0,0.00202
data/genimage/imagenet_glide/val/nature/ILSVRC2012_val_00000471.JPEG,0,0.012087
data/genimage/imagenet_glide/val/nature/ILSVRC2012_val_00000504.JPEG,0,0.00022
data/genimage/imagenet_glide/val/nature/ILSVRC2012_val_00000560.JPEG,0,2.4e-05
data/genimage/imagenet_glide/val/nature/ILSVRC2012_val_00000593.JPEG,0,0.005156
data/genimage/imagenet_glide/val/nature/ILSVRC2012_val_00000836.JPEG,0,2.4e-05
data/genimage/imagenet_glide/val/nature/ILSVRC2012_val_00000837.JPEG,0,0.000932
data/genimage/imagenet_glide/val/nature/ILSVRC2012_val_00000943.JPEG,0,0.001329
data/genimage/imagenet_glide/val/nature/ILSVRC2012_val_00000997.JPEG,0,0.001484
data/genimage/imagenet_glide/val/nature/ILSVRC2012_val_00001097.JPEG,0,1.6e-05
data/genimage/imagenet_glide/val/nature/ILSVRC2012_val_00001101.JPEG,0,0.007963
data/genimage/imagenet_glide/val/nature/ILSVRC2012_val_00001556.JPEG,0,0.000124
data/genimage/imagenet_glide/val/nature/ILSVRC2012_val_00001898.JPEG,0,0.000713
data/genimage/imagenet_glide/val/nature/ILSVRC2012_val_00001936.JPEG,0,0.0
data/genimage/imagenet_glide/val/nature/ILSVRC2012_val_00001946.JPEG,0,7e-06
data/genimage/imagenet_glide/val/nature/ILSVRC2012_val_00002009.JPEG,0,0.004937
data/genimage/imagenet_glide/val/nature/ILSVRC2012_val_00002072.JPEG,0,0.000705
data/genimage/imagenet_glide/val/nature/ILSVRC2012_val_00002333.JPEG,0,1.7e-05
data/genimage/imagenet_glide/val/nature/ILSVRC2012_val_00002716.JPEG,0,0.001698
data/genimage/imagenet_glide/val/nature/ILSVRC2012_val_00002735.JPEG,0,0.001628
data/genimage/imagenet_glide/val/nature/ILSVRC2012_val_00002824.JPEG,0,0.000375
data/genimage/imagenet_glide/val/nature/ILSVRC2012_val_00002890.JPEG,0,3.7e-05
data/genimage/imagenet_glide/val/nature/ILSVRC2012_val_00002927.JPEG,0,0.008919
data/genimage/imagenet_glide/val/nature/ILSVRC2012_val_00003000.JPEG,0,7.7e-05
data/genimage/imagenet_glide/val/nature/ILSVRC2012_val_00003160.JPEG,0,2.8e-05
data/genimage/imagenet_glide/val/nature/ILSVRC2012_val_00003283.JPEG,0,0.027543
data/genimage/imagenet_glide/val/nature/ILSVRC2012_val_00003373.JPEG,0,1e-05
data/genimage/imagenet_glide/val/nature/ILSVRC2012_val_00003492.JPEG,0,5.3e-05
data/genimage/imagenet_glide/val/nature/ILSVRC2012_val_00003621.JPEG,0,0.005314
data/genimage/imagenet_glide/val/nature/ILSVRC2012_val_00003686.JPEG,0,0.014999
data/genimage/imagenet_glide/val/nature/ILSVRC2012_val_00003714.JPEG,0,0.02313
data/genimage/imagenet_glide/val/nature/ILSVRC2012_val_00003911.JPEG,0,9.4e-05
data/genimage/imagenet_glide/val/nature/ILSVRC2012_val_00003985.JPEG,0,5.4e-05
data/genimage/imagenet_glide/val/nature/ILSVRC2012_val_00003997.JPEG,0,0.010906
data/genimage/imagenet_glide/val/nature/ILSVRC2012_val_00004024.JPEG,0,1.7e-05
data/genimage/imagenet_glide/val/nature/ILSVRC2012_val_00004103.JPEG,0,0.667642
data/genimage/imagenet_glide/val/nature/ILSVRC2012_val_00004150.JPEG,0,0.000114
data/genimage/imagenet_glide/val/nature/ILSVRC2012_val_00004219.JPEG,0,5e-05
data/genimage/imagenet_glide/val/nature/ILSVRC2012_val_00004300.JPEG,0,0.001927
data/genimage/imagenet_glide/val/nature/ILSVRC2012_val_00004407.JPEG,0,0.003509
data/genimage/imagenet_glide/val/nature/ILSVRC2012_val_00004420.JPEG,0,0.000193
data/genimage/imagenet_glide/val/nature/ILSVRC2012_val_00004513.JPEG,0,0.004729
data/genimage/imagenet_glide/val/nature/ILSVRC2012_val_00004602.JPEG,0,0.000193
data/genimage/imagenet_glide/val/nature/ILSVRC2012_val_00004616.JPEG,0,1.9e-05
data/genimage/imagenet_glide/val/nature/ILSVRC2012_val_00004632.JPEG,0,1e-05
data/genimage/imagenet_glide/val/nature/ILSVRC2012_val_00004645.JPEG,0,5.6e-05
data/genimage/imagenet_glide/val/nature/ILSVRC2012_val_00004828.JPEG,0,0.001363
data/genimage/imagenet_glide/val/nature/ILSVRC2012_val_00004928.JPEG,0,5.8e-05
data/genimage/imagenet_glide/val/nature/ILSVRC2012_val_00004932.JPEG,0,0.000787
data/genimage/imagenet_glide/val/nature/ILSVRC2012_val_00005033.JPEG,0,0.000219
data/genimage/imagenet_glide/val/nature/ILSVRC2012_val_00005035.JPEG,0,3.7e-05
data/genimage/imagenet_glide/val/nature/ILSVRC2012_val_00005040.JPEG,0,0.003357
data/genimage/imagenet_glide/val/nature/ILSVRC2012_val_00005160.JPEG,0,2.1e-05
data/genimage/imagenet_glide/val/nature/ILSVRC2012_val_00005206.JPEG,0,1.6e-05
data/genimage/imagenet_glide/val/nature/ILSVRC2012_val_00005309.JPEG,0,9e-06
data/genimage/imagenet_glide/val/nature/ILSVRC2012_val_00005390.JPEG,0,0.392851
data/genimage/imagenet_glide/val/nature/ILSVRC2012_val_00005460.JPEG,0,1e-05
data/genimage/imagenet_glide/val/nature/ILSVRC2012_val_00005514.JPEG,0,0.190715
data/genimage/imagenet_glide/val/nature/ILSVRC2012_val_00005580.JPEG,0,0.016849
data/genimage/imagenet_glide/val/nature/ILSVRC2012_val_00005836.JPEG,0,1.8e-05
data/genimage/imagenet_glide/val/nature/ILSVRC2012_val_00005962.JPEG,0,0.000325
data/genimage/imagenet_glide/val/nature/ILSVRC2012_val_00006105.JPEG,0,3e-06
data/genimage/imagenet_glide/val/nature/ILSVRC2012_val_00006180.JPEG,0,0.018332
data/genimage/imagenet_glide/val/nature/ILSVRC2012_val_00006181.JPEG,0,9e-06
data/genimage/imagenet_glide/val/nature/ILSVRC2012_val_00006311.JPEG,0,6e-06
data/genimage/imagenet_glide/val/nature/ILSVRC2012_val_00006592.JPEG,0,7e-06
data/genimage/imagenet_glide/val/nature/ILSVRC2012_val_00006593.JPEG,0,6e-06
data/genimage/imagenet_glide/val/nature/ILSVRC2012_val_00006633.JPEG,0,0.000238
data/genimage/imagenet_glide/val/nature/ILSVRC2012_val_00006723.JPEG,0,7.2e-05
data/genimage/imagenet_glide/val/nature/ILSVRC2012_val_00006745.JPEG,0,0.003758
data/genimage/imagenet_glide/val/nature/ILSVRC2012_val_00007006.JPEG,0,0.092383
data/genimage/imagenet_glide/val/nature/ILSVRC2012_val_00007045.JPEG,0,0.017527
data/genimage/imagenet_glide/val/nature/ILSVRC2012_val_00007141.JPEG,0,0.391424
data/genimage/imagenet_glide/val/nature/ILSVRC2012_val_00007215.JPEG,0,0.127063
data/genimage/imagenet_glide/val/nature/ILSVRC2012_val_00007302.JPEG,0,0.001162
data/genimage/imagenet_glide/val/nature/ILSVRC2012_val_00007678.JPEG,0,2.1e-05
data/genimage/imagenet_glide/val/nature/ILSVRC2012_val_00007690.JPEG,0,0.001115
data/genimage/imagenet_glide/val/nature/ILSVRC2012_val_00007801.JPEG,0,9.3e-05
data/genimage/imagenet_glide/val/nature/ILSVRC2012_val_00007853.JPEG,0,7.4e-05
data/genimage/imagenet_glide/val/nature/ILSVRC2012_val_00007958.JPEG,0,9e-05
data/genimage/imagenet_glide/val/nature/ILSVRC2012_val_00007964.JPEG,0,3e-06
data/genimage/imagenet_glide/val/nature/ILSVRC2012_val_00008160.JPEG,0,0.000763
data/genimage/imagenet_glide/val/nature/ILSVRC2012_val_00008243.JPEG,0,0.000518
data/genimage/imagenet_glide/val/nature/ILSVRC2012_val_00008476.JPEG,0,0.00415
data/genimage/imagenet_glide/val/nature/ILSVRC2012_val_00008501.JPEG,0,0.0
data/genimage/imagenet_glide/val/nature/ILSVRC2012_val_00008816.JPEG,0,0.009779
data/genimage/imagenet_glide/val/nature/ILSVRC2012_val_00008828.JPEG,0,0.000469
data/genimage/imagenet_glide/val/nature/ILSVRC2012_val_00008850.JPEG,0,0.201094
data/genimage/imagenet_glide/val/nature/ILSVRC2012_val_00009503.JPEG,0,0.005193
data/genimage/imagenet_glide/val/nature/ILSVRC2012_val_00009916.JPEG,0,0.00011
data/genimage/imagenet_glide/val/nature/ILSVRC2012_val_00009943.JPEG,0,0.000176
data/genimage/imagenet_glide/val/nature/ILSVRC2012_val_00009971.JPEG,0,0.000562
data/genimage/imagenet_glide/val/nature/ILSVRC2012_val_00010080.JPEG,0,2.5e-05
data/genimage/imagenet_glide/val/nature/ILSVRC2012_val_00010252.JPEG,0,0.012382
data/genimage/imagenet_glide/val/nature/ILSVRC2012_val_00010280.JPEG,0,0.000866
data/genimage/imagenet_glide/val/nature/ILSVRC2012_val_00010308.JPEG,0,0.0
data/genimage/imagenet_glide/val/nature/ILSVRC2012_val_00010398.JPEG,0,8e-06
data/genimage/imagenet_glide/val/nature/ILSVRC2012_val_00010400.JPEG,0,2e-06
data/genimage/imagenet_glide/val/nature/ILSVRC2012_val_00010425.JPEG,0,0.000158
data/genimage/imagenet_glide/val/nature/ILSVRC2012_val_00010533.JPEG,0,1.9e-05
data/genimage/imagenet_glide/val/nature/ILSVRC2012_val_00010553.JPEG,0,0.001753
data/genimage/imagenet_glide/val/nature/ILSVRC2012_val_00010810.JPEG,0,2.7e-05
data/genimage/imagenet_glide/val/nature/ILSVRC2012_val_00011159.JPEG,0,0.000878
data/genimage/imagenet_glide/val/nature/ILSVRC2012_val_00011236.JPEG,0,7e-06
data/genimage/imagenet_glide/val/nature/ILSVRC2012_val_00011258.JPEG,0,3e-06
data/genimage/imagenet_glide/val/nature/ILSVRC2012_val_00011335.JPEG,0,0.000436
data/genimage/imagenet_glide/val/nature/ILSVRC2012_val_00011451.JPEG,0,0.00011
data/genimage/imagenet_glide/val/nature/ILSVRC2012_val_00011510.JPEG,0,0.017962
data/genimage/imagenet_glide/val/nature/ILSVRC2012_val_00011526.JPEG,0,0.003177
data/genimage/imagenet_glide/val/nature/ILSVRC2012_val_00011712.JPEG,0,0.00011
data/genimage/imagenet_glide/val/nature/ILSVRC2012_val_00011776.JPEG,0,0.001435
data/genimage/imagenet_glide/val/nature/ILSVRC2012_val_00011881.JPEG,0,0.014954
data/genimage/imagenet_glide/val/nature/ILSVRC2012_val_00011943.JPEG,0,9.2e-05
data/genimage/imagenet_glide/val/nature/ILSVRC2012_val_00012121.JPEG,0,0.000139
data/genimage/imagenet_glide/val/nature/ILSVRC2012_val_00012209.JPEG,0,0.189993
data/genimage/imagenet_glide/val/nature/ILSVRC2012_val_00012231.JPEG,0,1e-06
data/genimage/imagenet_glide/val/nature/ILSVRC2012_val_00012264.JPEG,0,0.000908
data/genimage/imagenet_glide/val/nature/ILSVRC2012_val_00012288.JPEG,0,1e-06
data/genimage/imagenet_glide/val/nature/ILSVRC2012_val_00012435.JPEG,0,0.040688
data/genimage/imagenet_glide/val/nature/ILSVRC2012_val_00012457.JPEG,0,0.000312
data/genimage/imagenet_glide/val/nature/ILSVRC2012_val_00012619.JPEG,0,0.001432
data/genimage/imagenet_glide/val/nature/ILSVRC2012_val_00012780.JPEG,0,0.032758
data/genimage/imagenet_glide/val/nature/ILSVRC2012_val_00012839.JPEG,0,0.161609
data/genimage/imagenet_glide/val/nature/ILSVRC2012_val_00012941.JPEG,0,0.000253
data/genimage/imagenet_glide/val/nature/ILSVRC2012_val_00013016.JPEG,0,1.2e-05
data/genimage/imagenet_glide/val/nature/ILSVRC2012_val_00013166.JPEG,0,0.000465
data/genimage/imagenet_glide/val/nature/ILSVRC2012_val_00013226.JPEG,0,0.338107
data/genimage/imagenet_glide/val/nature/ILSVRC2012_val_00013299.JPEG,0,0.905803
data/genimage/imagenet_glide/val/nature/ILSVRC2012_val_00013478.JPEG,0,0.001253
data/genimage/imagenet_glide/val/nature/ILSVRC2012_val_00013498.JPEG,0,0.000966
data/genimage/imagenet_glide/val/nature/ILSVRC2012_val_00013659.JPEG,0,0.003173
data/genimage/imagenet_glide/val/nature/ILSVRC2012_val_00013787.JPEG,0,3.9e-05
data/genimage/imagenet_glide/val/nature/ILSVRC2012_val_00013799.JPEG,0,0.00028
data/genimage/imagenet_glide/val/nature/ILSVRC2012_val_00013913.JPEG,0,0.000242
data/genimage/imagenet_glide/val/nature/ILSVRC2012_val_00013918.JPEG,0,2.3e-05
data/genimage/imagenet_glide/val/nature/ILSVRC2012_val_00013962.JPEG,0,0.000246
data/genimage/imagenet_glide/val/nature/ILSVRC2012_val_00014018.JPEG,0,0.933604
data/genimage/imagenet_glide/val/nature/ILSVRC2012_val_00014046.JPEG,0,0.198643
data/genimage/imagenet_glide/val/nature/ILSVRC2012_val_00014281.JPEG,0,0.010976
data/genimage/imagenet_glide/val/nature/ILSVRC2012_val_00014354.JPEG,0,1e-05
data/genimage/imagenet_glide/val/nature/ILSVRC2012_val_00014380.JPEG,0,0.000907
data/genimage/imagenet_glide/val/nature/ILSVRC2012_val_00014479.JPEG,0,0.000266
data/genimage/imagenet_glide/val/nature/ILSVRC2012_val_00014645.JPEG,0,0.000722
data/genimage/imagenet_glide/val/nature/ILSVRC2012_val_00014678.JPEG,0,0.001082
data/genimage/imagenet_glide/val/nature/ILSVRC2012_val_00014707.JPEG,0,0.000411
data/genimage/imagenet_glide/val/nature/ILSVRC2012_val_00014753.JPEG,0,0.000735
data/genimage/imagenet_glide/val/nature/ILSVRC2012_val_00014799.JPEG,0,0.000649
data/genimage/imagenet_glide/val/nature/ILSVRC2012_val_00014830.JPEG,0,0.000962
data/genimage/imagenet_glide/val/nature/ILSVRC2012_val_00014923.JPEG,0,2.2e-05
data/genimage/imagenet_glide/val/nature/ILSVRC2012_val_00015012.JPEG,0,1e-06
data/genimage/imagenet_glide/val/nature/ILSVRC2012_val_00015025.JPEG,0,3.8e-05
data/genimage/imagenet_glide/val/nature/ILSVRC2012_val_00015147.JPEG,0,0.002503
data/genimage/imagenet_glide/val/nature/ILSVRC2012_val_00015732.JPEG,0,0.000142
data/genimage/imagenet_glide/val/nature/ILSVRC2012_val_00015748.JPEG,0,0.003098
data/genimage/imagenet_glide/val/nature/ILSVRC2012_val_00015862.JPEG,0,0.000449
data/genimage/imagenet_glide/val/nature/ILSVRC2012_val_00015952.JPEG,0,4.9e-05
data/genimage/imagenet_glide/val/nature/ILSVRC2012_val_00015990.JPEG,0,0.019059
data/genimage/imagenet_glide/val/nature/ILSVRC2012_val_00016102.JPEG,0,0.000174
data/genimage/imagenet_glide/val/nature/ILSVRC2012_val_00016393.JPEG,0,0.002445
data/genimage/imagenet_glide/val/nature/ILSVRC2012_val_00016417.JPEG,0,0.003793
data/genimage/imagenet_glide/val/nature/ILSVRC2012_val_00016605.JPEG,0,0.051248
data/genimage/imagenet_glide/val/nature/ILSVRC2012_val_00016662.JPEG,0,0.000403
data/genimage/imagenet_glide/val/nature/ILSVRC2012_val_00016828.JPEG,0,1.2e-05
data/genimage/imagenet_glide/val/nature/ILSVRC2012_val_00017046.JPEG,0,0.000791
data/genimage/imagenet_glide/val/nature/ILSVRC2012_val_00017077.JPEG,0,0.008891
data/genimage/imagenet_glide/val/nature/ILSVRC2012_val_00017086.JPEG,0,0.005592
data/genimage/imagenet_glide/val/nature/ILSVRC2012_val_00017099.JPEG,0,0.001833
data/genimage/imagenet_glide/val/nature/ILSVRC2012_val_00017147.JPEG,0,0.000389
data/genimage/imagenet_glide/val/nature/ILSVRC2012_val_00017187.JPEG,0,0.000171
data/genimage/imagenet_glide/val/nature/ILSVRC2012_val_00017293.JPEG,0,5e-06
data/genimage/imagenet_glide/val/nature/ILSVRC2012_val_00017297.JPEG,0,0.001342
data/genimage/imagenet_glide/val/nature/ILSVRC2012_val_00017429.JPEG,0,0.000797
data/genimage/imagenet_glide/val/nature/ILSVRC2012_val_00017442.JPEG,0,1.1e-05
data/genimage/imagenet_glide/val/nature/ILSVRC2012_val_00017532.JPEG,0,6.7e-05
data/genimage/imagenet_glide/val/nature/ILSVRC2012_val_00017546.JPEG,0,0.000283
data/genimage/imagenet_glide/val/nature/ILSVRC2012_val_00017652.JPEG,0,0.000127
data/genimage/imagenet_glide/val/nature/ILSVRC2012_val_00017656.JPEG,0,0.53912
data/genimage/imagenet_glide/val/nature/ILSVRC2012_val_00017663.JPEG,0,0.008588
data/genimage/imagenet_glide/val/nature/ILSVRC2012_val_00017816.JPEG,0,5.7e-05
data/genimage/imagenet_glide/val/nature/ILSVRC2012_val_00017913.JPEG,0,0.000193
data/genimage/imagenet_glide/val/nature/ILSVRC2012_val_00017919.JPEG,0,0.653996
data/genimage/imagenet_glide/val/nature/ILSVRC2012_val_00017946.JPEG,0,0.002317
data/genimage/imagenet_glide/val/nature/ILSVRC2012_val_00018006.JPEG,0,2.1e-05
data/genimage/imagenet_glide/val/nature/ILSVRC2012_val_00018041.JPEG,0,0.000608
data/genimage/imagenet_glide/val/nature/ILSVRC2012_val_00018232.JPEG,0,1e-05
data/genimage/imagenet_glide/val/nature/ILSVRC2012_val_00018304.JPEG,0,0.000506
data/genimage/imagenet_glide/val/nature/ILSVRC2012_val_00018555.JPEG,0,0.000737
data/genimage/imagenet_glide/val/nature/ILSVRC2012_val_00018684.JPEG,0,0.00116
data/genimage/imagenet_glide/val/nature/ILSVRC2012_val_00018730.JPEG,0,2.4e-05
data/genimage/imagenet_glide/val/nature/ILSVRC2012_val_00018843.JPEG,0,0.434438
data/genimage/imagenet_glide/val/nature/ILSVRC2012_val_00019103.JPEG,0,2e-06
data/genimage/imagenet_glide/val/nature/ILSVRC2012_val_00019313.JPEG,0,0.000465
data/genimage/imagenet_glide/val/nature/ILSVRC2012_val_00019440.JPEG,0,0.153071
data/genimage/imagenet_glide/val/nature/ILSVRC2012_val_00019650.JPEG,0,2.1e-05
data/genimage/imagenet_glide/val/nature/ILSVRC2012_val_00019905.JPEG,0,0.001004
data/genimage/imagenet_glide/val/nature/ILSVRC2012_val_00019960.JPEG,0,0.030136
data/genimage/imagenet_glide/val/nature/ILSVRC2012_val_00019965.JPEG,0,0.005003
data/genimage/imagenet_glide/val/nature/ILSVRC2012_val_00020217.JPEG,0,7.1e-05
data/genimage/imagenet_glide/val/nature/ILSVRC2012_val_00020225.JPEG,0,4e-06
data/genimage/imagenet_glide/val/nature/ILSVRC2012_val_00020350.JPEG,0,2e-06
data/genimage/imagenet_glide/val/nature/ILSVRC2012_val_00020361.JPEG,0,4.2e-05
data/genimage/imagenet_glide/val/nature/ILSVRC2012_val_00020408.JPEG,0,0.016378
data/genimage/imagenet_glide/val/nature/ILSVRC2012_val_00020753.JPEG,0,0.000335
data/genimage/imagenet_glide/val/nature/ILSVRC2012_val_00020877.JPEG,0,0.000156
data/genimage/imagenet_glide/val/nature/ILSVRC2012_val_00020988.JPEG,0,0.000182
data/genimage/imagenet_glide/val/nature/ILSVRC2012_val_00021010.JPEG,0,0.016168
data/genimage/imagenet_glide/val/nature/ILSVRC2012_val_00021077.JPEG,0,0.000114
data/genimage/imagenet_glide/val/nature/ILSVRC2012_val_00021229.JPEG,0,2.2e-05
data/genimage/imagenet_glide/val/nature/ILSVRC2012_val_00021267.JPEG,0,9.6e-05
data/genimage/imagenet_glide/val/nature/ILSVRC2012_val_00021350.JPEG,0,3.7e-05
data/genimage/imagenet_glide/val/nature/ILSVRC2012_val_00021377.JPEG,0,0.97474
data/genimage/imagenet_glide/val/nature/ILSVRC2012_val_00021454.JPEG,0,0.016966
data/genimage/imagenet_glide/val/nature/ILSVRC2012_val_00021472.JPEG,0,0.000267
data/genimage/imagenet_glide/val/nature/ILSVRC2012_val_00021473.JPEG,0,5e-06
data/genimage/imagenet_glide/val/nature/ILSVRC2012_val_00021495.JPEG,0,0.821738
data/genimage/imagenet_glide/val/nature/ILSVRC2012_val_00021506.JPEG,0,0.017786
data/genimage/imagenet_glide/val/nature/ILSVRC2012_val_00021508.JPEG,0,0.316919
data/genimage/imagenet_glide/val/nature/ILSVRC2012_val_00021540.JPEG,0,4.9e-05
data/genimage/imagenet_glide/val/nature/ILSVRC2012_val_00021745.JPEG,0,0.000434
data/genimage/imagenet_glide/val/nature/ILSVRC2012_val_00021781.JPEG,0,5.3e-05
data/genimage/imagenet_glide/val/nature/ILSVRC2012_val_00021796.JPEG,0,3.2e-05
data/genimage/imagenet_glide/val/nature/ILSVRC2012_val_00021802.JPEG,0,0.005378
data/genimage/imagenet_glide/val/nature/ILSVRC2012_val_00021889.JPEG,0,0.010236
data/genimage/imagenet_glide/val/nature/ILSVRC2012_val_00021980.JPEG,0,0.447029
data/genimage/imagenet_glide/val/nature/ILSVRC2012_val_00022139.JPEG,0,0.00116
data/genimage/imagenet_glide/val/nature/ILSVRC2012_val_00022151.JPEG,0,3.2e-05
data/genimage/imagenet_glide/val/nature/ILSVRC2012_val_00022519.JPEG,0,1e-06
data/genimage/imagenet_glide/val/nature/ILSVRC2012_val_00022619.JPEG,0,1.4e-05
data/genimage/imagenet_glide/val/nature/ILSVRC2012_val_00022661.JPEG,0,0.001202
data/genimage/imagenet_glide/val/nature/ILSVRC2012_val_00022704.JPEG,0,0.000279
data/genimage/imagenet_glide/val/nature/ILSVRC2012_val_00022888.JPEG,0,0.009929
data/genimage/imagenet_glide/val/nature/ILSVRC2012_val_00022985.JPEG,0,0.003931
data/genimage/imagenet_glide/val/nature/ILSVRC2012_val_00023090.JPEG,0,0.0004
data/genimage/imagenet_glide/val/nature/ILSVRC2012_val_00023133.JPEG,0,1e-05
data/genimage/imagenet_glide/val/nature/ILSVRC2012_val_00023282.JPEG,0,0.000231
data/genimage/imagenet_glide/val/nature/ILSVRC2012_val_00023840.JPEG,0,5e-06
data/genimage/imagenet_glide/val/nature/ILSVRC2012_val_00023913.JPEG,0,0.037306
data/genimage/imagenet_glide/val/nature/ILSVRC2012_val_00023950.JPEG,0,0.008681
data/genimage/imagenet_glide/val/nature/ILSVRC2012_val_00023964.JPEG,0,0.687465
data/genimage/imagenet_glide/val/nature/ILSVRC2012_val_00024277.JPEG,0,0.000388
data/genimage/imagenet_glide/val/nature/ILSVRC2012_val_00024283.JPEG,0,8.4e-05
data/genimage/imagenet_glide/val/nature/ILSVRC2012_val_00024373.JPEG,0,0.000103
data/genimage/imagenet_glide/val/nature/ILSVRC2012_val_00024391.JPEG,0,0.050204
data/genimage/imagenet_glide/val/nature/ILSVRC2012_val_00024413.JPEG,0,5.2e-05
data/genimage/imagenet_glide/val/nature/ILSVRC2012_val_00024420.JPEG,0,0.411192
data/genimage/imagenet_glide/val/nature/ILSVRC2012_val_00024442.JPEG,0,1e-06
data/genimage/imagenet_glide/val/nature/ILSVRC2012_val_00024489.JPEG,0,0.000946
data/genimage/imagenet_glide/val/nature/ILSVRC2012_val_00024570.JPEG,0,0.00217
data/genimage/imagenet_glide/val/nature/ILSVRC2012_val_00024738.JPEG,0,2.8e-05
data/genimage/imagenet_glide/val/nature/ILSVRC2012_val_00024970.JPEG,0,0.000695
data/genimage/imagenet_glide/val/nature/ILSVRC2012_val_00025012.JPEG,0,6e-06
data/genimage/imagenet_glide/val/nature/ILSVRC2012_val_00025051.JPEG,0,0.000132
data/genimage/imagenet_glide/val/nature/ILSVRC2012_val_00025142.JPEG,0,2e-06
data/genimage/imagenet_glide/val/nature/ILSVRC2012_val_00025254.JPEG,0,0.008887
data/genimage/imagenet_glide/val/nature/ILSVRC2012_val_00025345.JPEG,0,0.000792
data/genimage/imagenet_glide/val/nature/ILSVRC2012_val_00025379.JPEG,0,0.178404
data/genimage/imagenet_glide/val/nature/ILSVRC2012_val_00025556.JPEG,0,9e-06
data/genimage/imagenet_glide/val/nature/ILSVRC2012_val_00025928.JPEG,0,0.000231
data/genimage/imagenet_glide/val/nature/ILSVRC2012_val_00025960.JPEG,0,0.002307
data/genimage/imagenet_glide/val/nature/ILSVRC2012_val_00025973.JPEG,0,0.000457
data/genimage/imagenet_glide/val/nature/ILSVRC2012_val_00025988.JPEG,0,0.000248
data/genimage/imagenet_glide/val/nature/ILSVRC2012_val_00026004.JPEG,0,4e-06
data/genimage/imagenet_glide/val/nature/ILSVRC2012_val_00026069.JPEG,0,5.1e-05
data/genimage/imagenet_glide/val/nature/ILSVRC2012_val_00026136.JPEG,0,0.000494
data/genimage/imagenet_glide/val/nature/ILSVRC2012_val_00026272.JPEG,0,3.2e-05
data/genimage/imagenet_glide/val/nature/ILSVRC2012_val_00026285.JPEG,0,0.001328
data/genimage/imagenet_glide/val/nature/ILSVRC2012_val_00026308.JPEG,0,0.013146
data/genimage/imagenet_glide/val/nature/ILSVRC2012_val_00026392.JPEG,0,0.009213
data/genimage/imagenet_glide/val/nature/ILSVRC2012_val_00026701.JPEG,0,0.040486
data/genimage/imagenet_glide/val/nature/ILSVRC2012_val_00026883.JPEG,0,0.000519
data/genimage/imagenet_glide/val/nature/ILSVRC2012_val_00026893.JPEG,0,0.007462
data/genimage/imagenet_glide/val/nature/ILSVRC2012_val_00026896.JPEG,0,2.4e-05
data/genimage/imagenet_glide/val/nature/ILSVRC2012_val_00027006.JPEG,0,0.000658
data/genimage/imagenet_glide/val/nature/ILSVRC2012_val_00027254.JPEG,0,0.010287
data/genimage/imagenet_glide/val/nature/ILSVRC2012_val_00027313.JPEG,0,0.000155
data/genimage/imagenet_glide/val/nature/ILSVRC2012_val_00027346.JPEG,0,0.000875
data/genimage/imagenet_glide/val/nature/ILSVRC2012_val_00027396.JPEG,0,0.209416
data/genimage/imagenet_glide/val/nature/ILSVRC2012_val_00027398.JPEG,0,0.000841
data/genimage/imagenet_glide/val/nature/ILSVRC2012_val_00027480.JPEG,0,0.000586
data/genimage/imagenet_glide/val/nature/ILSVRC2012_val_00027497.JPEG,0,4.4e-05
data/genimage/imagenet_glide/val/nature/ILSVRC2012_val_00027530.JPEG,0,0.001734
data/genimage/imagenet_glide/val/nature/ILSVRC2012_val_00027594.JPEG,0,0.001828
data/genimage/imagenet_glide/val/nature/ILSVRC2012_val_00027807.JPEG,0,3.9e-05
data/genimage/imagenet_glide/val/nature/ILSVRC2012_val_00027927.JPEG,0,0.001318
data/genimage/imagenet_glide/val/nature/ILSVRC2012_val_00028412.JPEG,0,0.00023
data/genimage/imagenet_glide/val/nature/ILSVRC2012_val_00028419.JPEG,0,0.000213
data/genimage/imagenet_glide/val/nature/ILSVRC2012_val_00028472.JPEG,0,3e-06
data/genimage/imagenet_glide/val/nature/ILSVRC2012_val_00028481.JPEG,0,0.003788
data/genimage/imagenet_glide/val/nature/ILSVRC2012_val_00028636.JPEG,0,0.00018
data/genimage/imagenet_glide/val/nature/ILSVRC2012_val_00028745.JPEG,0,0.000264
data/genimage/imagenet_glide/val/nature/ILSVRC2012_val_00028796.JPEG,0,0.031212
data/genimage/imagenet_glide/val/nature/ILSVRC2012_val_00028812.JPEG,0,7.2e-05
data/genimage/imagenet_glide/val/nature/ILSVRC2012_val_00029074.JPEG,0,4.2e-05
data/genimage/imagenet_glide/val/nature/ILSVRC2012_val_00029225.JPEG,0,0.0
data/genimage/imagenet_glide/val/nature/ILSVRC2012_val_00029340.JPEG,0,4e-06
data/genimage/imagenet_glide/val/nature/ILSVRC2012_val_00029519.JPEG,0,4e-06
data/genimage/imagenet_glide/val/nature/ILSVRC2012_val_00030051.JPEG,0,9.9e-05
data/genimage/imagenet_glide/val/nature/ILSVRC2012_val_00030100.JPEG,0,0.033713
data/genimage/imagenet_glide/val/nature/ILSVRC2012_val_00030213.JPEG,0,0.00052
data/genimage/imagenet_glide/val/nature/ILSVRC2012_val_00030354.JPEG,0,9.6e-05
data/genimage/imagenet_glide/val/nature/ILSVRC2012_val_00030490.JPEG,0,0.000253
data/genimage/imagenet_glide/val/nature/ILSVRC2012_val_00030500.JPEG,0,1.1e-05
data/genimage/imagenet_glide/val/nature/ILSVRC2012_val_00030568.JPEG,0,1.6e-05
data/genimage/imagenet_glide/val/nature/ILSVRC2012_val_00030578.JPEG,0,0.001074
data/genimage/imagenet_glide/val/nature/ILSVRC2012_val_00030599.JPEG,0,0.001137
data/genimage/imagenet_glide/val/nature/ILSVRC2012_val_00030671.JPEG,0,0.000606
data/genimage/imagenet_glide/val/nature/ILSVRC2012_val_00030727.JPEG,0,0.000483
data/genimage/imagenet_glide/val/nature/ILSVRC2012_val_00030767.JPEG,0,0.004296
data/genimage/imagenet_glide/val/nature/ILSVRC2012_val_00030803.JPEG,0,0.001965
data/genimage/imagenet_glide/val/nature/ILSVRC2012_val_00030843.JPEG,0,0.001276
data/genimage/imagenet_glide/val/nature/ILSVRC2012_val_00030946.JPEG,0,0.000557
data/genimage/imagenet_glide/val/nature/ILSVRC2012_val_00030952.JPEG,0,0.028449
data/genimage/imagenet_glide/val/nature/ILSVRC2012_val_00030999.JPEG,0,0.00192
data/genimage/imagenet_glide/val/nature/ILSVRC2012_val_00031005.JPEG,0,0.000163
data/genimage/imagenet_glide/val/nature/ILSVRC2012_val_00031096.JPEG,0,0.000126
data/genimage/imagenet_glide/val/nature/ILSVRC2012_val_00031141.JPEG,0,0.001716
data/genimage/imagenet_glide/val/nature/ILSVRC2012_val_00031489.JPEG,0,0.082747
data/genimage/imagenet_glide/val/nature/ILSVRC2012_val_00031691.JPEG,0,0.000136
data/genimage/imagenet_glide/val/nature/ILSVRC2012_val_00032140.JPEG,0,0.02225
data/genimage/imagenet_glide/val/nature/ILSVRC2012_val_00032156.JPEG,0,5.3e-05
data/genimage/imagenet_glide/val/nature/ILSVRC2012_val_00032212.JPEG,0,3.2e-05
data/genimage/imagenet_glide/val/nature/ILSVRC2012_val_00032247.JPEG,0,1.2e-05
data/genimage/imagenet_glide/val/nature/ILSVRC2012_val_00032360.JPEG,0,0.000501
data/genimage/imagenet_glide/val/nature/ILSVRC2012_val_00032464.JPEG,0,9.1e-05
data/genimage/imagenet_glide/val/nature/ILSVRC2012_val_00032496.JPEG,0,1.9e-05
data/genimage/imagenet_glide/val/nature/ILSVRC2012_val_00032520.JPEG,0,0.079913
data/genimage/imagenet_glide/val/nature/ILSVRC2012_val_00032827.JPEG,0,0.000308
data/genimage/imagenet_glide/val/nature/ILSVRC2012_val_00032881.JPEG,0,0.340755
data/genimage/imagenet_glide/val/nature/ILSVRC2012_val_00032924.JPEG,0,0.000119
data/genimage/imagenet_glide/val/nature/ILSVRC2012_val_00032935.JPEG,0,5e-06
data/genimage/imagenet_glide/val/nature/ILSVRC2012_val_00033176.JPEG,0,0.032497
data/genimage/imagenet_glide/val/nature/ILSVRC2012_val_00033234.JPEG,0,1e-05
data/genimage/imagenet_glide/val/nature/ILSVRC2012_val_00033353.JPEG,0,0.000508
data/genimage/imagenet_glide/val/nature/ILSVRC2012_val_00033371.JPEG,0,0.00033
data/genimage/imagenet_glide/val/nature/ILSVRC2012_val_00033531.JPEG,0,0.000832
data/genimage/imagenet_glide/val/nature/ILSVRC2012_val_00033629.JPEG,0,2e-06
data/genimage/imagenet_glide/val/nature/ILSVRC2012_val_00033731.JPEG,0,0.000982
data/genimage/imagenet_glide/val/nature/ILSVRC2012_val_00034036.JPEG,0,0.0
data/genimage/imagenet_glide/val/nature/ILSVRC2012_val_00034308.JPEG,0,0.003925
data/genimage/imagenet_glide/val/nature/ILSVRC2012_val_00034321.JPEG,0,0.000229
data/genimage/imagenet_glide/val/nature/ILSVRC2012_val_00034355.JPEG,0,0.412481
data/genimage/imagenet_glide/val/nature/ILSVRC2012_val_00034438.JPEG,0,0.191387
data/genimage/imagenet_glide/val/nature/ILSVRC2012_val_00034654.JPEG,0,3.4e-05
data/genimage/imagenet_glide/val/nature/ILSVRC2012_val_00034742.JPEG,0,0.701873
data/genimage/imagenet_glide/val/nature/ILSVRC2012_val_00034783.JPEG,0,0.000194
data/genimage/imagenet_glide/val/nature/ILSVRC2012_val_00034798.JPEG,0,8.6e-05
data/genimage/imagenet_glide/val/nature/ILSVRC2012_val_00034807.JPEG,0,0.027666
data/genimage/imagenet_glide/val/nature/ILSVRC2012_val_00034923.JPEG,0,0.005708
data/genimage/imagenet_glide/val/nature/ILSVRC2012_val_00034970.JPEG,0,1.2e-05
data/genimage/imagenet_glide/val/nature/ILSVRC2012_val_00035006.JPEG,0,0.02435
data/genimage/imagenet_glide/val/nature/ILSVRC2012_val_00035224.JPEG,0,0.006794
data/genimage/imagenet_glide/val/nature/ILSVRC2012_val_00035295.JPEG,0,0.021161
data/genimage/imagenet_glide/val/nature/ILSVRC2012_val_00035301.JPEG,0,0.004827
data/genimage/imagenet_glide/val/nature/ILSVRC2012_val_00035350.JPEG,0,5e-06
data/genimage/imagenet_glide/val/nature/ILSVRC2012_val_00035480.JPEG,0,3.8e-05
data/genimage/imagenet_glide/val/nature/ILSVRC2012_val_00035484.JPEG,0,0.00175
data/genimage/imagenet_glide/val/nature/ILSVRC2012_val_00035588.JPEG,0,0.004643
data/genimage/imagenet_glide/val/nature/ILSVRC2012_val_00035701.JPEG,0,1e-06
data/genimage/imagenet_glide/val/nature/ILSVRC2012_val_00035742.JPEG,0,0.000288
data/genimage/imagenet_glide/val/nature/ILSVRC2012_val_00035762.JPEG,0,0.000922
data/genimage/imagenet_glide/val/nature/ILSVRC2012_val_00035775.JPEG,0,0.000576
data/genimage/imagenet_glide/val/nature/ILSVRC2012_val_00035808.JPEG,0,5.8e-05
data/genimage/imagenet_glide/val/nature/ILSVRC2012_val_00035839.JPEG,0,0.006285
data/genimage/imagenet_glide/val/nature/ILSVRC2012_val_00035953.JPEG,0,0.984327
data/genimage/imagenet_glide/val/nature/ILSVRC2012_val_00036242.JPEG,0,0.00091
data/genimage/imagenet_glide/val/nature/ILSVRC2012_val_00036507.JPEG,0,0.000283
data/genimage/imagenet_glide/val/nature/ILSVRC2012_val_00036642.JPEG,0,0.006635
data/genimage/imagenet_glide/val/nature/ILSVRC2012_val_00036773.JPEG,0,0.001854
data/genimage/imagenet_glide/val/nature/ILSVRC2012_val_00036892.JPEG,0,0.000651
data/genimage/imagenet_glide/val/nature/ILSVRC2012_val_00037003.JPEG,0,0.001113
data/genimage/imagenet_glide/val/nature/ILSVRC2012_val_00037006.JPEG,0,0.000392
data/genimage/imagenet_glide/val/nature/ILSVRC2012_val_00037021.JPEG,0,0.068693
data/genimage/imagenet_glide/val/nature/ILSVRC2012_val_00037119.JPEG,0,2e-06
data/genimage/imagenet_glide/val/nature/ILSVRC2012_val_00037141.JPEG,0,0.004212
data/genimage/imagenet_glide/val/nature/ILSVRC2012_val_00037263.JPEG,0,0.001722
data/genimage/imagenet_glide/val/nature/ILSVRC2012_val_00037271.JPEG,0,0.031934
data/genimage/imagenet_glide/val/nature/ILSVRC2012_val_00037545.JPEG,0,0.005724
data/genimage/imagenet_glide/val/nature/ILSVRC2012_val_00037575.JPEG,0,0.010189
data/genimage/imagenet_glide/val/nature/ILSVRC2012_val_00037757.JPEG,0,2e-06
data/genimage/imagenet_glide/val/nature/ILSVRC2012_val_00037789.JPEG,0,0.0027
data/genimage/imagenet_glide/val/nature/ILSVRC2012_val_00037909.JPEG,0,3e-06
data/genimage/imagenet_glide/val/nature/ILSVRC2012_val_00037912.JPEG,0,1.7e-05
data/genimage/imagenet_glide/val/nature/ILSVRC2012_val_00037980.JPEG,0,9.1e-05
data/genimage/imagenet_glide/val/nature/ILSVRC2012_val_00038037.JPEG,0,1.5e-05
data/genimage/imagenet_glide/val/nature/ILSVRC2012_val_00038138.JPEG,0,0.004144
data/genimage/imagenet_glide/val/nature/ILSVRC2012_val_00038232.JPEG,0,1.4e-05
data/genimage/imagenet_glide/val/nature/ILSVRC2012_val_00038435.JPEG,0,1.6e-05
data/genimage/imagenet_glide/val/nature/ILSVRC2012_val_00038476.JPEG,0,4.5e-05
data/genimage/imagenet_glide/val/nature/ILSVRC2012_val_00038521.JPEG,0,0.001132
data/genimage/imagenet_glide/val/nature/ILSVRC2012_val_00038708.JPEG,0,0.040975
data/genimage/imagenet_glide/val/nature/ILSVRC2012_val_00038778.JPEG,0,0.00089
data/genimage/imagenet_glide/val/nature/ILSVRC2012_val_00038819.JPEG,0,1.7e-05
data/genimage/imagenet_glide/val/nature/ILSVRC2012_val_00038888.JPEG,0,0.000646
data/genimage/imagenet_glide/val/nature/ILSVRC2012_val_00039142.JPEG,0,0.0
data/genimage/imagenet_glide/val/nature/ILSVRC2012_val_00039289.JPEG,0,0.003766
data/genimage/imagenet_glide/val/nature/ILSVRC2012_val_00039334.JPEG,0,0.000181
data/genimage/imagenet_glide/val/nature/ILSVRC2012_val_00039345.JPEG,0,0.01711
data/genimage/imagenet_glide/val/nature/ILSVRC2012_val_00039401.JPEG,0,0.000518
data/genimage/imagenet_glide/val/nature/ILSVRC2012_val_00039558.JPEG,0,0.000359
data/genimage/imagenet_glide/val/nature/ILSVRC2012_val_00039586.JPEG,0,6.5e-05
data/genimage/imagenet_glide/val/nature/ILSVRC2012_val_00039623.JPEG,0,0.004578
data/genimage/imagenet_glide/val/nature/ILSVRC2012_val_00039753.JPEG,0,1.2e-05
data/genimage/imagenet_glide/val/nature/ILSVRC2012_val_00039815.JPEG,0,0.000633
data/genimage/imagenet_glide/val/nature/ILSVRC2012_val_00039962.JPEG,0,1.3e-05
data/genimage/imagenet_glide/val/nature/ILSVRC2012_val_00040129.JPEG,0,0.001625
data/genimage/imagenet_glide/val/nature/ILSVRC2012_val_00040134.JPEG,0,1.4e-05
data/genimage/imagenet_glide/val/nature/ILSVRC2012_val_00040290.JPEG,0,0.020094
data/genimage/imagenet_glide/val/nature/ILSVRC2012_val_00040371.JPEG,0,0.994294
data/genimage/imagenet_glide/val/nature/ILSVRC2012_val_00040409.JPEG,0,3.7e-05
data/genimage/imagenet_glide/val/nature/ILSVRC2012_val_00040430.JPEG,0,0.015875
data/genimage/imagenet_glide/val/nature/ILSVRC2012_val_00040497.JPEG,0,9.2e-05
data/genimage/imagenet_glide/val/nature/ILSVRC2012_val_00040587.JPEG,0,0.000159
data/genimage/imagenet_glide/val/nature/ILSVRC2012_val_00040768.JPEG,0,0.000413
data/genimage/imagenet_glide/val/nature/ILSVRC2012_val_00040962.JPEG,0,0.00073
data/genimage/imagenet_glide/val/nature/ILSVRC2012_val_00040976.JPEG,0,0.001186
data/genimage/imagenet_glide/val/nature/ILSVRC2012_val_00041038.JPEG,0,0.012811
data/genimage/imagenet_glide/val/nature/ILSVRC2012_val_00041041.JPEG,0,0.042851
data/genimage/imagenet_glide/val/nature/ILSVRC2012_val_00041210.JPEG,0,0.126083
data/genimage/imagenet_glide/val/nature/ILSVRC2012_val_00041229.JPEG,0,3.3e-05
data/genimage/imagenet_glide/val/nature/ILSVRC2012_val_00041437.JPEG,0,0.300377
data/genimage/imagenet_glide/val/nature/ILSVRC2012_val_00041453.JPEG,0,0.000721
data/genimage/imagenet_glide/val/nature/ILSVRC2012_val_00041462.JPEG,0,0.009726
data/genimage/imagenet_glide/val/nature/ILSVRC2012_val_00041776.JPEG,0,0.027897
data/genimage/imagenet_glide/val/nature/ILSVRC2012_val_00041820.JPEG,0,2.3e-05
data/genimage/imagenet_glide/val/nature/ILSVRC2012_val_00041896.JPEG,0,6.5e-05
data/genimage/imagenet_glide/val/nature/ILSVRC2012_val_00042063.JPEG,0,0.447851
data/genimage/imagenet_glide/val/nature/ILSVRC2012_val_00042327.JPEG,0,1e-05
data/genimage/imagenet_glide/val/nature/ILSVRC2012_val_00042375.JPEG,0,2e-06
data/genimage/imagenet_glide/val/nature/ILSVRC2012_val_00042469.JPEG,0,0.124928
data/genimage/imagenet_glide/val/nature/ILSVRC2012_val_00042522.JPEG,0,7e-06
data/genimage/imagenet_glide/val/nature/ILSVRC2012_val_00042564.JPEG,0,3e-06
data/genimage/imagenet_glide/val/nature/ILSVRC2012_val_00042837.JPEG,0,5e-06
data/genimage/imagenet_glide/val/nature/ILSVRC2012_val_00043028.JPEG,0,0.9989
data/genimage/imagenet_glide/val/nature/ILSVRC2012_val_00043165.JPEG,0,2.1e-05
data/genimage/imagenet_glide/val/nature/ILSVRC2012_val_00043268.JPEG,0,0.011681
data/genimage/imagenet_glide/val/nature/ILSVRC2012_val_00043484.JPEG,0,0.000167
data/genimage/imagenet_glide/val/nature/ILSVRC2012_val_00043596.JPEG,0,0.021994
data/genimage/imagenet_glide/val/nature/ILSVRC2012_val_00043755.JPEG,0,0.124457
data/genimage/imagenet_glide/val/nature/ILSVRC2012_val_00043859.JPEG,0,0.000603
data/genimage/imagenet_glide/val/nature/ILSVRC2012_val_00043948.JPEG,0,0.000675
data/genimage/imagenet_glide/val/nature/ILSVRC2012_val_00044071.JPEG,0,8e-06
data/genimage/imagenet_glide/val/nature/ILSVRC2012_val_00044082.JPEG,0,6.4e-05
data/genimage/imagenet_glide/val/nature/ILSVRC2012_val_00044246.JPEG,0,0.00049
data/genimage/imagenet_glide/val/nature/ILSVRC2012_val_00044265.JPEG,0,4e-06
data/genimage/imagenet_glide/val/nature/ILSVRC2012_val_00044296.JPEG,0,0.01264
data/genimage/imagenet_glide/val/nature/ILSVRC2012_val_00044320.JPEG,0,0.000365
data/genimage/imagenet_glide/val/nature/ILSVRC2012_val_00044397.JPEG,0,0.654895
data/genimage/imagenet_glide/val/nature/ILSVRC2012_val_00044436.JPEG,0,0.000416
data/genimage/imagenet_glide/val/nature/ILSVRC2012_val_00044448.JPEG,0,3e-06
data/genimage/imagenet_glide/val/nature/ILSVRC2012_val_00044557.JPEG,0,0.009477
data/genimage/imagenet_glide/val/nature/ILSVRC2012_val_00044577.JPEG,0,0.000134
data/genimage/imagenet_glide/val/nature/ILSVRC2012_val_00044595.JPEG,0,0.037499
data/genimage/imagenet_glide/val/nature/ILSVRC2012_val_00044628.JPEG,0,0.000394
data/genimage/imagenet_glide/val/nature/ILSVRC2012_val_00044717.JPEG,0,1.4e-05
data/genimage/imagenet_glide/val/nature/ILSVRC2012_val_00044852.JPEG,0,0.003413
data/genimage/imagenet_glide/val/nature/ILSVRC2012_val_00044927.JPEG,0,0.00574
data/genimage/imagenet_glide/val/nature/ILSVRC2012_val_00044958.JPEG,0,0.001881
data/genimage/imagenet_glide/val/nature/ILSVRC2012_val_00044977.JPEG,0,7.8e-05
data/genimage/imagenet_glide/val/nature/ILSVRC2012_val_00045011.JPEG,0,0.000472
data/genimage/imagenet_glide/val/nature/ILSVRC2012_val_00045106.JPEG,0,0.017174
data/genimage/imagenet_glide/val/nature/ILSVRC2012_val_00045277.JPEG,0,0.032079
data/genimage/imagenet_glide/val/nature/ILSVRC2012_val_00045593.JPEG,0,0.350432
data/genimage/imagenet_glide/val/nature/ILSVRC2012_val_00045642.JPEG,0,0.007619
data/genimage/imagenet_glide/val/nature/ILSVRC2012_val_00045704.JPEG,0,0.001251
data/genimage/imagenet_glide/val/nature/ILSVRC2012_val_00045898.JPEG,0,0.001677
data/genimage/imagenet_glide/val/nature/ILSVRC2012_val_00045969.JPEG,0,0.000208
data/genimage/imagenet_glide/val/nature/ILSVRC2012_val_00046131.JPEG,0,0.000792
data/genimage/imagenet_glide/val/nature/ILSVRC2012_val_00046203.JPEG,0,0.000478
data/genimage/imagenet_glide/val/nature/ILSVRC2012_val_00046380.JPEG,0,0.011671
data/genimage/imagenet_glide/val/nature/ILSVRC2012_val_00046791.JPEG,0,0.014842
data/genimage/imagenet_glide/val/nature/ILSVRC2012_val_00046863.JPEG,0,0.011924
data/genimage/imagenet_glide/val/nature/ILSVRC2012_val_00047139.JPEG,0,5.8e-05
data/genimage/imagenet_glide/val/nature/ILSVRC2012_val_00047156.JPEG,0,0.001887
data/genimage/imagenet_glide/val/nature/ILSVRC2012_val_00047165.JPEG,0,1.5e-05
data/genimage/imagenet_glide/val/nature/ILSVRC2012_val_00047234.JPEG,0,0.086563
data/genimage/imagenet_glide/val/nature/ILSVRC2012_val_00047286.JPEG,0,0.002391
data/genimage/imagenet_glide/val/nature/ILSVRC2012_val_00047359.JPEG,0,8.4e-05
data/genimage/imagenet_glide/val/nature/ILSVRC2012_val_00047633.JPEG,0,2e-06
data/genimage/imagenet_glide/val/nature/ILSVRC2012_val_00047684.JPEG,0,0.001968
data/genimage/imagenet_glide/val/nature/ILSVRC2012_val_00047721.JPEG,0,0.001223
data/genimage/imagenet_glide/val/nature/ILSVRC2012_val_00047763.JPEG,0,0.001396
data/genimage/imagenet_glide/val/nature/ILSVRC2012_val_00047806.JPEG,0,0.000666
data/genimage/imagenet_glide/val/nature/ILSVRC2012_val_00047812.JPEG,0,1.8e-05
data/genimage/imagenet_glide/val/nature/ILSVRC2012_val_00047840.JPEG,0,0.002537
data/genimage/imagenet_glide/val/nature/ILSVRC2012_val_00047973.JPEG,0,8e-06
data/genimage/imagenet_glide/val/nature/ILSVRC2012_val_00048242.JPEG,0,0.000342
data/genimage/imagenet_glide/val/nature/ILSVRC2012_val_00048344.JPEG,0,0.035442
data/genimage/imagenet_glide/val/nature/ILSVRC2012_val_00048497.JPEG,0,0.001761
data/genimage/imagenet_glide/val/nature/ILSVRC2012_val_00048551.JPEG,0,3.8e-05
data/genimage/imagenet_glide/val/nature/ILSVRC2012_val_00048609.JPEG,0,0.431652
data/genimage/imagenet_glide/val/nature/ILSVRC2012_val_00048664.JPEG,0,0.042173
data/genimage/imagenet_glide/val/nature/ILSVRC2012_val_00048947.JPEG,0,0.002474
data/genimage/imagenet_glide/val/nature/ILSVRC2012_val_00049129.JPEG,0,0.009229
data/genimage/imagenet_glide/val/nature/ILSVRC2012_val_00049263.JPEG,0,3.3e-05
data/genimage/imagenet_glide/val/nature/ILSVRC2012_val_00049446.JPEG,0,0.005685
data/genimage/imagenet_glide/val/nature/ILSVRC2012_val_00049587.JPEG,0,0.000211
data/genimage/imagenet_glide/val/nature/ILSVRC2012_val_00049688.JPEG,0,6.7e-05
data/genimage/imagenet_glide/val/nature/ILSVRC2012_val_00049694.JPEG,0,0.004086
data/genimage/imagenet_glide/val/nature/ILSVRC2012_val_00049926.JPEG,0,0.000368
data/e5_external/modern_ai/flux_dev/0402.png,1,0.999966
data/e5_external/modern_ai/flux_dev/0404.png,1,0.999772
data/e5_external/modern_ai/flux_dev/0410.png,1,0.99984
data/e5_external/modern_ai/flux_dev/0407.png,1,0.881723
data/e5_external/modern_ai/flux_dev/0409.png,1,0.999429
data/e5_external/modern_ai/flux_dev/0403.png,1,0.997643
data/e5_external/modern_ai/flux_dev/0406.png,1,0.999999
data/e5_external/modern_ai/flux_dev/0415.png,1,0.998991
data/e5_external/modern_ai/flux_dev/0412.png,1,1.0
data/e5_external/modern_ai/flux_dev/0419.png,1,0.999217
data/e5_external/modern_ai/flux_dev/0414.png,1,0.981018
data/e5_external/modern_ai/flux_dev/0413.png,1,1.0
data/e5_external/modern_ai/flux_dev/0422.png,1,0.996614
data/e5_external/modern_ai/flux_dev/0433.png,1,0.999774
data/e5_external/modern_ai/flux_dev/0423.png,1,0.99992
data/e5_external/modern_ai/flux_dev/0429.png,1,0.999815
data/e5_external/modern_ai/flux_dev/0431.png,1,0.994847
data/e5_external/modern_ai/flux_dev/0428.png,1,0.999471
data/e5_external/modern_ai/flux_dev/0430.png,1,1.0
data/e5_external/modern_ai/flux_dev/0425.png,1,0.999855
data/e5_external/modern_ai/flux_dev/0435.png,1,0.996444
data/e5_external/modern_ai/flux_dev/0437.png,1,0.992216
data/e5_external/modern_ai/flux_dev/0439.png,1,0.999971
data/e5_external/modern_ai/flux_dev/0441.png,1,0.999978
data/e5_external/modern_ai/flux_dev/0440.png,1,0.999998
data/e5_external/modern_ai/flux_dev/0444.png,1,0.999229
data/e5_external/modern_ai/flux_dev/0446.png,1,0.998486
data/e5_external/modern_ai/flux_dev/0434.png,1,0.999928
data/e5_external/modern_ai/flux_dev/0443.png,1,0.999996
data/e5_external/modern_ai/flux_dev/0445.png,1,0.999989
data/e5_external/modern_ai/flux_dev/0438.png,1,1.0
data/e5_external/modern_ai/flux_dev/0448.png,1,0.999754
data/e5_external/modern_ai/flux_dev/0452.png,1,0.99932
data/e5_external/modern_ai/flux_dev/0451.png,1,0.999992
data/e5_external/modern_ai/flux_dev/0450.png,1,0.999999
data/e5_external/modern_ai/flux_dev/0449.png,1,0.999998
data/e5_external/modern_ai/flux_dev/0458.png,1,0.999986
data/e5_external/modern_ai/flux_dev/0454.png,1,0.965304
data/e5_external/modern_ai/flux_dev/0463.png,1,0.999998
data/e5_external/modern_ai/flux_dev/0461.png,1,0.999099
data/e5_external/modern_ai/flux_dev/0457.png,1,0.668401
data/e5_external/modern_ai/flux_dev/0462.png,1,0.999422
data/e5_external/modern_ai/flux_dev/0455.png,1,0.999942
data/e5_external/modern_ai/flux_dev/0465.png,1,0.954104
data/e5_external/modern_ai/flux_dev/0464.png,1,0.999997
data/e5_external/modern_ai/flux_dev/0459.png,1,0.998753
data/e5_external/modern_ai/flux_dev/0467.png,1,0.999977
data/e5_external/modern_ai/flux_dev/0473.png,1,0.999984
data/e5_external/modern_ai/flux_dev/0475.png,1,0.999999
data/e5_external/modern_ai/flux_dev/0469.png,1,0.999692
data/e5_external/modern_ai/flux_dev/0471.png,1,0.999885
data/e5_external/modern_ai/flux_dev/0470.png,1,0.998341
data/e5_external/modern_ai/flux_dev/0474.png,1,0.997934
data/e5_external/modern_ai/flux_dev/0472.png,1,0.991115
data/e5_external/modern_ai/flux_dev/0478.png,1,0.976279
data/e5_external/modern_ai/flux_dev/0481.png,1,0.999478
data/e5_external/modern_ai/flux_dev/0483.png,1,0.999994
data/e5_external/modern_ai/flux_dev/0485.png,1,0.999877
data/e5_external/modern_ai/flux_dev/0482.png,1,0.999196
data/e5_external/modern_ai/flux_dev/0488.png,1,0.999994
data/e5_external/modern_ai/flux_dev/0486.png,1,1.0
data/e5_external/modern_ai/flux_dev/0490.png,1,0.978756
data/e5_external/modern_ai/flux_dev/0489.png,1,0.947441
data/e5_external/modern_ai/flux_dev/0491.png,1,0.999917
data/e5_external/modern_ai/flux_dev/0497.png,1,0.99855
data/e5_external/modern_ai/flux_dev/0495.png,1,0.999821
data/e5_external/modern_ai/flux_dev/0496.png,1,0.998974
data/e5_external/modern_ai/flux_dev/0493.png,1,0.999773
data/e5_external/modern_ai/flux_dev/0498.png,1,0.999974
data/e5_external/modern_ai/flux_dev/0499.png,1,0.156234
data/e5_external/modern_ai/flux_dev/0492.png,1,0.999999
data/e5_external/modern_ai/flux_dev/0500.png,1,0.999828
data/e5_external/modern_ai/flux_schnell/0403.png,1,0.996582
data/e5_external/modern_ai/flux_schnell/0407.png,1,0.999999
data/e5_external/modern_ai/flux_schnell/0409.png,1,0.999926
data/e5_external/modern_ai/flux_schnell/0408.png,1,0.961998
data/e5_external/modern_ai/flux_schnell/0412.png,1,0.999999
data/e5_external/modern_ai/flux_schnell/0413.png,1,1.0
data/e5_external/modern_ai/flux_schnell/0411.png,1,0.999194
data/e5_external/modern_ai/flux_schnell/0416.png,1,0.99999
data/e5_external/modern_ai/flux_schnell/0418.png,1,0.00101
data/e5_external/modern_ai/flux_schnell/0415.png,1,1.0
data/e5_external/modern_ai/flux_schnell/0405.png,1,0.999995
data/e5_external/modern_ai/flux_schnell/0410.png,1,0.986533
data/e5_external/modern_ai/flux_schnell/0417.png,1,0.999999
data/e5_external/modern_ai/flux_schnell/0419.png,1,0.999992
data/e5_external/modern_ai/flux_schnell/0401.png,1,0.999998
data/e5_external/modern_ai/flux_schnell/0423.png,1,0.99998
data/e5_external/modern_ai/flux_schnell/0402.png,1,0.999994
data/e5_external/modern_ai/flux_schnell/0429.png,1,0.997839
data/e5_external/modern_ai/flux_schnell/0424.png,1,0.999726
data/e5_external/modern_ai/flux_schnell/0427.png,1,0.860237
data/e5_external/modern_ai/flux_schnell/0434.png,1,0.999486
data/e5_external/modern_ai/flux_schnell/0430.png,1,1.0
data/e5_external/modern_ai/flux_schnell/0428.png,1,0.999997
data/e5_external/modern_ai/flux_schnell/0438.png,1,0.999567
data/e5_external/modern_ai/flux_schnell/0437.png,1,1.0
data/e5_external/modern_ai/flux_schnell/0433.png,1,0.99992
data/e5_external/modern_ai/flux_schnell/0435.png,1,0.617916
data/e5_external/modern_ai/flux_schnell/0443.png,1,0.999999
data/e5_external/modern_ai/flux_schnell/0439.png,1,0.999413
data/e5_external/modern_ai/flux_schnell/0436.png,1,0.999752
data/e5_external/modern_ai/flux_schnell/0442.png,1,0.99999
data/e5_external/modern_ai/flux_schnell/0445.png,1,1.0
data/e5_external/modern_ai/flux_schnell/0441.png,1,0.999933
data/e5_external/modern_ai/flux_schnell/0440.png,1,0.999915
data/e5_external/modern_ai/flux_schnell/0450.png,1,0.999798
data/e5_external/modern_ai/flux_schnell/0444.png,1,0.999991
data/e5_external/modern_ai/flux_schnell/0447.png,1,0.902188
data/e5_external/modern_ai/flux_schnell/0452.png,1,0.999999
data/e5_external/modern_ai/flux_schnell/0451.png,1,0.999994
data/e5_external/modern_ai/flux_schnell/0449.png,1,0.998623
data/e5_external/modern_ai/flux_schnell/0453.png,1,0.997308
data/e5_external/modern_ai/flux_schnell/0458.png,1,0.991551
data/e5_external/modern_ai/flux_schnell/0461.png,1,0.993299
data/e5_external/modern_ai/flux_schnell/0446.png,1,0.999979
data/e5_external/modern_ai/flux_schnell/0456.png,1,0.999474
data/e5_external/modern_ai/flux_schnell/0457.png,1,0.999998
data/e5_external/modern_ai/flux_schnell/0462.png,1,0.999886
data/e5_external/modern_ai/flux_schnell/0464.png,1,0.998852
data/e5_external/modern_ai/flux_schnell/0467.png,1,0.999999
data/e5_external/modern_ai/flux_schnell/0448.png,1,0.999965
data/e5_external/modern_ai/flux_schnell/0460.png,1,0.999974
data/e5_external/modern_ai/flux_schnell/0470.png,1,0.992646
data/e5_external/modern_ai/flux_schnell/0466.png,1,0.999991
data/e5_external/modern_ai/flux_schnell/0469.png,1,0.99677
data/e5_external/modern_ai/flux_schnell/0463.png,1,0.99965
data/e5_external/modern_ai/flux_schnell/0474.png,1,0.998598
data/e5_external/modern_ai/flux_schnell/0475.png,1,0.999964
data/e5_external/modern_ai/flux_schnell/0473.png,1,0.998093
data/e5_external/modern_ai/flux_schnell/0468.png,1,1.0
data/e5_external/modern_ai/flux_schnell/0478.png,1,0.99994
data/e5_external/modern_ai/flux_schnell/0471.png,1,0.999786
data/e5_external/modern_ai/flux_schnell/0479.png,1,0.999882
data/e5_external/modern_ai/flux_schnell/0480.png,1,0.999738
data/e5_external/modern_ai/flux_schnell/0482.png,1,0.999815
data/e5_external/modern_ai/flux_schnell/0477.png,1,1.0
data/e5_external/modern_ai/flux_schnell/0488.png,1,0.99922
data/e5_external/modern_ai/flux_schnell/0490.png,1,0.999997
data/e5_external/modern_ai/flux_schnell/0481.png,1,1.0
data/e5_external/modern_ai/flux_schnell/0489.png,1,0.999925
data/e5_external/modern_ai/flux_schnell/0491.png,1,0.999925
data/e5_external/modern_ai/flux_schnell/0493.png,1,0.999968
data/e5_external/modern_ai/flux_schnell/0492.png,1,0.999953
data/e5_external/modern_ai/flux_schnell/0497.png,1,1.0
data/e5_external/modern_ai/flux_schnell/0484.png,1,0.998395
data/e5_external/modern_ai/flux_schnell/0500.png,1,1.0
data/e5_external/modern_ai/flux_schnell/0499.png,1,0.999757
data/e5_external/modern_ai/flux_schnell/0496.png,1,0.99995
data/e5_external/modern_ai/sdxl/r1a2d8b02t.png,1,0.967011
data/e5_external/modern_ai/sdxl/r1a28d44bt.png,1,0.977674
data/e5_external/modern_ai/sdxl/r1a2095b2t.png,1,0.999998
data/e5_external/modern_ai/sdxl/r1a499b96t.png,1,0.999939
data/e5_external/modern_ai/sdxl/r1a343192t.png,1,0.860638
data/e5_external/modern_ai/sdxl/r1a485a99t.png,1,0.999786
data/e5_external/modern_ai/sdxl/r1a57cb29t.png,1,0.350832
data/e5_external/modern_ai/sdxl/r1a60a2bdt.png,1,0.99995
data/e5_external/modern_ai/sdxl/r1a711e27t.png,1,0.999681
data/e5_external/modern_ai/sdxl/r1a5903fct.png,1,0.999999
data/e5_external/modern_ai/sdxl/r1a7b8c42t.png,1,0.996979
data/e5_external/modern_ai/sdxl/r1a7346d0t.png,1,0.99997
data/e5_external/modern_ai/sdxl/r1a4651edt.png,1,0.989558
data/e5_external/modern_ai/sdxl/r1a7e4791t.png,1,0.999404
data/e5_external/modern_ai/sdxl/r1a7feb2bt.png,1,0.997312
data/e5_external/modern_ai/sdxl/r1a845144t.png,1,0.999994
data/e5_external/modern_ai/sdxl/r1a877849t.png,1,0.999878
data/e5_external/modern_ai/sdxl/r1a8d7a86t.png,1,0.994663
data/e5_external/modern_ai/sdxl/r1a7bb1d6t.png,1,0.99993
data/e5_external/modern_ai/sdxl/r1a8ee526t.png,1,0.999777
data/e5_external/modern_ai/sdxl/r1a8fe570t.png,1,0.99989
data/e5_external/modern_ai/sdxl/r1a9783cdt.png,1,0.999987
data/e5_external/modern_ai/sdxl/r1a9de6e9t.png,1,0.999927
data/e5_external/modern_ai/sdxl/r1aa4cc99t.png,1,0.999991
data/e5_external/modern_ai/sdxl/r1aa43470t.png,1,0.454393
data/e5_external/modern_ai/sdxl/r1a9acd94t.png,1,0.999996
data/e5_external/modern_ai/sdxl/r1aa63558t.png,1,0.999981
data/e5_external/modern_ai/sdxl/r1aa53167t.png,1,0.99965
data/e5_external/modern_ai/sdxl/r1ab0bb20t.png,1,0.970182
data/e5_external/modern_ai/sdxl/r1ab1679et.png,1,0.999997
data/e5_external/modern_ai/sdxl/r1aa7459at.png,1,0.998742
data/e5_external/modern_ai/sdxl/r1aa4db16t.png,1,0.999712
data/e5_external/modern_ai/sdxl/r1ad2de34t.png,1,0.999025
data/e5_external/modern_ai/sdxl/r1ad9cd64t.png,1,0.972594
data/e5_external/modern_ai/sdxl/r1aef663et.png,1,0.99992
data/e5_external/modern_ai/sdxl/r1ae12b3ft.png,1,0.999323
data/e5_external/modern_ai/sdxl/r1ad3fa6dt.png,1,0.999915
data/e5_external/modern_ai/sdxl/r1b09da9ct.png,1,0.999852
data/e5_external/modern_ai/sdxl/r1af60295t.png,1,0.999317
data/e5_external/modern_ai/sdxl/r1b106abdt.png,1,0.99994
data/e5_external/modern_ai/sdxl/r1b17f0f0t.png,1,0.963593
data/e5_external/modern_ai/sdxl/r1b1c1019t.png,1,0.999972
data/e5_external/modern_ai/sdxl/r1b165d45t.png,1,0.999966
data/e5_external/modern_ai/sdxl/r1b4e82c4t.png,1,0.999997
data/e5_external/modern_ai/sdxl/r1b2765ebt.png,1,0.99923
data/e5_external/modern_ai/sdxl/r1b32a6bct.png,1,0.999998
data/e5_external/modern_ai/sdxl/r1b61c7b1t.png,1,0.999996
data/e5_external/modern_ai/sdxl/r1b547547t.png,1,0.994899
data/e5_external/modern_ai/sdxl/r1b57dbb2t.png,1,0.99997
data/e5_external/modern_ai/sdxl/r1b262b72t.png,1,0.999838
data/e5_external/modern_ai/sdxl/r1b790721t.png,1,0.999855
data/e5_external/modern_ai/sdxl/r1b6c1adbt.png,1,0.999947
data/e5_external/modern_ai/sdxl/r1b8b1b14t.png,1,0.999965
data/e5_external/modern_ai/sdxl/r1baf2ce0t.png,1,0.996791
data/e5_external/modern_ai/sdxl/r1bc355f2t.png,1,0.999993
data/e5_external/modern_ai/sdxl/r1bc23d6et.png,1,0.999632
data/e5_external/modern_ai/sdxl/r1bc3a653t.png,1,0.664789
data/e5_external/modern_ai/sdxl/r1bc4e4act.png,1,0.290719
data/e5_external/modern_ai/sdxl/r1bc3dd23t.png,1,0.998419
data/e5_external/modern_ai/sdxl/r1bc92a89t.png,1,0.999986
data/e5_external/modern_ai/sdxl/r1bdb6385t.png,1,0.999619
data/e5_external/modern_ai/sdxl/r1bd70210t.png,1,0.999992
data/e5_external/modern_ai/sdxl/r1bca2388t.png,1,0.999998
data/e5_external/modern_ai/sdxl/r1bddecd6t.png,1,0.999947
data/e5_external/modern_ai/sdxl/r1be2a3d5t.png,1,0.999999
data/e5_external/modern_ai/sdxl/r1bcfab73t.png,1,0.999998
data/e5_external/modern_ai/sdxl/r1bf00696t.png,1,0.999994
data/e5_external/modern_ai/sdxl/r1c028de8t.png,1,0.999999
data/e5_external/modern_ai/sdxl/r1bfbaab3t.png,1,0.999578
data/e5_external/modern_ai/sdxl/r1bf4e594t.png,1,0.999817
data/e5_external/modern_ai/sdxl/r1bf7ff83t.png,1,0.999997
data/e5_external/modern_ai/sdxl/r1c146589t.png,1,0.969248
data/e5_external/modern_ai/sdxl/r1c09b002t.png,1,0.999992
data/e5_external/modern_ai/sdxl/r1c1fef8ft.png,1,0.999998
data/e5_external/modern_ai/sdxl/r1c1e3ec9t.png,1,0.999889
data/e5_external/modern_ai/sdxl/r1c23e440t.png,1,0.99995
data/e5_external/modern_ai/sdxl/r1c24a571t.png,1,0.994477
data/e5_external/modern_ai/sdxl/r1c2ac865t.png,1,0.999965
data/e5_external/modern_ai/sdxl/r1c243af7t.png,1,0.997881
data/e5_external/modern_ai/sdxl/r1c31a90bt.png,1,0.999917
data/e5_external/modern_ai/sdxl/r1c4d4720t.png,1,0.998308
data/e5_external/modern_ai/sdxl/r1c402787t.png,1,0.999804
data/e5_external/modern_ai/sdxl/r1c4deb71t.png,1,0.682268
data/e5_external/modern_ai/sdxl/r1c56a2bct.png,1,0.920774
data/e5_external/modern_ai/sdxl/r1c5a4928t.png,1,0.999979
data/e5_external/modern_ai/sdxl/r1c4e6a62t.png,1,0.999944
data/e5_external/modern_ai/sdxl/r1c4ae120t.png,1,0.995591
data/e5_external/modern_ai/sdxl/r1c5ec853t.png,1,0.999987
data/e5_external/modern_ai/sdxl/r1c6b4a23t.png,1,0.998957
data/e5_external/modern_ai/sdxl/r1c717a46t.png,1,0.999679
data/e5_external/modern_ai/sdxl/r1c99500bt.png,1,0.984526
data/e5_external/modern_ai/sdxl/r1c874ac4t.png,1,0.999999
data/e5_external/modern_ai/sdxl/r1c6377bat.png,1,0.999957
data/e5_external/modern_ai/sdxl/r1c9fdcf4t.png,1,0.999953
data/e5_external/modern_ai/sdxl/r1ca0784dt.png,1,0.999999
data/e5_external/modern_ai/sdxl/r1c83ec1dt.png,1,0.999949
data/e5_external/modern_ai/sdxl/r1c9fc42at.png,1,0.999367
data/e5_external/modern_ai/sdxl/r1ca2ef38t.png,1,0.999088
data/e5_external/modern_ai/sdxl/r1ca254b2t.png,1,0.767691
data/e5_external/modern_ai/sdxl/r1ca5a385t.png,1,0.998058
data/e5_external/modern_ai/sdxl/r1ca6cc12t.png,1,0.999942
data/e5_external/modern_ai/sdxl/r1cc04f4ft.png,1,0.970812
data/e5_external/modern_ai/sdxl/r1cc0e4e1t.png,1,0.999997
data/e5_external/modern_ai/sdxl/r1cde4afbt.png,1,0.999988
data/e5_external/modern_ai/sdxl/r1cad9823t.png,1,0.999895
data/e5_external/modern_ai/sdxl/r1cd8d9a4t.png,1,0.995651
data/e5_external/modern_ai/sdxl/r1ceba29dt.png,1,1.0
data/e5_external/modern_ai/sdxl/r1cb7084et.png,1,0.999997
data/e5_external/modern_ai/sdxl/r1cfe520bt.png,1,0.999985
data/e5_external/modern_ai/sdxl/r1cfc8ddat.png,1,0.005171
data/e5_external/modern_ai/sdxl/r1ced1907t.png,1,0.999265
data/e5_external/modern_ai/sdxl/r1d00d8ect.png,1,0.999948
data/e5_external/modern_ai/sdxl/r1d1cf607t.png,1,0.992442
data/e5_external/modern_ai/sdxl/r1d16ad1et.png,1,0.999981
data/e5_external/modern_ai/sdxl/r1d1d501et.png,1,0.999145
data/e5_external/modern_ai/sdxl/r1d1445b6t.png,1,0.992646
data/e5_external/modern_ai/sdxl/r1d2bb70at.png,1,0.999913
data/e5_external/modern_ai/sdxl/r1d4377f7t.png,1,0.999702
data/e5_external/modern_ai/sdxl/r1d431afft.png,1,0.999995
data/e5_external/modern_ai/sdxl/r1d3bc675t.png,1,0.999998
data/e5_external/modern_ai/sdxl/r1d47bfc2t.png,1,0.003715
data/e5_external/modern_ai/sdxl/r1d679eaet.png,1,0.997945
data/e5_external/modern_ai/sdxl/r1d6e15d3t.png,1,0.999997
data/e5_external/modern_ai/sdxl/r1d53fccat.png,1,0.999999
data/e5_external/modern_ai/sdxl/r1d527f65t.png,1,0.999995
data/e5_external/modern_ai/sdxl/r1d93553ct.png,1,0.999999
data/e5_external/modern_ai/sdxl/r1d79b6e7t.png,1,0.999983
data/e5_external/modern_ai/sdxl/r1d9a31fct.png,1,0.988927
data/e5_external/modern_ai/sdxl/r1d9eaf70t.png,1,1.0
data/e5_external/modern_ai/sdxl/r1db2847et.png,1,0.998073
data/e5_external/modern_ai/sdxl/r1db1c478t.png,1,0.884461
data/e5_external/modern_ai/sdxl/r1da851e4t.png,1,0.99999
data/e5_external/modern_ai/sdxl/r1db351a2t.png,1,0.999851
data/e5_external/modern_ai/sdxl/r1db61cf8t.png,1,0.999904
data/e5_external/modern_ai/sdxl/r1dbe1b11t.png,1,0.9452
data/e5_external/modern_ai/sdxl/r1dbef145t.png,1,0.994257
data/e5_external/modern_ai/sdxl/r1dc4077at.png,1,0.998059
data/e5_external/modern_ai/sdxl/r1db5be20t.png,1,0.999971
data/e5_external/modern_ai/sdxl/r1dd9d6bft.png,1,1.0
data/e5_external/modern_ai/sdxl/r1ddc0c98t.png,1,0.999789
data/e5_external/modern_ai/sdxl/r1dd998dft.png,1,0.999987
data/e5_external/modern_ai/sdxl/r1de108dft.png,1,0.999905
data/e5_external/modern_ai/sdxl/r1dea56e5t.png,1,0.999931
data/e5_external/modern_ai/sdxl/r1e14f45ct.png,1,0.999764
data/e5_external/modern_ai/sdxl/r1de76a54t.png,1,0.999862
data/e5_external/modern_ai/sdxl/r1e251abet.png,1,0.999999
data/e5_external/modern_ai/sdxl/r1e3303ebt.png,1,0.998698
data/e5_external/modern_ai/sdxl/r1e3b4cdft.png,1,1.0
data/e5_external/modern_ai/sdxl/r1e367d35t.png,1,0.999949
data/e5_external/modern_ai/sdxl/r1e504ebbt.png,1,0.999774
data/e5_external/modern_ai/sdxl/r1e56884ft.png,1,0.999992
data/e5_external/modern_ai/sdxl/r1e698e5dt.png,1,0.999756
data/e5_external/modern_ai/sdxl/r1e5c27c1t.png,1,0.997357
data/e5_external/modern_ai/sdxl/r1e52a39dt.png,1,0.999535
data/e5_external/modern_ai/sdxl/r1e69b067t.png,1,0.999971
data/e5_external/modern_ai/sdxl/r1e7987b3t.png,1,0.999998
data/e5_external/modern_ai/sdxl/r1e8e493ct.png,1,0.998515
data/e5_external/modern_ai/sdxl/r1e79c6f9t.png,1,0.996951
data/e5_external/modern_ai/sdxl/r1e9082f9t.png,1,0.99948
data/e5_external/modern_ai/sdxl/r1e8acc5ct.png,1,0.999998
data/e5_external/modern_ai/sdxl/r1ea8ccbbt.png,1,0.999997
data/e5_external/modern_ai/sdxl/r1eaa5d42t.png,1,0.999992
data/e5_external/modern_ai/sdxl/r1ea13eb4t.png,1,0.999719
data/e5_external/modern_ai/sdxl/r1ec70fd3t.png,1,0.999997
data/e5_external/modern_ai/sdxl/r1ead3024t.png,1,0.999926
data/e5_external/modern_ai/sdxl/r1ebee709t.png,1,0.999966
data/e5_external/modern_ai/sdxl/r1e9c8a5dt.png,1,1.0
data/e5_external/modern_ai/sdxl/r1ee65904t.png,1,1.0
data/e5_external/modern_ai/sdxl/r1ef15cb3t.png,1,0.999931
data/e5_external/modern_ai/sdxl/r1ee6f90et.png,1,0.999838
data/e5_external/modern_ai/sdxl/r1ef16e0dt.png,1,0.999147
data/e5_external/modern_ai/sdxl/r1f06581bt.png,1,0.999989
data/e5_external/modern_ai/sdxl/r1eff17eft.png,1,0.999885
data/e5_external/modern_ai/sdxl/r1efcf847t.png,1,0.999947
data/e5_external/modern_ai/sdxl/r1ef8b85ft.png,1,0.998831
data/e5_external/modern_ai/sdxl/r1f1178cet.png,1,0.999997
data/e5_external/modern_ai/sdxl/r1f16e2abt.png,1,0.990337
data/e5_external/modern_ai/sdxl/r1f11809bt.png,1,0.999467
data/e5_external/modern_ai/sdxl/r1f20d8b5t.png,1,0.997224
data/e5_external/modern_ai/sdxl/r1f1a9df4t.png,1,0.997154
data/e5_external/modern_ai/sdxl/r1f1a3258t.png,1,0.999375
data/e5_external/modern_ai/sdxl/r1f23f4ddt.png,1,0.437979
data/e5_external/modern_ai/sdxl/r1f2f31e2t.png,1,0.99879
data/e5_external/modern_ai/sdxl/r1f2c2acft.png,1,0.999983
data/e5_external/modern_ai/sdxl/r1f3e6681t.png,1,0.958902
data/e5_external/modern_ai/sdxl/r1f40decct.png,1,0.999626
data/e5_external/modern_ai/sdxl/r1f48d12dt.png,1,0.999961
data/e5_external/modern_ai/sdxl/r1f4a44a7t.png,1,0.999999
data/e5_external/modern_ai/sdxl/r1f4f8a51t.png,1,0.999941
data/e5_external/modern_ai/sdxl/r1f446078t.png,1,0.999943
data/e5_external/modern_ai/sdxl/r1f5c8451t.png,1,0.980513
data/e5_external/modern_ai/sdxl/r1f5ad4e0t.png,1,0.999764
data/e5_external/real_camera/apple/D14_I_nat_0051.jpg,0,0.004229
data/e5_external/real_camera/apple/D14_I_nat_0052.jpg,0,0.000327
data/e5_external/real_camera/apple/D14_I_nat_0053.jpg,0,0.000221
data/e5_external/real_camera/apple/D14_I_nat_0054.jpg,0,0.003826
data/e5_external/real_camera/apple/D14_I_nat_0055.jpg,0,9e-06
data/e5_external/real_camera/apple/D14_I_nat_0057.jpg,0,0.003086
data/e5_external/real_camera/apple/D14_I_nat_0058.jpg,0,0.003547
data/e5_external/real_camera/apple/D14_I_nat_0059.jpg,0,0.00842
data/e5_external/real_camera/apple/D14_I_nat_0056.jpg,0,0.003836
data/e5_external/real_camera/apple/D14_I_nat_0060.jpg,0,0.002398
data/e5_external/real_camera/apple/D14_I_nat_0061.jpg,0,4.5e-05
data/e5_external/real_camera/apple/D14_I_nat_0064.jpg,0,0.000242
data/e5_external/real_camera/apple/D14_I_nat_0065.jpg,0,0.002198
data/e5_external/real_camera/apple/D14_I_nat_0062.jpg,0,0.000274
data/e5_external/real_camera/apple/D14_I_nat_0066.jpg,0,0.000585
data/e5_external/real_camera/apple/D14_I_nat_0063.jpg,0,0.33619
data/e5_external/real_camera/apple/D14_I_nat_0067.jpg,0,0.000123
data/e5_external/real_camera/apple/D14_I_nat_0069.jpg,0,0.155864
data/e5_external/real_camera/apple/D14_I_nat_0068.jpg,0,6.5e-05
data/e5_external/real_camera/apple/D14_I_nat_0070.jpg,0,3.9e-05
data/e5_external/real_camera/apple/D14_I_nat_0071.jpg,0,0.004276
data/e5_external/real_camera/apple/D14_I_nat_0073.jpg,0,0.011995
data/e5_external/real_camera/apple/D14_I_nat_0074.jpg,0,0.000308
data/e5_external/real_camera/apple/D14_I_nat_0072.jpg,0,0.112691
data/e5_external/real_camera/apple/D14_I_nat_0076.jpg,0,0.000183
data/e5_external/real_camera/apple/D14_I_nat_0077.jpg,0,0.045288
data/e5_external/real_camera/apple/D14_I_nat_0075.jpg,0,0.64612
data/e5_external/real_camera/apple/D14_I_nat_0079.jpg,0,0.000283
data/e5_external/real_camera/apple/D14_I_nat_0078.jpg,0,6e-06
data/e5_external/real_camera/apple/D14_I_nat_0081.jpg,0,0.009961
data/e5_external/real_camera/apple/D14_I_nat_0080.jpg,0,0.153635
data/e5_external/real_camera/apple/D14_I_nat_0083.jpg,0,0.001023
data/e5_external/real_camera/apple/D14_I_nat_0085.jpg,0,0.000744
data/e5_external/real_camera/apple/D14_I_nat_0084.jpg,0,3e-06
data/e5_external/real_camera/apple/D14_I_nat_0087.jpg,0,0.034462
data/e5_external/real_camera/apple/D14_I_nat_0089.jpg,0,5.7e-05
data/e5_external/real_camera/apple/D14_I_nat_0088.jpg,0,0.000382
data/e5_external/real_camera/apple/D14_I_nat_0082.jpg,0,0.003027
data/e5_external/real_camera/apple/D14_I_nat_0092.jpg,0,0.000588
data/e5_external/real_camera/apple/D14_I_nat_0090.jpg,0,0.001506
data/e5_external/real_camera/apple/D14_I_nat_0091.jpg,0,0.00046
data/e5_external/real_camera/apple/D14_I_nat_0093.jpg,0,0.000162
data/e5_external/real_camera/apple/D14_I_nat_0094.jpg,0,0.001686
data/e5_external/real_camera/apple/D14_I_nat_0096.jpg,0,0.002502
data/e5_external/real_camera/apple/D14_I_nat_0097.jpg,0,6.6e-05
data/e5_external/real_camera/apple/D14_I_nat_0099.jpg,0,1.3e-05
data/e5_external/real_camera/apple/D14_I_nat_0098.jpg,0,9.1e-05
data/e5_external/real_camera/apple/D19_I_nat_0002.jpg,0,0.639663
data/e5_external/real_camera/apple/D14_I_nat_0100.jpg,0,4.3e-05
data/e5_external/real_camera/apple/D19_I_nat_0001.jpg,0,0.183138
data/e5_external/real_camera/apple/D19_I_nat_0003.jpg,0,1.5e-05
data/e5_external/real_camera/apple/D19_I_nat_0006.jpg,0,0.0001
data/e5_external/real_camera/apple/D19_I_nat_0007.jpg,0,0.000287
data/e5_external/real_camera/apple/D19_I_nat_0004.jpg,0,1.1e-05
data/e5_external/real_camera/apple/D19_I_nat_0009.jpg,0,0.008737
data/e5_external/real_camera/apple/D19_I_nat_0008.jpg,0,0.002274
data/e5_external/real_camera/apple/D19_I_nat_0005.jpg,0,7e-06
data/e5_external/real_camera/apple/D19_I_nat_0010.jpg,0,0.004677
data/e5_external/real_camera/apple/D19_I_nat_0012.jpg,0,1e-06
data/e5_external/real_camera/apple/D19_I_nat_0013.jpg,0,0.004881
data/e5_external/real_camera/apple/D19_I_nat_0011.jpg,0,0.001141
data/e5_external/real_camera/apple/D19_I_nat_0015.jpg,0,0.000105
data/e5_external/real_camera/apple/D19_I_nat_0014.jpg,0,0.000115
data/e5_external/real_camera/apple/D19_I_nat_0017.jpg,0,0.002632
data/e5_external/real_camera/apple/D19_I_nat_0019.jpg,0,0.000618
data/e5_external/real_camera/apple/D19_I_nat_0016.jpg,0,7.5e-05
data/e5_external/real_camera/apple/D19_I_nat_0018.jpg,0,7e-06
data/e5_external/real_camera/apple/D19_I_nat_0020.jpg,0,5.9e-05
data/e5_external/real_camera/apple/D19_I_nat_0021.jpg,0,0.963771
data/e5_external/real_camera/apple/D19_I_nat_0022.jpg,0,0.000188
data/e5_external/real_camera/apple/D19_I_nat_0023.jpg,0,0.011127
data/e5_external/real_camera/apple/D19_I_nat_0024.jpg,0,0.000161
data/e5_external/real_camera/apple/D19_I_nat_0027.jpg,0,3.8e-05
data/e5_external/real_camera/apple/D19_I_nat_0026.jpg,0,0.005065
data/e5_external/real_camera/apple/D19_I_nat_0025.jpg,0,0.102309
data/e5_external/real_camera/apple/D19_I_nat_0029.jpg,0,0.842418
data/e5_external/real_camera/apple/D19_I_nat_0030.jpg,0,7.7e-05
data/e5_external/real_camera/apple/D19_I_nat_0031.jpg,0,0.000182
data/e5_external/real_camera/apple/D19_I_nat_0032.jpg,0,6e-05
data/e5_external/real_camera/apple/D19_I_nat_0033.jpg,0,0.222271
data/e5_external/real_camera/apple/D19_I_nat_0035.jpg,0,0.000282
data/e5_external/real_camera/apple/D19_I_nat_0034.jpg,0,0.001456
data/e5_external/real_camera/apple/D19_I_nat_0037.jpg,0,0.040632
data/e5_external/real_camera/apple/D19_I_nat_0038.jpg,0,0.00049
data/e5_external/real_camera/apple/D19_I_nat_0036.jpg,0,1.9e-05
data/e5_external/real_camera/apple/D19_I_nat_0040.jpg,0,3.8e-05
data/e5_external/real_camera/apple/D19_I_nat_0041.jpg,0,0.051991
data/e5_external/real_camera/apple/D19_I_nat_0042.jpg,0,0.000914
data/e5_external/real_camera/apple/D19_I_nat_0039.jpg,0,5.7e-05
data/e5_external/real_camera/apple/D19_I_nat_0043.jpg,0,0.000446
data/e5_external/real_camera/apple/D19_I_nat_0044.jpg,0,4.3e-05
data/e5_external/real_camera/apple/D19_I_nat_0047.jpg,0,0.136907
data/e5_external/real_camera/apple/D19_I_nat_0048.jpg,0,0.129084
data/e5_external/real_camera/apple/D19_I_nat_0045.jpg,0,0.048903
data/e5_external/real_camera/apple/D19_I_nat_0046.jpg,0,0.014766
data/e5_external/real_camera/apple/D19_I_nat_0049.jpg,0,0.000364
data/e5_external/real_camera/apple/D19_I_nat_0051.jpg,0,1.7e-05
data/e5_external/real_camera/apple/D19_I_nat_0052.jpg,0,6e-06
data/e5_external/real_camera/apple/D19_I_nat_0050.jpg,0,0.229065
data/e5_external/real_camera/apple/D19_I_nat_0053.jpg,0,0.000331
data/e5_external/real_camera/apple/D19_I_nat_0054.jpg,0,0.002434
data/e5_external/real_camera/apple/D19_I_nat_0057.jpg,0,0.700317
data/e5_external/real_camera/apple/D19_I_nat_0056.jpg,0,0.000109
data/e5_external/real_camera/apple/D19_I_nat_0058.jpg,0,0.003994
data/e5_external/real_camera/apple/D19_I_nat_0059.jpg,0,0.00045
data/e5_external/real_camera/apple/D19_I_nat_0060.jpg,0,0.002461
data/e5_external/real_camera/apple/D19_I_nat_0063.jpg,0,7e-06
data/e5_external/real_camera/apple/D19_I_nat_0065.jpg,0,0.018595
data/e5_external/real_camera/apple/D19_I_nat_0066.jpg,0,0.002403
data/e5_external/real_camera/apple/D19_I_nat_0067.jpg,0,0.049609
data/e5_external/real_camera/apple/D19_I_nat_0062.jpg,0,0.006749
data/e5_external/real_camera/apple/D19_I_nat_0070.jpg,0,0.010029
data/e5_external/real_camera/apple/D19_I_nat_0071.jpg,0,1.2e-05
data/e5_external/real_camera/apple/D19_I_nat_0068.jpg,0,2.4e-05
data/e5_external/real_camera/apple/D19_I_nat_0069.jpg,0,3.7e-05
data/e5_external/real_camera/apple/D19_I_nat_0072.jpg,0,0.017971
data/e5_external/real_camera/apple/D19_I_nat_0073.jpg,0,0.974446
data/e5_external/real_camera/apple/D19_I_nat_0074.jpg,0,0.079261
data/e5_external/real_camera/apple/D19_I_nat_0075.jpg,0,0.000283
data/e5_external/real_camera/apple/D14_I_natWA_0152.jpg,0,0.000231
data/e5_external/real_camera/apple/D14_I_natWA_0153.jpg,0,0.494961
data/e5_external/real_camera/apple/D14_I_natWA_0151.jpg,0,0.002421
data/e5_external/real_camera/apple/D14_I_natWA_0154.jpg,0,0.000103
data/e5_external/real_camera/apple/D14_I_natWA_0155.jpg,0,0.005233
data/e5_external/real_camera/apple/D14_I_natWA_0156.jpg,0,0.693007
data/e5_external/real_camera/apple/D14_I_natWA_0159.jpg,0,0.000301
data/e5_external/real_camera/apple/D14_I_natWA_0157.jpg,0,0.000228
data/e5_external/real_camera/apple/D14_I_natWA_0161.jpg,0,0.001943
data/e5_external/real_camera/apple/D14_I_natWA_0160.jpg,0,4.2e-05
data/e5_external/real_camera/apple/D14_I_natWA_0162.jpg,0,2e-06
data/e5_external/real_camera/apple/D14_I_natWA_0166.jpg,0,0.006363
data/e5_external/real_camera/apple/D14_I_natWA_0164.jpg,0,1.8e-05
data/e5_external/real_camera/apple/D14_I_natWA_0167.jpg,0,0.001238
data/e5_external/real_camera/apple/D14_I_natWA_0168.jpg,0,0.000494
data/e5_external/real_camera/apple/D14_I_natWA_0170.jpg,0,0.000256
data/e5_external/real_camera/apple/D14_I_natWA_0172.jpg,0,0.019759
data/e5_external/real_camera/apple/D14_I_natWA_0169.jpg,0,0.000131
data/e5_external/real_camera/apple/D14_I_natWA_0173.jpg,0,2e-06
data/e5_external/real_camera/apple/D14_I_natWA_0174.jpg,0,0.079319
data/e5_external/real_camera/apple/D14_I_natWA_0175.jpg,0,0.000563
data/e5_external/real_camera/apple/D14_I_natWA_0176.jpg,0,0.534015
data/e5_external/real_camera/apple/D14_I_natWA_0171.jpg,0,0.000555
data/e5_external/real_camera/apple/D14_I_natWA_0177.jpg,0,1e-06
data/e5_external/real_camera/apple/D14_I_natWA_0179.jpg,0,0.000218
data/e5_external/real_camera/apple/D14_I_natWA_0181.jpg,0,0.000121
data/e5_external/real_camera/apple/D14_I_natWA_0182.jpg,0,0.000306
data/e5_external/real_camera/apple/D14_I_natWA_0180.jpg,0,0.001571
data/e5_external/real_camera/apple/D14_I_natWA_0183.jpg,0,0.000208
data/e5_external/real_camera/apple/D14_I_natWA_0184.jpg,0,0.017834
data/e5_external/real_camera/apple/D14_I_natWA_0185.jpg,0,0.008125
data/e5_external/real_camera/apple/D14_I_natWA_0186.jpg,0,2.3e-05
data/e5_external/real_camera/apple/D14_I_natWA_0189.jpg,0,8e-06
data/e5_external/real_camera/apple/D14_I_natWA_0187.jpg,0,4.9e-05
data/e5_external/real_camera/apple/D14_I_natWA_0188.jpg,0,0.00015
data/e5_external/real_camera/apple/D14_I_natWA_0192.jpg,0,0.007374
data/e5_external/real_camera/apple/D14_I_natWA_0193.jpg,0,5.2e-05
data/e5_external/real_camera/apple/D14_I_natWA_0190.jpg,0,0.038755
data/e5_external/real_camera/apple/D14_I_natWA_0194.jpg,0,5.9e-05
data/e5_external/real_camera/apple/D14_I_natWA_0195.jpg,0,0.388354
data/e5_external/real_camera/apple/D14_I_natWA_0191.jpg,0,0.016412
data/e5_external/real_camera/apple/D14_I_natWA_0197.jpg,0,0.000803
data/e5_external/real_camera/apple/D14_I_natWA_0198.jpg,0,0.211358
data/e5_external/real_camera/apple/D14_I_natWA_0199.jpg,0,5.1e-05
data/e5_external/real_camera/apple/D19_I_natWA_0076.jpg,0,0.00011
data/e5_external/real_camera/apple/D14_I_natWA_0196.jpg,0,0.000788
data/e5_external/real_camera/apple/D14_I_natWA_0200.jpg,0,0.004456
data/e5_external/real_camera/apple/D19_I_natWA_0079.jpg,0,0.0004
data/e5_external/real_camera/apple/D19_I_natWA_0081.jpg,0,0.000168
data/e5_external/real_camera/apple/D19_I_natWA_0083.jpg,0,4.1e-05
data/e5_external/real_camera/apple/D19_I_natWA_0078.jpg,0,5.4e-05
data/e5_external/real_camera/apple/D19_I_natWA_0082.jpg,0,0.000406
data/e5_external/real_camera/apple/D19_I_natWA_0084.jpg,0,5e-05
data/e5_external/real_camera/apple/D19_I_natWA_0086.jpg,0,0.000126
data/e5_external/real_camera/apple/D19_I_natWA_0088.jpg,0,3.3e-05
data/e5_external/real_camera/apple/D19_I_natWA_0085.jpg,0,0.002392
data/e5_external/real_camera/apple/D19_I_natWA_0089.jpg,0,2.4e-05
data/e5_external/real_camera/apple/D19_I_natWA_0087.jpg,0,0.000345
data/e5_external/real_camera/apple/D19_I_natWA_0092.jpg,0,0.002242
data/e5_external/real_camera/apple/D19_I_natWA_0093.jpg,0,1.7e-05
data/e5_external/real_camera/apple/D19_I_natWA_0094.jpg,0,0.004497
data/e5_external/real_camera/apple/D19_I_natWA_0090.jpg,0,0.000154
data/e5_external/real_camera/apple/D19_I_natWA_0096.jpg,0,4.8e-05
data/e5_external/real_camera/apple/D19_I_natWA_0097.jpg,0,3e-05
data/e5_external/real_camera/apple/D19_I_natWA_0098.jpg,0,8.5e-05
data/e5_external/real_camera/apple/D19_I_natWA_0100.jpg,0,1.2e-05
data/e5_external/real_camera/apple/D19_I_natWA_0091.jpg,0,0.001694
data/e5_external/real_camera/apple/D19_I_natWA_0099.jpg,0,4e-05
data/e5_external/real_camera/apple/D19_I_natWA_0104.jpg,0,0.000481
data/e5_external/real_camera/apple/D19_I_natWA_0102.jpg,0,8.6e-05
data/e5_external/real_camera/apple/D19_I_natWA_0103.jpg,0,0.000109
data/e5_external/real_camera/apple/D19_I_natWA_0107.jpg,0,2.8e-05
data/e5_external/real_camera/apple/D19_I_natWA_0108.jpg,0,0.004189
data/e5_external/real_camera/apple/D19_I_natWA_0105.jpg,0,0.000266
data/e5_external/real_camera/apple/D19_I_natWA_0106.jpg,0,1.2e-05
data/e5_external/real_camera/apple/D19_I_natWA_0109.jpg,0,2.2e-05
data/e5_external/real_camera/apple/D19_I_natWA_0112.jpg,0,0.001236
data/e5_external/real_camera/apple/D19_I_natWA_0110.jpg,0,0.002056
data/e5_external/real_camera/apple/D19_I_natWA_0111.jpg,0,3.5e-05
data/e5_external/real_camera/apple/D19_I_natWA_0115.jpg,0,0.000267
data/e5_external/real_camera/apple/D19_I_natWA_0114.jpg,0,0.000161
data/e5_external/real_camera/apple/D19_I_natWA_0113.jpg,0,9.6e-05
data/e5_external/real_camera/apple/D19_I_natWA_0116.jpg,0,0.000304
data/e5_external/real_camera/apple/D19_I_natWA_0117.jpg,0,0.003979
data/e5_external/real_camera/apple/D19_I_natWA_0120.jpg,0,0.000265
data/e5_external/real_camera/apple/D19_I_natWA_0118.jpg,0,0.000898
data/e5_external/real_camera/apple/D19_I_natWA_0122.jpg,0,3e-06
data/e5_external/real_camera/apple/D19_I_natWA_0119.jpg,0,0.000654
data/e5_external/real_camera/apple/D19_I_natWA_0125.jpg,0,0.000613
data/e5_external/real_camera/apple/D19_I_natWA_0127.jpg,0,0.000875
data/e5_external/real_camera/apple/D19_I_natWA_0128.jpg,0,1e-06
data/e5_external/real_camera/apple/D19_I_natWA_0124.jpg,0,0.005157
data/e5_external/real_camera/apple/D19_I_natWA_0130.jpg,0,0.000622
data/e5_external/real_camera/apple/D19_I_natWA_0131.jpg,0,1.8e-05
data/e5_external/real_camera/apple/D19_I_natWA_0133.jpg,0,0.007036
data/e5_external/real_camera/apple/D19_I_natWA_0135.jpg,0,1.2e-05
data/e5_external/real_camera/apple/D19_I_natWA_0134.jpg,0,3.3e-05
data/e5_external/real_camera/apple/D19_I_natWA_0136.jpg,0,0.000142
data/e5_external/real_camera/apple/D19_I_natWA_0137.jpg,0,0.000839
data/e5_external/real_camera/apple/D19_I_natWA_0140.jpg,0,2.7e-05
data/e5_external/real_camera/apple/D19_I_natWA_0141.jpg,0,3.4e-05
data/e5_external/real_camera/apple/D19_I_natWA_0138.jpg,0,1.5e-05
data/e5_external/real_camera/apple/D19_I_natWA_0139.jpg,0,6.8e-05
data/e5_external/real_camera/apple/D19_I_natWA_0144.jpg,0,1e-05
data/e5_external/real_camera/apple/D19_I_natWA_0145.jpg,0,0.000275
data/e5_external/real_camera/apple/D19_I_natWA_0143.jpg,0,0.000115
data/e5_external/real_camera/apple/D19_I_natWA_0142.jpg,0,8.3e-05
data/e5_external/real_camera/apple/D19_I_natWA_0148.jpg,0,9.3e-05
data/e5_external/real_camera/apple/D19_I_natWA_0147.jpg,0,3.2e-05
data/e5_external/real_camera/apple/D19_I_natWA_0146.jpg,0,1.2e-05
data/e5_external/real_camera/apple/D19_I_natWA_0149.jpg,0,5.5e-05
data/e5_external/real_camera/apple/D19_I_natWA_0150.jpg,0,0.000234
data/e5_external/real_camera/android/D25_I_nat_0077.jpg,0,0.000254
data/e5_external/real_camera/android/D25_I_nat_0078.jpg,0,0.000397
data/e5_external/real_camera/android/D25_I_nat_0076.jpg,0,3e-06
data/e5_external/real_camera/android/D25_I_nat_0079.jpg,0,0.000113
data/e5_external/real_camera/android/D25_I_nat_0080.jpg,0,0.001927
data/e5_external/real_camera/android/D25_I_nat_0082.jpg,0,0.088744
data/e5_external/real_camera/android/D25_I_nat_0083.jpg,0,0.000392
data/e5_external/real_camera/android/D25_I_nat_0081.jpg,0,0.011145
data/e5_external/real_camera/android/D25_I_nat_0086.jpg,0,1e-06
data/e5_external/real_camera/android/D25_I_nat_0090.jpg,0,2e-05
data/e5_external/real_camera/android/D25_I_nat_0092.jpg,0,0.003202
data/e5_external/real_camera/android/D25_I_nat_0094.jpg,0,0.002641
data/e5_external/real_camera/android/D25_I_nat_0096.jpg,0,0.000318
data/e5_external/real_camera/android/D25_I_nat_0095.jpg,0,0.001938
data/e5_external/real_camera/android/D25_I_nat_0097.jpg,0,0.000145
data/e5_external/real_camera/android/D25_I_nat_0098.jpg,0,0.001679
data/e5_external/real_camera/android/D25_I_nat_0093.jpg,0,0.015267
data/e5_external/real_camera/android/D25_I_nat_0099.jpg,0,0.003454
data/e5_external/real_camera/android/D25_I_nat_0101.jpg,0,0.002013
data/e5_external/real_camera/android/D25_I_nat_0102.jpg,0,0.00793
data/e5_external/real_camera/android/D25_I_nat_0100.jpg,0,0.255705
data/e5_external/real_camera/android/D25_I_nat_0104.jpg,0,0.00081
data/e5_external/real_camera/android/D25_I_nat_0106.jpg,0,3e-06
data/e5_external/real_camera/android/D25_I_nat_0103.jpg,0,0.027744
data/e5_external/real_camera/android/D25_I_nat_0105.jpg,0,0.18585
data/e5_external/real_camera/android/D25_I_nat_0107.jpg,0,0.000373
data/e5_external/real_camera/android/D25_I_nat_0109.jpg,0,2.3e-05
data/e5_external/real_camera/android/D25_I_nat_0111.jpg,0,0.938595
data/e5_external/real_camera/android/D25_I_nat_0113.jpg,0,0.050409
data/e5_external/real_camera/android/D25_I_nat_0112.jpg,0,0.0004
data/e5_external/real_camera/android/D25_I_nat_0110.jpg,0,0.270099
data/e5_external/real_camera/android/D25_I_nat_0114.jpg,0,0.000294
data/e5_external/real_camera/android/D25_I_nat_0116.jpg,0,3.4e-05
data/e5_external/real_camera/android/D25_I_nat_0117.jpg,0,1.7e-05
data/e5_external/real_camera/android/D25_I_nat_0118.jpg,0,0.000193
data/e5_external/real_camera/android/D25_I_nat_0119.jpg,0,0.000474
data/e5_external/real_camera/android/D25_I_nat_0123.jpg,0,0.000299
data/e5_external/real_camera/android/D25_I_nat_0124.jpg,0,0.016878
data/e5_external/real_camera/android/D25_I_nat_0125.jpg,0,0.000526
data/e5_external/real_camera/android/D27_I_nat_0002.jpg,0,1.5e-05
data/e5_external/real_camera/android/D27_I_nat_0003.jpg,0,0.022723
data/e5_external/real_camera/android/D27_I_nat_0004.jpg,0,0.0037
data/e5_external/real_camera/android/D27_I_nat_0001.jpg,0,1e-06
data/e5_external/real_camera/android/D27_I_nat_0007.jpg,0,1.2e-05
data/e5_external/real_camera/android/D27_I_nat_0005.jpg,0,0.000175
data/e5_external/real_camera/android/D27_I_nat_0008.jpg,0,9e-06
data/e5_external/real_camera/android/D27_I_nat_0010.jpg,0,0.001184
data/e5_external/real_camera/android/D27_I_nat_0006.jpg,0,0.000308
data/e5_external/real_camera/android/D27_I_nat_0009.jpg,0,0.466843
data/e5_external/real_camera/android/D27_I_nat_0012.jpg,0,0.001189
data/e5_external/real_camera/android/D27_I_nat_0014.jpg,0,0.004228
data/e5_external/real_camera/android/D27_I_nat_0013.jpg,0,0.00186
data/e5_external/real_camera/android/D27_I_nat_0018.jpg,0,0.000929
data/e5_external/real_camera/android/D27_I_nat_0016.jpg,0,5.3e-05
data/e5_external/real_camera/android/D27_I_nat_0021.jpg,0,0.08021
data/e5_external/real_camera/android/D27_I_nat_0020.jpg,0,0.114187
data/e5_external/real_camera/android/D27_I_nat_0019.jpg,0,0.059009
data/e5_external/real_camera/android/D27_I_nat_0022.jpg,0,0.114227
data/e5_external/real_camera/android/D27_I_nat_0023.jpg,0,0.007622
data/e5_external/real_camera/android/D27_I_nat_0026.jpg,0,0.007777
data/e5_external/real_camera/android/D27_I_nat_0025.jpg,0,0.000409
data/e5_external/real_camera/android/D27_I_nat_0028.jpg,0,0.007332
data/e5_external/real_camera/android/D27_I_nat_0027.jpg,0,0.000232
data/e5_external/real_camera/android/D27_I_nat_0030.jpg,0,0.004025
data/e5_external/real_camera/android/D27_I_nat_0032.jpg,0,0.002912
data/e5_external/real_camera/android/D27_I_nat_0033.jpg,0,0.000705
data/e5_external/real_camera/android/D27_I_nat_0036.jpg,0,0.032937
data/e5_external/real_camera/android/D27_I_nat_0035.jpg,0,0.001057
data/e5_external/real_camera/android/D27_I_nat_0037.jpg,0,0.195282
data/e5_external/real_camera/android/D27_I_nat_0034.jpg,0,9e-06
data/e5_external/real_camera/android/D27_I_nat_0038.jpg,0,0.000291
data/e5_external/real_camera/android/D27_I_nat_0041.jpg,0,0.000561
data/e5_external/real_camera/android/D27_I_nat_0039.jpg,0,0.336549
data/e5_external/real_camera/android/D27_I_nat_0042.jpg,0,0.13271
data/e5_external/real_camera/android/D27_I_nat_0040.jpg,0,9.1e-05
data/e5_external/real_camera/android/D27_I_nat_0043.jpg,0,1e-05
data/e5_external/real_camera/android/D27_I_nat_0045.jpg,0,0.010395
data/e5_external/real_camera/android/D27_I_nat_0048.jpg,0,0.001367
data/e5_external/real_camera/android/D27_I_nat_0047.jpg,0,0.000665
data/e5_external/real_camera/android/D27_I_nat_0049.jpg,0,0.003301
data/e5_external/real_camera/android/D27_I_nat_0046.jpg,0,0.000576
data/e5_external/real_camera/android/D27_I_nat_0050.jpg,0,0.004848
data/e5_external/real_camera/android/D27_I_nat_0053.jpg,0,0.17657
data/e5_external/real_camera/android/D27_I_nat_0055.jpg,0,0.004164
data/e5_external/real_camera/android/D27_I_nat_0054.jpg,0,0.015017
data/e5_external/real_camera/android/D27_I_nat_0052.jpg,0,0.088852
data/e5_external/real_camera/android/D27_I_nat_0059.jpg,0,0.000537
data/e5_external/real_camera/android/D27_I_nat_0060.jpg,0,6e-06
data/e5_external/real_camera/android/D27_I_nat_0057.jpg,0,0.000363
data/e5_external/real_camera/android/D27_I_nat_0058.jpg,0,0.038213
data/e5_external/real_camera/android/D27_I_nat_0061.jpg,0,0.00051
data/e5_external/real_camera/android/D27_I_nat_0064.jpg,0,9.1e-05
data/e5_external/real_camera/android/D27_I_nat_0063.jpg,0,8e-06
data/e5_external/real_camera/android/D27_I_nat_0062.jpg,0,4.3e-05
data/e5_external/real_camera/android/D27_I_nat_0066.jpg,0,0.000173
data/e5_external/real_camera/android/D27_I_nat_0065.jpg,0,0.017245
data/e5_external/real_camera/android/D27_I_nat_0067.jpg,0,0.000242
data/e5_external/real_camera/android/D27_I_nat_0068.jpg,0,0.010249
data/e5_external/real_camera/android/D27_I_nat_0069.jpg,0,0.0002
data/e5_external/real_camera/android/D27_I_nat_0071.jpg,0,0.004158
data/e5_external/real_camera/android/D27_I_nat_0073.jpg,0,0.172851
data/e5_external/real_camera/android/D27_I_nat_0072.jpg,0,0.30659
data/e5_external/real_camera/android/D27_I_nat_0075.jpg,0,1e-05
data/e5_external/real_camera/android/D27_I_nat_0074.jpg,0,0.172236
data/e5_external/real_camera/android/D25_I_natWA_0203.jpg,0,0.000237
data/e5_external/real_camera/android/D25_I_natWA_0204.jpg,0,3.1e-05
data/e5_external/real_camera/android/D25_I_natWA_0201.jpg,0,3.7e-05
data/e5_external/real_camera/android/D25_I_natWA_0206.jpg,0,1e-06
data/e5_external/real_camera/android/D25_I_natWA_0205.jpg,0,3e-05
data/e5_external/real_camera/android/D25_I_natWA_0209.jpg,0,0.000197
data/e5_external/real_camera/android/D25_I_natWA_0207.jpg,0,3.2e-05
data/e5_external/real_camera/android/D25_I_natWA_0210.jpg,0,3e-06
data/e5_external/real_camera/android/D25_I_natWA_0215.jpg,0,3e-06
data/e5_external/real_camera/android/D25_I_natWA_0212.jpg,0,3e-06
data/e5_external/real_camera/android/D25_I_natWA_0213.jpg,0,0.000108
data/e5_external/real_camera/android/D25_I_natWA_0218.jpg,0,0.000524
data/e5_external/real_camera/android/D25_I_natWA_0219.jpg,0,2.3e-05
data/e5_external/real_camera/android/D25_I_natWA_0217.jpg,0,0.000897
data/e5_external/real_camera/android/D25_I_natWA_0220.jpg,0,0.000225
data/e5_external/real_camera/android/D25_I_natWA_0221.jpg,0,7.3e-05
data/e5_external/real_camera/android/D25_I_natWA_0224.jpg,0,0.000364
data/e5_external/real_camera/android/D25_I_natWA_0225.jpg,0,2e-06
data/e5_external/real_camera/android/D25_I_natWA_0229.jpg,0,0.000456
data/e5_external/real_camera/android/D25_I_natWA_0228.jpg,0,0.000186
data/e5_external/real_camera/android/D25_I_natWA_0231.jpg,0,0.000599
data/e5_external/real_camera/android/D25_I_natWA_0232.jpg,0,0.005965
data/e5_external/real_camera/android/D25_I_natWA_0233.jpg,0,1e-06
data/e5_external/real_camera/android/D25_I_natWA_0234.jpg,0,2.6e-05
data/e5_external/real_camera/android/D25_I_natWA_0238.jpg,0,2.5e-05
data/e5_external/real_camera/android/D25_I_natWA_0237.jpg,0,0.00037
data/e5_external/real_camera/android/D25_I_natWA_0240.jpg,0,3e-05
data/e5_external/real_camera/android/D25_I_natWA_0242.jpg,0,0.000104
data/e5_external/real_camera/android/D25_I_natWA_0239.jpg,0,4e-05
data/e5_external/real_camera/android/D25_I_natWA_0244.jpg,0,2e-06
data/e5_external/real_camera/android/D25_I_natWA_0246.jpg,0,7e-06
data/e5_external/real_camera/android/D25_I_natWA_0245.jpg,0,1.6e-05
data/e5_external/real_camera/android/D25_I_natWA_0247.jpg,0,0.001133
data/e5_external/real_camera/android/D25_I_natWA_0249.jpg,0,5e-06
data/e5_external/real_camera/android/D25_I_natWA_0250.jpg,0,0.000112
data/e5_external/real_camera/android/D25_I_natWA_0248.jpg,0,5.9e-05
data/e5_external/real_camera/android/D27_I_natWA_0076.jpg,0,0.000135
data/e5_external/real_camera/android/D27_I_natWA_0077.jpg,0,1.1e-05
data/e5_external/real_camera/android/D27_I_natWA_0078.jpg,0,0.000125
data/e5_external/real_camera/android/D27_I_natWA_0080.jpg,0,0.009511
data/e5_external/real_camera/android/D27_I_natWA_0079.jpg,0,0.000101
data/e5_external/real_camera/android/D27_I_natWA_0083.jpg,0,0.000235
data/e5_external/real_camera/android/D27_I_natWA_0084.jpg,0,0.000633
data/e5_external/real_camera/android/D27_I_natWA_0081.jpg,0,0.000119
data/e5_external/real_camera/android/D27_I_natWA_0085.jpg,0,0.000179
data/e5_external/real_camera/android/D27_I_natWA_0087.jpg,0,0.040479
data/e5_external/real_camera/android/D27_I_natWA_0088.jpg,0,0.007658
data/e5_external/real_camera/android/D27_I_natWA_0089.jpg,0,0.000912
data/e5_external/real_camera/android/D27_I_natWA_0091.jpg,0,0.002836
data/e5_external/real_camera/android/D27_I_natWA_0092.jpg,0,0.0
data/e5_external/real_camera/android/D27_I_natWA_0094.jpg,0,0.003237
data/e5_external/real_camera/android/D27_I_natWA_0090.jpg,0,7e-06
data/e5_external/real_camera/android/D27_I_natWA_0095.jpg,0,0.000273
data/e5_external/real_camera/android/D27_I_natWA_0096.jpg,0,0.034074
data/e5_external/real_camera/android/D27_I_natWA_0093.jpg,0,0.002363
data/e5_external/real_camera/android/D27_I_natWA_0099.jpg,0,2.4e-05
data/e5_external/real_camera/android/D27_I_natWA_0098.jpg,0,0.000102
data/e5_external/real_camera/android/D27_I_natWA_0101.jpg,0,2.2e-05
data/e5_external/real_camera/android/D27_I_natWA_0100.jpg,0,0.214759
data/e5_external/real_camera/android/D27_I_natWA_0103.jpg,0,0.00025
data/e5_external/real_camera/android/D27_I_natWA_0104.jpg,0,0.00021
data/e5_external/real_camera/android/D27_I_natWA_0102.jpg,0,2.8e-05
data/e5_external/real_camera/android/D27_I_natWA_0105.jpg,0,0.316978
data/e5_external/real_camera/android/D27_I_natWA_0106.jpg,0,4.9e-05
data/e5_external/real_camera/android/D27_I_natWA_0107.jpg,0,0.000725
data/e5_external/real_camera/android/D27_I_natWA_0108.jpg,0,0.00058
data/e5_external/real_camera/android/D27_I_natWA_0109.jpg,0,0.007747
data/e5_external/real_camera/android/D27_I_natWA_0110.jpg,0,0.000286
data/e5_external/real_camera/android/D27_I_natWA_0111.jpg,0,0.00014
data/e5_external/real_camera/android/D27_I_natWA_0113.jpg,0,0.00025
data/e5_external/real_camera/android/D27_I_natWA_0115.jpg,0,7e-06
data/e5_external/real_camera/android/D27_I_natWA_0117.jpg,0,0.001807
data/e5_external/real_camera/android/D27_I_natWA_0118.jpg,0,0.000309
data/e5_external/real_camera/android/D27_I_natWA_0119.jpg,0,1.8e-05
data/e5_external/real_camera/android/D27_I_natWA_0121.jpg,0,0.083048
data/e5_external/real_camera/android/D27_I_natWA_0120.jpg,0,3.8e-05
data/e5_external/real_camera/android/D27_I_natWA_0122.jpg,0,6e-06
data/e5_external/real_camera/android/D27_I_natWA_0124.jpg,0,0.001889
data/e5_external/real_camera/android/D27_I_natWA_0126.jpg,0,0.001152
data/e5_external/real_camera/android/D27_I_natWA_0123.jpg,0,0.000382
data/e5_external/real_camera/android/D27_I_natWA_0127.jpg,0,0.000169
data/e5_external/real_camera/android/D27_I_natWA_0129.jpg,0,0.021427
data/e5_external/real_camera/android/D27_I_natWA_0131.jpg,0,0.004256
data/e5_external/real_camera/android/D27_I_natWA_0128.jpg,0,0.00014
data/e5_external/real_camera/android/D27_I_natWA_0132.jpg,0,1e-06
data/e5_external/real_camera/android/D27_I_natWA_0133.jpg,0,0.019717
data/e5_external/real_camera/android/D27_I_natWA_0130.jpg,0,1.7e-05
data/e5_external/real_camera/android/D27_I_natWA_0135.jpg,0,3.1e-05
data/e5_external/real_camera/android/D27_I_natWA_0134.jpg,0,6.6e-05
data/e5_external/real_camera/android/D27_I_natWA_0136.jpg,0,7e-06
data/e5_external/real_camera/android/D27_I_natWA_0137.jpg,0,3e-05
data/e5_external/real_camera/android/D27_I_natWA_0138.jpg,0,2e-06
data/e5_external/real_camera/android/D27_I_natWA_0140.jpg,0,0.000476
data/e5_external/real_camera/android/D27_I_natWA_0141.jpg,0,0.001373
data/e5_external/real_camera/android/D27_I_natWA_0146.jpg,0,0.000463
data/e5_external/real_camera/android/D27_I_natWA_0145.jpg,0,0.000651
data/e5_external/real_camera/android/D27_I_natWA_0147.jpg,0,0.00017
data/e5_external/real_camera/android/D27_I_natWA_0148.jpg,0,5.1e-05
data/e5_external/real_camera/android/D27_I_natWA_0149.jpg,0,7e-05
