dataset,image_id,label,prob_e6c,prob_e20,prob_e21,e20_vs_e21_transition,e6c_vs_e21_transition,generator,device_family
E14_Clean,real_raise_135_r11850456t,Real,0.955078125,0.038909912109375,0.83837890625,PREV_correct__CURR_wrong,PREV_wrong__CURR_wrong,camera,RAISE-1k
E14_Clean,real_raise_122_r0fbe1b0ft,Real,0.0001398324966430664,0.47802734375,0.0147857666015625,PREV_correct__CURR_correct,PREV_correct__CURR_correct,camera,RAISE-1k
E14_Clean,real_raise_supp_026_r0dd6e8f4t,Real,0.85009765625,0.0094146728515625,0.97314453125,PREV_correct__CURR_wrong,PREV_wrong__CURR_wrong,camera,RAISE-1k
E14_Clean,ai_sb_stable-diffusion-1-3_154_r0372042dt,AI,0.88037109375,0.324951171875,0.97412109375,PREV_wrong__CURR_correct,PREV_correct__CURR_correct,stable-diffusion-1-3,Synthbuster
E14_Clean,ai_sb_firefly_065_r045be2act,AI,0.09771728515625,0.00482940673828125,0.60009765625,PREV_wrong__CURR_correct,PREV_wrong__CURR_correct,firefly,Synthbuster
E14_Clean,ai_sb_stable-diffusion-1-3_161_r0a9384b1t,AI,0.97998046875,0.0142822265625,0.970703125,PREV_wrong__CURR_correct,PREV_correct__CURR_correct,stable-diffusion-1-3,Synthbuster
E14_Clean,ai_sb_firefly_064_r0372042dt,AI,0.96630859375,0.734375,0.9951171875,PREV_correct__CURR_correct,PREV_correct__CURR_correct,firefly,Synthbuster
E14_Clean,real_raise_053_r06b161adt,Real,0.0029811859130859375,0.03662109375,0.7333984375,PREV_correct__CURR_wrong,PREV_correct__CURR_wrong,camera,RAISE-1k
E14_Clean,ai_sb_stable-diffusion-1-4_188_r07cfb432t,AI,0.9970703125,0.09466552734375,0.83740234375,PREV_wrong__CURR_correct,PREV_correct__CURR_correct,stable-diffusion-1-4,Synthbuster
E14_Clean,real_raise_115_r0f24ca4dt,Real,0.90283203125,0.03460693359375,0.88232421875,PREV_correct__CURR_wrong,PREV_wrong__CURR_wrong,camera,RAISE-1k
E14_Clean,ai_sb_supp_stable-diffusion-1-4_019_r001d260dt,AI,0.9072265625,0.70947265625,0.7255859375,PREV_correct__CURR_correct,PREV_correct__CURR_correct,stable-diffusion-1-4,Synthbuster
E14_Clean,real_raise_150_r1378de81t,Real,0.0831298828125,0.00661468505859375,0.50732421875,PREV_correct__CURR_wrong,PREV_correct__CURR_wrong,camera,RAISE-1k
E14_Clean,ai_sb_stable-diffusion-1-3_166_r102b4aa4t,AI,0.9326171875,0.006313323974609375,0.96435546875,PREV_wrong__CURR_correct,PREV_correct__CURR_correct,stable-diffusion-1-3,Synthbuster
E14_Clean,real_raise_036_r04989a70t,Real,6.604194641113281e-05,0.0054473876953125,0.1195068359375,PREV_correct__CURR_correct,PREV_correct__CURR_correct,camera,RAISE-1k
E14_Clean,ai_sb_dalle2_029_r1d9a31fct,AI,0.1473388671875,0.040771484375,0.68994140625,PREV_wrong__CURR_correct,PREV_wrong__CURR_correct,dalle2,Synthbuster
E14_Clean,real_raise_supp_005_r02513d19t,Real,0.005062103271484375,0.0016489028930664062,0.1337890625,PREV_correct__CURR_correct,PREV_correct__CURR_correct,camera,RAISE-1k
E14_Clean,ai_sb_firefly_087_r1bdb6385t,AI,0.8837890625,0.02655029296875,0.95751953125,PREV_wrong__CURR_correct,PREV_correct__CURR_correct,firefly,Synthbuster
E14_Clean,real_raise_250_r1f4a44a7t,Real,0.1885986328125,0.0030040740966796875,0.583984375,PREV_correct__CURR_wrong,PREV_correct__CURR_wrong,camera,RAISE-1k
E14_Clean,ai_sb_midjourney-v5_147_r1bdb6385t,AI,0.8916015625,0.1827392578125,0.8974609375,PREV_wrong__CURR_correct,PREV_correct__CURR_correct,midjourney-v5,Synthbuster
E14_Clean,real_raise_043_r057282fet,Real,0.96337890625,0.4580078125,0.99169921875,PREV_correct__CURR_wrong,PREV_wrong__CURR_wrong,camera,RAISE-1k
E14_Clean,real_raise_092_r0b755540t,Real,0.251708984375,0.14453125,0.71533203125,PREV_correct__CURR_wrong,PREV_correct__CURR_wrong,camera,RAISE-1k
E14_Clean,real_raise_supp_035_r12cbfb1et,Real,0.77490234375,0.0150146484375,0.69287109375,PREV_correct__CURR_wrong,PREV_wrong__CURR_wrong,camera,RAISE-1k
E14_Clean,ai_sb_stable-diffusion-1-3_160_r09a60f63t,AI,0.68408203125,0.5732421875,0.82470703125,PREV_correct__CURR_correct,PREV_correct__CURR_correct,stable-diffusion-1-3,Synthbuster
E14_Clean,ai_sb_dalle3_059_r1d9a31fct,AI,0.98583984375,0.96923828125,0.9990234375,PREV_correct__CURR_correct,PREV_correct__CURR_correct,dalle3,Synthbuster
E14_Clean,ai_sb_glide_091_r000da54ft,AI,0.95947265625,0.572265625,0.84814453125,PREV_correct__CURR_correct,PREV_correct__CURR_correct,glide,Synthbuster
E14_Clean,ai_sb_firefly_068_r07cfb432t,AI,0.4033203125,0.280517578125,0.8330078125,PREV_wrong__CURR_correct,PREV_wrong__CURR_correct,firefly,Synthbuster
E14_Clean,real_raise_046_r05db7e7ft,Real,0.0173797607421875,0.0007181167602539062,0.304931640625,PREV_correct__CURR_correct,PREV_correct__CURR_correct,camera,RAISE-1k
E14_Clean,ai_sb_firefly_069_r08996953t,AI,0.371826171875,0.06793212890625,0.95849609375,PREV_wrong__CURR_correct,PREV_wrong__CURR_correct,firefly,Synthbuster
E14_Clean,real_raise_supp_004_r01d0b83bt,Real,0.0489501953125,0.036285400390625,0.44189453125,PREV_correct__CURR_correct,PREV_correct__CURR_correct,camera,RAISE-1k
E14_Clean,ai_sb_midjourney-v5_130_r09a60f63t,AI,0.94140625,0.99267578125,0.94384765625,PREV_correct__CURR_correct,PREV_correct__CURR_correct,midjourney-v5,Synthbuster
E14_Clean,real_raise_191_r18d72ab2t,Real,0.0070953369140625,0.0039005279541015625,0.470947265625,PREV_correct__CURR_correct,PREV_correct__CURR_correct,camera,RAISE-1k
E14_Clean,real_raise_208_r1aa53167t,Real,0.003223419189453125,0.03167724609375,0.41015625,PREV_correct__CURR_correct,PREV_correct__CURR_correct,camera,RAISE-1k
E14_Clean,real_raise_202_r1a4651edt,Real,0.004055023193359375,0.009521484375,0.155517578125,PREV_correct__CURR_correct,PREV_correct__CURR_correct,camera,RAISE-1k
E14_Clean,ai_sb_dalle2_003_r026b5360t,AI,0.8720703125,0.254638671875,0.9345703125,PREV_wrong__CURR_correct,PREV_correct__CURR_correct,dalle2,Synthbuster
E14_Clean,ai_sb_supp_dalle2_002_r002fc3e2t,AI,0.59619140625,0.79541015625,0.99365234375,PREV_correct__CURR_correct,PREV_correct__CURR_correct,dalle2,Synthbuster
E14_Clean,ai_sb_firefly_075_r0f5beb66t,AI,0.0174407958984375,0.00307464599609375,0.18310546875,PREV_wrong__CURR_wrong,PREV_wrong__CURR_wrong,firefly,Synthbuster
E14_Clean,ai_sb_midjourney-v5_146_r1ad2de34t,AI,0.880859375,0.043121337890625,0.84423828125,PREV_wrong__CURR_correct,PREV_correct__CURR_correct,midjourney-v5,Synthbuster
E14_Clean,ai_sb_stable-diffusion-2_231_r159d3942t,AI,0.105224609375,0.182373046875,0.1055908203125,PREV_wrong__CURR_wrong,PREV_wrong__CURR_wrong,stable-diffusion-2,Synthbuster
E14_Clean,real_raise_075_r09851aa4t,Real,0.0033111572265625,0.020294189453125,0.22216796875,PREV_correct__CURR_correct,PREV_correct__CURR_correct,camera,RAISE-1k
E14_Clean,real_raise_110_r0ea0825ft,Real,0.01094818115234375,0.650390625,0.798828125,PREV_wrong__CURR_wrong,PREV_correct__CURR_wrong,camera,RAISE-1k
E14_Clean,ai_sb_glide_109_r138ad247t,AI,0.483154296875,0.2335205078125,0.99169921875,PREV_wrong__CURR_correct,PREV_wrong__CURR_correct,glide,Synthbuster
E14_Clean,ai_sb_stable-diffusion-1-4_192_r0b7b1156t,AI,0.85498046875,0.302001953125,0.9462890625,PREV_wrong__CURR_correct,PREV_correct__CURR_correct,stable-diffusion-1-4,Synthbuster
E14_Clean,real_raise_230_r1d00d8ect,Real,0.7529296875,0.034942626953125,0.82763671875,PREV_correct__CURR_wrong,PREV_wrong__CURR_wrong,camera,RAISE-1k
E14_Clean,ai_sb_dalle3_056_r1ad2de34t,AI,0.99609375,0.720703125,0.9990234375,PREV_correct__CURR_correct,PREV_correct__CURR_correct,dalle3,Synthbuster
E14_Clean,real_raise_072_r09445479t,Real,0.1546630859375,0.0165252685546875,0.85888671875,PREV_correct__CURR_wrong,PREV_correct__CURR_wrong,camera,RAISE-1k
E14_Clean,ai_sb_stable-diffusion-1-3_179_r1d9a31fct,AI,0.0248870849609375,0.0016679763793945312,0.312744140625,PREV_wrong__CURR_wrong,PREV_wrong__CURR_wrong,stable-diffusion-1-3,Synthbuster
E14_Clean,ai_sb_dalle2_010_r09a60f63t,AI,0.96044921875,0.994140625,0.98828125,PREV_correct__CURR_correct,PREV_correct__CURR_correct,dalle2,Synthbuster
E14_Clean,real_raise_supp_050_r1a8ee526t,Real,0.85302734375,0.12127685546875,0.90283203125,PREV_correct__CURR_wrong,PREV_wrong__CURR_wrong,camera,RAISE-1k
E14_Clean,real_raise_022_r02f1ba48t,Real,0.796875,0.0200958251953125,0.7958984375,PREV_correct__CURR_wrong,PREV_wrong__CURR_wrong,camera,RAISE-1k
E14_Clean,ai_sb_glide_092_r0150031ft,AI,0.9990234375,0.2802734375,0.96630859375,PREV_wrong__CURR_correct,PREV_correct__CURR_correct,glide,Synthbuster
E14_Clean,real_raise_158_r14289905t,Real,0.3076171875,0.00557708740234375,0.72607421875,PREV_correct__CURR_wrong,PREV_correct__CURR_wrong,camera,RAISE-1k
E14_Clean,real_raise_210_r1ae12b3ft,Real,0.00634002685546875,0.2122802734375,0.28515625,PREV_correct__CURR_correct,PREV_correct__CURR_correct,camera,RAISE-1k
E14_Clean,ai_sb_stable-diffusion-1-4_208_r1c9fdcf4t,AI,0.84619140625,0.0181884765625,0.89990234375,PREV_wrong__CURR_correct,PREV_correct__CURR_correct,stable-diffusion-1-4,Synthbuster
E14_Clean,ai_sb_glide_097_r06743f8ft,AI,0.99951171875,0.5986328125,0.92724609375,PREV_correct__CURR_correct,PREV_correct__CURR_correct,glide,Synthbuster
E14_Clean,ai_sb_stable-diffusion-1-3_151_r000da54ft,AI,0.91796875,0.00955963134765625,0.97021484375,PREV_wrong__CURR_correct,PREV_correct__CURR_correct,stable-diffusion-1-3,Synthbuster
E14_Clean,ai_sb_firefly_070_r09a60f63t,AI,0.92919921875,0.9921875,0.99267578125,PREV_correct__CURR_correct,PREV_correct__CURR_correct,firefly,Synthbuster
E14_Clean,real_raise_189_r187df69ft,Real,0.11419677734375,0.02386474609375,0.865234375,PREV_correct__CURR_wrong,PREV_correct__CURR_wrong,camera,RAISE-1k
E14_Clean,ai_sb_stable-diffusion-2_234_r1900f7c7t,AI,0.0156707763671875,0.00142669677734375,0.90380859375,PREV_wrong__CURR_correct,PREV_wrong__CURR_correct,stable-diffusion-2,Synthbuster
E14_Clean,ai_sb_firefly_088_r1c9fdcf4t,AI,0.818359375,0.348388671875,0.998046875,PREV_wrong__CURR_correct,PREV_correct__CURR_correct,firefly,Synthbuster
E14_Clean,real_raise_180_r173ee7e8t,Real,0.00916290283203125,0.01142120361328125,0.266845703125,PREV_correct__CURR_correct,PREV_correct__CURR_correct,camera,RAISE-1k
E14_Clean,real_raise_supp_022_r0b3220e1t,Real,0.09893798828125,0.034423828125,0.90966796875,PREV_correct__CURR_wrong,PREV_correct__CURR_wrong,camera,RAISE-1k
E14_Clean,ai_sb_stable-diffusion-2_228_r1297fd0bt,AI,0.9423828125,0.9765625,0.99365234375,PREV_correct__CURR_correct,PREV_correct__CURR_correct,stable-diffusion-2,Synthbuster
E14_Clean,ai_sb_stable-diffusion-2_219_r08996953t,AI,0.97607421875,0.156005859375,0.99755859375,PREV_wrong__CURR_correct,PREV_correct__CURR_correct,stable-diffusion-2,Synthbuster
E14_Clean,ai_sb_stable-diffusion-1-3_171_r159d3942t,AI,0.277099609375,0.0030155181884765625,0.66650390625,PREV_wrong__CURR_correct,PREV_wrong__CURR_correct,stable-diffusion-1-3,Synthbuster
E14_Clean,real_raise_102_r0cfedd72t,Real,0.2247314453125,0.0102081298828125,0.34130859375,PREV_correct__CURR_correct,PREV_correct__CURR_correct,camera,RAISE-1k
E14_Clean,ai_sb_stable-diffusion-1-4_193_r0cd4ffb0t,AI,0.990234375,0.1959228515625,0.99755859375,PREV_wrong__CURR_correct,PREV_correct__CURR_correct,stable-diffusion-1-4,Synthbuster
E14_Clean,real_raise_170_r15f16465t,Real,0.50732421875,0.01812744140625,0.50390625,PREV_correct__CURR_wrong,PREV_wrong__CURR_wrong,camera,RAISE-1k
E14_Clean,ai_sb_glide_118_r1c9fdcf4t,AI,0.99853515625,0.58203125,0.98291015625,PREV_correct__CURR_correct,PREV_correct__CURR_correct,glide,Synthbuster
E14_Clean,real_raise_097_r0c1f588dt,Real,0.70751953125,0.01107025146484375,0.775390625,PREV_correct__CURR_wrong,PREV_wrong__CURR_wrong,camera,RAISE-1k
E14_Clean,real_raise_121_r0faffef3t,Real,0.3408203125,0.0816650390625,0.82421875,PREV_correct__CURR_wrong,PREV_correct__CURR_wrong,camera,RAISE-1k
E14_Clean,ai_sb_midjourney-v5_138_r1297fd0bt,AI,0.8916015625,0.64697265625,0.544921875,PREV_correct__CURR_correct,PREV_correct__CURR_correct,midjourney-v5,Synthbuster
E14_Clean,real_raise_026_r0372042dt,Real,0.6572265625,0.362548828125,0.84521484375,PREV_correct__CURR_wrong,PREV_wrong__CURR_wrong,camera,RAISE-1k
E14_Clean,ai_sb_midjourney-v5_133_r0cd4ffb0t,AI,0.70068359375,0.7509765625,0.95654296875,PREV_correct__CURR_correct,PREV_correct__CURR_correct,midjourney-v5,Synthbuster
E14_Clean,real_raise_185_r180bcbd7t,Real,0.0003845691680908203,0.002002716064453125,0.734375,PREV_correct__CURR_wrong,PREV_correct__CURR_wrong,camera,RAISE-1k
E14_Clean,real_raise_080_r0a19cb85t,Real,0.002811431884765625,0.00040459632873535156,0.03839111328125,PREV_correct__CURR_correct,PREV_correct__CURR_correct,camera,RAISE-1k
E14_Clean,ai_sb_stable-diffusion-1-4_187_r06743f8ft,AI,0.93212890625,0.76513671875,0.98876953125,PREV_correct__CURR_correct,PREV_correct__CURR_correct,stable-diffusion-1-4,Synthbuster
E14_Clean,real_raise_123_r0fdfc4f0t,Real,0.4619140625,0.1124267578125,0.53564453125,PREV_correct__CURR_wrong,PREV_correct__CURR_wrong,camera,RAISE-1k
E14_Clean,ai_sb_glide_107_r116825e2t,AI,0.99951171875,0.383056640625,0.98046875,PREV_wrong__CURR_correct,PREV_correct__CURR_correct,glide,Synthbuster
E14_Clean,real_raise_045_r05bf2f53t,Real,0.5078125,0.369140625,0.61962890625,PREV_correct__CURR_wrong,PREV_wrong__CURR_wrong,camera,RAISE-1k
E14_Clean,ai_sb_dalle3_053_r17fe8532t,AI,0.919921875,0.57666015625,0.97900390625,PREV_correct__CURR_correct,PREV_correct__CURR_correct,dalle3,Synthbuster
E14_Clean,ai_sb_stable-diffusion-2_213_r026b5360t,AI,0.74462890625,0.90966796875,0.99658203125,PREV_correct__CURR_correct,PREV_correct__CURR_correct,stable-diffusion-2,Synthbuster
E14_Clean,real_raise_018_r0279b17bt,Real,0.007404327392578125,0.01132965087890625,0.154296875,PREV_correct__CURR_correct,PREV_correct__CURR_correct,camera,RAISE-1k
E14_Clean,real_raise_055_r0703243bt,Real,0.1383056640625,0.0017547607421875,0.86865234375,PREV_correct__CURR_wrong,PREV_correct__CURR_wrong,camera,RAISE-1k
E14_Clean,ai_sb_firefly_079_r138ad247t,AI,0.0765380859375,0.01751708984375,0.81005859375,PREV_wrong__CURR_correct,PREV_wrong__CURR_correct,firefly,Synthbuster
E14_Clean,ai_sb_firefly_090_r1e9082f9t,AI,0.201171875,0.011871337890625,0.84716796875,PREV_wrong__CURR_correct,PREV_wrong__CURR_correct,firefly,Synthbuster
E14_Clean,ai_sb_stable-diffusion-2_225_r0f5beb66t,AI,0.859375,0.2254638671875,0.966796875,PREV_wrong__CURR_correct,PREV_correct__CURR_correct,stable-diffusion-2,Synthbuster
E14_Clean,ai_sb_supp_stable-diffusion-1-4_020_r002fc3e2t,AI,0.94287109375,0.0256195068359375,0.95068359375,PREV_wrong__CURR_correct,PREV_correct__CURR_correct,stable-diffusion-1-4,Synthbuster
E14_Clean,real_raise_206_r1a8fe570t,Real,0.049224853515625,0.0025806427001953125,0.2288818359375,PREV_correct__CURR_correct,PREV_correct__CURR_correct,camera,RAISE-1k
E14_Clean,real_raise_058_r079d086et,Real,0.017578125,3.045797348022461e-05,0.270263671875,PREV_correct__CURR_correct,PREV_correct__CURR_correct,camera,RAISE-1k
E14_Clean,ai_sb_glide_101_r0a9384b1t,AI,0.9970703125,0.040252685546875,0.9736328125,PREV_wrong__CURR_correct,PREV_correct__CURR_correct,glide,Synthbuster
E14_Clean,real_raise_supp_041_r15efd876t,Real,0.424560546875,0.1175537109375,0.9013671875,PREV_correct__CURR_wrong,PREV_correct__CURR_wrong,camera,RAISE-1k
E14_Clean,real_raise_supp_009_r04395e54t,Real,0.042327880859375,0.01061248779296875,0.61279296875,PREV_correct__CURR_wrong,PREV_correct__CURR_wrong,camera,RAISE-1k
E14_Clean,real_raise_152_r13934dc7t,Real,0.00394439697265625,0.002124786376953125,0.5556640625,PREV_correct__CURR_wrong,PREV_correct__CURR_wrong,camera,RAISE-1k
E14_Clean,real_raise_supp_028_r0f25b326t,Real,0.59130859375,0.125732421875,0.94873046875,PREV_correct__CURR_wrong,PREV_wrong__CURR_wrong,camera,RAISE-1k
E14_Clean,real_raise_supp_014_r070a874ct,Real,0.045867919921875,0.00646209716796875,0.48876953125,PREV_correct__CURR_correct,PREV_correct__CURR_correct,camera,RAISE-1k
E14_Clean,real_raise_supp_006_r02d732f8t,Real,0.0125732421875,0.005062103271484375,0.1181640625,PREV_correct__CURR_correct,PREV_correct__CURR_correct,camera,RAISE-1k
E14_Clean,ai_sb_dalle2_022_r169c7350t,AI,0.68310546875,0.322265625,0.9677734375,PREV_wrong__CURR_correct,PREV_correct__CURR_correct,dalle2,Synthbuster
E14_Clean,real_raise_supp_025_r0cea5432t,Real,0.027374267578125,0.2666015625,0.64453125,PREV_correct__CURR_wrong,PREV_correct__CURR_wrong,camera,RAISE-1k
E14_Clean,real_raise_242_r1e8acc5ct,Real,0.06256103515625,0.00586700439453125,0.186279296875,PREV_correct__CURR_correct,PREV_correct__CURR_correct,camera,RAISE-1k
E14_Clean,ai_sb_midjourney-v5_126_r056f233bt,AI,0.6630859375,0.78857421875,0.548828125,PREV_correct__CURR_correct,PREV_correct__CURR_correct,midjourney-v5,Synthbuster
E14_Clean,real_raise_035_r047aa954t,Real,0.1019287109375,0.0728759765625,0.3095703125,PREV_correct__CURR_correct,PREV_correct__CURR_correct,camera,RAISE-1k
E14_Clean,ai_sb_dalle2_012_r0b7b1156t,AI,0.184814453125,0.151611328125,0.83447265625,PREV_wrong__CURR_correct,PREV_wrong__CURR_correct,dalle2,Synthbuster
E14_Clean,real_raise_184_r17f60607t,Real,0.02606201171875,0.0115966796875,0.68359375,PREV_correct__CURR_wrong,PREV_correct__CURR_wrong,camera,RAISE-1k
E14_Clean,real_raise_127_r1070b804t,Real,0.27197265625,0.160400390625,0.83544921875,PREV_correct__CURR_wrong,PREV_correct__CURR_wrong,camera,RAISE-1k
E14_Clean,ai_sb_stable-diffusion-1-3_176_r1ad2de34t,AI,0.94970703125,0.09686279296875,0.97998046875,PREV_wrong__CURR_correct,PREV_correct__CURR_correct,stable-diffusion-1-3,Synthbuster
E14_Clean,ai_sb_firefly_076_r102b4aa4t,AI,0.052825927734375,0.0273284912109375,0.7333984375,PREV_wrong__CURR_correct,PREV_wrong__CURR_correct,firefly,Synthbuster
E14_Clean,ai_sb_supp_stable-diffusion-2_024_r00444b95t,AI,0.94287109375,0.02447509765625,0.99169921875,PREV_wrong__CURR_correct,PREV_correct__CURR_correct,stable-diffusion-2,Synthbuster
E14_Clean,ai_sb_stable-diffusion-2_215_r045be2act,AI,0.97900390625,0.348388671875,0.99853515625,PREV_wrong__CURR_correct,PREV_correct__CURR_correct,stable-diffusion-2,Synthbuster
E14_Clean,ai_sb_stable-diffusion-1-3_177_r1bdb6385t,AI,0.8828125,0.01116180419921875,0.982421875,PREV_wrong__CURR_correct,PREV_correct__CURR_correct,stable-diffusion-1-3,Synthbuster
E14_Clean,ai_sb_stable-diffusion-2_212_r0150031ft,AI,0.4384765625,0.011505126953125,0.92919921875,PREV_wrong__CURR_correct,PREV_wrong__CURR_correct,stable-diffusion-2,Synthbuster
E14_Clean,real_raise_supp_039_r14902ba4t,Real,0.0045928955078125,0.12890625,0.666015625,PREV_correct__CURR_wrong,PREV_correct__CURR_wrong,camera,RAISE-1k
E14_Clean,real_raise_070_r08d2b4dat,Real,0.080078125,0.0004858970642089844,0.10931396484375,PREV_correct__CURR_correct,PREV_correct__CURR_correct,camera,RAISE-1k
E14_Clean,ai_sb_dalle2_001_r000da54ft,AI,0.424560546875,0.0217437744140625,0.900390625,PREV_wrong__CURR_correct,PREV_wrong__CURR_correct,dalle2,Synthbuster
E14_Clean,real_raise_114_r0f137652t,Real,0.7392578125,0.9345703125,0.9873046875,PREV_wrong__CURR_wrong,PREV_wrong__CURR_wrong,camera,RAISE-1k
E14_Clean,ai_sb_supp_midjourney-v5_013_r001d260dt,AI,0.74560546875,0.912109375,0.95361328125,PREV_correct__CURR_correct,PREV_correct__CURR_correct,midjourney-v5,Synthbuster
E14_Clean,real_raise_supp_001_r001d260dt,Real,0.89697265625,0.0709228515625,0.95263671875,PREV_correct__CURR_wrong,PREV_wrong__CURR_wrong,camera,RAISE-1k
E14_Clean,real_raise_212_r1b1c1019t,Real,0.1363525390625,0.0023784637451171875,0.869140625,PREV_correct__CURR_wrong,PREV_correct__CURR_wrong,camera,RAISE-1k
E14_Clean,ai_sb_stable-diffusion-1-3_170_r145221d9t,AI,0.80126953125,0.01267242431640625,0.8193359375,PREV_wrong__CURR_correct,PREV_correct__CURR_correct,stable-diffusion-1-3,Synthbuster
E14_Clean,ai_sb_glide_094_r0372042dt,AI,0.994140625,0.488525390625,0.927734375,PREV_wrong__CURR_correct,PREV_correct__CURR_correct,glide,Synthbuster
E14_Clean,real_raise_218_r1be2a3d5t,Real,0.274169921875,0.06256103515625,0.7958984375,PREV_correct__CURR_wrong,PREV_correct__CURR_wrong,camera,RAISE-1k
E14_Clean,real_raise_supp_034_r1267fa5bt,Real,0.11181640625,0.318115234375,0.8662109375,PREV_correct__CURR_wrong,PREV_correct__CURR_wrong,camera,RAISE-1k
E14_Clean,real_raise_120_r0f98115dt,Real,0.06427001953125,0.11798095703125,0.69482421875,PREV_correct__CURR_wrong,PREV_correct__CURR_wrong,camera,RAISE-1k
E14_Clean,real_raise_173_r1645a09ct,Real,0.0020503997802734375,0.001495361328125,0.1988525390625,PREV_correct__CURR_correct,PREV_correct__CURR_correct,camera,RAISE-1k
E14_Clean,real_raise_002_r005f3e70t,Real,0.1026611328125,0.11737060546875,0.6748046875,PREV_correct__CURR_wrong,PREV_correct__CURR_wrong,camera,RAISE-1k
E14_Clean,real_raise_221_r1c23e440t,Real,0.2349853515625,0.09515380859375,0.787109375,PREV_correct__CURR_wrong,PREV_correct__CURR_wrong,camera,RAISE-1k
E14_Clean,real_raise_167_r15919202t,Real,0.69384765625,0.042572021484375,0.65380859375,PREV_correct__CURR_wrong,PREV_wrong__CURR_wrong,camera,RAISE-1k
E14_Clean,real_raise_111_r0eb8dfb5t,Real,0.0269622802734375,0.002349853515625,0.5517578125,PREV_correct__CURR_wrong,PREV_correct__CURR_wrong,camera,RAISE-1k
E14_Clean,real_raise_028_r03aa5df1t,Real,0.1767578125,0.019012451171875,0.51513671875,PREV_correct__CURR_wrong,PREV_correct__CURR_wrong,camera,RAISE-1k
E14_Clean,ai_sb_stable-diffusion-2_214_r0372042dt,AI,0.8544921875,0.580078125,0.9658203125,PREV_correct__CURR_correct,PREV_correct__CURR_correct,stable-diffusion-2,Synthbuster
E14_Clean,real_raise_supp_060_r1f06581bt,Real,0.681640625,0.09930419921875,0.93701171875,PREV_correct__CURR_wrong,PREV_wrong__CURR_wrong,camera,RAISE-1k
E14_Clean,real_raise_030_r03f70ccdt,Real,0.21435546875,0.04376220703125,0.6982421875,PREV_correct__CURR_wrong,PREV_correct__CURR_wrong,camera,RAISE-1k
E14_Clean,ai_sb_stable-diffusion-1-3_162_r0b7b1156t,AI,0.9326171875,0.0345458984375,0.83447265625,PREV_wrong__CURR_correct,PREV_correct__CURR_correct,stable-diffusion-1-3,Synthbuster
E14_Clean,real_raise_171_r1618da9dt,Real,0.0054473876953125,0.0089874267578125,0.47216796875,PREV_correct__CURR_correct,PREV_correct__CURR_correct,camera,RAISE-1k
E14_Clean,real_raise_238_r1de76a54t,Real,0.01384735107421875,0.0017271041870117188,0.5458984375,PREV_correct__CURR_wrong,PREV_correct__CURR_wrong,camera,RAISE-1k
E14_Clean,real_raise_197_r19b49f2ct,Real,0.2822265625,0.08270263671875,0.367919921875,PREV_correct__CURR_correct,PREV_correct__CURR_correct,camera,RAISE-1k
E14_Clean,real_raise_078_r09d7cd4et,Real,0.86865234375,0.705078125,0.9853515625,PREV_wrong__CURR_wrong,PREV_wrong__CURR_wrong,camera,RAISE-1k
E14_Clean,real_raise_085_r0aaa70c3t,Real,0.94140625,0.0640869140625,0.85205078125,PREV_correct__CURR_wrong,PREV_wrong__CURR_wrong,camera,RAISE-1k
E14_Clean,real_raise_216_r1bc3dd23t,Real,0.003780364990234375,0.00013554096221923828,0.0162200927734375,PREV_correct__CURR_correct,PREV_correct__CURR_correct,camera,RAISE-1k
E14_Clean,ai_sb_firefly_081_r159d3942t,AI,0.0034427642822265625,0.0160980224609375,0.14892578125,PREV_wrong__CURR_wrong,PREV_wrong__CURR_wrong,firefly,Synthbuster
E14_Clean,real_raise_196_r1986e42bt,Real,0.1383056640625,0.00930023193359375,0.5263671875,PREV_correct__CURR_wrong,PREV_correct__CURR_wrong,camera,RAISE-1k
E14_Clean,real_raise_126_r102b4aa4t,Real,0.240966796875,0.02215576171875,0.8134765625,PREV_correct__CURR_wrong,PREV_correct__CURR_wrong,camera,RAISE-1k
E14_Clean,ai_sb_stable-diffusion-1-4_203_r17fe8532t,AI,0.830078125,0.8916015625,0.9853515625,PREV_correct__CURR_correct,PREV_correct__CURR_correct,stable-diffusion-1-4,Synthbuster
E14_Clean,real_raise_117_r0f4ece9bt,Real,0.0966796875,0.020843505859375,0.88525390625,PREV_correct__CURR_wrong,PREV_correct__CURR_wrong,camera,RAISE-1k
E14_Clean,ai_sb_stable-diffusion-2_236_r1ad2de34t,AI,0.99658203125,0.327880859375,0.9990234375,PREV_wrong__CURR_correct,PREV_correct__CURR_correct,stable-diffusion-2,Synthbuster
E14_Clean,ai_sb_stable-diffusion-1-3_153_r026b5360t,AI,0.0965576171875,0.044525146484375,0.951171875,PREV_wrong__CURR_correct,PREV_wrong__CURR_correct,stable-diffusion-1-3,Synthbuster
E14_Clean,ai_sb_midjourney-v5_142_r169c7350t,AI,0.78662109375,0.10540771484375,0.9365234375,PREV_wrong__CURR_correct,PREV_correct__CURR_correct,midjourney-v5,Synthbuster
E14_Clean,ai_sb_dalle3_057_r1bdb6385t,AI,0.97802734375,0.64208984375,0.998046875,PREV_correct__CURR_correct,PREV_correct__CURR_correct,dalle3,Synthbuster
E14_Clean,real_raise_233_r1d679eaet,Real,0.003147125244140625,0.0022602081298828125,0.2027587890625,PREV_correct__CURR_correct,PREV_correct__CURR_correct,camera,RAISE-1k
E14_Clean,real_raise_249_r1f3e6681t,Real,0.04949951171875,0.0038089752197265625,0.6337890625,PREV_correct__CURR_wrong,PREV_correct__CURR_wrong,camera,RAISE-1k
E14_Clean,ai_sb_stable-diffusion-2_240_r1e9082f9t,AI,0.9931640625,0.90185546875,0.9951171875,PREV_correct__CURR_correct,PREV_correct__CURR_correct,stable-diffusion-2,Synthbuster
E14_Clean,real_raise_181_r17754c77t,Real,0.1207275390625,0.277587890625,0.55322265625,PREV_correct__CURR_wrong,PREV_correct__CURR_wrong,camera,RAISE-1k
E14_Clean,real_raise_supp_019_r098cf7aet,Real,0.044586181640625,0.0034427642822265625,0.439208984375,PREV_correct__CURR_correct,PREV_correct__CURR_correct,camera,RAISE-1k
E14_Clean,real_raise_156_r140f3432t,Real,0.007755279541015625,0.0112457275390625,0.314697265625,PREV_correct__CURR_correct,PREV_correct__CURR_correct,camera,RAISE-1k
E14_Clean,ai_sb_dalle3_051_r159d3942t,AI,0.99267578125,0.98974609375,1.0,PREV_correct__CURR_correct,PREV_correct__CURR_correct,dalle3,Synthbuster
E14_Clean,real_raise_159_r145215fft,Real,0.26416015625,0.0010900497436523438,0.90234375,PREV_correct__CURR_wrong,PREV_correct__CURR_wrong,camera,RAISE-1k
E14_Clean,ai_sb_dalle2_002_r0150031ft,AI,0.342529296875,0.11993408203125,0.9013671875,PREV_wrong__CURR_correct,PREV_wrong__CURR_correct,dalle2,Synthbuster
E14_Clean,real_raise_038_r04cfa379t,Real,0.82666015625,0.1318359375,0.7724609375,PREV_correct__CURR_wrong,PREV_wrong__CURR_wrong,camera,RAISE-1k
E14_Clean,ai_sb_stable-diffusion-1-3_157_r06743f8ft,AI,0.939453125,0.72216796875,0.978515625,PREV_correct__CURR_correct,PREV_correct__CURR_correct,stable-diffusion-1-3,Synthbuster
E14_Clean,ai_sb_supp_glide_010_r001d260dt,AI,0.98779296875,0.640625,0.99560546875,PREV_correct__CURR_correct,PREV_correct__CURR_correct,glide,Synthbuster
E14_Clean,ai_sb_midjourney-v5_127_r06743f8ft,AI,0.9931640625,0.98291015625,0.98876953125,PREV_correct__CURR_correct,PREV_correct__CURR_correct,midjourney-v5,Synthbuster
E14_Clean,ai_sb_dalle2_021_r159d3942t,AI,0.0256195068359375,0.0236968994140625,0.73583984375,PREV_wrong__CURR_correct,PREV_wrong__CURR_correct,dalle2,Synthbuster
E14_Clean,real_raise_229_r1ceba29dt,Real,0.073974609375,0.006771087646484375,0.60107421875,PREV_correct__CURR_wrong,PREV_correct__CURR_wrong,camera,RAISE-1k
E14_Clean,ai_sb_glide_095_r045be2act,AI,0.99609375,0.11181640625,0.9814453125,PREV_wrong__CURR_correct,PREV_correct__CURR_correct,glide,Synthbuster
E14_Clean,ai_sb_stable-diffusion-1-3_169_r138ad247t,AI,0.048858642578125,0.0215301513671875,0.5078125,PREV_wrong__CURR_correct,PREV_wrong__CURR_correct,stable-diffusion-1-3,Synthbuster
E14_Clean,real_raise_093_r0b841e5at,Real,0.85693359375,0.25390625,0.88671875,PREV_correct__CURR_wrong,PREV_wrong__CURR_wrong,camera,RAISE-1k
E14_Clean,ai_sb_stable-diffusion-2_216_r056f233bt,AI,0.2237548828125,0.288818359375,0.625,PREV_wrong__CURR_correct,PREV_wrong__CURR_correct,stable-diffusion-2,Synthbuster
E14_Clean,real_raise_119_r0f8e5907t,Real,0.53857421875,0.0090179443359375,0.8955078125,PREV_correct__CURR_wrong,PREV_wrong__CURR_wrong,camera,RAISE-1k
E14_Clean,ai_sb_dalle2_018_r1297fd0bt,AI,0.496337890625,0.0026836395263671875,0.853515625,PREV_wrong__CURR_correct,PREV_wrong__CURR_correct,dalle2,Synthbuster
E14_Clean,real_raise_096_r0bf7f938t,Real,0.29248046875,0.024932861328125,0.95849609375,PREV_correct__CURR_wrong,PREV_correct__CURR_wrong,camera,RAISE-1k
E14_Clean,ai_sb_supp_stable-diffusion-1-4_021_r00444b95t,AI,0.96240234375,0.011688232421875,0.91064453125,PREV_wrong__CURR_correct,PREV_correct__CURR_correct,stable-diffusion-1-4,Synthbuster
E14_Clean,real_raise_213_r1b4e82c4t,Real,0.95361328125,0.2705078125,0.91650390625,PREV_correct__CURR_wrong,PREV_wrong__CURR_wrong,camera,RAISE-1k
E14_Clean,ai_sb_stable-diffusion-1-4_196_r102b4aa4t,AI,0.98095703125,0.051544189453125,0.9951171875,PREV_wrong__CURR_correct,PREV_correct__CURR_correct,stable-diffusion-1-4,Synthbuster
E14_Clean,ai_sb_dalle2_026_r1ad2de34t,AI,0.1070556640625,0.00070953369140625,0.3525390625,PREV_wrong__CURR_wrong,PREV_wrong__CURR_wrong,dalle2,Synthbuster
E14_Clean,real_raise_091_r0b61ed37t,Real,0.0318603515625,0.0240936279296875,0.720703125,PREV_correct__CURR_wrong,PREV_correct__CURR_wrong,camera,RAISE-1k
E14_Clean,ai_sb_stable-diffusion-1-4_190_r09a60f63t,AI,0.95458984375,0.7197265625,0.97900390625,PREV_correct__CURR_correct,PREV_correct__CURR_correct,stable-diffusion-1-4,Synthbuster
E14_Clean,ai_sb_firefly_067_r06743f8ft,AI,0.6865234375,0.5849609375,0.87109375,PREV_correct__CURR_correct,PREV_correct__CURR_correct,firefly,Synthbuster
E14_Clean,real_raise_069_r08b12799t,Real,0.1766357421875,0.00217437744140625,0.7802734375,PREV_correct__CURR_wrong,PREV_correct__CURR_wrong,camera,RAISE-1k
E14_Clean,ai_sb_midjourney-v5_149_r1d9a31fct,AI,0.0560302734375,0.12939453125,0.5078125,PREV_wrong__CURR_correct,PREV_wrong__CURR_correct,midjourney-v5,Synthbuster
E14_Clean,ai_sb_glide_102_r0b7b1156t,AI,0.87890625,0.64111328125,0.89111328125,PREV_correct__CURR_correct,PREV_correct__CURR_correct,glide,Synthbuster
E14_Clean,ai_sb_glide_108_r1297fd0bt,AI,0.95751953125,0.371826171875,0.83447265625,PREV_wrong__CURR_correct,PREV_correct__CURR_correct,glide,Synthbuster
E14_Clean,ai_sb_stable-diffusion-2_233_r17fe8532t,AI,0.6474609375,0.493896484375,0.86083984375,PREV_wrong__CURR_correct,PREV_correct__CURR_correct,stable-diffusion-2,Synthbuster
E14_Clean,ai_sb_stable-diffusion-2_224_r0e7b407bt,AI,0.8740234375,0.1590576171875,0.84375,PREV_wrong__CURR_correct,PREV_correct__CURR_correct,stable-diffusion-2,Synthbuster
E14_Clean,real_raise_supp_043_r16ea6386t,Real,0.053802490234375,0.0029239654541015625,0.8173828125,PREV_correct__CURR_wrong,PREV_correct__CURR_wrong,camera,RAISE-1k
E14_Clean,real_raise_140_r125f6e84t,Real,0.0021076202392578125,0.0006852149963378906,0.056121826171875,PREV_correct__CURR_correct,PREV_correct__CURR_correct,camera,RAISE-1k
E14_Clean,real_raise_137_r11c4de0et,Real,0.00254058837890625,0.006168365478515625,0.033905029296875,PREV_correct__CURR_correct,PREV_correct__CURR_correct,camera,RAISE-1k
E14_Clean,ai_sb_firefly_083_r17fe8532t,AI,0.822265625,0.43505859375,0.9921875,PREV_wrong__CURR_correct,PREV_correct__CURR_correct,firefly,Synthbuster
E14_Clean,real_raise_supp_055_r1ca254b2t,Real,0.2198486328125,0.00183868408203125,0.5458984375,PREV_correct__CURR_wrong,PREV_correct__CURR_wrong,camera,RAISE-1k
E14_Clean,ai_sb_midjourney-v5_123_r026b5360t,AI,0.95849609375,0.99658203125,1.0,PREV_correct__CURR_correct,PREV_correct__CURR_correct,midjourney-v5,Synthbuster
E14_Clean,real_raise_125_r101d6690t,Real,0.030731201171875,0.004505157470703125,0.2452392578125,PREV_correct__CURR_correct,PREV_correct__CURR_correct,camera,RAISE-1k
E14_Clean,ai_sb_stable-diffusion-1-4_210_r1e9082f9t,AI,0.99072265625,0.44189453125,0.99755859375,PREV_wrong__CURR_correct,PREV_correct__CURR_correct,stable-diffusion-1-4,Synthbuster
E14_Clean,ai_sb_midjourney-v5_135_r0f5beb66t,AI,0.912109375,0.57861328125,0.96142578125,PREV_correct__CURR_correct,PREV_correct__CURR_correct,midjourney-v5,Synthbuster
E14_Clean,real_raise_172_r163967d4t,Real,0.0041351318359375,0.0011157989501953125,0.30859375,PREV_correct__CURR_correct,PREV_correct__CURR_correct,camera,RAISE-1k
E14_Clean,ai_sb_dalle2_030_r1e9082f9t,AI,0.340576171875,0.03839111328125,0.94921875,PREV_wrong__CURR_correct,PREV_wrong__CURR_correct,dalle2,Synthbuster
E14_Clean,real_raise_100_r0c9910e4t,Real,0.140380859375,0.8720703125,0.00014090538024902344,PREV_wrong__CURR_correct,PREV_correct__CURR_correct,camera,RAISE-1k
E14_Clean,real_raise_162_r14c2d3fct,Real,0.2587890625,0.00963592529296875,0.81787109375,PREV_correct__CURR_wrong,PREV_correct__CURR_wrong,camera,RAISE-1k
E14_Clean,ai_sb_dalle2_027_r1bdb6385t,AI,0.96484375,0.4580078125,0.97314453125,PREV_wrong__CURR_correct,PREV_correct__CURR_correct,dalle2,Synthbuster
E14_Clean,ai_sb_dalle3_052_r169c7350t,AI,0.96337890625,0.9033203125,0.99951171875,PREV_correct__CURR_correct,PREV_correct__CURR_correct,dalle3,Synthbuster
E14_Clean,ai_sb_glide_106_r102b4aa4t,AI,0.97412109375,0.09136962890625,0.990234375,PREV_wrong__CURR_correct,PREV_correct__CURR_correct,glide,Synthbuster
E14_Clean,real_raise_054_r06cad2d6t,Real,0.30224609375,0.004665374755859375,0.8408203125,PREV_correct__CURR_wrong,PREV_correct__CURR_wrong,camera,RAISE-1k
E14_Clean,ai_sb_dalle2_025_r1a2095b2t,AI,0.978515625,0.1915283203125,0.9658203125,PREV_wrong__CURR_correct,PREV_correct__CURR_correct,dalle2,Synthbuster
E14_Degraded,real_raise_135_r11850456t_test_whatsapp_q75,Real,0.8779296875,0.0276947021484375,0.83154296875,PREV_correct__CURR_wrong,PREV_wrong__CURR_wrong,camera,unknown
E14_Degraded,real_raise_135_r11850456t_test_resize_q80,Real,0.892578125,0.0268096923828125,0.85888671875,PREV_correct__CURR_wrong,PREV_wrong__CURR_wrong,camera,unknown
E14_Degraded,real_raise_135_r11850456t_test_double_jpeg,Real,0.2274169921875,0.020721435546875,0.7646484375,PREV_correct__CURR_wrong,PREV_correct__CURR_wrong,camera,unknown
E14_Degraded,real_raise_122_r0fbe1b0ft_test_whatsapp_q75,Real,0.0015363693237304688,0.416259765625,0.99560546875,PREV_correct__CURR_wrong,PREV_correct__CURR_wrong,camera,unknown
E14_Degraded,real_raise_122_r0fbe1b0ft_test_resize_q80,Real,0.0022258758544921875,0.923828125,1.0,PREV_wrong__CURR_wrong,PREV_correct__CURR_wrong,camera,unknown
E14_Degraded,real_raise_122_r0fbe1b0ft_test_double_jpeg,Real,0.0009889602661132812,0.376953125,0.875,PREV_correct__CURR_wrong,PREV_correct__CURR_wrong,camera,unknown
E14_Degraded,real_raise_supp_026_r0dd6e8f4t_test_whatsapp_q75,Real,0.767578125,0.01238250732421875,0.97802734375,PREV_correct__CURR_wrong,PREV_wrong__CURR_wrong,camera,unknown
E14_Degraded,real_raise_supp_026_r0dd6e8f4t_test_resize_q80,Real,0.7529296875,0.012054443359375,0.97607421875,PREV_correct__CURR_wrong,PREV_wrong__CURR_wrong,camera,unknown
E14_Degraded,real_raise_supp_026_r0dd6e8f4t_test_double_jpeg,Real,0.7685546875,0.011962890625,0.9765625,PREV_correct__CURR_wrong,PREV_wrong__CURR_wrong,camera,unknown
E14_Degraded,ai_sb_stable-diffusion-1-3_154_r0372042dt_test_whatsapp_q75,AI,0.3154296875,0.419677734375,0.98095703125,PREV_wrong__CURR_correct,PREV_wrong__CURR_correct,stable-diffusion-1-3,unknown
E14_Degraded,ai_sb_stable-diffusion-1-3_154_r0372042dt_test_resize_q80,AI,0.447998046875,0.40185546875,0.9814453125,PREV_wrong__CURR_correct,PREV_wrong__CURR_correct,stable-diffusion-1-3,unknown
E14_Degraded,ai_sb_stable-diffusion-1-3_154_r0372042dt_test_double_jpeg,AI,0.038909912109375,0.467041015625,0.9814453125,PREV_wrong__CURR_correct,PREV_wrong__CURR_correct,stable-diffusion-1-3,unknown
E14_Degraded,ai_sb_firefly_065_r045be2act_test_whatsapp_q75,AI,0.0312042236328125,0.0041656494140625,0.6044921875,PREV_wrong__CURR_correct,PREV_wrong__CURR_correct,firefly,unknown
E14_Degraded,ai_sb_firefly_065_r045be2act_test_resize_q80,AI,0.03802490234375,0.00394439697265625,0.5537109375,PREV_wrong__CURR_correct,PREV_wrong__CURR_correct,firefly,unknown
E14_Degraded,ai_sb_firefly_065_r045be2act_test_double_jpeg,AI,0.006290435791015625,0.003185272216796875,0.474609375,PREV_wrong__CURR_wrong,PREV_wrong__CURR_wrong,firefly,unknown
E14_Degraded,ai_sb_stable-diffusion-1-3_161_r0a9384b1t_test_whatsapp_q75,AI,0.94580078125,0.0207977294921875,0.9619140625,PREV_wrong__CURR_correct,PREV_correct__CURR_correct,stable-diffusion-1-3,unknown
E14_Degraded,ai_sb_stable-diffusion-1-3_161_r0a9384b1t_test_resize_q80,AI,0.94287109375,0.0197906494140625,0.953125,PREV_wrong__CURR_correct,PREV_correct__CURR_correct,stable-diffusion-1-3,unknown
E14_Degraded,ai_sb_stable-diffusion-1-3_161_r0a9384b1t_test_double_jpeg,AI,0.52734375,0.01495361328125,0.63818359375,PREV_wrong__CURR_correct,PREV_correct__CURR_correct,stable-diffusion-1-3,unknown
E14_Degraded,ai_sb_firefly_064_r0372042dt_test_whatsapp_q75,AI,0.88037109375,0.69482421875,0.9873046875,PREV_correct__CURR_correct,PREV_correct__CURR_correct,firefly,unknown
E14_Degraded,ai_sb_firefly_064_r0372042dt_test_resize_q80,AI,0.89990234375,0.6923828125,0.98974609375,PREV_correct__CURR_correct,PREV_correct__CURR_correct,firefly,unknown
E14_Degraded,ai_sb_firefly_064_r0372042dt_test_double_jpeg,AI,0.81591796875,0.64208984375,0.97412109375,PREV_correct__CURR_correct,PREV_correct__CURR_correct,firefly,unknown
E14_Degraded,real_raise_053_r06b161adt_test_whatsapp_q75,Real,0.00359344482421875,0.041839599609375,0.72314453125,PREV_correct__CURR_wrong,PREV_correct__CURR_wrong,camera,unknown
E14_Degraded,real_raise_053_r06b161adt_test_resize_q80,Real,0.00284576416015625,0.0345458984375,0.67578125,PREV_correct__CURR_wrong,PREV_correct__CURR_wrong,camera,unknown
E14_Degraded,real_raise_053_r06b161adt_test_double_jpeg,Real,0.0023593902587890625,0.03753662109375,0.685546875,PREV_correct__CURR_wrong,PREV_correct__CURR_wrong,camera,unknown
E14_Degraded,ai_sb_stable-diffusion-1-4_188_r07cfb432t_test_whatsapp_q75,AI,0.9951171875,0.1988525390625,0.876953125,PREV_wrong__CURR_correct,PREV_correct__CURR_correct,stable-diffusion-1-4,unknown
E14_Degraded,ai_sb_stable-diffusion-1-4_188_r07cfb432t_test_resize_q80,AI,0.99462890625,0.1744384765625,0.85693359375,PREV_wrong__CURR_correct,PREV_correct__CURR_correct,stable-diffusion-1-4,unknown
E14_Degraded,ai_sb_stable-diffusion-1-4_188_r07cfb432t_test_double_jpeg,AI,0.97265625,0.1134033203125,0.69482421875,PREV_wrong__CURR_correct,PREV_correct__CURR_correct,stable-diffusion-1-4,unknown
E14_Degraded,real_raise_115_r0f24ca4dt_test_whatsapp_q75,Real,0.52685546875,0.02838134765625,0.6826171875,PREV_correct__CURR_wrong,PREV_wrong__CURR_wrong,camera,unknown
E14_Degraded,real_raise_115_r0f24ca4dt_test_resize_q80,Real,0.70556640625,0.0251312255859375,0.6953125,PREV_correct__CURR_wrong,PREV_wrong__CURR_wrong,camera,unknown
E14_Degraded,real_raise_115_r0f24ca4dt_test_double_jpeg,Real,0.150390625,0.014007568359375,0.68701171875,PREV_correct__CURR_wrong,PREV_correct__CURR_wrong,camera,unknown
E14_Degraded,ai_sb_supp_stable-diffusion-1-4_019_r001d260dt_test_whatsapp_q75,AI,0.94482421875,0.8408203125,0.85693359375,PREV_correct__CURR_correct,PREV_correct__CURR_correct,stable-diffusion-1-4,unknown
E14_Degraded,ai_sb_supp_stable-diffusion-1-4_019_r001d260dt_test_resize_q80,AI,0.9501953125,0.79638671875,0.81005859375,PREV_correct__CURR_correct,PREV_correct__CURR_correct,stable-diffusion-1-4,unknown
E14_Degraded,ai_sb_supp_stable-diffusion-1-4_019_r001d260dt_test_double_jpeg,AI,0.630859375,0.77490234375,0.373046875,PREV_correct__CURR_wrong,PREV_correct__CURR_wrong,stable-diffusion-1-4,unknown
E14_Degraded,real_raise_150_r1378de81t_test_whatsapp_q75,Real,0.0169830322265625,0.004383087158203125,0.60302734375,PREV_correct__CURR_wrong,PREV_correct__CURR_wrong,camera,unknown
E14_Degraded,real_raise_150_r1378de81t_test_resize_q80,Real,0.020416259765625,0.005100250244140625,0.45703125,PREV_correct__CURR_correct,PREV_correct__CURR_correct,camera,unknown
E14_Degraded,real_raise_150_r1378de81t_test_double_jpeg,Real,0.001483917236328125,0.004364013671875,0.6259765625,PREV_correct__CURR_wrong,PREV_correct__CURR_wrong,camera,unknown
E14_Degraded,ai_sb_stable-diffusion-1-3_166_r102b4aa4t_test_whatsapp_q75,AI,0.43505859375,0.033660888671875,0.974609375,PREV_wrong__CURR_correct,PREV_wrong__CURR_correct,stable-diffusion-1-3,unknown
E14_Degraded,ai_sb_stable-diffusion-1-3_166_r102b4aa4t_test_resize_q80,AI,0.57470703125,0.0272674560546875,0.97705078125,PREV_wrong__CURR_correct,PREV_correct__CURR_correct,stable-diffusion-1-3,unknown
E14_Degraded,ai_sb_stable-diffusion-1-3_166_r102b4aa4t_test_double_jpeg,AI,0.353515625,0.0201416015625,0.86767578125,PREV_wrong__CURR_correct,PREV_wrong__CURR_correct,stable-diffusion-1-3,unknown
E14_Degraded,real_raise_036_r04989a70t_test_whatsapp_q75,Real,9.173154830932617e-05,0.005512237548828125,0.12139892578125,PREV_correct__CURR_correct,PREV_correct__CURR_correct,camera,unknown
E14_Degraded,real_raise_036_r04989a70t_test_resize_q80,Real,9.608268737792969e-05,0.005062103271484375,0.12042236328125,PREV_correct__CURR_correct,PREV_correct__CURR_correct,camera,unknown
E14_Degraded,real_raise_036_r04989a70t_test_double_jpeg,Real,5.269050598144531e-05,0.005279541015625,0.11737060546875,PREV_correct__CURR_correct,PREV_correct__CURR_correct,camera,unknown
E14_Degraded,ai_sb_dalle2_029_r1d9a31fct_test_whatsapp_q75,AI,0.03314208984375,0.0531005859375,0.64404296875,PREV_wrong__CURR_correct,PREV_wrong__CURR_correct,dalle2,unknown
E14_Degraded,ai_sb_dalle2_029_r1d9a31fct_test_resize_q80,AI,0.03759765625,0.03753662109375,0.6396484375,PREV_wrong__CURR_correct,PREV_wrong__CURR_correct,dalle2,unknown
E14_Degraded,ai_sb_dalle2_029_r1d9a31fct_test_double_jpeg,AI,0.02215576171875,0.037750244140625,0.513671875,PREV_wrong__CURR_correct,PREV_wrong__CURR_correct,dalle2,unknown
E14_Degraded,real_raise_supp_005_r02513d19t_test_whatsapp_q75,Real,0.007232666015625,0.0014324188232421875,0.138916015625,PREV_correct__CURR_correct,PREV_correct__CURR_correct,camera,unknown
E14_Degraded,real_raise_supp_005_r02513d19t_test_resize_q80,Real,0.00714874267578125,0.0015544891357421875,0.1429443359375,PREV_correct__CURR_correct,PREV_correct__CURR_correct,camera,unknown
E14_Degraded,real_raise_supp_005_r02513d19t_test_double_jpeg,Real,0.006744384765625,0.001255035400390625,0.135986328125,PREV_correct__CURR_correct,PREV_correct__CURR_correct,camera,unknown
E14_Degraded,ai_sb_firefly_087_r1bdb6385t_test_whatsapp_q75,AI,0.83154296875,0.0222015380859375,0.9541015625,PREV_wrong__CURR_correct,PREV_correct__CURR_correct,firefly,unknown
E14_Degraded,ai_sb_firefly_087_r1bdb6385t_test_resize_q80,AI,0.81103515625,0.0247039794921875,0.97021484375,PREV_wrong__CURR_correct,PREV_correct__CURR_correct,firefly,unknown
E14_Degraded,ai_sb_firefly_087_r1bdb6385t_test_double_jpeg,AI,0.79931640625,0.0279541015625,0.95849609375,PREV_wrong__CURR_correct,PREV_correct__CURR_correct,firefly,unknown
E14_Degraded,real_raise_250_r1f4a44a7t_test_whatsapp_q75,Real,0.173828125,0.0022602081298828125,0.587890625,PREV_correct__CURR_wrong,PREV_correct__CURR_wrong,camera,unknown
E14_Degraded,real_raise_250_r1f4a44a7t_test_resize_q80,Real,0.1397705078125,0.0027256011962890625,0.55712890625,PREV_correct__CURR_wrong,PREV_correct__CURR_wrong,camera,unknown
E14_Degraded,real_raise_250_r1f4a44a7t_test_double_jpeg,Real,0.110107421875,0.001941680908203125,0.59326171875,PREV_correct__CURR_wrong,PREV_correct__CURR_wrong,camera,unknown
E14_Degraded,ai_sb_midjourney-v5_147_r1bdb6385t_test_whatsapp_q75,AI,0.56689453125,0.09930419921875,0.8642578125,PREV_wrong__CURR_correct,PREV_correct__CURR_correct,midjourney-v5,unknown
E14_Degraded,ai_sb_midjourney-v5_147_r1bdb6385t_test_resize_q80,AI,0.54052734375,0.10723876953125,0.86083984375,PREV_wrong__CURR_correct,PREV_correct__CURR_correct,midjourney-v5,unknown
E14_Degraded,ai_sb_midjourney-v5_147_r1bdb6385t_test_double_jpeg,AI,0.1260986328125,0.050811767578125,0.74853515625,PREV_wrong__CURR_correct,PREV_wrong__CURR_correct,midjourney-v5,unknown
E14_Degraded,real_raise_043_r057282fet_test_whatsapp_q75,Real,0.9609375,0.4375,0.9892578125,PREV_correct__CURR_wrong,PREV_wrong__CURR_wrong,camera,unknown
E14_Degraded,real_raise_043_r057282fet_test_resize_q80,Real,0.9560546875,0.404541015625,0.986328125,PREV_correct__CURR_wrong,PREV_wrong__CURR_wrong,camera,unknown
E14_Degraded,real_raise_043_r057282fet_test_double_jpeg,Real,0.88720703125,0.3193359375,0.98779296875,PREV_correct__CURR_wrong,PREV_wrong__CURR_wrong,camera,unknown
E14_Degraded,real_raise_092_r0b755540t_test_whatsapp_q75,Real,0.1668701171875,0.1483154296875,0.72607421875,PREV_correct__CURR_wrong,PREV_correct__CURR_wrong,camera,unknown
E14_Degraded,real_raise_092_r0b755540t_test_resize_q80,Real,0.168701171875,0.1446533203125,0.73046875,PREV_correct__CURR_wrong,PREV_correct__CURR_wrong,camera,unknown
E14_Degraded,real_raise_092_r0b755540t_test_double_jpeg,Real,0.1224365234375,0.11358642578125,0.70703125,PREV_correct__CURR_wrong,PREV_correct__CURR_wrong,camera,unknown
E14_Degraded,real_raise_supp_035_r12cbfb1et_test_whatsapp_q75,Real,0.56201171875,0.011871337890625,0.61083984375,PREV_correct__CURR_wrong,PREV_wrong__CURR_wrong,camera,unknown
E14_Degraded,real_raise_supp_035_r12cbfb1et_test_resize_q80,Real,0.490478515625,0.0089874267578125,0.568359375,PREV_correct__CURR_wrong,PREV_correct__CURR_wrong,camera,unknown
E14_Degraded,real_raise_supp_035_r12cbfb1et_test_double_jpeg,Real,0.187744140625,0.007232666015625,0.428466796875,PREV_correct__CURR_correct,PREV_correct__CURR_correct,camera,unknown
E14_Degraded,ai_sb_stable-diffusion-1-3_160_r09a60f63t_test_whatsapp_q75,AI,0.354736328125,0.6806640625,0.7353515625,PREV_correct__CURR_correct,PREV_wrong__CURR_correct,stable-diffusion-1-3,unknown
E14_Degraded,ai_sb_stable-diffusion-1-3_160_r09a60f63t_test_resize_q80,AI,0.5048828125,0.72021484375,0.80615234375,PREV_correct__CURR_correct,PREV_correct__CURR_correct,stable-diffusion-1-3,unknown
E14_Degraded,ai_sb_stable-diffusion-1-3_160_r09a60f63t_test_double_jpeg,AI,0.020294189453125,0.5439453125,0.74072265625,PREV_correct__CURR_correct,PREV_wrong__CURR_correct,stable-diffusion-1-3,unknown
E14_Degraded,ai_sb_dalle3_059_r1d9a31fct_test_whatsapp_q75,AI,0.9345703125,0.97119140625,0.99853515625,PREV_correct__CURR_correct,PREV_correct__CURR_correct,dalle3,unknown
E14_Degraded,ai_sb_dalle3_059_r1d9a31fct_test_resize_q80,AI,0.95849609375,0.96630859375,0.99853515625,PREV_correct__CURR_correct,PREV_correct__CURR_correct,dalle3,unknown
E14_Degraded,ai_sb_dalle3_059_r1d9a31fct_test_double_jpeg,AI,0.86767578125,0.94580078125,0.99853515625,PREV_correct__CURR_correct,PREV_correct__CURR_correct,dalle3,unknown
E14_Degraded,ai_sb_glide_091_r000da54ft_test_whatsapp_q75,AI,0.623046875,0.7294921875,0.796875,PREV_correct__CURR_correct,PREV_correct__CURR_correct,glide,unknown
E14_Degraded,ai_sb_glide_091_r000da54ft_test_resize_q80,AI,0.66796875,0.71923828125,0.748046875,PREV_correct__CURR_correct,PREV_correct__CURR_correct,glide,unknown
E14_Degraded,ai_sb_glide_091_r000da54ft_test_double_jpeg,AI,0.028594970703125,0.62158203125,0.7939453125,PREV_correct__CURR_correct,PREV_wrong__CURR_correct,glide,unknown
E14_Degraded,ai_sb_firefly_068_r07cfb432t_test_whatsapp_q75,AI,0.07586669921875,0.05987548828125,0.59326171875,PREV_wrong__CURR_correct,PREV_wrong__CURR_correct,firefly,unknown
E14_Degraded,ai_sb_firefly_068_r07cfb432t_test_resize_q80,AI,0.11920166015625,0.09271240234375,0.6845703125,PREV_wrong__CURR_correct,PREV_wrong__CURR_correct,firefly,unknown
E14_Degraded,ai_sb_firefly_068_r07cfb432t_test_double_jpeg,AI,0.0147857666015625,0.0394287109375,0.346923828125,PREV_wrong__CURR_wrong,PREV_wrong__CURR_wrong,firefly,unknown
E14_Degraded,real_raise_046_r05db7e7ft_test_whatsapp_q75,Real,0.0005745887756347656,0.0006513595581054688,0.296142578125,PREV_correct__CURR_correct,PREV_correct__CURR_correct,camera,unknown
E14_Degraded,real_raise_046_r05db7e7ft_test_resize_q80,Real,0.0008592605590820312,0.0005335807800292969,0.2490234375,PREV_correct__CURR_correct,PREV_correct__CURR_correct,camera,unknown
E14_Degraded,real_raise_046_r05db7e7ft_test_double_jpeg,Real,0.0002551078796386719,0.0005860328674316406,0.27783203125,PREV_correct__CURR_correct,PREV_correct__CURR_correct,camera,unknown
E14_Degraded,ai_sb_firefly_069_r08996953t_test_whatsapp_q75,AI,0.318603515625,0.03662109375,0.9365234375,PREV_wrong__CURR_correct,PREV_wrong__CURR_correct,firefly,unknown
E14_Degraded,ai_sb_firefly_069_r08996953t_test_resize_q80,AI,0.267333984375,0.053192138671875,0.939453125,PREV_wrong__CURR_correct,PREV_wrong__CURR_correct,firefly,unknown
E14_Degraded,ai_sb_firefly_069_r08996953t_test_double_jpeg,AI,0.1376953125,0.0394287109375,0.90380859375,PREV_wrong__CURR_correct,PREV_wrong__CURR_correct,firefly,unknown
E14_Degraded,real_raise_supp_004_r01d0b83bt_test_whatsapp_q75,Real,0.0150146484375,0.0316162109375,0.407470703125,PREV_correct__CURR_correct,PREV_correct__CURR_correct,camera,unknown
E14_Degraded,real_raise_supp_004_r01d0b83bt_test_resize_q80,Real,0.0213623046875,0.035400390625,0.38818359375,PREV_correct__CURR_correct,PREV_correct__CURR_correct,camera,unknown
E14_Degraded,real_raise_supp_004_r01d0b83bt_test_double_jpeg,Real,0.0058441162109375,0.0224151611328125,0.279296875,PREV_correct__CURR_correct,PREV_correct__CURR_correct,camera,unknown
E14_Degraded,ai_sb_midjourney-v5_130_r09a60f63t_test_whatsapp_q75,AI,0.80908203125,0.99072265625,0.93017578125,PREV_correct__CURR_correct,PREV_correct__CURR_correct,midjourney-v5,unknown
E14_Degraded,ai_sb_midjourney-v5_130_r09a60f63t_test_resize_q80,AI,0.8330078125,0.9873046875,0.9375,PREV_correct__CURR_correct,PREV_correct__CURR_correct,midjourney-v5,unknown
E14_Degraded,ai_sb_midjourney-v5_130_r09a60f63t_test_double_jpeg,AI,0.75439453125,0.97802734375,0.9384765625,PREV_correct__CURR_correct,PREV_correct__CURR_correct,midjourney-v5,unknown
E14_Degraded,real_raise_191_r18d72ab2t_test_whatsapp_q75,Real,0.00400543212890625,0.003124237060546875,0.451171875,PREV_correct__CURR_correct,PREV_correct__CURR_correct,camera,unknown
E14_Degraded,real_raise_191_r18d72ab2t_test_resize_q80,Real,0.005161285400390625,0.00579833984375,0.456787109375,PREV_correct__CURR_correct,PREV_correct__CURR_correct,camera,unknown
E14_Degraded,real_raise_191_r18d72ab2t_test_double_jpeg,Real,0.0004222393035888672,0.00464630126953125,0.6328125,PREV_correct__CURR_wrong,PREV_correct__CURR_wrong,camera,unknown
E14_Degraded,real_raise_208_r1aa53167t_test_whatsapp_q75,Real,0.00234222412109375,0.0322265625,0.4033203125,PREV_correct__CURR_correct,PREV_correct__CURR_correct,camera,unknown
E14_Degraded,real_raise_208_r1aa53167t_test_resize_q80,Real,0.0018892288208007812,0.034759521484375,0.37548828125,PREV_correct__CURR_correct,PREV_correct__CURR_correct,camera,unknown
E14_Degraded,real_raise_208_r1aa53167t_test_double_jpeg,Real,0.001964569091796875,0.03228759765625,0.360595703125,PREV_correct__CURR_correct,PREV_correct__CURR_correct,camera,unknown
E14_Degraded,real_raise_202_r1a4651edt_test_whatsapp_q75,Real,4.9114227294921875e-05,0.00821685791015625,0.06451416015625,PREV_correct__CURR_correct,PREV_correct__CURR_correct,camera,unknown
E14_Degraded,real_raise_202_r1a4651edt_test_resize_q80,Real,0.000110626220703125,0.00844573974609375,0.06427001953125,PREV_correct__CURR_correct,PREV_correct__CURR_correct,camera,unknown
E14_Degraded,real_raise_202_r1a4651edt_test_double_jpeg,Real,2.3543834686279297e-05,0.00731658935546875,0.059967041015625,PREV_correct__CURR_correct,PREV_correct__CURR_correct,camera,unknown
E14_Degraded,ai_sb_dalle2_003_r026b5360t_test_whatsapp_q75,AI,0.71826171875,0.292236328125,0.92138671875,PREV_wrong__CURR_correct,PREV_correct__CURR_correct,dalle2,unknown
E14_Degraded,ai_sb_dalle2_003_r026b5360t_test_resize_q80,AI,0.7861328125,0.3291015625,0.92333984375,PREV_wrong__CURR_correct,PREV_correct__CURR_correct,dalle2,unknown
E14_Degraded,ai_sb_dalle2_003_r026b5360t_test_double_jpeg,AI,0.410888671875,0.1422119140625,0.8623046875,PREV_wrong__CURR_correct,PREV_wrong__CURR_correct,dalle2,unknown
E14_Degraded,ai_sb_supp_dalle2_002_r002fc3e2t_test_whatsapp_q75,AI,0.419921875,0.55859375,0.99169921875,PREV_correct__CURR_correct,PREV_wrong__CURR_correct,dalle2,unknown
E14_Degraded,ai_sb_supp_dalle2_002_r002fc3e2t_test_resize_q80,AI,0.43212890625,0.64794921875,0.99365234375,PREV_correct__CURR_correct,PREV_wrong__CURR_correct,dalle2,unknown
E14_Degraded,ai_sb_supp_dalle2_002_r002fc3e2t_test_double_jpeg,AI,0.185791015625,0.5078125,0.98095703125,PREV_correct__CURR_correct,PREV_wrong__CURR_correct,dalle2,unknown
E14_Degraded,ai_sb_firefly_075_r0f5beb66t_test_whatsapp_q75,AI,0.00701141357421875,0.0021152496337890625,0.10614013671875,PREV_wrong__CURR_wrong,PREV_wrong__CURR_wrong,firefly,unknown
E14_Degraded,ai_sb_firefly_075_r0f5beb66t_test_resize_q80,AI,0.00464630126953125,0.00217437744140625,0.103759765625,PREV_wrong__CURR_wrong,PREV_wrong__CURR_wrong,firefly,unknown
E14_Degraded,ai_sb_firefly_075_r0f5beb66t_test_double_jpeg,AI,0.0018310546875,0.0016231536865234375,0.05419921875,PREV_wrong__CURR_wrong,PREV_wrong__CURR_wrong,firefly,unknown
E14_Degraded,ai_sb_midjourney-v5_146_r1ad2de34t_test_whatsapp_q75,AI,0.1900634765625,0.033477783203125,0.80126953125,PREV_wrong__CURR_correct,PREV_wrong__CURR_correct,midjourney-v5,unknown
E14_Degraded,ai_sb_midjourney-v5_146_r1ad2de34t_test_resize_q80,AI,0.2257080078125,0.0262603759765625,0.77685546875,PREV_wrong__CURR_correct,PREV_wrong__CURR_correct,midjourney-v5,unknown
E14_Degraded,ai_sb_midjourney-v5_146_r1ad2de34t_test_double_jpeg,AI,0.14306640625,0.0235137939453125,0.78076171875,PREV_wrong__CURR_correct,PREV_wrong__CURR_correct,midjourney-v5,unknown
E14_Degraded,ai_sb_stable-diffusion-2_231_r159d3942t_test_whatsapp_q75,AI,0.0054473876953125,0.06256103515625,0.02337646484375,PREV_wrong__CURR_wrong,PREV_wrong__CURR_wrong,stable-diffusion-2,unknown
E14_Degraded,ai_sb_stable-diffusion-2_231_r159d3942t_test_resize_q80,AI,0.01322174072265625,0.05706787109375,0.0322265625,PREV_wrong__CURR_wrong,PREV_wrong__CURR_wrong,stable-diffusion-2,unknown
E14_Degraded,ai_sb_stable-diffusion-2_231_r159d3942t_test_double_jpeg,AI,0.0017824172973632812,0.0635986328125,0.0153045654296875,PREV_wrong__CURR_wrong,PREV_wrong__CURR_wrong,stable-diffusion-2,unknown
E14_Degraded,real_raise_075_r09851aa4t_test_whatsapp_q75,Real,0.00426483154296875,0.0245208740234375,0.255615234375,PREV_correct__CURR_correct,PREV_correct__CURR_correct,camera,unknown
E14_Degraded,real_raise_075_r09851aa4t_test_resize_q80,Real,0.0029354095458984375,0.0207672119140625,0.198486328125,PREV_correct__CURR_correct,PREV_correct__CURR_correct,camera,unknown
E14_Degraded,real_raise_075_r09851aa4t_test_double_jpeg,Real,0.0020351409912109375,0.0177764892578125,0.1851806640625,PREV_correct__CURR_correct,PREV_correct__CURR_correct,camera,unknown
E14_Degraded,real_raise_110_r0ea0825ft_test_whatsapp_q75,Real,0.00424957275390625,0.732421875,0.84423828125,PREV_wrong__CURR_wrong,PREV_correct__CURR_wrong,camera,unknown
E14_Degraded,real_raise_110_r0ea0825ft_test_resize_q80,Real,0.00323486328125,0.640625,0.76416015625,PREV_wrong__CURR_wrong,PREV_correct__CURR_wrong,camera,unknown
E14_Degraded,real_raise_110_r0ea0825ft_test_double_jpeg,Real,0.0012159347534179688,0.6826171875,0.71728515625,PREV_wrong__CURR_wrong,PREV_correct__CURR_wrong,camera,unknown
E14_Degraded,ai_sb_glide_109_r138ad247t_test_whatsapp_q75,AI,0.41552734375,0.278076171875,0.9697265625,PREV_wrong__CURR_correct,PREV_wrong__CURR_correct,glide,unknown
E14_Degraded,ai_sb_glide_109_r138ad247t_test_resize_q80,AI,0.451904296875,0.28662109375,0.9775390625,PREV_wrong__CURR_correct,PREV_wrong__CURR_correct,glide,unknown
E14_Degraded,ai_sb_glide_109_r138ad247t_test_double_jpeg,AI,0.347412109375,0.25439453125,0.962890625,PREV_wrong__CURR_correct,PREV_wrong__CURR_correct,glide,unknown
E14_Degraded,ai_sb_stable-diffusion-1-4_192_r0b7b1156t_test_whatsapp_q75,AI,0.828125,0.264404296875,0.95166015625,PREV_wrong__CURR_correct,PREV_correct__CURR_correct,stable-diffusion-1-4,unknown
E14_Degraded,ai_sb_stable-diffusion-1-4_192_r0b7b1156t_test_resize_q80,AI,0.7890625,0.26123046875,0.923828125,PREV_wrong__CURR_correct,PREV_correct__CURR_correct,stable-diffusion-1-4,unknown
E14_Degraded,ai_sb_stable-diffusion-1-4_192_r0b7b1156t_test_double_jpeg,AI,0.40869140625,0.1134033203125,0.646484375,PREV_wrong__CURR_correct,PREV_wrong__CURR_correct,stable-diffusion-1-4,unknown
E14_Degraded,real_raise_230_r1d00d8ect_test_whatsapp_q75,Real,0.78857421875,0.0194244384765625,0.86376953125,PREV_correct__CURR_wrong,PREV_wrong__CURR_wrong,camera,unknown
E14_Degraded,real_raise_230_r1d00d8ect_test_resize_q80,Real,0.76953125,0.017242431640625,0.8447265625,PREV_correct__CURR_wrong,PREV_wrong__CURR_wrong,camera,unknown
E14_Degraded,real_raise_230_r1d00d8ect_test_double_jpeg,Real,0.6181640625,0.00577545166015625,0.8232421875,PREV_correct__CURR_wrong,PREV_wrong__CURR_wrong,camera,unknown
E14_Degraded,ai_sb_dalle3_056_r1ad2de34t_test_whatsapp_q75,AI,0.99267578125,0.576171875,0.99853515625,PREV_correct__CURR_correct,PREV_correct__CURR_correct,dalle3,unknown
E14_Degraded,ai_sb_dalle3_056_r1ad2de34t_test_resize_q80,AI,0.99169921875,0.564453125,0.998046875,PREV_correct__CURR_correct,PREV_correct__CURR_correct,dalle3,unknown
E14_Degraded,ai_sb_dalle3_056_r1ad2de34t_test_double_jpeg,AI,0.97216796875,0.3291015625,0.99560546875,PREV_wrong__CURR_correct,PREV_correct__CURR_correct,dalle3,unknown
E14_Degraded,real_raise_072_r09445479t_test_whatsapp_q75,Real,0.013275146484375,0.01450347900390625,0.8779296875,PREV_correct__CURR_wrong,PREV_correct__CURR_wrong,camera,unknown
E14_Degraded,real_raise_072_r09445479t_test_resize_q80,Real,0.0194244384765625,0.01312255859375,0.88427734375,PREV_correct__CURR_wrong,PREV_correct__CURR_wrong,camera,unknown
E14_Degraded,real_raise_072_r09445479t_test_double_jpeg,Real,0.00894927978515625,0.00971221923828125,0.87939453125,PREV_correct__CURR_wrong,PREV_correct__CURR_wrong,camera,unknown
E14_Degraded,ai_sb_stable-diffusion-1-3_179_r1d9a31fct_test_whatsapp_q75,AI,0.0121002197265625,0.0032100677490234375,0.38720703125,PREV_wrong__CURR_wrong,PREV_wrong__CURR_wrong,stable-diffusion-1-3,unknown
E14_Degraded,ai_sb_stable-diffusion-1-3_179_r1d9a31fct_test_resize_q80,AI,0.00734710693359375,0.0025310516357421875,0.2427978515625,PREV_wrong__CURR_wrong,PREV_wrong__CURR_wrong,stable-diffusion-1-3,unknown
E14_Degraded,ai_sb_stable-diffusion-1-3_179_r1d9a31fct_test_double_jpeg,AI,0.0011472702026367188,0.0037212371826171875,0.0618896484375,PREV_wrong__CURR_wrong,PREV_wrong__CURR_wrong,stable-diffusion-1-3,unknown
E14_Degraded,ai_sb_dalle2_010_r09a60f63t_test_whatsapp_q75,AI,0.966796875,0.99462890625,0.98974609375,PREV_correct__CURR_correct,PREV_correct__CURR_correct,dalle2,unknown
E14_Degraded,ai_sb_dalle2_010_r09a60f63t_test_resize_q80,AI,0.96728515625,0.99267578125,0.98681640625,PREV_correct__CURR_correct,PREV_correct__CURR_correct,dalle2,unknown
E14_Degraded,ai_sb_dalle2_010_r09a60f63t_test_double_jpeg,AI,0.92919921875,0.9912109375,0.98291015625,PREV_correct__CURR_correct,PREV_correct__CURR_correct,dalle2,unknown
E14_Degraded,real_raise_supp_050_r1a8ee526t_test_whatsapp_q75,Real,0.0205230712890625,0.186279296875,0.9423828125,PREV_correct__CURR_wrong,PREV_correct__CURR_wrong,camera,unknown
E14_Degraded,real_raise_supp_050_r1a8ee526t_test_resize_q80,Real,0.05194091796875,0.1680908203125,0.92529296875,PREV_correct__CURR_wrong,PREV_correct__CURR_wrong,camera,unknown
E14_Degraded,real_raise_supp_050_r1a8ee526t_test_double_jpeg,Real,0.0024623870849609375,0.054107666015625,0.849609375,PREV_correct__CURR_wrong,PREV_correct__CURR_wrong,camera,unknown
E14_Degraded,real_raise_022_r02f1ba48t_test_whatsapp_q75,Real,0.84521484375,0.0257110595703125,0.82568359375,PREV_correct__CURR_wrong,PREV_wrong__CURR_wrong,camera,unknown
E14_Degraded,real_raise_022_r02f1ba48t_test_resize_q80,Real,0.8828125,0.0252227783203125,0.82958984375,PREV_correct__CURR_wrong,PREV_wrong__CURR_wrong,camera,unknown
E14_Degraded,real_raise_022_r02f1ba48t_test_double_jpeg,Real,0.8037109375,0.0242767333984375,0.84130859375,PREV_correct__CURR_wrong,PREV_wrong__CURR_wrong,camera,unknown
E14_Degraded,ai_sb_glide_092_r0150031ft_test_whatsapp_q75,AI,0.986328125,0.197021484375,0.89013671875,PREV_wrong__CURR_correct,PREV_correct__CURR_correct,glide,unknown
E14_Degraded,ai_sb_glide_092_r0150031ft_test_resize_q80,AI,0.99365234375,0.1961669921875,0.91845703125,PREV_wrong__CURR_correct,PREV_correct__CURR_correct,glide,unknown
E14_Degraded,ai_sb_glide_092_r0150031ft_test_double_jpeg,AI,0.86572265625,0.1331787109375,0.87744140625,PREV_wrong__CURR_correct,PREV_correct__CURR_correct,glide,unknown
E14_Degraded,real_raise_158_r14289905t_test_whatsapp_q75,Real,0.417724609375,0.006587982177734375,0.7646484375,PREV_correct__CURR_wrong,PREV_correct__CURR_wrong,camera,unknown
E14_Degraded,real_raise_158_r14289905t_test_resize_q80,Real,0.39697265625,0.00557708740234375,0.72314453125,PREV_correct__CURR_wrong,PREV_correct__CURR_wrong,camera,unknown
E14_Degraded,real_raise_158_r14289905t_test_double_jpeg,Real,0.350830078125,0.0054473876953125,0.70849609375,PREV_correct__CURR_wrong,PREV_correct__CURR_wrong,camera,unknown
E14_Degraded,real_raise_210_r1ae12b3ft_test_whatsapp_q75,Real,0.00142669677734375,0.3134765625,0.1978759765625,PREV_correct__CURR_correct,PREV_correct__CURR_correct,camera,unknown
E14_Degraded,real_raise_210_r1ae12b3ft_test_resize_q80,Real,0.0016107559204101562,0.344482421875,0.29443359375,PREV_correct__CURR_correct,PREV_correct__CURR_correct,camera,unknown
E14_Degraded,real_raise_210_r1ae12b3ft_test_double_jpeg,Real,0.001461029052734375,0.3583984375,0.1883544921875,PREV_correct__CURR_correct,PREV_correct__CURR_correct,camera,unknown
E14_Degraded,ai_sb_stable-diffusion-1-4_208_r1c9fdcf4t_test_whatsapp_q75,AI,0.0007319450378417969,0.031494140625,0.8095703125,PREV_wrong__CURR_correct,PREV_wrong__CURR_correct,stable-diffusion-1-4,unknown
E14_Degraded,ai_sb_stable-diffusion-1-4_208_r1c9fdcf4t_test_resize_q80,AI,0.0041351318359375,0.0343017578125,0.81005859375,PREV_wrong__CURR_correct,PREV_wrong__CURR_correct,stable-diffusion-1-4,unknown
E14_Degraded,ai_sb_stable-diffusion-1-4_208_r1c9fdcf4t_test_double_jpeg,AI,0.00011593103408813477,0.023468017578125,0.61328125,PREV_wrong__CURR_correct,PREV_wrong__CURR_correct,stable-diffusion-1-4,unknown
E14_Degraded,ai_sb_glide_097_r06743f8ft_test_whatsapp_q75,AI,0.25,0.449462890625,0.52978515625,PREV_wrong__CURR_correct,PREV_wrong__CURR_correct,glide,unknown
E14_Degraded,ai_sb_glide_097_r06743f8ft_test_resize_q80,AI,0.5302734375,0.6552734375,0.6357421875,PREV_correct__CURR_correct,PREV_correct__CURR_correct,glide,unknown
E14_Degraded,ai_sb_glide_097_r06743f8ft_test_double_jpeg,AI,0.0460205078125,0.37939453125,0.490966796875,PREV_wrong__CURR_wrong,PREV_wrong__CURR_wrong,glide,unknown
E14_Degraded,ai_sb_stable-diffusion-1-3_151_r000da54ft_test_whatsapp_q75,AI,0.728515625,0.010528564453125,0.9423828125,PREV_wrong__CURR_correct,PREV_correct__CURR_correct,stable-diffusion-1-3,unknown
E14_Degraded,ai_sb_stable-diffusion-1-3_151_r000da54ft_test_resize_q80,AI,0.6953125,0.006984710693359375,0.92822265625,PREV_wrong__CURR_correct,PREV_correct__CURR_correct,stable-diffusion-1-3,unknown
E14_Degraded,ai_sb_stable-diffusion-1-3_151_r000da54ft_test_double_jpeg,AI,0.093994140625,0.005687713623046875,0.69482421875,PREV_wrong__CURR_correct,PREV_wrong__CURR_correct,stable-diffusion-1-3,unknown
E14_Degraded,ai_sb_firefly_070_r09a60f63t_test_whatsapp_q75,AI,0.75927734375,0.98974609375,0.98876953125,PREV_correct__CURR_correct,PREV_correct__CURR_correct,firefly,unknown
E14_Degraded,ai_sb_firefly_070_r09a60f63t_test_resize_q80,AI,0.8271484375,0.98583984375,0.98974609375,PREV_correct__CURR_correct,PREV_correct__CURR_correct,firefly,unknown
E14_Degraded,ai_sb_firefly_070_r09a60f63t_test_double_jpeg,AI,0.373779296875,0.978515625,0.982421875,PREV_correct__CURR_correct,PREV_wrong__CURR_correct,firefly,unknown
E14_Degraded,real_raise_189_r187df69ft_test_whatsapp_q75,Real,0.04638671875,0.0287017822265625,0.841796875,PREV_correct__CURR_wrong,PREV_correct__CURR_wrong,camera,unknown
E14_Degraded,real_raise_189_r187df69ft_test_resize_q80,Real,0.02069091796875,0.021331787109375,0.80126953125,PREV_correct__CURR_wrong,PREV_correct__CURR_wrong,camera,unknown
E14_Degraded,real_raise_189_r187df69ft_test_double_jpeg,Real,0.00997161865234375,0.0165252685546875,0.771484375,PREV_correct__CURR_wrong,PREV_correct__CURR_wrong,camera,unknown
E14_Degraded,ai_sb_stable-diffusion-2_234_r1900f7c7t_test_whatsapp_q75,AI,0.0153656005859375,0.0016422271728515625,0.890625,PREV_wrong__CURR_correct,PREV_wrong__CURR_correct,stable-diffusion-2,unknown
E14_Degraded,ai_sb_stable-diffusion-2_234_r1900f7c7t_test_resize_q80,AI,0.01678466796875,0.0026531219482421875,0.90185546875,PREV_wrong__CURR_correct,PREV_wrong__CURR_correct,stable-diffusion-2,unknown
E14_Degraded,ai_sb_stable-diffusion-2_234_r1900f7c7t_test_double_jpeg,AI,0.0120086669921875,0.0017004013061523438,0.8525390625,PREV_wrong__CURR_correct,PREV_wrong__CURR_correct,stable-diffusion-2,unknown
E14_Degraded,ai_sb_firefly_088_r1c9fdcf4t_test_whatsapp_q75,AI,0.10894775390625,0.451904296875,0.99755859375,PREV_wrong__CURR_correct,PREV_wrong__CURR_correct,firefly,unknown
E14_Degraded,ai_sb_firefly_088_r1c9fdcf4t_test_resize_q80,AI,0.3896484375,0.37646484375,0.99755859375,PREV_wrong__CURR_correct,PREV_wrong__CURR_correct,firefly,unknown
E14_Degraded,ai_sb_firefly_088_r1c9fdcf4t_test_double_jpeg,AI,0.019378662109375,0.172119140625,0.99658203125,PREV_wrong__CURR_correct,PREV_wrong__CURR_correct,firefly,unknown
E14_Degraded,real_raise_180_r173ee7e8t_test_whatsapp_q75,Real,0.00238800048828125,0.00763702392578125,0.1634521484375,PREV_correct__CURR_correct,PREV_correct__CURR_correct,camera,unknown
E14_Degraded,real_raise_180_r173ee7e8t_test_resize_q80,Real,0.003337860107421875,0.00861358642578125,0.171630859375,PREV_correct__CURR_correct,PREV_correct__CURR_correct,camera,unknown
E14_Degraded,real_raise_180_r173ee7e8t_test_double_jpeg,Real,0.0024623870849609375,0.006145477294921875,0.1497802734375,PREV_correct__CURR_correct,PREV_correct__CURR_correct,camera,unknown
E14_Degraded,real_raise_supp_022_r0b3220e1t_test_whatsapp_q75,Real,0.07275390625,0.039947509765625,0.943359375,PREV_correct__CURR_wrong,PREV_correct__CURR_wrong,camera,unknown
E14_Degraded,real_raise_supp_022_r0b3220e1t_test_resize_q80,Real,0.06634521484375,0.038909912109375,0.9052734375,PREV_correct__CURR_wrong,PREV_correct__CURR_wrong,camera,unknown
E14_Degraded,real_raise_supp_022_r0b3220e1t_test_double_jpeg,Real,0.03173828125,0.03643798828125,0.95166015625,PREV_correct__CURR_wrong,PREV_correct__CURR_wrong,camera,unknown
E14_Degraded,ai_sb_stable-diffusion-2_228_r1297fd0bt_test_whatsapp_q75,AI,0.845703125,0.9130859375,0.99169921875,PREV_correct__CURR_correct,PREV_correct__CURR_correct,stable-diffusion-2,unknown
E14_Degraded,ai_sb_stable-diffusion-2_228_r1297fd0bt_test_resize_q80,AI,0.9033203125,0.9306640625,0.9912109375,PREV_correct__CURR_correct,PREV_correct__CURR_correct,stable-diffusion-2,unknown
E14_Degraded,ai_sb_stable-diffusion-2_228_r1297fd0bt_test_double_jpeg,AI,0.74365234375,0.87744140625,0.98974609375,PREV_correct__CURR_correct,PREV_correct__CURR_correct,stable-diffusion-2,unknown
E14_Degraded,ai_sb_stable-diffusion-2_219_r08996953t_test_whatsapp_q75,AI,0.9189453125,0.07208251953125,0.9970703125,PREV_wrong__CURR_correct,PREV_correct__CURR_correct,stable-diffusion-2,unknown
E14_Degraded,ai_sb_stable-diffusion-2_219_r08996953t_test_resize_q80,AI,0.92578125,0.07763671875,0.99658203125,PREV_wrong__CURR_correct,PREV_correct__CURR_correct,stable-diffusion-2,unknown
E14_Degraded,ai_sb_stable-diffusion-2_219_r08996953t_test_double_jpeg,AI,0.673828125,0.0278472900390625,0.990234375,PREV_wrong__CURR_correct,PREV_correct__CURR_correct,stable-diffusion-2,unknown
E14_Degraded,ai_sb_stable-diffusion-1-3_171_r159d3942t_test_whatsapp_q75,AI,0.100341796875,0.0034027099609375,0.72607421875,PREV_wrong__CURR_correct,PREV_wrong__CURR_correct,stable-diffusion-1-3,unknown
E14_Degraded,ai_sb_stable-diffusion-1-3_171_r159d3942t_test_resize_q80,AI,0.09637451171875,0.003692626953125,0.68017578125,PREV_wrong__CURR_correct,PREV_wrong__CURR_correct,stable-diffusion-1-3,unknown
E14_Degraded,ai_sb_stable-diffusion-1-3_171_r159d3942t_test_double_jpeg,AI,0.00395965576171875,0.0029926300048828125,0.184326171875,PREV_wrong__CURR_wrong,PREV_wrong__CURR_wrong,stable-diffusion-1-3,unknown
E14_Degraded,real_raise_102_r0cfedd72t_test_whatsapp_q75,Real,0.05108642578125,0.011199951171875,0.298828125,PREV_correct__CURR_correct,PREV_correct__CURR_correct,camera,unknown
E14_Degraded,real_raise_102_r0cfedd72t_test_resize_q80,Real,0.08270263671875,0.01519012451171875,0.34423828125,PREV_correct__CURR_correct,PREV_correct__CURR_correct,camera,unknown
E14_Degraded,real_raise_102_r0cfedd72t_test_double_jpeg,Real,0.024658203125,0.0115966796875,0.289794921875,PREV_correct__CURR_correct,PREV_correct__CURR_correct,camera,unknown
E14_Degraded,ai_sb_stable-diffusion-1-4_193_r0cd4ffb0t_test_whatsapp_q75,AI,0.81103515625,0.331298828125,0.9970703125,PREV_wrong__CURR_correct,PREV_correct__CURR_correct,stable-diffusion-1-4,unknown
E14_Degraded,ai_sb_stable-diffusion-1-4_193_r0cd4ffb0t_test_resize_q80,AI,0.93408203125,0.34130859375,0.99755859375,PREV_wrong__CURR_correct,PREV_correct__CURR_correct,stable-diffusion-1-4,unknown
E14_Degraded,ai_sb_stable-diffusion-1-4_193_r0cd4ffb0t_test_double_jpeg,AI,0.081787109375,0.297119140625,0.97705078125,PREV_wrong__CURR_correct,PREV_wrong__CURR_correct,stable-diffusion-1-4,unknown
E14_Degraded,real_raise_170_r15f16465t_test_whatsapp_q75,Real,0.0284423828125,0.00319671630859375,0.41748046875,PREV_correct__CURR_correct,PREV_correct__CURR_correct,camera,unknown
E14_Degraded,real_raise_170_r15f16465t_test_resize_q80,Real,0.056640625,0.0063629150390625,0.41552734375,PREV_correct__CURR_correct,PREV_correct__CURR_correct,camera,unknown
E14_Degraded,real_raise_170_r15f16465t_test_double_jpeg,Real,0.001941680908203125,0.0020580291748046875,0.27978515625,PREV_correct__CURR_correct,PREV_correct__CURR_correct,camera,unknown
E14_Degraded,ai_sb_glide_118_r1c9fdcf4t_test_whatsapp_q75,AI,0.7080078125,0.57958984375,0.89697265625,PREV_correct__CURR_correct,PREV_correct__CURR_correct,glide,unknown
E14_Degraded,ai_sb_glide_118_r1c9fdcf4t_test_resize_q80,AI,0.8173828125,0.58984375,0.91943359375,PREV_correct__CURR_correct,PREV_correct__CURR_correct,glide,unknown
E14_Degraded,ai_sb_glide_118_r1c9fdcf4t_test_double_jpeg,AI,0.0225830078125,0.268310546875,0.7099609375,PREV_wrong__CURR_correct,PREV_wrong__CURR_correct,glide,unknown
E14_Degraded,real_raise_097_r0c1f588dt_test_whatsapp_q75,Real,0.16064453125,0.0041351318359375,0.71142578125,PREV_correct__CURR_wrong,PREV_correct__CURR_wrong,camera,unknown
E14_Degraded,real_raise_097_r0c1f588dt_test_resize_q80,Real,0.139892578125,0.00494384765625,0.67724609375,PREV_correct__CURR_wrong,PREV_correct__CURR_wrong,camera,unknown
E14_Degraded,real_raise_097_r0c1f588dt_test_double_jpeg,Real,0.0131683349609375,0.0022258758544921875,0.5654296875,PREV_correct__CURR_wrong,PREV_correct__CURR_wrong,camera,unknown
E14_Degraded,real_raise_121_r0faffef3t_test_whatsapp_q75,Real,0.271240234375,0.0592041015625,0.8125,PREV_correct__CURR_wrong,PREV_correct__CURR_wrong,camera,unknown
E14_Degraded,real_raise_121_r0faffef3t_test_resize_q80,Real,0.26513671875,0.05072021484375,0.79931640625,PREV_correct__CURR_wrong,PREV_correct__CURR_wrong,camera,unknown
E14_Degraded,real_raise_121_r0faffef3t_test_double_jpeg,Real,0.1319580078125,0.0236053466796875,0.72314453125,PREV_correct__CURR_wrong,PREV_correct__CURR_wrong,camera,unknown
E14_Degraded,ai_sb_midjourney-v5_138_r1297fd0bt_test_whatsapp_q75,AI,0.68701171875,0.439453125,0.51171875,PREV_wrong__CURR_correct,PREV_correct__CURR_correct,midjourney-v5,unknown
E14_Degraded,ai_sb_midjourney-v5_138_r1297fd0bt_test_resize_q80,AI,0.73486328125,0.444091796875,0.51416015625,PREV_wrong__CURR_correct,PREV_correct__CURR_correct,midjourney-v5,unknown
E14_Degraded,ai_sb_midjourney-v5_138_r1297fd0bt_test_double_jpeg,AI,0.339599609375,0.2264404296875,0.46923828125,PREV_wrong__CURR_wrong,PREV_wrong__CURR_wrong,midjourney-v5,unknown
E14_Degraded,real_raise_026_r0372042dt_test_whatsapp_q75,Real,0.1993408203125,0.281494140625,0.8173828125,PREV_correct__CURR_wrong,PREV_correct__CURR_wrong,camera,unknown
E14_Degraded,real_raise_026_r0372042dt_test_resize_q80,Real,0.409423828125,0.3349609375,0.87255859375,PREV_correct__CURR_wrong,PREV_correct__CURR_wrong,camera,unknown
E14_Degraded,real_raise_026_r0372042dt_test_double_jpeg,Real,0.044097900390625,0.1693115234375,0.74072265625,PREV_correct__CURR_wrong,PREV_correct__CURR_wrong,camera,unknown
E14_Degraded,ai_sb_midjourney-v5_133_r0cd4ffb0t_test_whatsapp_q75,AI,0.43310546875,0.54736328125,0.91845703125,PREV_correct__CURR_correct,PREV_wrong__CURR_correct,midjourney-v5,unknown
E14_Degraded,ai_sb_midjourney-v5_133_r0cd4ffb0t_test_resize_q80,AI,0.27783203125,0.468017578125,0.88525390625,PREV_wrong__CURR_correct,PREV_wrong__CURR_correct,midjourney-v5,unknown
E14_Degraded,ai_sb_midjourney-v5_133_r0cd4ffb0t_test_double_jpeg,AI,0.2044677734375,0.50146484375,0.90625,PREV_correct__CURR_correct,PREV_wrong__CURR_correct,midjourney-v5,unknown
E14_Degraded,real_raise_185_r180bcbd7t_test_whatsapp_q75,Real,0.000507354736328125,0.001934051513671875,0.63037109375,PREV_correct__CURR_wrong,PREV_correct__CURR_wrong,camera,unknown
E14_Degraded,real_raise_185_r180bcbd7t_test_resize_q80,Real,0.0005254745483398438,0.00147247314453125,0.650390625,PREV_correct__CURR_wrong,PREV_correct__CURR_wrong,camera,unknown
E14_Degraded,real_raise_185_r180bcbd7t_test_double_jpeg,Real,0.0002613067626953125,0.002590179443359375,0.52294921875,PREV_correct__CURR_wrong,PREV_correct__CURR_wrong,camera,unknown
E14_Degraded,real_raise_080_r0a19cb85t_test_whatsapp_q75,Real,0.0003726482391357422,0.0003669261932373047,0.0258636474609375,PREV_correct__CURR_correct,PREV_correct__CURR_correct,camera,unknown
E14_Degraded,real_raise_080_r0a19cb85t_test_resize_q80,Real,0.00043392181396484375,0.0003275871276855469,0.02069091796875,PREV_correct__CURR_correct,PREV_correct__CURR_correct,camera,unknown
E14_Degraded,real_raise_080_r0a19cb85t_test_double_jpeg,Real,4.13060188293457e-05,0.0005211830139160156,0.016845703125,PREV_correct__CURR_correct,PREV_correct__CURR_correct,camera,unknown
E14_Degraded,ai_sb_stable-diffusion-1-4_187_r06743f8ft_test_whatsapp_q75,AI,0.47119140625,0.68994140625,0.95751953125,PREV_correct__CURR_correct,PREV_wrong__CURR_correct,stable-diffusion-1-4,unknown
E14_Degraded,ai_sb_stable-diffusion-1-4_187_r06743f8ft_test_resize_q80,AI,0.57421875,0.73828125,0.97607421875,PREV_correct__CURR_correct,PREV_correct__CURR_correct,stable-diffusion-1-4,unknown
E14_Degraded,ai_sb_stable-diffusion-1-4_187_r06743f8ft_test_double_jpeg,AI,0.25,0.67919921875,0.92431640625,PREV_correct__CURR_correct,PREV_wrong__CURR_correct,stable-diffusion-1-4,unknown
E14_Degraded,real_raise_123_r0fdfc4f0t_test_whatsapp_q75,Real,0.0268096923828125,0.049041748046875,0.6513671875,PREV_correct__CURR_wrong,PREV_correct__CURR_wrong,camera,unknown
E14_Degraded,real_raise_123_r0fdfc4f0t_test_resize_q80,Real,0.037750244140625,0.028167724609375,0.58984375,PREV_correct__CURR_wrong,PREV_correct__CURR_wrong,camera,unknown
E14_Degraded,real_raise_123_r0fdfc4f0t_test_double_jpeg,Real,0.0018529891967773438,0.01495361328125,0.44091796875,PREV_correct__CURR_correct,PREV_correct__CURR_correct,camera,unknown
E14_Degraded,ai_sb_glide_107_r116825e2t_test_whatsapp_q75,AI,0.95703125,0.476318359375,0.92626953125,PREV_wrong__CURR_correct,PREV_correct__CURR_correct,glide,unknown
E14_Degraded,ai_sb_glide_107_r116825e2t_test_resize_q80,AI,0.9736328125,0.339111328125,0.9423828125,PREV_wrong__CURR_correct,PREV_correct__CURR_correct,glide,unknown
E14_Degraded,ai_sb_glide_107_r116825e2t_test_double_jpeg,AI,0.44287109375,0.194580078125,0.9111328125,PREV_wrong__CURR_correct,PREV_wrong__CURR_correct,glide,unknown
E14_Degraded,real_raise_045_r05bf2f53t_test_whatsapp_q75,Real,0.29541015625,0.34521484375,0.6474609375,PREV_correct__CURR_wrong,PREV_correct__CURR_wrong,camera,unknown
E14_Degraded,real_raise_045_r05bf2f53t_test_resize_q80,Real,0.406982421875,0.390625,0.72705078125,PREV_correct__CURR_wrong,PREV_correct__CURR_wrong,camera,unknown
E14_Degraded,real_raise_045_r05bf2f53t_test_double_jpeg,Real,0.2269287109375,0.285888671875,0.6884765625,PREV_correct__CURR_wrong,PREV_correct__CURR_wrong,camera,unknown
E14_Degraded,ai_sb_dalle3_053_r17fe8532t_test_whatsapp_q75,AI,0.48583984375,0.47802734375,0.97705078125,PREV_wrong__CURR_correct,PREV_wrong__CURR_correct,dalle3,unknown
E14_Degraded,ai_sb_dalle3_053_r17fe8532t_test_resize_q80,AI,0.37548828125,0.490478515625,0.9736328125,PREV_wrong__CURR_correct,PREV_wrong__CURR_correct,dalle3,unknown
E14_Degraded,ai_sb_dalle3_053_r17fe8532t_test_double_jpeg,AI,0.0167236328125,0.36572265625,0.96630859375,PREV_wrong__CURR_correct,PREV_wrong__CURR_correct,dalle3,unknown
E14_Degraded,ai_sb_stable-diffusion-2_213_r026b5360t_test_whatsapp_q75,AI,0.1329345703125,0.6171875,0.9619140625,PREV_correct__CURR_correct,PREV_wrong__CURR_correct,stable-diffusion-2,unknown
E14_Degraded,ai_sb_stable-diffusion-2_213_r026b5360t_test_resize_q80,AI,0.2109375,0.80126953125,0.98388671875,PREV_correct__CURR_correct,PREV_wrong__CURR_correct,stable-diffusion-2,unknown
E14_Degraded,ai_sb_stable-diffusion-2_213_r026b5360t_test_double_jpeg,AI,0.045440673828125,0.8740234375,0.97119140625,PREV_correct__CURR_correct,PREV_wrong__CURR_correct,stable-diffusion-2,unknown
E14_Degraded,real_raise_018_r0279b17bt_test_whatsapp_q75,Real,0.008544921875,0.013427734375,0.194580078125,PREV_correct__CURR_correct,PREV_correct__CURR_correct,camera,unknown
E14_Degraded,real_raise_018_r0279b17bt_test_resize_q80,Real,0.00806427001953125,0.0193023681640625,0.216552734375,PREV_correct__CURR_correct,PREV_correct__CURR_correct,camera,unknown
E14_Degraded,real_raise_018_r0279b17bt_test_double_jpeg,Real,0.007289886474609375,0.0169219970703125,0.1978759765625,PREV_correct__CURR_correct,PREV_correct__CURR_correct,camera,unknown
E14_Degraded,real_raise_055_r0703243bt_test_whatsapp_q75,Real,0.1363525390625,0.0018825531005859375,0.8466796875,PREV_correct__CURR_wrong,PREV_correct__CURR_wrong,camera,unknown
E14_Degraded,real_raise_055_r0703243bt_test_resize_q80,Real,0.1177978515625,0.0019044876098632812,0.82763671875,PREV_correct__CURR_wrong,PREV_correct__CURR_wrong,camera,unknown
E14_Degraded,real_raise_055_r0703243bt_test_double_jpeg,Real,0.06634521484375,0.0016613006591796875,0.798828125,PREV_correct__CURR_wrong,PREV_correct__CURR_wrong,camera,unknown
E14_Degraded,ai_sb_firefly_079_r138ad247t_test_whatsapp_q75,AI,0.06097412109375,0.02386474609375,0.818359375,PREV_wrong__CURR_correct,PREV_wrong__CURR_correct,firefly,unknown
E14_Degraded,ai_sb_firefly_079_r138ad247t_test_resize_q80,AI,0.06634521484375,0.0211181640625,0.8251953125,PREV_wrong__CURR_correct,PREV_wrong__CURR_correct,firefly,unknown
E14_Degraded,ai_sb_firefly_079_r138ad247t_test_double_jpeg,AI,0.0546875,0.0177764892578125,0.79736328125,PREV_wrong__CURR_correct,PREV_wrong__CURR_correct,firefly,unknown
E14_Degraded,ai_sb_firefly_090_r1e9082f9t_test_whatsapp_q75,AI,0.07806396484375,0.01363372802734375,0.7919921875,PREV_wrong__CURR_correct,PREV_wrong__CURR_correct,firefly,unknown
E14_Degraded,ai_sb_firefly_090_r1e9082f9t_test_resize_q80,AI,0.0457763671875,0.011962890625,0.7734375,PREV_wrong__CURR_correct,PREV_wrong__CURR_correct,firefly,unknown
E14_Degraded,ai_sb_firefly_090_r1e9082f9t_test_double_jpeg,AI,0.010650634765625,0.01332855224609375,0.81396484375,PREV_wrong__CURR_correct,PREV_wrong__CURR_correct,firefly,unknown
E14_Degraded,ai_sb_stable-diffusion-2_225_r0f5beb66t_test_whatsapp_q75,AI,0.9169921875,0.21142578125,0.97216796875,PREV_wrong__CURR_correct,PREV_correct__CURR_correct,stable-diffusion-2,unknown
E14_Degraded,ai_sb_stable-diffusion-2_225_r0f5beb66t_test_resize_q80,AI,0.869140625,0.2259521484375,0.9619140625,PREV_wrong__CURR_correct,PREV_correct__CURR_correct,stable-diffusion-2,unknown
E14_Degraded,ai_sb_stable-diffusion-2_225_r0f5beb66t_test_double_jpeg,AI,0.78076171875,0.263671875,0.95068359375,PREV_wrong__CURR_correct,PREV_correct__CURR_correct,stable-diffusion-2,unknown
E14_Degraded,ai_sb_supp_stable-diffusion-1-4_020_r002fc3e2t_test_whatsapp_q75,AI,0.896484375,0.046630859375,0.82958984375,PREV_wrong__CURR_correct,PREV_correct__CURR_correct,stable-diffusion-1-4,unknown
E14_Degraded,ai_sb_supp_stable-diffusion-1-4_020_r002fc3e2t_test_resize_q80,AI,0.84130859375,0.04248046875,0.8583984375,PREV_wrong__CURR_correct,PREV_correct__CURR_correct,stable-diffusion-1-4,unknown
E14_Degraded,ai_sb_supp_stable-diffusion-1-4_020_r002fc3e2t_test_double_jpeg,AI,0.11962890625,0.040252685546875,0.468017578125,PREV_wrong__CURR_wrong,PREV_wrong__CURR_wrong,stable-diffusion-1-4,unknown
E14_Degraded,real_raise_206_r1a8fe570t_test_whatsapp_q75,Real,0.004085540771484375,0.0015544891357421875,0.1541748046875,PREV_correct__CURR_correct,PREV_correct__CURR_correct,camera,unknown
E14_Degraded,real_raise_206_r1a8fe570t_test_resize_q80,Real,0.004070281982421875,0.0013456344604492188,0.1312255859375,PREV_correct__CURR_correct,PREV_correct__CURR_correct,camera,unknown
E14_Degraded,real_raise_206_r1a8fe570t_test_double_jpeg,Real,0.0013456344604492188,0.0009326934814453125,0.0869140625,PREV_correct__CURR_correct,PREV_correct__CURR_correct,camera,unknown
E14_Degraded,real_raise_058_r079d086et_test_whatsapp_q75,Real,0.00399017333984375,4.035234451293945e-05,0.276611328125,PREV_correct__CURR_correct,PREV_correct__CURR_correct,camera,unknown
E14_Degraded,real_raise_058_r079d086et_test_resize_q80,Real,0.004520416259765625,3.3974647521972656e-05,0.2259521484375,PREV_correct__CURR_correct,PREV_correct__CURR_correct,camera,unknown
E14_Degraded,real_raise_058_r079d086et_test_double_jpeg,Real,0.0006718635559082031,3.820657730102539e-05,0.139892578125,PREV_correct__CURR_correct,PREV_correct__CURR_correct,camera,unknown
E14_Degraded,ai_sb_glide_101_r0a9384b1t_test_whatsapp_q75,AI,0.2880859375,0.43701171875,0.521484375,PREV_wrong__CURR_correct,PREV_wrong__CURR_correct,glide,unknown
E14_Degraded,ai_sb_glide_101_r0a9384b1t_test_resize_q80,AI,0.350830078125,0.408935546875,0.67431640625,PREV_wrong__CURR_correct,PREV_wrong__CURR_correct,glide,unknown
E14_Degraded,ai_sb_glide_101_r0a9384b1t_test_double_jpeg,AI,0.03662109375,0.34912109375,0.411376953125,PREV_wrong__CURR_wrong,PREV_wrong__CURR_wrong,glide,unknown
E14_Degraded,real_raise_supp_041_r15efd876t_test_whatsapp_q75,Real,0.46044921875,0.138916015625,0.9111328125,PREV_correct__CURR_wrong,PREV_correct__CURR_wrong,camera,unknown
E14_Degraded,real_raise_supp_041_r15efd876t_test_resize_q80,Real,0.43701171875,0.1650390625,0.91357421875,PREV_correct__CURR_wrong,PREV_correct__CURR_wrong,camera,unknown
E14_Degraded,real_raise_supp_041_r15efd876t_test_double_jpeg,Real,0.413330078125,0.12451171875,0.9228515625,PREV_correct__CURR_wrong,PREV_correct__CURR_wrong,camera,unknown
E14_Degraded,real_raise_supp_009_r04395e54t_test_whatsapp_q75,Real,0.051177978515625,0.00974273681640625,0.60546875,PREV_correct__CURR_wrong,PREV_correct__CURR_wrong,camera,unknown
E14_Degraded,real_raise_supp_009_r04395e54t_test_resize_q80,Real,0.04327392578125,0.01116180419921875,0.625,PREV_correct__CURR_wrong,PREV_correct__CURR_wrong,camera,unknown
E14_Degraded,real_raise_supp_009_r04395e54t_test_double_jpeg,Real,0.03228759765625,0.00757598876953125,0.5830078125,PREV_correct__CURR_wrong,PREV_correct__CURR_wrong,camera,unknown
E14_Degraded,real_raise_152_r13934dc7t_test_whatsapp_q75,Real,0.002452850341796875,0.0018606185913085938,0.986328125,PREV_correct__CURR_wrong,PREV_correct__CURR_wrong,camera,unknown
E14_Degraded,real_raise_152_r13934dc7t_test_resize_q80,Real,0.0015249252319335938,0.0013513565063476562,0.48095703125,PREV_correct__CURR_correct,PREV_correct__CURR_correct,camera,unknown
E14_Degraded,real_raise_152_r13934dc7t_test_double_jpeg,Real,0.0011157989501953125,0.0012159347534179688,0.82666015625,PREV_correct__CURR_wrong,PREV_correct__CURR_wrong,camera,unknown
E14_Degraded,real_raise_supp_028_r0f25b326t_test_whatsapp_q75,Real,0.271484375,0.03216552734375,0.90234375,PREV_correct__CURR_wrong,PREV_correct__CURR_wrong,camera,unknown
E14_Degraded,real_raise_supp_028_r0f25b326t_test_resize_q80,Real,0.371337890625,0.040252685546875,0.912109375,PREV_correct__CURR_wrong,PREV_correct__CURR_wrong,camera,unknown
E14_Degraded,real_raise_supp_028_r0f25b326t_test_double_jpeg,Real,0.1512451171875,0.03173828125,0.90283203125,PREV_correct__CURR_wrong,PREV_correct__CURR_wrong,camera,unknown
E14_Degraded,real_raise_supp_014_r070a874ct_test_whatsapp_q75,Real,0.07720947265625,0.00881195068359375,0.5068359375,PREV_correct__CURR_wrong,PREV_correct__CURR_wrong,camera,unknown
E14_Degraded,real_raise_supp_014_r070a874ct_test_resize_q80,Real,0.053009033203125,0.009521484375,0.4775390625,PREV_correct__CURR_correct,PREV_correct__CURR_correct,camera,unknown
E14_Degraded,real_raise_supp_014_r070a874ct_test_double_jpeg,Real,0.0489501953125,0.01049041748046875,0.44921875,PREV_correct__CURR_correct,PREV_correct__CURR_correct,camera,unknown
E14_Degraded,real_raise_supp_006_r02d732f8t_test_whatsapp_q75,Real,0.0018310546875,0.002590179443359375,0.08538818359375,PREV_correct__CURR_correct,PREV_correct__CURR_correct,camera,unknown
E14_Degraded,real_raise_supp_006_r02d732f8t_test_resize_q80,Real,0.0033245086669921875,0.00319671630859375,0.08251953125,PREV_correct__CURR_correct,PREV_correct__CURR_correct,camera,unknown
E14_Degraded,real_raise_supp_006_r02d732f8t_test_double_jpeg,Real,0.0003542900085449219,0.0033245086669921875,0.0830078125,PREV_correct__CURR_correct,PREV_correct__CURR_correct,camera,unknown
E14_Degraded,ai_sb_dalle2_022_r169c7350t_test_whatsapp_q75,AI,0.4267578125,0.204345703125,0.95751953125,PREV_wrong__CURR_correct,PREV_wrong__CURR_correct,dalle2,unknown
E14_Degraded,ai_sb_dalle2_022_r169c7350t_test_resize_q80,AI,0.494384765625,0.216064453125,0.9609375,PREV_wrong__CURR_correct,PREV_wrong__CURR_correct,dalle2,unknown
E14_Degraded,ai_sb_dalle2_022_r169c7350t_test_double_jpeg,AI,0.306884765625,0.2225341796875,0.9443359375,PREV_wrong__CURR_correct,PREV_wrong__CURR_correct,dalle2,unknown
E14_Degraded,real_raise_supp_025_r0cea5432t_test_whatsapp_q75,Real,0.005641937255859375,0.279052734375,0.67431640625,PREV_correct__CURR_wrong,PREV_correct__CURR_wrong,camera,unknown
E14_Degraded,real_raise_supp_025_r0cea5432t_test_resize_q80,Real,0.00557708740234375,0.193603515625,0.68994140625,PREV_correct__CURR_wrong,PREV_correct__CURR_wrong,camera,unknown
E14_Degraded,real_raise_supp_025_r0cea5432t_test_double_jpeg,Real,0.0020904541015625,0.255615234375,0.671875,PREV_correct__CURR_wrong,PREV_correct__CURR_wrong,camera,unknown
E14_Degraded,real_raise_242_r1e8acc5ct_test_whatsapp_q75,Real,0.004680633544921875,0.00473785400390625,0.1331787109375,PREV_correct__CURR_correct,PREV_correct__CURR_correct,camera,unknown
E14_Degraded,real_raise_242_r1e8acc5ct_test_resize_q80,Real,0.00806427001953125,0.0036640167236328125,0.1181640625,PREV_correct__CURR_correct,PREV_correct__CURR_correct,camera,unknown
E14_Degraded,real_raise_242_r1e8acc5ct_test_double_jpeg,Real,0.0015544891357421875,0.0035247802734375,0.10540771484375,PREV_correct__CURR_correct,PREV_correct__CURR_correct,camera,unknown
E14_Degraded,ai_sb_midjourney-v5_126_r056f233bt_test_whatsapp_q75,AI,0.1451416015625,0.697265625,0.5517578125,PREV_correct__CURR_correct,PREV_wrong__CURR_correct,midjourney-v5,unknown
E14_Degraded,ai_sb_midjourney-v5_126_r056f233bt_test_resize_q80,AI,0.2481689453125,0.66357421875,0.5458984375,PREV_correct__CURR_correct,PREV_wrong__CURR_correct,midjourney-v5,unknown
E14_Degraded,ai_sb_midjourney-v5_126_r056f233bt_test_double_jpeg,AI,0.0225372314453125,0.5830078125,0.416015625,PREV_correct__CURR_wrong,PREV_wrong__CURR_wrong,midjourney-v5,unknown
E14_Degraded,real_raise_035_r047aa954t_test_whatsapp_q75,Real,0.07666015625,0.06768798828125,0.388427734375,PREV_correct__CURR_correct,PREV_correct__CURR_correct,camera,unknown
E14_Degraded,real_raise_035_r047aa954t_test_resize_q80,Real,0.0762939453125,0.06744384765625,0.3994140625,PREV_correct__CURR_correct,PREV_correct__CURR_correct,camera,unknown
E14_Degraded,real_raise_035_r047aa954t_test_double_jpeg,Real,0.0251312255859375,0.0293121337890625,0.269775390625,PREV_correct__CURR_correct,PREV_correct__CURR_correct,camera,unknown
E14_Degraded,ai_sb_dalle2_012_r0b7b1156t_test_whatsapp_q75,AI,0.091552734375,0.10247802734375,0.8046875,PREV_wrong__CURR_correct,PREV_wrong__CURR_correct,dalle2,unknown
E14_Degraded,ai_sb_dalle2_012_r0b7b1156t_test_resize_q80,AI,0.1014404296875,0.11474609375,0.810546875,PREV_wrong__CURR_correct,PREV_wrong__CURR_correct,dalle2,unknown
E14_Degraded,ai_sb_dalle2_012_r0b7b1156t_test_double_jpeg,AI,0.028106689453125,0.0574951171875,0.7412109375,PREV_wrong__CURR_correct,PREV_wrong__CURR_correct,dalle2,unknown
E14_Degraded,real_raise_184_r17f60607t_test_whatsapp_q75,Real,0.00595855712890625,0.0087432861328125,0.391845703125,PREV_correct__CURR_correct,PREV_correct__CURR_correct,camera,unknown
E14_Degraded,real_raise_184_r17f60607t_test_resize_q80,Real,0.006122589111328125,0.0059814453125,0.34765625,PREV_correct__CURR_correct,PREV_correct__CURR_correct,camera,unknown
E14_Degraded,real_raise_184_r17f60607t_test_double_jpeg,Real,0.00621795654296875,0.004924774169921875,0.3544921875,PREV_correct__CURR_correct,PREV_correct__CURR_correct,camera,unknown
E14_Degraded,real_raise_127_r1070b804t_test_whatsapp_q75,Real,0.2064208984375,0.1622314453125,0.84912109375,PREV_correct__CURR_wrong,PREV_correct__CURR_wrong,camera,unknown
E14_Degraded,real_raise_127_r1070b804t_test_resize_q80,Real,0.1966552734375,0.146484375,0.81005859375,PREV_correct__CURR_wrong,PREV_correct__CURR_wrong,camera,unknown
E14_Degraded,real_raise_127_r1070b804t_test_double_jpeg,Real,0.09600830078125,0.09979248046875,0.81103515625,PREV_correct__CURR_wrong,PREV_correct__CURR_wrong,camera,unknown
E14_Degraded,ai_sb_stable-diffusion-1-3_176_r1ad2de34t_test_whatsapp_q75,AI,0.85009765625,0.183837890625,0.97607421875,PREV_wrong__CURR_correct,PREV_correct__CURR_correct,stable-diffusion-1-3,unknown
E14_Degraded,ai_sb_stable-diffusion-1-3_176_r1ad2de34t_test_resize_q80,AI,0.845703125,0.1446533203125,0.9697265625,PREV_wrong__CURR_correct,PREV_correct__CURR_correct,stable-diffusion-1-3,unknown
E14_Degraded,ai_sb_stable-diffusion-1-3_176_r1ad2de34t_test_double_jpeg,AI,0.2166748046875,0.089111328125,0.81298828125,PREV_wrong__CURR_correct,PREV_wrong__CURR_correct,stable-diffusion-1-3,unknown
E14_Degraded,ai_sb_firefly_076_r102b4aa4t_test_whatsapp_q75,AI,0.02691650390625,0.0225372314453125,0.7138671875,PREV_wrong__CURR_correct,PREV_wrong__CURR_correct,firefly,unknown
E14_Degraded,ai_sb_firefly_076_r102b4aa4t_test_resize_q80,AI,0.0296478271484375,0.02056884765625,0.71728515625,PREV_wrong__CURR_correct,PREV_wrong__CURR_correct,firefly,unknown
E14_Degraded,ai_sb_firefly_076_r102b4aa4t_test_double_jpeg,AI,0.008575439453125,0.01132965087890625,0.60107421875,PREV_wrong__CURR_correct,PREV_wrong__CURR_correct,firefly,unknown
E14_Degraded,ai_sb_supp_stable-diffusion-2_024_r00444b95t_test_whatsapp_q75,AI,0.94287109375,0.01262664794921875,0.99267578125,PREV_wrong__CURR_correct,PREV_correct__CURR_correct,stable-diffusion-2,unknown
E14_Degraded,ai_sb_supp_stable-diffusion-2_024_r00444b95t_test_resize_q80,AI,0.9306640625,0.01137542724609375,0.9892578125,PREV_wrong__CURR_correct,PREV_correct__CURR_correct,stable-diffusion-2,unknown
E14_Degraded,ai_sb_supp_stable-diffusion-2_024_r00444b95t_test_double_jpeg,AI,0.892578125,0.005405426025390625,0.98876953125,PREV_wrong__CURR_correct,PREV_correct__CURR_correct,stable-diffusion-2,unknown
E14_Degraded,ai_sb_stable-diffusion-2_215_r045be2act_test_whatsapp_q75,AI,0.96875,0.41455078125,0.998046875,PREV_wrong__CURR_correct,PREV_correct__CURR_correct,stable-diffusion-2,unknown
E14_Degraded,ai_sb_stable-diffusion-2_215_r045be2act_test_resize_q80,AI,0.96728515625,0.30322265625,0.99658203125,PREV_wrong__CURR_correct,PREV_correct__CURR_correct,stable-diffusion-2,unknown
E14_Degraded,ai_sb_stable-diffusion-2_215_r045be2act_test_double_jpeg,AI,0.8662109375,0.0948486328125,0.99609375,PREV_wrong__CURR_correct,PREV_correct__CURR_correct,stable-diffusion-2,unknown
E14_Degraded,ai_sb_stable-diffusion-1-3_177_r1bdb6385t_test_whatsapp_q75,AI,0.259765625,0.044677734375,0.9833984375,PREV_wrong__CURR_correct,PREV_wrong__CURR_correct,stable-diffusion-1-3,unknown
E14_Degraded,ai_sb_stable-diffusion-1-3_177_r1bdb6385t_test_resize_q80,AI,0.461669921875,0.0279083251953125,0.982421875,PREV_wrong__CURR_correct,PREV_wrong__CURR_correct,stable-diffusion-1-3,unknown
E14_Degraded,ai_sb_stable-diffusion-1-3_177_r1bdb6385t_test_double_jpeg,AI,0.09417724609375,0.03656005859375,0.96240234375,PREV_wrong__CURR_correct,PREV_wrong__CURR_correct,stable-diffusion-1-3,unknown
E14_Degraded,ai_sb_stable-diffusion-2_212_r0150031ft_test_whatsapp_q75,AI,0.427978515625,0.007488250732421875,0.94970703125,PREV_wrong__CURR_correct,PREV_wrong__CURR_correct,stable-diffusion-2,unknown
E14_Degraded,ai_sb_stable-diffusion-2_212_r0150031ft_test_resize_q80,AI,0.3525390625,0.01483917236328125,0.95263671875,PREV_wrong__CURR_correct,PREV_wrong__CURR_correct,stable-diffusion-2,unknown
E14_Degraded,ai_sb_stable-diffusion-2_212_r0150031ft_test_double_jpeg,AI,0.25537109375,0.005428314208984375,0.9208984375,PREV_wrong__CURR_correct,PREV_wrong__CURR_correct,stable-diffusion-2,unknown
E14_Degraded,real_raise_supp_039_r14902ba4t_test_whatsapp_q75,Real,0.00254058837890625,0.08477783203125,0.6318359375,PREV_correct__CURR_wrong,PREV_correct__CURR_wrong,camera,unknown
E14_Degraded,real_raise_supp_039_r14902ba4t_test_resize_q80,Real,0.00327301025390625,0.10577392578125,0.607421875,PREV_correct__CURR_wrong,PREV_correct__CURR_wrong,camera,unknown
E14_Degraded,real_raise_supp_039_r14902ba4t_test_double_jpeg,Real,0.002002716064453125,0.0762939453125,0.6005859375,PREV_correct__CURR_wrong,PREV_correct__CURR_wrong,camera,unknown
E14_Degraded,real_raise_070_r08d2b4dat_test_whatsapp_q75,Real,0.03216552734375,0.0005359649658203125,0.1368408203125,PREV_correct__CURR_correct,PREV_correct__CURR_correct,camera,unknown
E14_Degraded,real_raise_070_r08d2b4dat_test_resize_q80,Real,0.037200927734375,0.0006237030029296875,0.14013671875,PREV_correct__CURR_correct,PREV_correct__CURR_correct,camera,unknown
E14_Degraded,real_raise_070_r08d2b4dat_test_double_jpeg,Real,0.0235595703125,0.0005273818969726562,0.09417724609375,PREV_correct__CURR_correct,PREV_correct__CURR_correct,camera,unknown
E14_Degraded,ai_sb_dalle2_001_r000da54ft_test_whatsapp_q75,AI,0.348876953125,0.01554107666015625,0.89599609375,PREV_wrong__CURR_correct,PREV_wrong__CURR_correct,dalle2,unknown
E14_Degraded,ai_sb_dalle2_001_r000da54ft_test_resize_q80,AI,0.39501953125,0.0165863037109375,0.8974609375,PREV_wrong__CURR_correct,PREV_wrong__CURR_correct,dalle2,unknown
E14_Degraded,ai_sb_dalle2_001_r000da54ft_test_double_jpeg,AI,0.191650390625,0.0119171142578125,0.84765625,PREV_wrong__CURR_correct,PREV_wrong__CURR_correct,dalle2,unknown
E14_Degraded,real_raise_114_r0f137652t_test_whatsapp_q75,Real,0.51708984375,0.85205078125,0.974609375,PREV_wrong__CURR_wrong,PREV_wrong__CURR_wrong,camera,unknown
E14_Degraded,real_raise_114_r0f137652t_test_resize_q80,Real,0.4052734375,0.830078125,0.97607421875,PREV_wrong__CURR_wrong,PREV_correct__CURR_wrong,camera,unknown
E14_Degraded,real_raise_114_r0f137652t_test_double_jpeg,Real,0.07977294921875,0.6328125,0.94677734375,PREV_wrong__CURR_wrong,PREV_correct__CURR_wrong,camera,unknown
E14_Degraded,ai_sb_supp_midjourney-v5_013_r001d260dt_test_whatsapp_q75,AI,0.58056640625,0.90625,0.91845703125,PREV_correct__CURR_correct,PREV_correct__CURR_correct,midjourney-v5,unknown
E14_Degraded,ai_sb_supp_midjourney-v5_013_r001d260dt_test_resize_q80,AI,0.552734375,0.923828125,0.93359375,PREV_correct__CURR_correct,PREV_correct__CURR_correct,midjourney-v5,unknown
E14_Degraded,ai_sb_supp_midjourney-v5_013_r001d260dt_test_double_jpeg,AI,0.56005859375,0.875,0.90380859375,PREV_correct__CURR_correct,PREV_correct__CURR_correct,midjourney-v5,unknown
E14_Degraded,real_raise_supp_001_r001d260dt_test_whatsapp_q75,Real,0.8466796875,0.093505859375,0.9697265625,PREV_correct__CURR_wrong,PREV_wrong__CURR_wrong,camera,unknown
E14_Degraded,real_raise_supp_001_r001d260dt_test_resize_q80,Real,0.85009765625,0.1019287109375,0.96826171875,PREV_correct__CURR_wrong,PREV_wrong__CURR_wrong,camera,unknown
E14_Degraded,real_raise_supp_001_r001d260dt_test_double_jpeg,Real,0.810546875,0.08599853515625,0.96533203125,PREV_correct__CURR_wrong,PREV_wrong__CURR_wrong,camera,unknown
E14_Degraded,real_raise_212_r1b1c1019t_test_whatsapp_q75,Real,0.0186920166015625,0.00133514404296875,0.83056640625,PREV_correct__CURR_wrong,PREV_correct__CURR_wrong,camera,unknown
E14_Degraded,real_raise_212_r1b1c1019t_test_resize_q80,Real,0.03985595703125,0.0016870498657226562,0.86572265625,PREV_correct__CURR_wrong,PREV_correct__CURR_wrong,camera,unknown
E14_Degraded,real_raise_212_r1b1c1019t_test_double_jpeg,Real,0.01214599609375,0.00217437744140625,0.8349609375,PREV_correct__CURR_wrong,PREV_correct__CURR_wrong,camera,unknown
E14_Degraded,ai_sb_stable-diffusion-1-3_170_r145221d9t_test_whatsapp_q75,AI,0.47705078125,0.0162811279296875,0.7490234375,PREV_wrong__CURR_correct,PREV_wrong__CURR_correct,stable-diffusion-1-3,unknown
E14_Degraded,ai_sb_stable-diffusion-1-3_170_r145221d9t_test_resize_q80,AI,0.382568359375,0.0200653076171875,0.75244140625,PREV_wrong__CURR_correct,PREV_wrong__CURR_correct,stable-diffusion-1-3,unknown
E14_Degraded,ai_sb_stable-diffusion-1-3_170_r145221d9t_test_double_jpeg,AI,0.02337646484375,0.009674072265625,0.08282470703125,PREV_wrong__CURR_wrong,PREV_wrong__CURR_wrong,stable-diffusion-1-3,unknown
E14_Degraded,ai_sb_glide_094_r0372042dt_test_whatsapp_q75,AI,0.1639404296875,0.3154296875,0.73583984375,PREV_wrong__CURR_correct,PREV_wrong__CURR_correct,glide,unknown
E14_Degraded,ai_sb_glide_094_r0372042dt_test_resize_q80,AI,0.2744140625,0.35009765625,0.880859375,PREV_wrong__CURR_correct,PREV_wrong__CURR_correct,glide,unknown
E14_Degraded,ai_sb_glide_094_r0372042dt_test_double_jpeg,AI,0.006122589111328125,0.2310791015625,0.52978515625,PREV_wrong__CURR_correct,PREV_wrong__CURR_correct,glide,unknown
E14_Degraded,real_raise_218_r1be2a3d5t_test_whatsapp_q75,Real,0.0225830078125,0.028167724609375,0.84521484375,PREV_correct__CURR_wrong,PREV_correct__CURR_wrong,camera,unknown
E14_Degraded,real_raise_218_r1be2a3d5t_test_resize_q80,Real,0.047088623046875,0.0177154541015625,0.81103515625,PREV_correct__CURR_wrong,PREV_correct__CURR_wrong,camera,unknown
E14_Degraded,real_raise_218_r1be2a3d5t_test_double_jpeg,Real,0.00392913818359375,0.00734710693359375,0.79541015625,PREV_correct__CURR_wrong,PREV_correct__CURR_wrong,camera,unknown
E14_Degraded,real_raise_supp_034_r1267fa5bt_test_whatsapp_q75,Real,0.03173828125,0.337646484375,0.83544921875,PREV_correct__CURR_wrong,PREV_correct__CURR_wrong,camera,unknown
E14_Degraded,real_raise_supp_034_r1267fa5bt_test_resize_q80,Real,0.0548095703125,0.2337646484375,0.8388671875,PREV_correct__CURR_wrong,PREV_correct__CURR_wrong,camera,unknown
E14_Degraded,real_raise_supp_034_r1267fa5bt_test_double_jpeg,Real,0.023956298828125,0.360595703125,0.81396484375,PREV_correct__CURR_wrong,PREV_correct__CURR_wrong,camera,unknown
E14_Degraded,real_raise_120_r0f98115dt_test_whatsapp_q75,Real,0.01554107666015625,0.06500244140625,0.69189453125,PREV_correct__CURR_wrong,PREV_correct__CURR_wrong,camera,unknown
E14_Degraded,real_raise_120_r0f98115dt_test_resize_q80,Real,0.020965576171875,0.060089111328125,0.67578125,PREV_correct__CURR_wrong,PREV_correct__CURR_wrong,camera,unknown
E14_Degraded,real_raise_120_r0f98115dt_test_double_jpeg,Real,0.006587982177734375,0.0548095703125,0.61474609375,PREV_correct__CURR_wrong,PREV_correct__CURR_wrong,camera,unknown
E14_Degraded,real_raise_173_r1645a09ct_test_whatsapp_q75,Real,0.001129150390625,0.001255035400390625,0.1781005859375,PREV_correct__CURR_correct,PREV_correct__CURR_correct,camera,unknown
E14_Degraded,real_raise_173_r1645a09ct_test_resize_q80,Real,0.0010986328125,0.0011692047119140625,0.1390380859375,PREV_correct__CURR_correct,PREV_correct__CURR_correct,camera,unknown
E14_Degraded,real_raise_173_r1645a09ct_test_double_jpeg,Real,0.0012693405151367188,0.0013246536254882812,0.1734619140625,PREV_correct__CURR_correct,PREV_correct__CURR_correct,camera,unknown
E14_Degraded,real_raise_002_r005f3e70t_test_whatsapp_q75,Real,0.10504150390625,0.06427001953125,0.66455078125,PREV_correct__CURR_wrong,PREV_correct__CURR_wrong,camera,unknown
E14_Degraded,real_raise_002_r005f3e70t_test_resize_q80,Real,0.0548095703125,0.0794677734375,0.61572265625,PREV_correct__CURR_wrong,PREV_correct__CURR_wrong,camera,unknown
E14_Degraded,real_raise_002_r005f3e70t_test_double_jpeg,Real,0.055938720703125,0.0413818359375,0.57861328125,PREV_correct__CURR_wrong,PREV_correct__CURR_wrong,camera,unknown
E14_Degraded,real_raise_221_r1c23e440t_test_whatsapp_q75,Real,0.09368896484375,0.0469970703125,0.53955078125,PREV_correct__CURR_wrong,PREV_correct__CURR_wrong,camera,unknown
E14_Degraded,real_raise_221_r1c23e440t_test_resize_q80,Real,0.134033203125,0.051666259765625,0.56494140625,PREV_correct__CURR_wrong,PREV_correct__CURR_wrong,camera,unknown
E14_Degraded,real_raise_221_r1c23e440t_test_double_jpeg,Real,0.0037078857421875,0.0205230712890625,0.351318359375,PREV_correct__CURR_correct,PREV_correct__CURR_correct,camera,unknown
E14_Degraded,real_raise_167_r15919202t_test_whatsapp_q75,Real,0.67919921875,0.0472412109375,0.64501953125,PREV_correct__CURR_wrong,PREV_wrong__CURR_wrong,camera,unknown
E14_Degraded,real_raise_167_r15919202t_test_resize_q80,Real,0.69921875,0.057708740234375,0.6474609375,PREV_correct__CURR_wrong,PREV_wrong__CURR_wrong,camera,unknown
E14_Degraded,real_raise_167_r15919202t_test_double_jpeg,Real,0.380615234375,0.0238189697265625,0.5244140625,PREV_correct__CURR_wrong,PREV_correct__CURR_wrong,camera,unknown
E14_Degraded,real_raise_111_r0eb8dfb5t_test_whatsapp_q75,Real,0.007404327392578125,0.0013723373413085938,0.5302734375,PREV_correct__CURR_wrong,PREV_correct__CURR_wrong,camera,unknown
E14_Degraded,real_raise_111_r0eb8dfb5t_test_resize_q80,Real,0.00626373291015625,0.0017614364624023438,0.498046875,PREV_correct__CURR_correct,PREV_correct__CURR_correct,camera,unknown
E14_Degraded,real_raise_111_r0eb8dfb5t_test_double_jpeg,Real,0.004215240478515625,0.0010242462158203125,0.4560546875,PREV_correct__CURR_correct,PREV_correct__CURR_correct,camera,unknown
E14_Degraded,real_raise_028_r03aa5df1t_test_whatsapp_q75,Real,0.1331787109375,0.0364990234375,0.72314453125,PREV_correct__CURR_wrong,PREV_correct__CURR_wrong,camera,unknown
E14_Degraded,real_raise_028_r03aa5df1t_test_resize_q80,Real,0.2203369140625,0.050323486328125,0.6435546875,PREV_correct__CURR_wrong,PREV_correct__CURR_wrong,camera,unknown
E14_Degraded,real_raise_028_r03aa5df1t_test_double_jpeg,Real,0.0171051025390625,0.0171051025390625,0.7900390625,PREV_correct__CURR_wrong,PREV_correct__CURR_wrong,camera,unknown
E14_Degraded,ai_sb_stable-diffusion-2_214_r0372042dt_test_whatsapp_q75,AI,0.0194244384765625,0.58349609375,0.89306640625,PREV_correct__CURR_correct,PREV_wrong__CURR_correct,stable-diffusion-2,unknown
E14_Degraded,ai_sb_stable-diffusion-2_214_r0372042dt_test_resize_q80,AI,0.090087890625,0.82421875,0.92529296875,PREV_correct__CURR_correct,PREV_wrong__CURR_correct,stable-diffusion-2,unknown
E14_Degraded,ai_sb_stable-diffusion-2_214_r0372042dt_test_double_jpeg,AI,0.0034961700439453125,0.61669921875,0.86376953125,PREV_correct__CURR_correct,PREV_wrong__CURR_correct,stable-diffusion-2,unknown
E14_Degraded,real_raise_supp_060_r1f06581bt_test_whatsapp_q75,Real,0.521484375,0.06561279296875,0.93896484375,PREV_correct__CURR_wrong,PREV_wrong__CURR_wrong,camera,unknown
E14_Degraded,real_raise_supp_060_r1f06581bt_test_resize_q80,Real,0.5126953125,0.0634765625,0.93994140625,PREV_correct__CURR_wrong,PREV_wrong__CURR_wrong,camera,unknown
E14_Degraded,real_raise_supp_060_r1f06581bt_test_double_jpeg,Real,0.2147216796875,0.04986572265625,0.90234375,PREV_correct__CURR_wrong,PREV_correct__CURR_wrong,camera,unknown
E14_Degraded,real_raise_030_r03f70ccdt_test_whatsapp_q75,Real,0.01433563232421875,0.0294189453125,0.5703125,PREV_correct__CURR_wrong,PREV_correct__CURR_wrong,camera,unknown
E14_Degraded,real_raise_030_r03f70ccdt_test_resize_q80,Real,0.01507568359375,0.0394287109375,0.560546875,PREV_correct__CURR_wrong,PREV_correct__CURR_wrong,camera,unknown
E14_Degraded,real_raise_030_r03f70ccdt_test_double_jpeg,Real,0.005062103271484375,0.01763916015625,0.52734375,PREV_correct__CURR_wrong,PREV_correct__CURR_wrong,camera,unknown
E14_Degraded,ai_sb_stable-diffusion-1-3_162_r0b7b1156t_test_whatsapp_q75,AI,0.94287109375,0.0943603515625,0.91943359375,PREV_wrong__CURR_correct,PREV_correct__CURR_correct,stable-diffusion-1-3,unknown
E14_Degraded,ai_sb_stable-diffusion-1-3_162_r0b7b1156t_test_resize_q80,AI,0.92724609375,0.048675537109375,0.87353515625,PREV_wrong__CURR_correct,PREV_correct__CURR_correct,stable-diffusion-1-3,unknown
E14_Degraded,ai_sb_stable-diffusion-1-3_162_r0b7b1156t_test_double_jpeg,AI,0.470947265625,0.04559326171875,0.6171875,PREV_wrong__CURR_correct,PREV_wrong__CURR_correct,stable-diffusion-1-3,unknown
E14_Degraded,real_raise_171_r1618da9dt_test_whatsapp_q75,Real,0.008880615234375,0.006824493408203125,0.50341796875,PREV_correct__CURR_wrong,PREV_correct__CURR_wrong,camera,unknown
E14_Degraded,real_raise_171_r1618da9dt_test_resize_q80,Real,0.0087127685546875,0.006984710693359375,0.5546875,PREV_correct__CURR_wrong,PREV_correct__CURR_wrong,camera,unknown
E14_Degraded,real_raise_171_r1618da9dt_test_double_jpeg,Real,0.0022335052490234375,0.00731658935546875,0.31787109375,PREV_correct__CURR_correct,PREV_correct__CURR_correct,camera,unknown
E14_Degraded,real_raise_238_r1de76a54t_test_whatsapp_q75,Real,0.0117340087890625,0.0015363693237304688,0.55908203125,PREV_correct__CURR_wrong,PREV_correct__CURR_wrong,camera,unknown
E14_Degraded,real_raise_238_r1de76a54t_test_resize_q80,Real,0.012725830078125,0.00128936767578125,0.509765625,PREV_correct__CURR_wrong,PREV_correct__CURR_wrong,camera,unknown
E14_Degraded,real_raise_238_r1de76a54t_test_double_jpeg,Real,0.00894927978515625,0.0012445449829101562,0.50439453125,PREV_correct__CURR_wrong,PREV_correct__CURR_wrong,camera,unknown
E14_Degraded,real_raise_197_r19b49f2ct_test_whatsapp_q75,Real,0.250732421875,0.06829833984375,0.470703125,PREV_correct__CURR_correct,PREV_correct__CURR_correct,camera,unknown
E14_Degraded,real_raise_197_r19b49f2ct_test_resize_q80,Real,0.1982421875,0.07666015625,0.4609375,PREV_correct__CURR_correct,PREV_correct__CURR_correct,camera,unknown
E14_Degraded,real_raise_197_r19b49f2ct_test_double_jpeg,Real,0.047698974609375,0.050811767578125,0.35205078125,PREV_correct__CURR_correct,PREV_correct__CURR_correct,camera,unknown
E14_Degraded,real_raise_078_r09d7cd4et_test_whatsapp_q75,Real,0.7724609375,0.50439453125,0.9794921875,PREV_wrong__CURR_wrong,PREV_wrong__CURR_wrong,camera,unknown
E14_Degraded,real_raise_078_r09d7cd4et_test_resize_q80,Real,0.78076171875,0.53857421875,0.9794921875,PREV_wrong__CURR_wrong,PREV_wrong__CURR_wrong,camera,unknown
E14_Degraded,real_raise_078_r09d7cd4et_test_double_jpeg,Real,0.611328125,0.43603515625,0.97509765625,PREV_correct__CURR_wrong,PREV_wrong__CURR_wrong,camera,unknown
E14_Degraded,real_raise_085_r0aaa70c3t_test_whatsapp_q75,Real,0.76416015625,0.06256103515625,0.8193359375,PREV_correct__CURR_wrong,PREV_wrong__CURR_wrong,camera,unknown
E14_Degraded,real_raise_085_r0aaa70c3t_test_resize_q80,Real,0.73046875,0.05572509765625,0.78466796875,PREV_correct__CURR_wrong,PREV_wrong__CURR_wrong,camera,unknown
E14_Degraded,real_raise_085_r0aaa70c3t_test_double_jpeg,Real,0.31640625,0.0223236083984375,0.76904296875,PREV_correct__CURR_wrong,PREV_correct__CURR_wrong,camera,unknown
E14_Degraded,real_raise_216_r1bc3dd23t_test_whatsapp_q75,Real,0.0004673004150390625,0.00033020973205566406,0.01142120361328125,PREV_correct__CURR_correct,PREV_correct__CURR_correct,camera,unknown
E14_Degraded,real_raise_216_r1bc3dd23t_test_resize_q80,Real,0.0005192756652832031,0.00021827220916748047,0.0100555419921875,PREV_correct__CURR_correct,PREV_correct__CURR_correct,camera,unknown
E14_Degraded,real_raise_216_r1bc3dd23t_test_double_jpeg,Real,8.887052536010742e-05,0.00043892860412597656,0.00937652587890625,PREV_correct__CURR_correct,PREV_correct__CURR_correct,camera,unknown
E14_Degraded,ai_sb_firefly_081_r159d3942t_test_whatsapp_q75,AI,0.0004992485046386719,0.01467132568359375,0.127685546875,PREV_wrong__CURR_wrong,PREV_wrong__CURR_wrong,firefly,unknown
E14_Degraded,ai_sb_firefly_081_r159d3942t_test_resize_q80,AI,0.00042557716369628906,0.012237548828125,0.077392578125,PREV_wrong__CURR_wrong,PREV_wrong__CURR_wrong,firefly,unknown
E14_Degraded,ai_sb_firefly_081_r159d3942t_test_double_jpeg,AI,0.0002359151840209961,0.01242828369140625,0.09088134765625,PREV_wrong__CURR_wrong,PREV_wrong__CURR_wrong,firefly,unknown
E14_Degraded,real_raise_196_r1986e42bt_test_whatsapp_q75,Real,0.129638671875,0.005489349365234375,0.533203125,PREV_correct__CURR_wrong,PREV_correct__CURR_wrong,camera,unknown
E14_Degraded,real_raise_196_r1986e42bt_test_resize_q80,Real,0.09771728515625,0.00577545166015625,0.60107421875,PREV_correct__CURR_wrong,PREV_correct__CURR_wrong,camera,unknown
E14_Degraded,real_raise_196_r1986e42bt_test_double_jpeg,Real,0.02880859375,0.003749847412109375,0.5322265625,PREV_correct__CURR_wrong,PREV_correct__CURR_wrong,camera,unknown
E14_Degraded,real_raise_126_r102b4aa4t_test_whatsapp_q75,Real,0.0616455078125,0.0177154541015625,0.796875,PREV_correct__CURR_wrong,PREV_correct__CURR_wrong,camera,unknown
E14_Degraded,real_raise_126_r102b4aa4t_test_resize_q80,Real,0.07452392578125,0.01507568359375,0.7255859375,PREV_correct__CURR_wrong,PREV_correct__CURR_wrong,camera,unknown
E14_Degraded,real_raise_126_r102b4aa4t_test_double_jpeg,Real,0.013427734375,0.0125274658203125,0.82177734375,PREV_correct__CURR_wrong,PREV_correct__CURR_wrong,camera,unknown
E14_Degraded,ai_sb_stable-diffusion-1-4_203_r17fe8532t_test_whatsapp_q75,AI,0.0011472702026367188,0.82421875,0.97607421875,PREV_correct__CURR_correct,PREV_wrong__CURR_correct,stable-diffusion-1-4,unknown
E14_Degraded,ai_sb_stable-diffusion-1-4_203_r17fe8532t_test_resize_q80,AI,0.00206756591796875,0.875,0.9794921875,PREV_correct__CURR_correct,PREV_wrong__CURR_correct,stable-diffusion-1-4,unknown
E14_Degraded,ai_sb_stable-diffusion-1-4_203_r17fe8532t_test_double_jpeg,AI,3.790855407714844e-05,0.951171875,0.9404296875,PREV_correct__CURR_correct,PREV_wrong__CURR_correct,stable-diffusion-1-4,unknown
E14_Degraded,real_raise_117_r0f4ece9bt_test_whatsapp_q75,Real,0.0843505859375,0.023773193359375,0.80224609375,PREV_correct__CURR_wrong,PREV_correct__CURR_wrong,camera,unknown
E14_Degraded,real_raise_117_r0f4ece9bt_test_resize_q80,Real,0.06573486328125,0.0230255126953125,0.783203125,PREV_correct__CURR_wrong,PREV_correct__CURR_wrong,camera,unknown
E14_Degraded,real_raise_117_r0f4ece9bt_test_double_jpeg,Real,0.06890869140625,0.012969970703125,0.8037109375,PREV_correct__CURR_wrong,PREV_correct__CURR_wrong,camera,unknown
E14_Degraded,ai_sb_stable-diffusion-2_236_r1ad2de34t_test_whatsapp_q75,AI,0.990234375,0.47119140625,0.9990234375,PREV_wrong__CURR_correct,PREV_correct__CURR_correct,stable-diffusion-2,unknown
E14_Degraded,ai_sb_stable-diffusion-2_236_r1ad2de34t_test_resize_q80,AI,0.9921875,0.41796875,0.9990234375,PREV_wrong__CURR_correct,PREV_correct__CURR_correct,stable-diffusion-2,unknown
E14_Degraded,ai_sb_stable-diffusion-2_236_r1ad2de34t_test_double_jpeg,AI,0.9873046875,0.281982421875,0.998046875,PREV_wrong__CURR_correct,PREV_correct__CURR_correct,stable-diffusion-2,unknown
E14_Degraded,ai_sb_stable-diffusion-1-3_153_r026b5360t_test_whatsapp_q75,AI,0.001495361328125,0.2054443359375,0.87255859375,PREV_wrong__CURR_correct,PREV_wrong__CURR_correct,stable-diffusion-1-3,unknown
E14_Degraded,ai_sb_stable-diffusion-1-3_153_r026b5360t_test_resize_q80,AI,0.001056671142578125,0.1329345703125,0.8095703125,PREV_wrong__CURR_correct,PREV_wrong__CURR_correct,stable-diffusion-1-3,unknown
E14_Degraded,ai_sb_stable-diffusion-1-3_153_r026b5360t_test_double_jpeg,AI,9.03010368347168e-05,0.32275390625,0.363037109375,PREV_wrong__CURR_wrong,PREV_wrong__CURR_wrong,stable-diffusion-1-3,unknown
E14_Degraded,ai_sb_midjourney-v5_142_r169c7350t_test_whatsapp_q75,AI,0.57470703125,0.10247802734375,0.94091796875,PREV_wrong__CURR_correct,PREV_correct__CURR_correct,midjourney-v5,unknown
E14_Degraded,ai_sb_midjourney-v5_142_r169c7350t_test_resize_q80,AI,0.6552734375,0.1259765625,0.93505859375,PREV_wrong__CURR_correct,PREV_correct__CURR_correct,midjourney-v5,unknown
E14_Degraded,ai_sb_midjourney-v5_142_r169c7350t_test_double_jpeg,AI,0.280517578125,0.07904052734375,0.93408203125,PREV_wrong__CURR_correct,PREV_wrong__CURR_correct,midjourney-v5,unknown
E14_Degraded,ai_sb_dalle3_057_r1bdb6385t_test_whatsapp_q75,AI,0.9462890625,0.541015625,0.99755859375,PREV_correct__CURR_correct,PREV_correct__CURR_correct,dalle3,unknown
E14_Degraded,ai_sb_dalle3_057_r1bdb6385t_test_resize_q80,AI,0.95361328125,0.57275390625,0.998046875,PREV_correct__CURR_correct,PREV_correct__CURR_correct,dalle3,unknown
E14_Degraded,ai_sb_dalle3_057_r1bdb6385t_test_double_jpeg,AI,0.86767578125,0.469970703125,0.99658203125,PREV_wrong__CURR_correct,PREV_correct__CURR_correct,dalle3,unknown
E14_Degraded,real_raise_233_r1d679eaet_test_whatsapp_q75,Real,0.0023975372314453125,0.002208709716796875,0.2294921875,PREV_correct__CURR_correct,PREV_correct__CURR_correct,camera,unknown
E14_Degraded,real_raise_233_r1d679eaet_test_resize_q80,Real,0.00260162353515625,0.002368927001953125,0.223876953125,PREV_correct__CURR_correct,PREV_correct__CURR_correct,camera,unknown
E14_Degraded,real_raise_233_r1d679eaet_test_double_jpeg,Real,0.0011205673217773438,0.002834320068359375,0.2054443359375,PREV_correct__CURR_correct,PREV_correct__CURR_correct,camera,unknown
E14_Degraded,real_raise_249_r1f3e6681t_test_whatsapp_q75,Real,0.07183837890625,0.00621795654296875,0.513671875,PREV_correct__CURR_wrong,PREV_correct__CURR_wrong,camera,unknown
E14_Degraded,real_raise_249_r1f3e6681t_test_resize_q80,Real,0.093994140625,0.0066680908203125,0.447021484375,PREV_correct__CURR_correct,PREV_correct__CURR_correct,camera,unknown
E14_Degraded,real_raise_249_r1f3e6681t_test_double_jpeg,Real,0.0139007568359375,0.004383087158203125,0.387451171875,PREV_correct__CURR_correct,PREV_correct__CURR_correct,camera,unknown
E14_Degraded,ai_sb_stable-diffusion-2_240_r1e9082f9t_test_whatsapp_q75,AI,0.98779296875,0.896484375,0.99365234375,PREV_correct__CURR_correct,PREV_correct__CURR_correct,stable-diffusion-2,unknown
E14_Degraded,ai_sb_stable-diffusion-2_240_r1e9082f9t_test_resize_q80,AI,0.98974609375,0.87060546875,0.99365234375,PREV_correct__CURR_correct,PREV_correct__CURR_correct,stable-diffusion-2,unknown
E14_Degraded,ai_sb_stable-diffusion-2_240_r1e9082f9t_test_double_jpeg,AI,0.98583984375,0.73828125,0.99072265625,PREV_correct__CURR_correct,PREV_correct__CURR_correct,stable-diffusion-2,unknown
E14_Degraded,real_raise_181_r17754c77t_test_whatsapp_q75,Real,0.038818359375,0.234619140625,0.5380859375,PREV_correct__CURR_wrong,PREV_correct__CURR_wrong,camera,unknown
E14_Degraded,real_raise_181_r17754c77t_test_resize_q80,Real,0.0177154541015625,0.229248046875,0.52880859375,PREV_correct__CURR_wrong,PREV_correct__CURR_wrong,camera,unknown
E14_Degraded,real_raise_181_r17754c77t_test_double_jpeg,Real,0.0102081298828125,0.1790771484375,0.463623046875,PREV_correct__CURR_correct,PREV_correct__CURR_correct,camera,unknown
E14_Degraded,real_raise_supp_019_r098cf7aet_test_whatsapp_q75,Real,0.00841522216796875,0.004451751708984375,0.363525390625,PREV_correct__CURR_correct,PREV_correct__CURR_correct,camera,unknown
E14_Degraded,real_raise_supp_019_r098cf7aet_test_resize_q80,Real,0.0162811279296875,0.004772186279296875,0.31005859375,PREV_correct__CURR_correct,PREV_correct__CURR_correct,camera,unknown
E14_Degraded,real_raise_supp_019_r098cf7aet_test_double_jpeg,Real,0.0010318756103515625,0.005344390869140625,0.3486328125,PREV_correct__CURR_correct,PREV_correct__CURR_correct,camera,unknown
E14_Degraded,real_raise_156_r140f3432t_test_whatsapp_q75,Real,0.0004546642303466797,0.023284912109375,0.274169921875,PREV_correct__CURR_correct,PREV_correct__CURR_correct,camera,unknown
E14_Degraded,real_raise_156_r140f3432t_test_resize_q80,Real,0.000293731689453125,0.017181396484375,0.2137451171875,PREV_correct__CURR_correct,PREV_correct__CURR_correct,camera,unknown
E14_Degraded,real_raise_156_r140f3432t_test_double_jpeg,Real,7.545948028564453e-05,0.0212860107421875,0.200439453125,PREV_correct__CURR_correct,PREV_correct__CURR_correct,camera,unknown
E14_Degraded,ai_sb_dalle3_051_r159d3942t_test_whatsapp_q75,AI,0.9873046875,0.9912109375,1.0,PREV_correct__CURR_correct,PREV_correct__CURR_correct,dalle3,unknown
E14_Degraded,ai_sb_dalle3_051_r159d3942t_test_resize_q80,AI,0.98974609375,0.99169921875,1.0,PREV_correct__CURR_correct,PREV_correct__CURR_correct,dalle3,unknown
E14_Degraded,ai_sb_dalle3_051_r159d3942t_test_double_jpeg,AI,0.96630859375,0.9873046875,0.99951171875,PREV_correct__CURR_correct,PREV_correct__CURR_correct,dalle3,unknown
E14_Degraded,real_raise_159_r145215fft_test_whatsapp_q75,Real,0.26123046875,0.0008168220520019531,0.8828125,PREV_correct__CURR_wrong,PREV_correct__CURR_wrong,camera,unknown
E14_Degraded,real_raise_159_r145215fft_test_resize_q80,Real,0.267578125,0.0008168220520019531,0.88525390625,PREV_correct__CURR_wrong,PREV_correct__CURR_wrong,camera,unknown
E14_Degraded,real_raise_159_r145215fft_test_double_jpeg,Real,0.20751953125,0.0008525848388671875,0.8798828125,PREV_correct__CURR_wrong,PREV_correct__CURR_wrong,camera,unknown
E14_Degraded,ai_sb_dalle2_002_r0150031ft_test_whatsapp_q75,AI,0.1885986328125,0.089599609375,0.83251953125,PREV_wrong__CURR_correct,PREV_wrong__CURR_correct,dalle2,unknown
E14_Degraded,ai_sb_dalle2_002_r0150031ft_test_resize_q80,AI,0.168212890625,0.0987548828125,0.88623046875,PREV_wrong__CURR_correct,PREV_wrong__CURR_correct,dalle2,unknown
E14_Degraded,ai_sb_dalle2_002_r0150031ft_test_double_jpeg,AI,0.08209228515625,0.0728759765625,0.82568359375,PREV_wrong__CURR_correct,PREV_wrong__CURR_correct,dalle2,unknown
E14_Degraded,real_raise_038_r04cfa379t_test_whatsapp_q75,Real,0.04949951171875,0.090576171875,0.64990234375,PREV_correct__CURR_wrong,PREV_correct__CURR_wrong,camera,unknown
E14_Degraded,real_raise_038_r04cfa379t_test_resize_q80,Real,0.0784912109375,0.1175537109375,0.67041015625,PREV_correct__CURR_wrong,PREV_correct__CURR_wrong,camera,unknown
E14_Degraded,real_raise_038_r04cfa379t_test_double_jpeg,Real,0.01142120361328125,0.060211181640625,0.5751953125,PREV_correct__CURR_wrong,PREV_correct__CURR_wrong,camera,unknown
E14_Degraded,ai_sb_stable-diffusion-1-3_157_r06743f8ft_test_whatsapp_q75,AI,0.473876953125,0.71142578125,0.95361328125,PREV_correct__CURR_correct,PREV_wrong__CURR_correct,stable-diffusion-1-3,unknown
E14_Degraded,ai_sb_stable-diffusion-1-3_157_r06743f8ft_test_resize_q80,AI,0.626953125,0.66357421875,0.9619140625,PREV_correct__CURR_correct,PREV_correct__CURR_correct,stable-diffusion-1-3,unknown
E14_Degraded,ai_sb_stable-diffusion-1-3_157_r06743f8ft_test_double_jpeg,AI,0.325927734375,0.63623046875,0.876953125,PREV_correct__CURR_correct,PREV_wrong__CURR_correct,stable-diffusion-1-3,unknown
E14_Degraded,ai_sb_supp_glide_010_r001d260dt_test_whatsapp_q75,AI,0.422607421875,0.8310546875,0.994140625,PREV_correct__CURR_correct,PREV_wrong__CURR_correct,glide,unknown
E14_Degraded,ai_sb_supp_glide_010_r001d260dt_test_resize_q80,AI,0.75244140625,0.8115234375,0.9951171875,PREV_correct__CURR_correct,PREV_correct__CURR_correct,glide,unknown
E14_Degraded,ai_sb_supp_glide_010_r001d260dt_test_double_jpeg,AI,0.120849609375,0.82470703125,0.986328125,PREV_correct__CURR_correct,PREV_wrong__CURR_correct,glide,unknown
E14_Degraded,ai_sb_midjourney-v5_127_r06743f8ft_test_whatsapp_q75,AI,0.96337890625,0.96826171875,0.97802734375,PREV_correct__CURR_correct,PREV_correct__CURR_correct,midjourney-v5,unknown
E14_Degraded,ai_sb_midjourney-v5_127_r06743f8ft_test_resize_q80,AI,0.9794921875,0.96044921875,0.974609375,PREV_correct__CURR_correct,PREV_correct__CURR_correct,midjourney-v5,unknown
E14_Degraded,ai_sb_midjourney-v5_127_r06743f8ft_test_double_jpeg,AI,0.90234375,0.97607421875,0.97119140625,PREV_correct__CURR_correct,PREV_correct__CURR_correct,midjourney-v5,unknown
E14_Degraded,ai_sb_dalle2_021_r159d3942t_test_whatsapp_q75,AI,0.00841522216796875,0.06890869140625,0.7646484375,PREV_wrong__CURR_correct,PREV_wrong__CURR_correct,dalle2,unknown
E14_Degraded,ai_sb_dalle2_021_r159d3942t_test_resize_q80,AI,0.012969970703125,0.049407958984375,0.7763671875,PREV_wrong__CURR_correct,PREV_wrong__CURR_correct,dalle2,unknown
E14_Degraded,ai_sb_dalle2_021_r159d3942t_test_double_jpeg,AI,0.004150390625,0.0582275390625,0.73828125,PREV_wrong__CURR_correct,PREV_wrong__CURR_correct,dalle2,unknown
E14_Degraded,real_raise_229_r1ceba29dt_test_whatsapp_q75,Real,0.06817626953125,0.00626373291015625,0.625,PREV_correct__CURR_wrong,PREV_correct__CURR_wrong,camera,unknown
E14_Degraded,real_raise_229_r1ceba29dt_test_resize_q80,Real,0.054290771484375,0.00621795654296875,0.5927734375,PREV_correct__CURR_wrong,PREV_correct__CURR_wrong,camera,unknown
E14_Degraded,real_raise_229_r1ceba29dt_test_double_jpeg,Real,0.041473388671875,0.005344390869140625,0.6171875,PREV_correct__CURR_wrong,PREV_correct__CURR_wrong,camera,unknown
E14_Degraded,ai_sb_glide_095_r045be2act_test_whatsapp_q75,AI,0.2105712890625,0.1669921875,0.84619140625,PREV_wrong__CURR_correct,PREV_wrong__CURR_correct,glide,unknown
E14_Degraded,ai_sb_glide_095_r045be2act_test_resize_q80,AI,0.64306640625,0.05633544921875,0.91552734375,PREV_wrong__CURR_correct,PREV_correct__CURR_correct,glide,unknown
E14_Degraded,ai_sb_glide_095_r045be2act_test_double_jpeg,AI,0.003551483154296875,0.058563232421875,0.73193359375,PREV_wrong__CURR_correct,PREV_wrong__CURR_correct,glide,unknown
E14_Degraded,ai_sb_stable-diffusion-1-3_169_r138ad247t_test_whatsapp_q75,AI,0.04595947265625,0.0287017822265625,0.50048828125,PREV_wrong__CURR_correct,PREV_wrong__CURR_correct,stable-diffusion-1-3,unknown
E14_Degraded,ai_sb_stable-diffusion-1-3_169_r138ad247t_test_resize_q80,AI,0.038116455078125,0.026458740234375,0.48291015625,PREV_wrong__CURR_wrong,PREV_wrong__CURR_wrong,stable-diffusion-1-3,unknown
E14_Degraded,ai_sb_stable-diffusion-1-3_169_r138ad247t_test_double_jpeg,AI,0.00760650634765625,0.0743408203125,0.17041015625,PREV_wrong__CURR_wrong,PREV_wrong__CURR_wrong,stable-diffusion-1-3,unknown
E14_Degraded,real_raise_093_r0b841e5at_test_whatsapp_q75,Real,0.8330078125,0.304931640625,0.908203125,PREV_correct__CURR_wrong,PREV_wrong__CURR_wrong,camera,unknown
E14_Degraded,real_raise_093_r0b841e5at_test_resize_q80,Real,0.7578125,0.354736328125,0.91259765625,PREV_correct__CURR_wrong,PREV_wrong__CURR_wrong,camera,unknown
E14_Degraded,real_raise_093_r0b841e5at_test_double_jpeg,Real,0.6767578125,0.28466796875,0.90625,PREV_correct__CURR_wrong,PREV_wrong__CURR_wrong,camera,unknown
E14_Degraded,ai_sb_stable-diffusion-2_216_r056f233bt_test_whatsapp_q75,AI,0.2265625,0.2919921875,0.58837890625,PREV_wrong__CURR_correct,PREV_wrong__CURR_correct,stable-diffusion-2,unknown
E14_Degraded,ai_sb_stable-diffusion-2_216_r056f233bt_test_resize_q80,AI,0.23583984375,0.454345703125,0.5615234375,PREV_wrong__CURR_correct,PREV_wrong__CURR_correct,stable-diffusion-2,unknown
E14_Degraded,ai_sb_stable-diffusion-2_216_r056f233bt_test_double_jpeg,AI,0.140625,0.281494140625,0.5595703125,PREV_wrong__CURR_correct,PREV_wrong__CURR_correct,stable-diffusion-2,unknown
E14_Degraded,real_raise_119_r0f8e5907t_test_whatsapp_q75,Real,0.427734375,0.0066680908203125,0.88818359375,PREV_correct__CURR_wrong,PREV_correct__CURR_wrong,camera,unknown
E14_Degraded,real_raise_119_r0f8e5907t_test_resize_q80,Real,0.412841796875,0.00714874267578125,0.88134765625,PREV_correct__CURR_wrong,PREV_correct__CURR_wrong,camera,unknown
E14_Degraded,real_raise_119_r0f8e5907t_test_double_jpeg,Real,0.09912109375,0.007232666015625,0.83935546875,PREV_correct__CURR_wrong,PREV_correct__CURR_wrong,camera,unknown
E14_Degraded,ai_sb_dalle2_018_r1297fd0bt_test_whatsapp_q75,AI,0.229248046875,0.0016107559204101562,0.8427734375,PREV_wrong__CURR_correct,PREV_wrong__CURR_correct,dalle2,unknown
E14_Degraded,ai_sb_dalle2_018_r1297fd0bt_test_resize_q80,AI,0.270263671875,0.0012063980102539062,0.86767578125,PREV_wrong__CURR_correct,PREV_wrong__CURR_correct,dalle2,unknown
E14_Degraded,ai_sb_dalle2_018_r1297fd0bt_test_double_jpeg,AI,0.045013427734375,0.0012445449829101562,0.76123046875,PREV_wrong__CURR_correct,PREV_wrong__CURR_correct,dalle2,unknown
E14_Degraded,real_raise_096_r0bf7f938t_test_whatsapp_q75,Real,0.0254669189453125,0.01358795166015625,0.94677734375,PREV_correct__CURR_wrong,PREV_correct__CURR_wrong,camera,unknown
E14_Degraded,real_raise_096_r0bf7f938t_test_resize_q80,Real,0.03265380859375,0.012237548828125,0.95361328125,PREV_correct__CURR_wrong,PREV_correct__CURR_wrong,camera,unknown
E14_Degraded,real_raise_096_r0bf7f938t_test_double_jpeg,Real,0.0197906494140625,0.00989532470703125,0.9482421875,PREV_correct__CURR_wrong,PREV_correct__CURR_wrong,camera,unknown
E14_Degraded,ai_sb_supp_stable-diffusion-1-4_021_r00444b95t_test_whatsapp_q75,AI,0.9912109375,0.0242767333984375,0.80517578125,PREV_wrong__CURR_correct,PREV_correct__CURR_correct,stable-diffusion-1-4,unknown
E14_Degraded,ai_sb_supp_stable-diffusion-1-4_021_r00444b95t_test_resize_q80,AI,0.98779296875,0.0282135009765625,0.74853515625,PREV_wrong__CURR_correct,PREV_correct__CURR_correct,stable-diffusion-1-4,unknown
E14_Degraded,ai_sb_supp_stable-diffusion-1-4_021_r00444b95t_test_double_jpeg,AI,0.7333984375,0.03533935546875,0.377685546875,PREV_wrong__CURR_wrong,PREV_correct__CURR_wrong,stable-diffusion-1-4,unknown
E14_Degraded,real_raise_213_r1b4e82c4t_test_whatsapp_q75,Real,0.9287109375,0.11553955078125,0.90966796875,PREV_correct__CURR_wrong,PREV_wrong__CURR_wrong,camera,unknown
E14_Degraded,real_raise_213_r1b4e82c4t_test_resize_q80,Real,0.92578125,0.11932373046875,0.912109375,PREV_correct__CURR_wrong,PREV_wrong__CURR_wrong,camera,unknown
E14_Degraded,real_raise_213_r1b4e82c4t_test_double_jpeg,Real,0.75,0.045440673828125,0.83154296875,PREV_correct__CURR_wrong,PREV_wrong__CURR_wrong,camera,unknown
E14_Degraded,ai_sb_stable-diffusion-1-4_196_r102b4aa4t_test_whatsapp_q75,AI,0.97265625,0.1763916015625,0.99462890625,PREV_wrong__CURR_correct,PREV_correct__CURR_correct,stable-diffusion-1-4,unknown
E14_Degraded,ai_sb_stable-diffusion-1-4_196_r102b4aa4t_test_resize_q80,AI,0.97509765625,0.140625,0.99365234375,PREV_wrong__CURR_correct,PREV_correct__CURR_correct,stable-diffusion-1-4,unknown
E14_Degraded,ai_sb_stable-diffusion-1-4_196_r102b4aa4t_test_double_jpeg,AI,0.939453125,0.12200927734375,0.96240234375,PREV_wrong__CURR_correct,PREV_correct__CURR_correct,stable-diffusion-1-4,unknown
E14_Degraded,ai_sb_dalle2_026_r1ad2de34t_test_whatsapp_q75,AI,0.050323486328125,0.0009660720825195312,0.34228515625,PREV_wrong__CURR_wrong,PREV_wrong__CURR_wrong,dalle2,unknown
E14_Degraded,ai_sb_dalle2_026_r1ad2de34t_test_resize_q80,AI,0.1201171875,0.0007042884826660156,0.365234375,PREV_wrong__CURR_wrong,PREV_wrong__CURR_wrong,dalle2,unknown
E14_Degraded,ai_sb_dalle2_026_r1ad2de34t_test_double_jpeg,AI,0.022979736328125,0.00046181678771972656,0.1688232421875,PREV_wrong__CURR_wrong,PREV_wrong__CURR_wrong,dalle2,unknown
E14_Degraded,real_raise_091_r0b61ed37t_test_whatsapp_q75,Real,0.0012254714965820312,0.026153564453125,0.5322265625,PREV_correct__CURR_wrong,PREV_correct__CURR_wrong,camera,unknown
E14_Degraded,real_raise_091_r0b61ed37t_test_resize_q80,Real,0.00313568115234375,0.017578125,0.5302734375,PREV_correct__CURR_wrong,PREV_correct__CURR_wrong,camera,unknown
E14_Degraded,real_raise_091_r0b61ed37t_test_double_jpeg,Real,0.0002846717834472656,0.026611328125,0.430908203125,PREV_correct__CURR_correct,PREV_correct__CURR_correct,camera,unknown
E14_Degraded,ai_sb_stable-diffusion-1-4_190_r09a60f63t_test_whatsapp_q75,AI,0.919921875,0.86181640625,0.9833984375,PREV_correct__CURR_correct,PREV_correct__CURR_correct,stable-diffusion-1-4,unknown
E14_Degraded,ai_sb_stable-diffusion-1-4_190_r09a60f63t_test_resize_q80,AI,0.91259765625,0.89111328125,0.9814453125,PREV_correct__CURR_correct,PREV_correct__CURR_correct,stable-diffusion-1-4,unknown
E14_Degraded,ai_sb_stable-diffusion-1-4_190_r09a60f63t_test_double_jpeg,AI,0.744140625,0.8779296875,0.9677734375,PREV_correct__CURR_correct,PREV_correct__CURR_correct,stable-diffusion-1-4,unknown
E14_Degraded,ai_sb_firefly_067_r06743f8ft_test_whatsapp_q75,AI,0.5693359375,0.59814453125,0.857421875,PREV_correct__CURR_correct,PREV_correct__CURR_correct,firefly,unknown
E14_Degraded,ai_sb_firefly_067_r06743f8ft_test_resize_q80,AI,0.52734375,0.5615234375,0.8603515625,PREV_correct__CURR_correct,PREV_correct__CURR_correct,firefly,unknown
E14_Degraded,ai_sb_firefly_067_r06743f8ft_test_double_jpeg,AI,0.466552734375,0.546875,0.8427734375,PREV_correct__CURR_correct,PREV_wrong__CURR_correct,firefly,unknown
E14_Degraded,real_raise_069_r08b12799t_test_whatsapp_q75,Real,0.10394287109375,0.002471923828125,0.81640625,PREV_correct__CURR_wrong,PREV_correct__CURR_wrong,camera,unknown
E14_Degraded,real_raise_069_r08b12799t_test_resize_q80,Real,0.1134033203125,0.0024623870849609375,0.8134765625,PREV_correct__CURR_wrong,PREV_correct__CURR_wrong,camera,unknown
E14_Degraded,real_raise_069_r08b12799t_test_double_jpeg,Real,0.059112548828125,0.0026721954345703125,0.73095703125,PREV_correct__CURR_wrong,PREV_correct__CURR_wrong,camera,unknown
E14_Degraded,ai_sb_midjourney-v5_149_r1d9a31fct_test_whatsapp_q75,AI,0.0186920166015625,0.116943359375,0.481201171875,PREV_wrong__CURR_wrong,PREV_wrong__CURR_wrong,midjourney-v5,unknown
E14_Degraded,ai_sb_midjourney-v5_149_r1d9a31fct_test_resize_q80,AI,0.0174407958984375,0.093994140625,0.47021484375,PREV_wrong__CURR_wrong,PREV_wrong__CURR_wrong,midjourney-v5,unknown
E14_Degraded,ai_sb_midjourney-v5_149_r1d9a31fct_test_double_jpeg,AI,0.01238250732421875,0.0836181640625,0.469482421875,PREV_wrong__CURR_wrong,PREV_wrong__CURR_wrong,midjourney-v5,unknown
E14_Degraded,ai_sb_glide_102_r0b7b1156t_test_whatsapp_q75,AI,0.51708984375,0.7998046875,0.716796875,PREV_correct__CURR_correct,PREV_correct__CURR_correct,glide,unknown
E14_Degraded,ai_sb_glide_102_r0b7b1156t_test_resize_q80,AI,0.55615234375,0.7275390625,0.68115234375,PREV_correct__CURR_correct,PREV_correct__CURR_correct,glide,unknown
E14_Degraded,ai_sb_glide_102_r0b7b1156t_test_double_jpeg,AI,0.254150390625,0.61328125,0.59521484375,PREV_correct__CURR_correct,PREV_wrong__CURR_correct,glide,unknown
E14_Degraded,ai_sb_glide_108_r1297fd0bt_test_whatsapp_q75,AI,0.5693359375,0.1959228515625,0.62451171875,PREV_wrong__CURR_correct,PREV_correct__CURR_correct,glide,unknown
E14_Degraded,ai_sb_glide_108_r1297fd0bt_test_resize_q80,AI,0.64306640625,0.1480712890625,0.57666015625,PREV_wrong__CURR_correct,PREV_correct__CURR_correct,glide,unknown
E14_Degraded,ai_sb_glide_108_r1297fd0bt_test_double_jpeg,AI,0.35546875,0.072265625,0.56298828125,PREV_wrong__CURR_correct,PREV_wrong__CURR_correct,glide,unknown
E14_Degraded,ai_sb_stable-diffusion-2_233_r17fe8532t_test_whatsapp_q75,AI,0.0016489028930664062,0.56591796875,0.86328125,PREV_correct__CURR_correct,PREV_wrong__CURR_correct,stable-diffusion-2,unknown
E14_Degraded,ai_sb_stable-diffusion-2_233_r17fe8532t_test_resize_q80,AI,0.0009474754333496094,0.54541015625,0.91552734375,PREV_correct__CURR_correct,PREV_wrong__CURR_correct,stable-diffusion-2,unknown
E14_Degraded,ai_sb_stable-diffusion-2_233_r17fe8532t_test_double_jpeg,AI,0.0007014274597167969,0.787109375,0.84814453125,PREV_correct__CURR_correct,PREV_wrong__CURR_correct,stable-diffusion-2,unknown
E14_Degraded,ai_sb_stable-diffusion-2_224_r0e7b407bt_test_whatsapp_q75,AI,0.85205078125,0.1639404296875,0.85546875,PREV_wrong__CURR_correct,PREV_correct__CURR_correct,stable-diffusion-2,unknown
E14_Degraded,ai_sb_stable-diffusion-2_224_r0e7b407bt_test_resize_q80,AI,0.8564453125,0.1663818359375,0.8505859375,PREV_wrong__CURR_correct,PREV_correct__CURR_correct,stable-diffusion-2,unknown
E14_Degraded,ai_sb_stable-diffusion-2_224_r0e7b407bt_test_double_jpeg,AI,0.85693359375,0.1973876953125,0.8671875,PREV_wrong__CURR_correct,PREV_correct__CURR_correct,stable-diffusion-2,unknown
E14_Degraded,real_raise_supp_043_r16ea6386t_test_whatsapp_q75,Real,0.04742431640625,0.0027256011962890625,0.8056640625,PREV_correct__CURR_wrong,PREV_correct__CURR_wrong,camera,unknown
E14_Degraded,real_raise_supp_043_r16ea6386t_test_resize_q80,Real,0.05194091796875,0.0025310516357421875,0.771484375,PREV_correct__CURR_wrong,PREV_correct__CURR_wrong,camera,unknown
E14_Degraded,real_raise_supp_043_r16ea6386t_test_double_jpeg,Real,0.051849365234375,0.002471923828125,0.77685546875,PREV_correct__CURR_wrong,PREV_correct__CURR_wrong,camera,unknown
E14_Degraded,real_raise_140_r125f6e84t_test_whatsapp_q75,Real,0.0021076202392578125,0.0006823539733886719,0.05242919921875,PREV_correct__CURR_correct,PREV_correct__CURR_correct,camera,unknown
E14_Degraded,real_raise_140_r125f6e84t_test_resize_q80,Real,0.001964569091796875,0.0007762908935546875,0.0457763671875,PREV_correct__CURR_correct,PREV_correct__CURR_correct,camera,unknown
E14_Degraded,real_raise_140_r125f6e84t_test_double_jpeg,Real,0.001628875732421875,0.0005860328674316406,0.0460205078125,PREV_correct__CURR_correct,PREV_correct__CURR_correct,camera,unknown
E14_Degraded,real_raise_137_r11c4de0et_test_whatsapp_q75,Real,0.0009546279907226562,0.00605010986328125,0.030670166015625,PREV_correct__CURR_correct,PREV_correct__CURR_correct,camera,unknown
E14_Degraded,real_raise_137_r11c4de0et_test_resize_q80,Real,0.0012598037719726562,0.00806427001953125,0.0293731689453125,PREV_correct__CURR_correct,PREV_correct__CURR_correct,camera,unknown
E14_Degraded,real_raise_137_r11c4de0et_test_double_jpeg,Real,0.0008263587951660156,0.006511688232421875,0.0196380615234375,PREV_correct__CURR_correct,PREV_correct__CURR_correct,camera,unknown
E14_Degraded,ai_sb_firefly_083_r17fe8532t_test_whatsapp_q75,AI,0.5244140625,0.385986328125,0.98486328125,PREV_wrong__CURR_correct,PREV_correct__CURR_correct,firefly,unknown
E14_Degraded,ai_sb_firefly_083_r17fe8532t_test_resize_q80,AI,0.69482421875,0.39794921875,0.98876953125,PREV_wrong__CURR_correct,PREV_correct__CURR_correct,firefly,unknown
E14_Degraded,ai_sb_firefly_083_r17fe8532t_test_double_jpeg,AI,0.260009765625,0.287353515625,0.98046875,PREV_wrong__CURR_correct,PREV_wrong__CURR_correct,firefly,unknown
E14_Degraded,real_raise_supp_055_r1ca254b2t_test_whatsapp_q75,Real,0.03265380859375,0.0013303756713867188,0.387451171875,PREV_correct__CURR_correct,PREV_correct__CURR_correct,camera,unknown
E14_Degraded,real_raise_supp_055_r1ca254b2t_test_resize_q80,Real,0.0369873046875,0.0012350082397460938,0.42333984375,PREV_correct__CURR_correct,PREV_correct__CURR_correct,camera,unknown
E14_Degraded,real_raise_supp_055_r1ca254b2t_test_double_jpeg,Real,0.01029205322265625,0.0012063980102539062,0.302734375,PREV_correct__CURR_correct,PREV_correct__CURR_correct,camera,unknown
E14_Degraded,ai_sb_midjourney-v5_123_r026b5360t_test_whatsapp_q75,AI,0.058990478515625,0.99609375,1.0,PREV_correct__CURR_correct,PREV_wrong__CURR_correct,midjourney-v5,unknown
E14_Degraded,ai_sb_midjourney-v5_123_r026b5360t_test_resize_q80,AI,0.049774169921875,0.9970703125,1.0,PREV_correct__CURR_correct,PREV_wrong__CURR_correct,midjourney-v5,unknown
E14_Degraded,ai_sb_midjourney-v5_123_r026b5360t_test_double_jpeg,AI,0.0009145736694335938,0.98046875,0.99951171875,PREV_correct__CURR_correct,PREV_wrong__CURR_correct,midjourney-v5,unknown
E14_Degraded,real_raise_125_r101d6690t_test_whatsapp_q75,Real,0.0110321044921875,0.003780364990234375,0.18896484375,PREV_correct__CURR_correct,PREV_correct__CURR_correct,camera,unknown
E14_Degraded,real_raise_125_r101d6690t_test_resize_q80,Real,0.01473236083984375,0.00482940673828125,0.23681640625,PREV_correct__CURR_correct,PREV_correct__CURR_correct,camera,unknown
E14_Degraded,real_raise_125_r101d6690t_test_double_jpeg,Real,0.0027675628662109375,0.0035114288330078125,0.1683349609375,PREV_correct__CURR_correct,PREV_correct__CURR_correct,camera,unknown
E14_Degraded,ai_sb_stable-diffusion-1-4_210_r1e9082f9t_test_whatsapp_q75,AI,0.990234375,0.67578125,0.9970703125,PREV_correct__CURR_correct,PREV_correct__CURR_correct,stable-diffusion-1-4,unknown
E14_Degraded,ai_sb_stable-diffusion-1-4_210_r1e9082f9t_test_resize_q80,AI,0.9931640625,0.53759765625,0.99658203125,PREV_correct__CURR_correct,PREV_correct__CURR_correct,stable-diffusion-1-4,unknown
E14_Degraded,ai_sb_stable-diffusion-1-4_210_r1e9082f9t_test_double_jpeg,AI,0.98388671875,0.67919921875,0.98876953125,PREV_correct__CURR_correct,PREV_correct__CURR_correct,stable-diffusion-1-4,unknown
E14_Degraded,ai_sb_midjourney-v5_135_r0f5beb66t_test_whatsapp_q75,AI,0.88720703125,0.6796875,0.9658203125,PREV_correct__CURR_correct,PREV_correct__CURR_correct,midjourney-v5,unknown
E14_Degraded,ai_sb_midjourney-v5_135_r0f5beb66t_test_resize_q80,AI,0.88916015625,0.6435546875,0.9677734375,PREV_correct__CURR_correct,PREV_correct__CURR_correct,midjourney-v5,unknown
E14_Degraded,ai_sb_midjourney-v5_135_r0f5beb66t_test_double_jpeg,AI,0.8046875,0.53125,0.951171875,PREV_correct__CURR_correct,PREV_correct__CURR_correct,midjourney-v5,unknown
E14_Degraded,real_raise_172_r163967d4t_test_whatsapp_q75,Real,0.0003006458282470703,0.001201629638671875,0.1512451171875,PREV_correct__CURR_correct,PREV_correct__CURR_correct,camera,unknown
E14_Degraded,real_raise_172_r163967d4t_test_resize_q80,Real,0.0004305839538574219,0.0009074211120605469,0.18115234375,PREV_correct__CURR_correct,PREV_correct__CURR_correct,camera,unknown
E14_Degraded,real_raise_172_r163967d4t_test_double_jpeg,Real,9.244680404663086e-05,0.0012845993041992188,0.154296875,PREV_correct__CURR_correct,PREV_correct__CURR_correct,camera,unknown
E14_Degraded,ai_sb_dalle2_030_r1e9082f9t_test_whatsapp_q75,AI,0.1624755859375,0.04620361328125,0.94189453125,PREV_wrong__CURR_correct,PREV_wrong__CURR_correct,dalle2,unknown
E14_Degraded,ai_sb_dalle2_030_r1e9082f9t_test_resize_q80,AI,0.1788330078125,0.04010009765625,0.943359375,PREV_wrong__CURR_correct,PREV_wrong__CURR_correct,dalle2,unknown
E14_Degraded,ai_sb_dalle2_030_r1e9082f9t_test_double_jpeg,AI,0.01322174072265625,0.04595947265625,0.93505859375,PREV_wrong__CURR_correct,PREV_wrong__CURR_correct,dalle2,unknown
E14_Degraded,real_raise_100_r0c9910e4t_test_whatsapp_q75,Real,0.0615234375,0.75634765625,0.97509765625,PREV_wrong__CURR_wrong,PREV_correct__CURR_wrong,camera,unknown
E14_Degraded,real_raise_100_r0c9910e4t_test_resize_q80,Real,0.07305908203125,0.7734375,0.1904296875,PREV_wrong__CURR_correct,PREV_correct__CURR_correct,camera,unknown
E14_Degraded,real_raise_100_r0c9910e4t_test_double_jpeg,Real,0.00013136863708496094,0.356689453125,0.08465576171875,PREV_correct__CURR_correct,PREV_correct__CURR_correct,camera,unknown
E14_Degraded,real_raise_162_r14c2d3fct_test_whatsapp_q75,Real,0.002349853515625,0.00821685791015625,0.7548828125,PREV_correct__CURR_wrong,PREV_correct__CURR_wrong,camera,unknown
E14_Degraded,real_raise_162_r14c2d3fct_test_resize_q80,Real,0.007232666015625,0.0070648193359375,0.73388671875,PREV_correct__CURR_wrong,PREV_correct__CURR_wrong,camera,unknown
E14_Degraded,real_raise_162_r14c2d3fct_test_double_jpeg,Real,0.00034737586975097656,0.009674072265625,0.6953125,PREV_correct__CURR_wrong,PREV_correct__CURR_wrong,camera,unknown
E14_Degraded,ai_sb_dalle2_027_r1bdb6385t_test_whatsapp_q75,AI,0.7080078125,0.43798828125,0.9306640625,PREV_wrong__CURR_correct,PREV_correct__CURR_correct,dalle2,unknown
E14_Degraded,ai_sb_dalle2_027_r1bdb6385t_test_resize_q80,AI,0.77685546875,0.443115234375,0.955078125,PREV_wrong__CURR_correct,PREV_correct__CURR_correct,dalle2,unknown
E14_Degraded,ai_sb_dalle2_027_r1bdb6385t_test_double_jpeg,AI,0.216552734375,0.385498046875,0.9111328125,PREV_wrong__CURR_correct,PREV_wrong__CURR_correct,dalle2,unknown
E14_Degraded,ai_sb_dalle3_052_r169c7350t_test_whatsapp_q75,AI,0.94580078125,0.91796875,0.9990234375,PREV_correct__CURR_correct,PREV_correct__CURR_correct,dalle3,unknown
E14_Degraded,ai_sb_dalle3_052_r169c7350t_test_resize_q80,AI,0.9375,0.921875,0.9990234375,PREV_correct__CURR_correct,PREV_correct__CURR_correct,dalle3,unknown
E14_Degraded,ai_sb_dalle3_052_r169c7350t_test_double_jpeg,AI,0.818359375,0.892578125,0.99853515625,PREV_correct__CURR_correct,PREV_correct__CURR_correct,dalle3,unknown
E14_Degraded,ai_sb_glide_106_r102b4aa4t_test_whatsapp_q75,AI,0.2890625,0.1217041015625,0.92919921875,PREV_wrong__CURR_correct,PREV_wrong__CURR_correct,glide,unknown
E14_Degraded,ai_sb_glide_106_r102b4aa4t_test_resize_q80,AI,0.38232421875,0.0999755859375,0.94384765625,PREV_wrong__CURR_correct,PREV_wrong__CURR_correct,glide,unknown
E14_Degraded,ai_sb_glide_106_r102b4aa4t_test_double_jpeg,AI,0.10211181640625,0.07904052734375,0.84521484375,PREV_wrong__CURR_correct,PREV_wrong__CURR_correct,glide,unknown
E14_Degraded,real_raise_054_r06cad2d6t_test_whatsapp_q75,Real,0.19873046875,0.0050201416015625,0.8310546875,PREV_correct__CURR_wrong,PREV_correct__CURR_wrong,camera,unknown
E14_Degraded,real_raise_054_r06cad2d6t_test_resize_q80,Real,0.10723876953125,0.003780364990234375,0.84814453125,PREV_correct__CURR_wrong,PREV_correct__CURR_wrong,camera,unknown
E14_Degraded,real_raise_054_r06cad2d6t_test_double_jpeg,Real,0.09893798828125,0.00345611572265625,0.78564453125,PREV_correct__CURR_wrong,PREV_correct__CURR_wrong,camera,unknown
E14_Degraded,ai_sb_dalle2_025_r1a2095b2t_test_whatsapp_q75,AI,0.80859375,0.1658935546875,0.96923828125,PREV_wrong__CURR_correct,PREV_correct__CURR_correct,dalle2,unknown
E14_Degraded,ai_sb_dalle2_025_r1a2095b2t_test_resize_q80,AI,0.87890625,0.1304931640625,0.9697265625,PREV_wrong__CURR_correct,PREV_correct__CURR_correct,dalle2,unknown
E14_Degraded,ai_sb_dalle2_025_r1a2095b2t_test_double_jpeg,AI,0.3701171875,0.083740234375,0.94482421875,PREV_wrong__CURR_correct,PREV_wrong__CURR_correct,dalle2,unknown
E19_Smartphone_Benchmark,e19_real_phone_001_wa,Real,0.0011425018310546875,0.09185791015625,0.171875,PREV_correct__CURR_correct,PREV_correct__CURR_correct,None (Camera ISP),"Google Pixel (Pixel 7-9 family, exact model unspecified)"
E19_Smartphone_Benchmark,e19_real_phone_002_wa,Real,0.98828125,0.007175445556640625,0.92041015625,PREV_correct__CURR_wrong,PREV_wrong__CURR_wrong,None (Camera ISP),"Google Pixel (Pixel 7-9 family, exact model unspecified)"
E19_Smartphone_Benchmark,e19_real_phone_003_wa,Real,0.58154296875,0.037200927734375,0.939453125,PREV_correct__CURR_wrong,PREV_wrong__CURR_wrong,None (Camera ISP),"Google Pixel (Pixel 7-9 family, exact model unspecified)"
E19_Smartphone_Benchmark,e19_real_phone_004_wa,Real,0.4873046875,0.01337432861328125,0.86328125,PREV_correct__CURR_wrong,PREV_correct__CURR_wrong,None (Camera ISP),"Google Pixel (Pixel 7-9 family, exact model unspecified)"
E19_Smartphone_Benchmark,e19_real_phone_005_wa,Real,0.10284423828125,0.011871337890625,0.580078125,PREV_correct__CURR_wrong,PREV_correct__CURR_wrong,None (Camera ISP),"Google Pixel (Pixel 7-9 family, exact model unspecified)"
E19_Smartphone_Benchmark,e19_real_phone_006_wa,Real,0.1519775390625,0.6064453125,0.62646484375,PREV_wrong__CURR_wrong,PREV_correct__CURR_wrong,None (Camera ISP),"Google Pixel (Pixel 7-9 family, exact model unspecified)"
E19_Smartphone_Benchmark,e19_real_phone_007_wa,Real,0.00034332275390625,0.322265625,0.469482421875,PREV_correct__CURR_correct,PREV_correct__CURR_correct,None (Camera ISP),"Google Pixel (Pixel 7-9 family, exact model unspecified)"
E19_Smartphone_Benchmark,e19_real_phone_008_wa,Real,0.5400390625,0.01302337646484375,0.422119140625,PREV_correct__CURR_correct,PREV_wrong__CURR_correct,None (Camera ISP),"Google Pixel (Pixel 7-9 family, exact model unspecified)"
E19_Smartphone_Benchmark,e19_real_phone_009_wa,Real,0.94140625,0.005535125732421875,0.70849609375,PREV_correct__CURR_wrong,PREV_wrong__CURR_wrong,None (Camera ISP),"Google Pixel (Pixel 7-9 family, exact model unspecified)"
E19_Smartphone_Benchmark,e19_real_phone_010_wa,Real,0.974609375,0.0008039474487304688,0.9326171875,PREV_correct__CURR_wrong,PREV_wrong__CURR_wrong,None (Camera ISP),"Google Pixel (Pixel 7-9 family, exact model unspecified)"
E19_Smartphone_Benchmark,e19_real_phone_011_wa,Real,0.001720428466796875,0.144775390625,0.67578125,PREV_correct__CURR_wrong,PREV_correct__CURR_wrong,None (Camera ISP),"Google Pixel (Pixel 7-9 family, exact model unspecified)"
E19_Smartphone_Benchmark,e19_real_phone_012_wa,Real,0.05194091796875,0.0045928955078125,0.0112457275390625,PREV_correct__CURR_correct,PREV_correct__CURR_correct,None (Camera ISP),"Google Pixel (Pixel 7-9 family, exact model unspecified)"
E19_Smartphone_Benchmark,e19_real_phone_013_wa,Real,0.921875,0.006511688232421875,0.970703125,PREV_correct__CURR_wrong,PREV_wrong__CURR_wrong,None (Camera ISP),"Google Pixel (Pixel 7-9 family, exact model unspecified)"
E19_Smartphone_Benchmark,e19_real_phone_014_wa,Real,0.00511932373046875,0.01322174072265625,1.9252300262451172e-05,PREV_correct__CURR_correct,PREV_correct__CURR_correct,None (Camera ISP),"Google Pixel (Pixel 7-9 family, exact model unspecified)"
E19_Smartphone_Benchmark,e19_real_phone_015_wa,Real,0.03460693359375,0.00861358642578125,0.52783203125,PREV_correct__CURR_wrong,PREV_correct__CURR_wrong,None (Camera ISP),"Google Pixel (Pixel 7-9 family, exact model unspecified)"
E19_Smartphone_Benchmark,e19_real_phone_016_wa,Real,0.5615234375,0.03155517578125,0.9736328125,PREV_correct__CURR_wrong,PREV_wrong__CURR_wrong,None (Camera ISP),"Google Pixel (Pixel 7-9 family, exact model unspecified)"
E19_Smartphone_Benchmark,e19_real_phone_017_wa,Real,0.94091796875,0.005344390869140625,0.325927734375,PREV_correct__CURR_correct,PREV_wrong__CURR_correct,None (Camera ISP),"Google Pixel (Pixel 7-9 family, exact model unspecified)"
E19_Smartphone_Benchmark,e19_real_phone_018_wa,Real,0.34765625,0.00572967529296875,0.014007568359375,PREV_correct__CURR_correct,PREV_correct__CURR_correct,None (Camera ISP),"Google Pixel (Pixel 7-9 family, exact model unspecified)"
E19_Smartphone_Benchmark,e19_real_phone_019_wa,Real,0.218017578125,0.01837158203125,0.6845703125,PREV_correct__CURR_wrong,PREV_correct__CURR_wrong,None (Camera ISP),"Google Pixel (Pixel 7-9 family, exact model unspecified)"
E19_Smartphone_Benchmark,e19_real_phone_020_wa,Real,0.947265625,0.0050811767578125,0.84033203125,PREV_correct__CURR_wrong,PREV_wrong__CURR_wrong,None (Camera ISP),"Google Pixel (Pixel 7-9 family, exact model unspecified)"
E19_Smartphone_Benchmark,e19_real_phone_021_wa,Real,0.362548828125,0.07891845703125,0.734375,PREV_correct__CURR_wrong,PREV_correct__CURR_wrong,None (Camera ISP),"Google Pixel (Pixel 7-9 family, exact model unspecified)"
E19_Smartphone_Benchmark,e19_real_phone_022_wa,Real,0.25732421875,0.00634002685546875,0.339111328125,PREV_correct__CURR_correct,PREV_correct__CURR_correct,None (Camera ISP),"Google Pixel (Pixel 7-9 family, exact model unspecified)"
E19_Smartphone_Benchmark,e19_real_phone_023_wa,Real,0.2181396484375,0.173095703125,0.455078125,PREV_correct__CURR_correct,PREV_correct__CURR_correct,None (Camera ISP),"Google Pixel (Pixel 7-9 family, exact model unspecified)"
E19_Smartphone_Benchmark,e19_real_phone_024_wa,Real,0.982421875,0.00269317626953125,0.90625,PREV_correct__CURR_wrong,PREV_wrong__CURR_wrong,None (Camera ISP),"Google Pixel (Pixel 7-9 family, exact model unspecified)"
E19_Smartphone_Benchmark,e19_real_phone_025_wa,Real,0.884765625,0.0006337165832519531,0.80810546875,PREV_correct__CURR_wrong,PREV_wrong__CURR_wrong,None (Camera ISP),"Google Pixel (Pixel 7-9 family, exact model unspecified)"
E19_Smartphone_Benchmark,e19_real_phone_026_wa,Real,0.09515380859375,0.32080078125,0.6806640625,PREV_correct__CURR_wrong,PREV_correct__CURR_wrong,None (Camera ISP),"Google Pixel (Pixel 7-9 family, exact model unspecified)"
E19_Smartphone_Benchmark,e19_real_phone_027_wa,Real,0.99560546875,0.004199981689453125,0.94580078125,PREV_correct__CURR_wrong,PREV_wrong__CURR_wrong,None (Camera ISP),"Google Pixel (Pixel 7-9 family, exact model unspecified)"
E19_Smartphone_Benchmark,e19_real_phone_028_wa,Real,0.047088623046875,0.01666259765625,0.036895751953125,PREV_correct__CURR_correct,PREV_correct__CURR_correct,None (Camera ISP),"Google Pixel (Pixel 7-9 family, exact model unspecified)"
E19_Smartphone_Benchmark,e19_real_phone_029_wa,Real,0.97900390625,0.00254058837890625,0.9794921875,PREV_correct__CURR_wrong,PREV_wrong__CURR_wrong,None (Camera ISP),"Google Pixel (Pixel 7-9 family, exact model unspecified)"
E19_Smartphone_Benchmark,e19_real_phone_030_wa,Real,0.0330810546875,0.08135986328125,0.9375,PREV_correct__CURR_wrong,PREV_correct__CURR_wrong,None (Camera ISP),"Google Pixel (Pixel 7-9 family, exact model unspecified)"
E19_Smartphone_Benchmark,e19_real_phone_031_raw,Real,0.179443359375,0.005138397216796875,0.74755859375,PREV_correct__CURR_wrong,PREV_correct__CURR_wrong,None (Camera ISP),Apple iPhone (iPhone X)
E19_Smartphone_Benchmark,e19_real_phone_032_raw,Real,0.0031719207763671875,0.0024814605712890625,0.01111602783203125,PREV_correct__CURR_correct,PREV_correct__CURR_correct,None (Camera ISP),Apple iPhone (iPhone X)
E19_Smartphone_Benchmark,e19_real_phone_033_raw,Real,0.0002694129943847656,0.0045928955078125,0.0021076202392578125,PREV_correct__CURR_correct,PREV_correct__CURR_correct,None (Camera ISP),Apple iPhone (iPhone X)
E19_Smartphone_Benchmark,e19_real_phone_034_raw,Real,2.0623207092285156e-05,0.0005679130554199219,0.0002065896987915039,PREV_correct__CURR_correct,PREV_correct__CURR_correct,None (Camera ISP),Apple iPhone (iPhone X)
E19_Smartphone_Benchmark,e19_real_phone_035_raw,Real,0.004505157470703125,0.0012111663818359375,0.00937652587890625,PREV_correct__CURR_correct,PREV_correct__CURR_correct,None (Camera ISP),Apple iPhone (iPhone X)
E19_Smartphone_Benchmark,e19_real_phone_036_raw,Real,0.00022518634796142578,0.004398345947265625,0.0062408447265625,PREV_correct__CURR_correct,PREV_correct__CURR_correct,None (Camera ISP),Apple iPhone (iPhone X)
E19_Smartphone_Benchmark,e19_real_phone_037_raw,Real,0.1617431640625,0.0017414093017578125,0.64306640625,PREV_correct__CURR_wrong,PREV_correct__CURR_wrong,None (Camera ISP),Apple iPhone (iPhone X)
E19_Smartphone_Benchmark,e19_real_phone_038_raw,Real,0.67041015625,0.0005421638488769531,0.00634002685546875,PREV_correct__CURR_correct,PREV_wrong__CURR_correct,None (Camera ISP),Apple iPhone (iPhone X)
E19_Smartphone_Benchmark,e19_real_phone_039_raw,Real,0.0020503997802734375,0.0005464553833007812,0.0016546249389648438,PREV_correct__CURR_correct,PREV_correct__CURR_correct,None (Camera ISP),Apple iPhone (iPhone X)
E19_Smartphone_Benchmark,e19_real_phone_040_raw,Real,0.004085540771484375,0.00473785400390625,0.011962890625,PREV_correct__CURR_correct,PREV_correct__CURR_correct,None (Camera ISP),Apple iPhone (iPhone X)
E19_Smartphone_Benchmark,e19_real_phone_041_raw,Real,0.0009775161743164062,0.0005235671997070312,0.0029468536376953125,PREV_correct__CURR_correct,PREV_correct__CURR_correct,None (Camera ISP),Apple iPhone (iPhone X)
E19_Smartphone_Benchmark,e19_real_phone_042_raw,Real,0.0012693405151367188,0.0012645721435546875,0.0004012584686279297,PREV_correct__CURR_correct,PREV_correct__CURR_correct,None (Camera ISP),Apple iPhone (iPhone X)
E19_Smartphone_Benchmark,e19_real_phone_043_raw,Real,0.005321502685546875,0.0015306472778320312,0.1405029296875,PREV_correct__CURR_correct,PREV_correct__CURR_correct,None (Camera ISP),Apple iPhone (iPhone X)
E19_Smartphone_Benchmark,e19_real_phone_044_raw,Real,0.05145263671875,0.0037078857421875,0.00926971435546875,PREV_correct__CURR_correct,PREV_correct__CURR_correct,None (Camera ISP),Apple iPhone (iPhone X)
E19_Smartphone_Benchmark,e19_real_phone_045_raw,Real,0.0030155181884765625,0.007843017578125,0.0174407958984375,PREV_correct__CURR_correct,PREV_correct__CURR_correct,None (Camera ISP),Apple iPhone (iPhone X)
E19_Smartphone_Benchmark,e19_real_phone_046_raw,Real,0.28125,0.00015723705291748047,0.0872802734375,PREV_correct__CURR_correct,PREV_correct__CURR_correct,None (Camera ISP),Apple iPhone (iPhone X)
E19_Smartphone_Benchmark,e19_real_phone_047_raw,Real,0.0009474754333496094,0.0020351409912109375,0.009124755859375,PREV_correct__CURR_correct,PREV_correct__CURR_correct,None (Camera ISP),Apple iPhone (iPhone X)
E19_Smartphone_Benchmark,e19_real_phone_048_raw,Real,0.0004513263702392578,5.143880844116211e-05,0.0001398324966430664,PREV_correct__CURR_correct,PREV_correct__CURR_correct,None (Camera ISP),Apple iPhone (iPhone X)
E19_Smartphone_Benchmark,e19_real_phone_049_raw,Real,0.0004839897155761719,0.0009698867797851562,0.001361846923828125,PREV_correct__CURR_correct,PREV_correct__CURR_correct,None (Camera ISP),Apple iPhone (iPhone X)
E19_Smartphone_Benchmark,e19_real_phone_050_raw,Real,0.020721435546875,0.004608154296875,0.252197265625,PREV_correct__CURR_correct,PREV_correct__CURR_correct,None (Camera ISP),Apple iPhone (iPhone X)
E19_Smartphone_Benchmark,e19_real_phone_051_raw,Real,0.00013136863708496094,0.02423095703125,0.033203125,PREV_correct__CURR_correct,PREV_correct__CURR_correct,None (Camera ISP),Apple iPhone (iPhone X)
E19_Smartphone_Benchmark,e19_real_phone_052_raw,Real,0.0118255615234375,0.00036978721618652344,0.0006880760192871094,PREV_correct__CURR_correct,PREV_correct__CURR_correct,None (Camera ISP),Apple iPhone (iPhone X)
E19_Smartphone_Benchmark,e19_real_phone_053_raw,Real,0.003147125244140625,0.004024505615234375,0.05987548828125,PREV_correct__CURR_correct,PREV_correct__CURR_correct,None (Camera ISP),Apple iPhone (iPhone X)
E19_Smartphone_Benchmark,e19_real_phone_054_raw,Real,2.586841583251953e-05,0.0013151168823242188,0.040771484375,PREV_correct__CURR_correct,PREV_correct__CURR_correct,None (Camera ISP),Apple iPhone (iPhone X)
E19_Smartphone_Benchmark,e19_real_phone_055_raw,Real,0.04486083984375,0.0001214742660522461,0.01107025146484375,PREV_correct__CURR_correct,PREV_correct__CURR_correct,None (Camera ISP),Apple iPhone (iPhone X)
E19_Smartphone_Benchmark,e19_real_phone_056_raw,Real,0.818359375,0.00031495094299316406,0.007175445556640625,PREV_correct__CURR_correct,PREV_wrong__CURR_correct,None (Camera ISP),Apple iPhone (iPhone X)
E19_Smartphone_Benchmark,e19_real_phone_057_raw,Real,0.0009851455688476562,0.0021648406982421875,0.00609588623046875,PREV_correct__CURR_correct,PREV_correct__CURR_correct,None (Camera ISP),Apple iPhone (iPhone X)
E19_Smartphone_Benchmark,e19_real_phone_058_raw,Real,0.0007886886596679688,0.0014781951904296875,0.0016937255859375,PREV_correct__CURR_correct,PREV_correct__CURR_correct,None (Camera ISP),Apple iPhone (iPhone X)
E19_Smartphone_Benchmark,e19_real_phone_059_raw,Real,0.00016868114471435547,0.00033020973205566406,0.0003998279571533203,PREV_correct__CURR_correct,PREV_correct__CURR_correct,None (Camera ISP),Apple iPhone (iPhone X)
E19_Smartphone_Benchmark,e19_real_phone_060_raw,Real,0.040771484375,8.481740951538086e-05,0.005260467529296875,PREV_correct__CURR_correct,PREV_correct__CURR_correct,None (Camera ISP),Apple iPhone (iPhone X)
E19_Smartphone_Benchmark,e19_real_phone_061_raw,Real,0.00919342041015625,6.920099258422852e-05,0.041839599609375,PREV_correct__CURR_correct,PREV_correct__CURR_correct,None (Camera ISP),Apple iPhone (iPhone X)
E19_Smartphone_Benchmark,e19_real_phone_062_raw,Real,0.0170440673828125,0.058135986328125,0.0265045166015625,PREV_correct__CURR_correct,PREV_correct__CURR_correct,None (Camera ISP),Apple iPhone (iPhone X)
E19_Smartphone_Benchmark,e19_real_phone_063_raw,Real,0.0192718505859375,0.0007853507995605469,0.1077880859375,PREV_correct__CURR_correct,PREV_correct__CURR_correct,None (Camera ISP),Apple iPhone (iPhone X)
E19_Smartphone_Benchmark,e19_real_phone_064_raw,Real,0.0009288787841796875,0.000865936279296875,0.00034880638122558594,PREV_correct__CURR_correct,PREV_correct__CURR_correct,None (Camera ISP),Apple iPhone (iPhone X)
E19_Smartphone_Benchmark,e19_real_phone_065_raw,Real,0.00238800048828125,0.00033545494079589844,0.00867462158203125,PREV_correct__CURR_correct,PREV_correct__CURR_correct,None (Camera ISP),Apple iPhone (iPhone X)
E19_Smartphone_Benchmark,e19_real_phone_066_raw,Real,0.00997161865234375,0.0167236328125,0.051361083984375,PREV_correct__CURR_correct,PREV_correct__CURR_correct,None (Camera ISP),Samsung Galaxy (Galaxy S9)
E19_Smartphone_Benchmark,e19_real_phone_067_raw,Real,0.0002758502960205078,0.00945281982421875,0.11297607421875,PREV_correct__CURR_correct,PREV_correct__CURR_correct,None (Camera ISP),Samsung Galaxy (Galaxy S9)
E19_Smartphone_Benchmark,e19_real_phone_068_raw,Real,0.01078033447265625,0.0013723373413085938,0.0009775161743164062,PREV_correct__CURR_correct,PREV_correct__CURR_correct,None (Camera ISP),Samsung Galaxy (Galaxy S9)
E19_Smartphone_Benchmark,e19_real_phone_069_raw,Real,0.01467132568359375,0.0001055598258972168,0.005641937255859375,PREV_correct__CURR_correct,PREV_correct__CURR_correct,None (Camera ISP),Samsung Galaxy (Galaxy S9)
E19_Smartphone_Benchmark,e19_real_phone_070_raw,Real,0.2117919921875,0.00015115737915039062,0.144775390625,PREV_correct__CURR_correct,PREV_correct__CURR_correct,None (Camera ISP),Samsung Galaxy (Galaxy S9)
E19_Smartphone_Benchmark,e19_real_phone_071_raw,Real,0.0230255126953125,0.011688232421875,0.06488037109375,PREV_correct__CURR_correct,PREV_correct__CURR_correct,None (Camera ISP),Samsung Galaxy (Galaxy S9)
E19_Smartphone_Benchmark,e19_real_phone_072_raw,Real,0.03204345703125,0.00034999847412109375,0.57080078125,PREV_correct__CURR_wrong,PREV_correct__CURR_wrong,None (Camera ISP),Samsung Galaxy (Galaxy S9)
E19_Smartphone_Benchmark,e19_real_phone_073_raw,Real,0.006439208984375,0.002758026123046875,0.319091796875,PREV_correct__CURR_correct,PREV_correct__CURR_correct,None (Camera ISP),Samsung Galaxy (Galaxy S9)
E19_Smartphone_Benchmark,e19_real_phone_074_raw,Real,0.08050537109375,0.020599365234375,0.04351806640625,PREV_correct__CURR_correct,PREV_correct__CURR_correct,None (Camera ISP),Samsung Galaxy (Galaxy S9)
E19_Smartphone_Benchmark,e19_real_phone_075_raw,Real,0.0018243789672851562,0.003795623779296875,0.00579833984375,PREV_correct__CURR_correct,PREV_correct__CURR_correct,None (Camera ISP),Samsung Galaxy (Galaxy S9)
E19_Smartphone_Benchmark,e19_real_phone_076_raw,Real,0.04595947265625,0.0021820068359375,0.00206756591796875,PREV_correct__CURR_correct,PREV_correct__CURR_correct,None (Camera ISP),Samsung Galaxy (Galaxy S9)
E19_Smartphone_Benchmark,e19_real_phone_077_raw,Real,0.0097808837890625,0.00030541419982910156,0.017852783203125,PREV_correct__CURR_correct,PREV_correct__CURR_correct,None (Camera ISP),Samsung Galaxy (Galaxy S9)
E19_Smartphone_Benchmark,e19_real_phone_078_raw,Real,0.01395416259765625,0.01024627685546875,0.048675537109375,PREV_correct__CURR_correct,PREV_correct__CURR_correct,None (Camera ISP),Samsung Galaxy (Galaxy S9)
E19_Smartphone_Benchmark,e19_real_phone_079_raw,Real,0.042083740234375,0.004520416259765625,0.37890625,PREV_correct__CURR_correct,PREV_correct__CURR_correct,None (Camera ISP),Samsung Galaxy (Galaxy S9)
E19_Smartphone_Benchmark,e19_real_phone_080_raw,Real,0.058990478515625,0.1650390625,0.8427734375,PREV_correct__CURR_wrong,PREV_correct__CURR_wrong,None (Camera ISP),Samsung Galaxy (Galaxy S9)
E19_Smartphone_Benchmark,e19_real_phone_081_raw,Real,0.06915283203125,0.0007762908935546875,0.9521484375,PREV_correct__CURR_wrong,PREV_correct__CURR_wrong,None (Camera ISP),Samsung Galaxy (Galaxy S9)
E19_Smartphone_Benchmark,e19_real_phone_082_raw,Real,0.2548828125,7.843971252441406e-05,0.0011835098266601562,PREV_correct__CURR_correct,PREV_correct__CURR_correct,None (Camera ISP),Samsung Galaxy (Galaxy S9)
E19_Smartphone_Benchmark,e19_real_phone_083_raw,Real,0.00243377685546875,0.00208282470703125,0.00937652587890625,PREV_correct__CURR_correct,PREV_correct__CURR_correct,None (Camera ISP),Samsung Galaxy (Galaxy S9)
E19_Smartphone_Benchmark,e19_real_phone_084_raw,Real,0.0259552001953125,0.0015735626220703125,0.00046563148498535156,PREV_correct__CURR_correct,PREV_correct__CURR_correct,None (Camera ISP),Samsung Galaxy (Galaxy S9)
E19_Smartphone_Benchmark,e19_real_phone_085_raw,Real,0.158203125,0.0001647472381591797,0.94921875,PREV_correct__CURR_wrong,PREV_correct__CURR_wrong,None (Camera ISP),Samsung Galaxy (Galaxy S9)
E19_Smartphone_Benchmark,e19_real_phone_086_raw,Real,0.57568359375,0.0204925537109375,0.08331298828125,PREV_correct__CURR_correct,PREV_wrong__CURR_correct,None (Camera ISP),Samsung Galaxy (Galaxy S9)
E19_Smartphone_Benchmark,e19_real_phone_087_raw,Real,3.975629806518555e-05,5.692243576049805e-05,0.0004029273986816406,PREV_correct__CURR_correct,PREV_correct__CURR_correct,None (Camera ISP),Samsung Galaxy (Galaxy S9)
E19_Smartphone_Benchmark,e19_real_phone_088_raw,Real,0.011871337890625,0.0002378225326538086,0.00034737586975097656,PREV_correct__CURR_correct,PREV_correct__CURR_correct,None (Camera ISP),Samsung Galaxy (Galaxy S9)
E19_Smartphone_Benchmark,e19_real_phone_089_raw,Real,0.0005817413330078125,0.000263214111328125,0.0003275871276855469,PREV_correct__CURR_correct,PREV_correct__CURR_correct,None (Camera ISP),Samsung Galaxy (Galaxy S9)
E19_Smartphone_Benchmark,e19_real_phone_090_raw,Real,0.1800537109375,0.29150390625,0.50830078125,PREV_correct__CURR_wrong,PREV_correct__CURR_wrong,None (Camera ISP),Samsung Galaxy (Galaxy S9)
E19_Smartphone_Benchmark,e19_real_phone_091_raw,Real,0.08038330078125,0.0001596212387084961,0.047515869140625,PREV_correct__CURR_correct,PREV_correct__CURR_correct,None (Camera ISP),Samsung Galaxy (Galaxy S9)
E19_Smartphone_Benchmark,e19_real_phone_092_raw,Real,0.01302337646484375,0.0030155181884765625,0.0016613006591796875,PREV_correct__CURR_correct,PREV_correct__CURR_correct,None (Camera ISP),Samsung Galaxy (Galaxy S9)
E19_Smartphone_Benchmark,e19_real_phone_093_raw,Real,0.0034694671630859375,0.0050811767578125,0.11102294921875,PREV_correct__CURR_correct,PREV_correct__CURR_correct,None (Camera ISP),Samsung Galaxy (Galaxy S9)
E19_Smartphone_Benchmark,e19_real_phone_094_raw,Real,0.00012826919555664062,0.0008759498596191406,0.0234222412109375,PREV_correct__CURR_correct,PREV_correct__CURR_correct,None (Camera ISP),Samsung Galaxy (Galaxy S9)
E19_Smartphone_Benchmark,e19_real_phone_095_raw,Real,0.0262603759765625,0.0005726814270019531,0.08868408203125,PREV_correct__CURR_correct,PREV_correct__CURR_correct,None (Camera ISP),Samsung Galaxy (Galaxy S9)
E19_Smartphone_Benchmark,e19_real_phone_096_raw,Real,0.1470947265625,0.0012254714965820312,0.6982421875,PREV_correct__CURR_wrong,PREV_correct__CURR_wrong,None (Camera ISP),Samsung Galaxy (Galaxy S9)
E19_Smartphone_Benchmark,e19_real_phone_097_raw,Real,0.173583984375,0.02044677734375,0.04534912109375,PREV_correct__CURR_correct,PREV_correct__CURR_correct,None (Camera ISP),Samsung Galaxy (Galaxy S9)
E19_Smartphone_Benchmark,e19_real_phone_098_raw,Real,0.457275390625,0.03448486328125,0.5283203125,PREV_correct__CURR_wrong,PREV_correct__CURR_wrong,None (Camera ISP),Samsung Galaxy (Galaxy S9)
E19_Smartphone_Benchmark,e19_real_phone_099_raw,Real,0.08831787109375,0.006641387939453125,0.033782958984375,PREV_correct__CURR_correct,PREV_correct__CURR_correct,None (Camera ISP),Samsung Galaxy (Galaxy S9)
E19_Smartphone_Benchmark,e19_real_phone_100_raw,Real,0.07171630859375,0.0005254745483398438,0.001979827880859375,PREV_correct__CURR_correct,PREV_correct__CURR_correct,None (Camera ISP),Samsung Galaxy (Galaxy S9)
E19_Smartphone_Benchmark,e19_ai_001_wa,AI,0.004314422607421875,0.92333984375,0.98486328125,PREV_correct__CURR_correct,PREV_wrong__CURR_correct,"FLUX (Flux LoRA Synthetic Corpus, exact engine unspecified)",Synthetic (None)
E19_Smartphone_Benchmark,e19_ai_002_wa,AI,0.341796875,0.734375,0.95458984375,PREV_correct__CURR_correct,PREV_wrong__CURR_correct,"FLUX (Flux LoRA Synthetic Corpus, exact engine unspecified)",Synthetic (None)
E19_Smartphone_Benchmark,e19_ai_003_wa,AI,0.29296875,0.0273284912109375,0.52294921875,PREV_wrong__CURR_correct,PREV_wrong__CURR_correct,"FLUX (Flux LoRA Synthetic Corpus, exact engine unspecified)",Synthetic (None)
E19_Smartphone_Benchmark,e19_ai_004_wa,AI,0.0240936279296875,0.2430419921875,0.6357421875,PREV_wrong__CURR_correct,PREV_wrong__CURR_correct,"FLUX (Flux LoRA Synthetic Corpus, exact engine unspecified)",Synthetic (None)
E19_Smartphone_Benchmark,e19_ai_005_wa,AI,0.02001953125,0.48876953125,0.95361328125,PREV_wrong__CURR_correct,PREV_wrong__CURR_correct,"FLUX (Flux LoRA Synthetic Corpus, exact engine unspecified)",Synthetic (None)
E19_Smartphone_Benchmark,e19_ai_006_wa,AI,0.171630859375,0.0221099853515625,0.334716796875,PREV_wrong__CURR_wrong,PREV_wrong__CURR_wrong,"FLUX (Flux LoRA Synthetic Corpus, exact engine unspecified)",Synthetic (None)
E19_Smartphone_Benchmark,e19_ai_007_wa,AI,0.0240478515625,0.031982421875,0.63330078125,PREV_wrong__CURR_correct,PREV_wrong__CURR_correct,"FLUX (Flux LoRA Synthetic Corpus, exact engine unspecified)",Synthetic (None)
E19_Smartphone_Benchmark,e19_ai_008_wa,AI,0.0010166168212890625,0.70458984375,0.96630859375,PREV_correct__CURR_correct,PREV_wrong__CURR_correct,"FLUX (Flux LoRA Synthetic Corpus, exact engine unspecified)",Synthetic (None)
E19_Smartphone_Benchmark,e19_ai_009_wa,AI,0.0090179443359375,0.8466796875,0.966796875,PREV_correct__CURR_correct,PREV_wrong__CURR_correct,"FLUX (Flux LoRA Synthetic Corpus, exact engine unspecified)",Synthetic (None)
E19_Smartphone_Benchmark,e19_ai_010_wa,AI,0.032958984375,0.1490478515625,0.830078125,PREV_wrong__CURR_correct,PREV_wrong__CURR_correct,"FLUX (Flux LoRA Synthetic Corpus, exact engine unspecified)",Synthetic (None)
E19_Smartphone_Benchmark,e19_ai_011_wa,AI,0.024566650390625,0.01306915283203125,0.54345703125,PREV_wrong__CURR_correct,PREV_wrong__CURR_correct,"FLUX (Flux LoRA Synthetic Corpus, exact engine unspecified)",Synthetic (None)
E19_Smartphone_Benchmark,e19_ai_012_wa,AI,0.60400390625,0.1878662109375,0.56640625,PREV_wrong__CURR_correct,PREV_correct__CURR_correct,"FLUX (Flux LoRA Synthetic Corpus, exact engine unspecified)",Synthetic (None)
E19_Smartphone_Benchmark,e19_ai_013_wa,AI,0.070068359375,0.006122589111328125,0.544921875,PREV_wrong__CURR_correct,PREV_wrong__CURR_correct,"FLUX (Flux LoRA Synthetic Corpus, exact engine unspecified)",Synthetic (None)
E19_Smartphone_Benchmark,e19_ai_014_wa,AI,0.042572021484375,0.036346435546875,0.50537109375,PREV_wrong__CURR_correct,PREV_wrong__CURR_correct,"FLUX (Flux LoRA Synthetic Corpus, exact engine unspecified)",Synthetic (None)
E19_Smartphone_Benchmark,e19_ai_015_wa,AI,0.11029052734375,0.41748046875,0.640625,PREV_wrong__CURR_correct,PREV_wrong__CURR_correct,"FLUX (Flux LoRA Synthetic Corpus, exact engine unspecified)",Synthetic (None)
E19_Smartphone_Benchmark,e19_ai_016_wa,AI,0.5703125,0.53662109375,0.98095703125,PREV_correct__CURR_correct,PREV_correct__CURR_correct,"FLUX (Flux LoRA Synthetic Corpus, exact engine unspecified)",Synthetic (None)
E19_Smartphone_Benchmark,e19_ai_017_wa,AI,0.0238189697265625,0.572265625,0.41162109375,PREV_correct__CURR_wrong,PREV_wrong__CURR_wrong,"FLUX (Flux LoRA Synthetic Corpus, exact engine unspecified)",Synthetic (None)
E19_Smartphone_Benchmark,e19_ai_018_wa,AI,0.06256103515625,0.0743408203125,0.70068359375,PREV_wrong__CURR_correct,PREV_wrong__CURR_correct,"FLUX (Flux LoRA Synthetic Corpus, exact engine unspecified)",Synthetic (None)
E19_Smartphone_Benchmark,e19_ai_019_wa,AI,0.0144500732421875,0.48486328125,0.82568359375,PREV_wrong__CURR_correct,PREV_wrong__CURR_correct,"FLUX (Flux LoRA Synthetic Corpus, exact engine unspecified)",Synthetic (None)
E19_Smartphone_Benchmark,e19_ai_020_wa,AI,0.1578369140625,0.90625,0.978515625,PREV_correct__CURR_correct,PREV_wrong__CURR_correct,"FLUX (Flux LoRA Synthetic Corpus, exact engine unspecified)",Synthetic (None)
E19_Smartphone_Benchmark,e19_ai_021_wa,AI,0.5458984375,0.49755859375,0.96435546875,PREV_wrong__CURR_correct,PREV_correct__CURR_correct,Google Gemini (exact underlying model unspecified),Synthetic (None)
E19_Smartphone_Benchmark,e19_ai_022_wa,AI,0.47314453125,0.9931640625,0.99853515625,PREV_correct__CURR_correct,PREV_wrong__CURR_correct,Google Gemini (exact underlying model unspecified),Synthetic (None)
E19_Smartphone_Benchmark,e19_ai_023_wa,AI,0.7177734375,0.91650390625,0.90966796875,PREV_correct__CURR_correct,PREV_correct__CURR_correct,Google Gemini (exact underlying model unspecified),Synthetic (None)
E19_Smartphone_Benchmark,e19_ai_024_wa,AI,0.01837158203125,0.76318359375,0.70556640625,PREV_correct__CURR_correct,PREV_wrong__CURR_correct,Google Gemini (exact underlying model unspecified),Synthetic (None)
E19_Smartphone_Benchmark,e19_ai_025_wa,AI,0.06878662109375,0.904296875,0.69189453125,PREV_correct__CURR_correct,PREV_wrong__CURR_correct,Google Gemini (exact underlying model unspecified),Synthetic (None)
E19_Smartphone_Benchmark,e19_ai_026_wa,AI,0.01312255859375,0.47900390625,0.65625,PREV_wrong__CURR_correct,PREV_wrong__CURR_correct,Google Gemini (exact underlying model unspecified),Synthetic (None)
E19_Smartphone_Benchmark,e19_ai_027_wa,AI,0.2218017578125,0.8564453125,0.9765625,PREV_correct__CURR_correct,PREV_wrong__CURR_correct,Google Gemini (exact underlying model unspecified),Synthetic (None)
E19_Smartphone_Benchmark,e19_ai_028_wa,AI,0.11163330078125,0.89208984375,0.0,PREV_correct__CURR_wrong,PREV_wrong__CURR_wrong,Google Gemini (exact underlying model unspecified),Synthetic (None)
E19_Smartphone_Benchmark,e19_ai_029_wa,AI,0.80322265625,0.7109375,0.974609375,PREV_correct__CURR_correct,PREV_correct__CURR_correct,Google Gemini (exact underlying model unspecified),Synthetic (None)
E19_Smartphone_Benchmark,e19_ai_030_wa,AI,0.0169830322265625,0.537109375,0.81591796875,PREV_correct__CURR_correct,PREV_wrong__CURR_correct,Google Gemini (exact underlying model unspecified),Synthetic (None)
E19_Smartphone_Benchmark,e19_ai_031_raw,AI,0.85693359375,0.814453125,0.923828125,PREV_correct__CURR_correct,PREV_correct__CURR_correct,Google Gemini (exact underlying model unspecified),Synthetic (None)
E19_Smartphone_Benchmark,e19_ai_032_raw,AI,0.0279083251953125,0.9033203125,0.54541015625,PREV_correct__CURR_correct,PREV_wrong__CURR_correct,Google Gemini (exact underlying model unspecified),Synthetic (None)
E19_Smartphone_Benchmark,e19_ai_033_raw,AI,0.99560546875,0.998046875,0.99853515625,PREV_correct__CURR_correct,PREV_correct__CURR_correct,Google Gemini (exact underlying model unspecified),Synthetic (None)
E19_Smartphone_Benchmark,e19_ai_034_raw,AI,0.28662109375,0.3544921875,0.951171875,PREV_wrong__CURR_correct,PREV_wrong__CURR_correct,Google Gemini (exact underlying model unspecified),Synthetic (None)
E19_Smartphone_Benchmark,e19_ai_035_raw,AI,0.026458740234375,0.2666015625,0.1688232421875,PREV_wrong__CURR_wrong,PREV_wrong__CURR_wrong,Google Gemini (exact underlying model unspecified),Synthetic (None)
E19_Smartphone_Benchmark,e19_ai_036_raw,AI,5.3882598876953125e-05,0.0010042190551757812,0.00015473365783691406,PREV_wrong__CURR_wrong,PREV_wrong__CURR_wrong,Google Gemini (exact underlying model unspecified),Synthetic (None)
E19_Smartphone_Benchmark,e19_ai_037_raw,AI,0.74462890625,0.75341796875,0.97314453125,PREV_correct__CURR_correct,PREV_correct__CURR_correct,Google Gemini (exact underlying model unspecified),Synthetic (None)
E19_Smartphone_Benchmark,e19_ai_038_raw,AI,0.0616455078125,0.943359375,0.994140625,PREV_correct__CURR_correct,PREV_wrong__CURR_correct,Google Gemini (exact underlying model unspecified),Synthetic (None)
E19_Smartphone_Benchmark,e19_ai_039_raw,AI,0.0830078125,0.26220703125,0.090576171875,PREV_wrong__CURR_wrong,PREV_wrong__CURR_wrong,Google Gemini (exact underlying model unspecified),Synthetic (None)
E19_Smartphone_Benchmark,e19_ai_040_raw,AI,0.181396484375,0.86865234375,0.40576171875,PREV_correct__CURR_wrong,PREV_wrong__CURR_wrong,Google Gemini (exact underlying model unspecified),Synthetic (None)
E19_Smartphone_Benchmark,e19_ai_041_raw,AI,0.9990234375,0.99658203125,1.0,PREV_correct__CURR_correct,PREV_correct__CURR_correct,Midjourney (exact version unspecified),Synthetic (None)
E19_Smartphone_Benchmark,e19_ai_042_raw,AI,0.99951171875,0.99853515625,0.99951171875,PREV_correct__CURR_correct,PREV_correct__CURR_correct,Midjourney (exact version unspecified),Synthetic (None)
E19_Smartphone_Benchmark,e19_ai_043_raw,AI,0.9921875,0.94482421875,0.99365234375,PREV_correct__CURR_correct,PREV_correct__CURR_correct,Midjourney (exact version unspecified),Synthetic (None)
E19_Smartphone_Benchmark,e19_ai_044_raw,AI,0.9990234375,0.99951171875,0.99755859375,PREV_correct__CURR_correct,PREV_correct__CURR_correct,Midjourney (exact version unspecified),Synthetic (None)
E19_Smartphone_Benchmark,e19_ai_045_raw,AI,0.935546875,0.97412109375,0.96923828125,PREV_correct__CURR_correct,PREV_correct__CURR_correct,Midjourney (exact version unspecified),Synthetic (None)
E19_Smartphone_Benchmark,e19_ai_046_raw,AI,0.9990234375,0.99951171875,0.99853515625,PREV_correct__CURR_correct,PREV_correct__CURR_correct,Midjourney (exact version unspecified),Synthetic (None)
E19_Smartphone_Benchmark,e19_ai_047_raw,AI,0.09637451171875,0.451904296875,0.82275390625,PREV_wrong__CURR_correct,PREV_wrong__CURR_correct,Midjourney (exact version unspecified),Synthetic (None)
E19_Smartphone_Benchmark,e19_ai_048_raw,AI,0.94873046875,0.99169921875,0.982421875,PREV_correct__CURR_correct,PREV_correct__CURR_correct,Midjourney (exact version unspecified),Synthetic (None)
E19_Smartphone_Benchmark,e19_ai_049_raw,AI,0.447509765625,0.1949462890625,0.96728515625,PREV_wrong__CURR_correct,PREV_wrong__CURR_correct,Midjourney (exact version unspecified),Synthetic (None)
E19_Smartphone_Benchmark,e19_ai_050_raw,AI,0.83154296875,0.98583984375,0.998046875,PREV_correct__CURR_correct,PREV_correct__CURR_correct,Midjourney (exact version unspecified),Synthetic (None)
E19_Smartphone_Benchmark,e19_ai_051_raw,AI,0.9228515625,0.99853515625,0.99951171875,PREV_correct__CURR_correct,PREV_correct__CURR_correct,Midjourney (exact version unspecified),Synthetic (None)
E19_Smartphone_Benchmark,e19_ai_052_raw,AI,0.9990234375,1.0,0.99951171875,PREV_correct__CURR_correct,PREV_correct__CURR_correct,Midjourney (exact version unspecified),Synthetic (None)
E19_Smartphone_Benchmark,e19_ai_053_raw,AI,0.91064453125,0.97216796875,0.939453125,PREV_correct__CURR_correct,PREV_correct__CURR_correct,Midjourney (exact version unspecified),Synthetic (None)
E19_Smartphone_Benchmark,e19_ai_054_raw,AI,0.9794921875,0.939453125,0.998046875,PREV_correct__CURR_correct,PREV_correct__CURR_correct,Midjourney (exact version unspecified),Synthetic (None)
E19_Smartphone_Benchmark,e19_ai_055_raw,AI,0.98046875,0.935546875,0.994140625,PREV_correct__CURR_correct,PREV_correct__CURR_correct,Midjourney (exact version unspecified),Synthetic (None)
E19_Smartphone_Benchmark,e19_ai_056_raw,AI,0.994140625,0.9697265625,0.98876953125,PREV_correct__CURR_correct,PREV_correct__CURR_correct,Midjourney (exact version unspecified),Synthetic (None)
E19_Smartphone_Benchmark,e19_ai_057_raw,AI,0.98291015625,0.9814453125,0.97900390625,PREV_correct__CURR_correct,PREV_correct__CURR_correct,Midjourney (exact version unspecified),Synthetic (None)
E19_Smartphone_Benchmark,e19_ai_058_raw,AI,0.9443359375,0.98779296875,1.0,PREV_correct__CURR_correct,PREV_correct__CURR_correct,Midjourney (exact version unspecified),Synthetic (None)
E19_Smartphone_Benchmark,e19_ai_059_raw,AI,0.34423828125,0.34716796875,0.99658203125,PREV_wrong__CURR_correct,PREV_wrong__CURR_correct,Midjourney (exact version unspecified),Synthetic (None)
E19_Smartphone_Benchmark,e19_ai_060_raw,AI,0.91748046875,0.796875,0.998046875,PREV_correct__CURR_correct,PREV_correct__CURR_correct,Midjourney (exact version unspecified),Synthetic (None)
E19_Smartphone_Benchmark,e19_ai_061_raw,AI,0.986328125,0.92138671875,0.91796875,PREV_correct__CURR_correct,PREV_correct__CURR_correct,OpenAI DALL-E (DALL-E 3),Synthetic (None)
E19_Smartphone_Benchmark,e19_ai_062_raw,AI,0.99072265625,0.974609375,0.9228515625,PREV_correct__CURR_correct,PREV_correct__CURR_correct,OpenAI DALL-E (DALL-E 3),Synthetic (None)
E19_Smartphone_Benchmark,e19_ai_063_raw,AI,0.9833984375,0.9912109375,0.92236328125,PREV_correct__CURR_correct,PREV_correct__CURR_correct,OpenAI DALL-E (DALL-E 3),Synthetic (None)
E19_Smartphone_Benchmark,e19_ai_064_raw,AI,0.75830078125,0.9814453125,0.97119140625,PREV_correct__CURR_correct,PREV_correct__CURR_correct,OpenAI DALL-E (DALL-E 3),Synthetic (None)
E19_Smartphone_Benchmark,e19_ai_065_raw,AI,0.904296875,1.0,1.0,PREV_correct__CURR_correct,PREV_correct__CURR_correct,OpenAI DALL-E (DALL-E 3),Synthetic (None)
E19_Smartphone_Benchmark,e19_ai_066_raw,AI,0.9755859375,0.9111328125,0.9814453125,PREV_correct__CURR_correct,PREV_correct__CURR_correct,OpenAI DALL-E (DALL-E 3),Synthetic (None)
E19_Smartphone_Benchmark,e19_ai_067_raw,AI,0.2325439453125,0.378173828125,0.79931640625,PREV_wrong__CURR_correct,PREV_wrong__CURR_correct,OpenAI DALL-E (DALL-E 3),Synthetic (None)
E19_Smartphone_Benchmark,e19_ai_068_raw,AI,0.9501953125,0.978515625,0.98681640625,PREV_correct__CURR_correct,PREV_correct__CURR_correct,OpenAI DALL-E (DALL-E 3),Synthetic (None)
E19_Smartphone_Benchmark,e19_ai_069_raw,AI,0.98876953125,0.9794921875,0.99755859375,PREV_correct__CURR_correct,PREV_correct__CURR_correct,OpenAI DALL-E (DALL-E 3),Synthetic (None)
E19_Smartphone_Benchmark,e19_ai_070_raw,AI,0.77783203125,0.857421875,0.79833984375,PREV_correct__CURR_correct,PREV_correct__CURR_correct,OpenAI DALL-E (DALL-E 3),Synthetic (None)
E19_Smartphone_Benchmark,e19_ai_071_raw,AI,0.19287109375,0.986328125,0.927734375,PREV_correct__CURR_correct,PREV_wrong__CURR_correct,OpenAI DALL-E (DALL-E 3),Synthetic (None)
E19_Smartphone_Benchmark,e19_ai_072_raw,AI,0.2130126953125,0.9853515625,0.0,PREV_correct__CURR_wrong,PREV_wrong__CURR_wrong,OpenAI DALL-E (DALL-E 3),Synthetic (None)
E19_Smartphone_Benchmark,e19_ai_073_raw,AI,0.9833984375,0.89013671875,0.9990234375,PREV_correct__CURR_correct,PREV_correct__CURR_correct,OpenAI DALL-E (DALL-E 3),Synthetic (None)
E19_Smartphone_Benchmark,e19_ai_074_raw,AI,0.90673828125,0.9970703125,0.99853515625,PREV_correct__CURR_correct,PREV_correct__CURR_correct,OpenAI DALL-E (DALL-E 3),Synthetic (None)
E19_Smartphone_Benchmark,e19_ai_075_raw,AI,0.11737060546875,0.9375,0.9404296875,PREV_correct__CURR_correct,PREV_wrong__CURR_correct,OpenAI DALL-E (DALL-E 3),Synthetic (None)
E19_Smartphone_Benchmark,e19_ai_076_raw,AI,0.012725830078125,0.96728515625,0.91455078125,PREV_correct__CURR_correct,PREV_wrong__CURR_correct,OpenAI DALL-E (DALL-E 3),Synthetic (None)
E19_Smartphone_Benchmark,e19_ai_077_raw,AI,0.994140625,0.8544921875,0.76318359375,PREV_correct__CURR_correct,PREV_correct__CURR_correct,OpenAI DALL-E (DALL-E 3),Synthetic (None)
E19_Smartphone_Benchmark,e19_ai_078_raw,AI,0.5986328125,0.9326171875,0.85400390625,PREV_correct__CURR_correct,PREV_correct__CURR_correct,OpenAI DALL-E (DALL-E 3),Synthetic (None)
E19_Smartphone_Benchmark,e19_ai_079_raw,AI,0.9833984375,0.63134765625,0.9091796875,PREV_correct__CURR_correct,PREV_correct__CURR_correct,OpenAI DALL-E (DALL-E 3),Synthetic (None)
E19_Smartphone_Benchmark,e19_ai_080_raw,AI,0.192138671875,0.7998046875,0.7412109375,PREV_correct__CURR_correct,PREV_wrong__CURR_correct,OpenAI DALL-E (DALL-E 3),Synthetic (None)
E19_Smartphone_Benchmark,e19_ai_081_raw,AI,0.9990234375,0.974609375,0.99951171875,PREV_correct__CURR_correct,PREV_correct__CURR_correct,Stability AI Stable Diffusion (exact version unspecified),Synthetic (None)
E19_Smartphone_Benchmark,e19_ai_082_raw,AI,0.93408203125,0.95166015625,0.978515625,PREV_correct__CURR_correct,PREV_correct__CURR_correct,Stability AI Stable Diffusion (exact version unspecified),Synthetic (None)
E19_Smartphone_Benchmark,e19_ai_083_raw,AI,0.82373046875,0.9462890625,0.306884765625,PREV_correct__CURR_wrong,PREV_correct__CURR_wrong,Stability AI Stable Diffusion (exact version unspecified),Synthetic (None)
E19_Smartphone_Benchmark,e19_ai_084_raw,AI,0.8359375,0.94580078125,0.99267578125,PREV_correct__CURR_correct,PREV_correct__CURR_correct,Stability AI Stable Diffusion (exact version unspecified),Synthetic (None)
E19_Smartphone_Benchmark,e19_ai_085_raw,AI,0.673828125,0.361328125,0.7705078125,PREV_wrong__CURR_correct,PREV_correct__CURR_correct,Stability AI Stable Diffusion (exact version unspecified),Synthetic (None)
E19_Smartphone_Benchmark,e19_ai_086_raw,AI,0.97509765625,0.98388671875,0.919921875,PREV_correct__CURR_correct,PREV_correct__CURR_correct,Stability AI Stable Diffusion (exact version unspecified),Synthetic (None)
E19_Smartphone_Benchmark,e19_ai_087_raw,AI,0.1622314453125,0.9921875,0.96728515625,PREV_correct__CURR_correct,PREV_wrong__CURR_correct,Stability AI Stable Diffusion (exact version unspecified),Synthetic (None)
E19_Smartphone_Benchmark,e19_ai_088_raw,AI,0.6748046875,0.93798828125,0.9931640625,PREV_correct__CURR_correct,PREV_correct__CURR_correct,Stability AI Stable Diffusion (exact version unspecified),Synthetic (None)
E19_Smartphone_Benchmark,e19_ai_089_raw,AI,0.8408203125,0.673828125,0.99462890625,PREV_correct__CURR_correct,PREV_correct__CURR_correct,Stability AI Stable Diffusion (exact version unspecified),Synthetic (None)
E19_Smartphone_Benchmark,e19_ai_090_raw,AI,0.99853515625,0.9921875,0.9990234375,PREV_correct__CURR_correct,PREV_correct__CURR_correct,Stability AI Stable Diffusion (exact version unspecified),Synthetic (None)
E19_Smartphone_Benchmark,e19_ai_091_raw,AI,0.7509765625,0.96435546875,0.6630859375,PREV_correct__CURR_correct,PREV_correct__CURR_correct,Stability AI Stable Diffusion (exact version unspecified),Synthetic (None)
E19_Smartphone_Benchmark,e19_ai_092_raw,AI,0.99853515625,0.9970703125,0.99951171875,PREV_correct__CURR_correct,PREV_correct__CURR_correct,Stability AI Stable Diffusion (exact version unspecified),Synthetic (None)
E19_Smartphone_Benchmark,e19_ai_093_raw,AI,0.420654296875,0.94091796875,0.96728515625,PREV_correct__CURR_correct,PREV_wrong__CURR_correct,Stability AI Stable Diffusion (exact version unspecified),Synthetic (None)
E19_Smartphone_Benchmark,e19_ai_094_raw,AI,0.9912109375,0.9853515625,0.99658203125,PREV_correct__CURR_correct,PREV_correct__CURR_correct,Stability AI Stable Diffusion (exact version unspecified),Synthetic (None)
E19_Smartphone_Benchmark,e19_ai_095_raw,AI,0.99755859375,0.98193359375,0.9990234375,PREV_correct__CURR_correct,PREV_correct__CURR_correct,Stability AI Stable Diffusion (exact version unspecified),Synthetic (None)
E19_Smartphone_Benchmark,e19_ai_096_raw,AI,0.21240234375,0.9921875,0.98681640625,PREV_correct__CURR_correct,PREV_wrong__CURR_correct,Stability AI Stable Diffusion (exact version unspecified),Synthetic (None)
E19_Smartphone_Benchmark,e19_ai_097_raw,AI,0.0738525390625,0.435302734375,0.1773681640625,PREV_wrong__CURR_wrong,PREV_wrong__CURR_wrong,Stability AI Stable Diffusion (exact version unspecified),Synthetic (None)
E19_Smartphone_Benchmark,e19_ai_098_raw,AI,0.97412109375,0.3525390625,0.96728515625,PREV_wrong__CURR_correct,PREV_correct__CURR_correct,Stability AI Stable Diffusion (exact version unspecified),Synthetic (None)
E19_Smartphone_Benchmark,e19_ai_099_raw,AI,0.99365234375,0.9990234375,1.0,PREV_correct__CURR_correct,PREV_correct__CURR_correct,Stability AI Stable Diffusion (exact version unspecified),Synthetic (None)
E19_Smartphone_Benchmark,e19_ai_100_raw,AI,0.76171875,0.95068359375,0.9951171875,PREV_correct__CURR_correct,PREV_correct__CURR_correct,Stability AI Stable Diffusion (exact version unspecified),Synthetic (None)
E19_WhatsApp_Subset,e19_real_phone_001_wa,Real,0.0011425018310546875,0.09185791015625,0.171875,PREV_correct__CURR_correct,PREV_correct__CURR_correct,None (Camera ISP),"Google Pixel (Pixel 7-9 family, exact model unspecified)"
E19_WhatsApp_Subset,e19_real_phone_002_wa,Real,0.98828125,0.007175445556640625,0.92041015625,PREV_correct__CURR_wrong,PREV_wrong__CURR_wrong,None (Camera ISP),"Google Pixel (Pixel 7-9 family, exact model unspecified)"
E19_WhatsApp_Subset,e19_real_phone_003_wa,Real,0.58154296875,0.037200927734375,0.939453125,PREV_correct__CURR_wrong,PREV_wrong__CURR_wrong,None (Camera ISP),"Google Pixel (Pixel 7-9 family, exact model unspecified)"
E19_WhatsApp_Subset,e19_real_phone_004_wa,Real,0.4873046875,0.01337432861328125,0.86328125,PREV_correct__CURR_wrong,PREV_correct__CURR_wrong,None (Camera ISP),"Google Pixel (Pixel 7-9 family, exact model unspecified)"
E19_WhatsApp_Subset,e19_real_phone_005_wa,Real,0.10284423828125,0.011871337890625,0.580078125,PREV_correct__CURR_wrong,PREV_correct__CURR_wrong,None (Camera ISP),"Google Pixel (Pixel 7-9 family, exact model unspecified)"
E19_WhatsApp_Subset,e19_real_phone_006_wa,Real,0.1519775390625,0.6064453125,0.62646484375,PREV_wrong__CURR_wrong,PREV_correct__CURR_wrong,None (Camera ISP),"Google Pixel (Pixel 7-9 family, exact model unspecified)"
E19_WhatsApp_Subset,e19_real_phone_007_wa,Real,0.00034332275390625,0.322265625,0.469482421875,PREV_correct__CURR_correct,PREV_correct__CURR_correct,None (Camera ISP),"Google Pixel (Pixel 7-9 family, exact model unspecified)"
E19_WhatsApp_Subset,e19_real_phone_008_wa,Real,0.5400390625,0.01302337646484375,0.422119140625,PREV_correct__CURR_correct,PREV_wrong__CURR_correct,None (Camera ISP),"Google Pixel (Pixel 7-9 family, exact model unspecified)"
E19_WhatsApp_Subset,e19_real_phone_009_wa,Real,0.94140625,0.005535125732421875,0.70849609375,PREV_correct__CURR_wrong,PREV_wrong__CURR_wrong,None (Camera ISP),"Google Pixel (Pixel 7-9 family, exact model unspecified)"
E19_WhatsApp_Subset,e19_real_phone_010_wa,Real,0.974609375,0.0008039474487304688,0.9326171875,PREV_correct__CURR_wrong,PREV_wrong__CURR_wrong,None (Camera ISP),"Google Pixel (Pixel 7-9 family, exact model unspecified)"
E19_WhatsApp_Subset,e19_real_phone_011_wa,Real,0.001720428466796875,0.144775390625,0.67578125,PREV_correct__CURR_wrong,PREV_correct__CURR_wrong,None (Camera ISP),"Google Pixel (Pixel 7-9 family, exact model unspecified)"
E19_WhatsApp_Subset,e19_real_phone_012_wa,Real,0.05194091796875,0.0045928955078125,0.0112457275390625,PREV_correct__CURR_correct,PREV_correct__CURR_correct,None (Camera ISP),"Google Pixel (Pixel 7-9 family, exact model unspecified)"
E19_WhatsApp_Subset,e19_real_phone_013_wa,Real,0.921875,0.006511688232421875,0.970703125,PREV_correct__CURR_wrong,PREV_wrong__CURR_wrong,None (Camera ISP),"Google Pixel (Pixel 7-9 family, exact model unspecified)"
E19_WhatsApp_Subset,e19_real_phone_014_wa,Real,0.00511932373046875,0.01322174072265625,1.9252300262451172e-05,PREV_correct__CURR_correct,PREV_correct__CURR_correct,None (Camera ISP),"Google Pixel (Pixel 7-9 family, exact model unspecified)"
E19_WhatsApp_Subset,e19_real_phone_015_wa,Real,0.03460693359375,0.00861358642578125,0.52783203125,PREV_correct__CURR_wrong,PREV_correct__CURR_wrong,None (Camera ISP),"Google Pixel (Pixel 7-9 family, exact model unspecified)"
E19_WhatsApp_Subset,e19_real_phone_016_wa,Real,0.5615234375,0.03155517578125,0.9736328125,PREV_correct__CURR_wrong,PREV_wrong__CURR_wrong,None (Camera ISP),"Google Pixel (Pixel 7-9 family, exact model unspecified)"
E19_WhatsApp_Subset,e19_real_phone_017_wa,Real,0.94091796875,0.005344390869140625,0.325927734375,PREV_correct__CURR_correct,PREV_wrong__CURR_correct,None (Camera ISP),"Google Pixel (Pixel 7-9 family, exact model unspecified)"
E19_WhatsApp_Subset,e19_real_phone_018_wa,Real,0.34765625,0.00572967529296875,0.014007568359375,PREV_correct__CURR_correct,PREV_correct__CURR_correct,None (Camera ISP),"Google Pixel (Pixel 7-9 family, exact model unspecified)"
E19_WhatsApp_Subset,e19_real_phone_019_wa,Real,0.218017578125,0.01837158203125,0.6845703125,PREV_correct__CURR_wrong,PREV_correct__CURR_wrong,None (Camera ISP),"Google Pixel (Pixel 7-9 family, exact model unspecified)"
E19_WhatsApp_Subset,e19_real_phone_020_wa,Real,0.947265625,0.0050811767578125,0.84033203125,PREV_correct__CURR_wrong,PREV_wrong__CURR_wrong,None (Camera ISP),"Google Pixel (Pixel 7-9 family, exact model unspecified)"
E19_WhatsApp_Subset,e19_real_phone_021_wa,Real,0.362548828125,0.07891845703125,0.734375,PREV_correct__CURR_wrong,PREV_correct__CURR_wrong,None (Camera ISP),"Google Pixel (Pixel 7-9 family, exact model unspecified)"
E19_WhatsApp_Subset,e19_real_phone_022_wa,Real,0.25732421875,0.00634002685546875,0.339111328125,PREV_correct__CURR_correct,PREV_correct__CURR_correct,None (Camera ISP),"Google Pixel (Pixel 7-9 family, exact model unspecified)"
E19_WhatsApp_Subset,e19_real_phone_023_wa,Real,0.2181396484375,0.173095703125,0.455078125,PREV_correct__CURR_correct,PREV_correct__CURR_correct,None (Camera ISP),"Google Pixel (Pixel 7-9 family, exact model unspecified)"
E19_WhatsApp_Subset,e19_real_phone_024_wa,Real,0.982421875,0.00269317626953125,0.90625,PREV_correct__CURR_wrong,PREV_wrong__CURR_wrong,None (Camera ISP),"Google Pixel (Pixel 7-9 family, exact model unspecified)"
E19_WhatsApp_Subset,e19_real_phone_025_wa,Real,0.884765625,0.0006337165832519531,0.80810546875,PREV_correct__CURR_wrong,PREV_wrong__CURR_wrong,None (Camera ISP),"Google Pixel (Pixel 7-9 family, exact model unspecified)"
E19_WhatsApp_Subset,e19_real_phone_026_wa,Real,0.09515380859375,0.32080078125,0.6806640625,PREV_correct__CURR_wrong,PREV_correct__CURR_wrong,None (Camera ISP),"Google Pixel (Pixel 7-9 family, exact model unspecified)"
E19_WhatsApp_Subset,e19_real_phone_027_wa,Real,0.99560546875,0.004199981689453125,0.94580078125,PREV_correct__CURR_wrong,PREV_wrong__CURR_wrong,None (Camera ISP),"Google Pixel (Pixel 7-9 family, exact model unspecified)"
E19_WhatsApp_Subset,e19_real_phone_028_wa,Real,0.047088623046875,0.01666259765625,0.036895751953125,PREV_correct__CURR_correct,PREV_correct__CURR_correct,None (Camera ISP),"Google Pixel (Pixel 7-9 family, exact model unspecified)"
E19_WhatsApp_Subset,e19_real_phone_029_wa,Real,0.97900390625,0.00254058837890625,0.9794921875,PREV_correct__CURR_wrong,PREV_wrong__CURR_wrong,None (Camera ISP),"Google Pixel (Pixel 7-9 family, exact model unspecified)"
E19_WhatsApp_Subset,e19_real_phone_030_wa,Real,0.0330810546875,0.08135986328125,0.9375,PREV_correct__CURR_wrong,PREV_correct__CURR_wrong,None (Camera ISP),"Google Pixel (Pixel 7-9 family, exact model unspecified)"
E19_WhatsApp_Subset,e19_ai_001_wa,AI,0.004314422607421875,0.92333984375,0.98486328125,PREV_correct__CURR_correct,PREV_wrong__CURR_correct,"FLUX (Flux LoRA Synthetic Corpus, exact engine unspecified)",Synthetic (None)
E19_WhatsApp_Subset,e19_ai_002_wa,AI,0.341796875,0.734375,0.95458984375,PREV_correct__CURR_correct,PREV_wrong__CURR_correct,"FLUX (Flux LoRA Synthetic Corpus, exact engine unspecified)",Synthetic (None)
E19_WhatsApp_Subset,e19_ai_003_wa,AI,0.29296875,0.0273284912109375,0.52294921875,PREV_wrong__CURR_correct,PREV_wrong__CURR_correct,"FLUX (Flux LoRA Synthetic Corpus, exact engine unspecified)",Synthetic (None)
E19_WhatsApp_Subset,e19_ai_004_wa,AI,0.0240936279296875,0.2430419921875,0.6357421875,PREV_wrong__CURR_correct,PREV_wrong__CURR_correct,"FLUX (Flux LoRA Synthetic Corpus, exact engine unspecified)",Synthetic (None)
E19_WhatsApp_Subset,e19_ai_005_wa,AI,0.02001953125,0.48876953125,0.95361328125,PREV_wrong__CURR_correct,PREV_wrong__CURR_correct,"FLUX (Flux LoRA Synthetic Corpus, exact engine unspecified)",Synthetic (None)
E19_WhatsApp_Subset,e19_ai_006_wa,AI,0.171630859375,0.0221099853515625,0.334716796875,PREV_wrong__CURR_wrong,PREV_wrong__CURR_wrong,"FLUX (Flux LoRA Synthetic Corpus, exact engine unspecified)",Synthetic (None)
E19_WhatsApp_Subset,e19_ai_007_wa,AI,0.0240478515625,0.031982421875,0.63330078125,PREV_wrong__CURR_correct,PREV_wrong__CURR_correct,"FLUX (Flux LoRA Synthetic Corpus, exact engine unspecified)",Synthetic (None)
E19_WhatsApp_Subset,e19_ai_008_wa,AI,0.0010166168212890625,0.70458984375,0.96630859375,PREV_correct__CURR_correct,PREV_wrong__CURR_correct,"FLUX (Flux LoRA Synthetic Corpus, exact engine unspecified)",Synthetic (None)
E19_WhatsApp_Subset,e19_ai_009_wa,AI,0.0090179443359375,0.8466796875,0.966796875,PREV_correct__CURR_correct,PREV_wrong__CURR_correct,"FLUX (Flux LoRA Synthetic Corpus, exact engine unspecified)",Synthetic (None)
E19_WhatsApp_Subset,e19_ai_010_wa,AI,0.032958984375,0.1490478515625,0.830078125,PREV_wrong__CURR_correct,PREV_wrong__CURR_correct,"FLUX (Flux LoRA Synthetic Corpus, exact engine unspecified)",Synthetic (None)
E19_WhatsApp_Subset,e19_ai_011_wa,AI,0.024566650390625,0.01306915283203125,0.54345703125,PREV_wrong__CURR_correct,PREV_wrong__CURR_correct,"FLUX (Flux LoRA Synthetic Corpus, exact engine unspecified)",Synthetic (None)
E19_WhatsApp_Subset,e19_ai_012_wa,AI,0.60400390625,0.1878662109375,0.56640625,PREV_wrong__CURR_correct,PREV_correct__CURR_correct,"FLUX (Flux LoRA Synthetic Corpus, exact engine unspecified)",Synthetic (None)
E19_WhatsApp_Subset,e19_ai_013_wa,AI,0.070068359375,0.006122589111328125,0.544921875,PREV_wrong__CURR_correct,PREV_wrong__CURR_correct,"FLUX (Flux LoRA Synthetic Corpus, exact engine unspecified)",Synthetic (None)
E19_WhatsApp_Subset,e19_ai_014_wa,AI,0.042572021484375,0.036346435546875,0.50537109375,PREV_wrong__CURR_correct,PREV_wrong__CURR_correct,"FLUX (Flux LoRA Synthetic Corpus, exact engine unspecified)",Synthetic (None)
E19_WhatsApp_Subset,e19_ai_015_wa,AI,0.11029052734375,0.41748046875,0.640625,PREV_wrong__CURR_correct,PREV_wrong__CURR_correct,"FLUX (Flux LoRA Synthetic Corpus, exact engine unspecified)",Synthetic (None)
E19_WhatsApp_Subset,e19_ai_016_wa,AI,0.5703125,0.53662109375,0.98095703125,PREV_correct__CURR_correct,PREV_correct__CURR_correct,"FLUX (Flux LoRA Synthetic Corpus, exact engine unspecified)",Synthetic (None)
E19_WhatsApp_Subset,e19_ai_017_wa,AI,0.0238189697265625,0.572265625,0.41162109375,PREV_correct__CURR_wrong,PREV_wrong__CURR_wrong,"FLUX (Flux LoRA Synthetic Corpus, exact engine unspecified)",Synthetic (None)
E19_WhatsApp_Subset,e19_ai_018_wa,AI,0.06256103515625,0.0743408203125,0.70068359375,PREV_wrong__CURR_correct,PREV_wrong__CURR_correct,"FLUX (Flux LoRA Synthetic Corpus, exact engine unspecified)",Synthetic (None)
E19_WhatsApp_Subset,e19_ai_019_wa,AI,0.0144500732421875,0.48486328125,0.82568359375,PREV_wrong__CURR_correct,PREV_wrong__CURR_correct,"FLUX (Flux LoRA Synthetic Corpus, exact engine unspecified)",Synthetic (None)
E19_WhatsApp_Subset,e19_ai_020_wa,AI,0.1578369140625,0.90625,0.978515625,PREV_correct__CURR_correct,PREV_wrong__CURR_correct,"FLUX (Flux LoRA Synthetic Corpus, exact engine unspecified)",Synthetic (None)
E19_WhatsApp_Subset,e19_ai_021_wa,AI,0.5458984375,0.49755859375,0.96435546875,PREV_wrong__CURR_correct,PREV_correct__CURR_correct,Google Gemini (exact underlying model unspecified),Synthetic (None)
E19_WhatsApp_Subset,e19_ai_022_wa,AI,0.47314453125,0.9931640625,0.99853515625,PREV_correct__CURR_correct,PREV_wrong__CURR_correct,Google Gemini (exact underlying model unspecified),Synthetic (None)
E19_WhatsApp_Subset,e19_ai_023_wa,AI,0.7177734375,0.91650390625,0.90966796875,PREV_correct__CURR_correct,PREV_correct__CURR_correct,Google Gemini (exact underlying model unspecified),Synthetic (None)
E19_WhatsApp_Subset,e19_ai_024_wa,AI,0.01837158203125,0.76318359375,0.70556640625,PREV_correct__CURR_correct,PREV_wrong__CURR_correct,Google Gemini (exact underlying model unspecified),Synthetic (None)
E19_WhatsApp_Subset,e19_ai_025_wa,AI,0.06878662109375,0.904296875,0.69189453125,PREV_correct__CURR_correct,PREV_wrong__CURR_correct,Google Gemini (exact underlying model unspecified),Synthetic (None)
E19_WhatsApp_Subset,e19_ai_026_wa,AI,0.01312255859375,0.47900390625,0.65625,PREV_wrong__CURR_correct,PREV_wrong__CURR_correct,Google Gemini (exact underlying model unspecified),Synthetic (None)
E19_WhatsApp_Subset,e19_ai_027_wa,AI,0.2216796875,0.85595703125,0.9765625,PREV_correct__CURR_correct,PREV_wrong__CURR_correct,Google Gemini (exact underlying model unspecified),Synthetic (None)
E19_WhatsApp_Subset,e19_ai_028_wa,AI,0.11181640625,0.89208984375,0.0,PREV_correct__CURR_wrong,PREV_wrong__CURR_wrong,Google Gemini (exact underlying model unspecified),Synthetic (None)
E19_WhatsApp_Subset,e19_ai_029_wa,AI,0.80322265625,0.7109375,0.974609375,PREV_correct__CURR_correct,PREV_correct__CURR_correct,Google Gemini (exact underlying model unspecified),Synthetic (None)
E19_WhatsApp_Subset,e19_ai_030_wa,AI,0.0169830322265625,0.53759765625,0.81591796875,PREV_correct__CURR_correct,PREV_wrong__CURR_correct,Google Gemini (exact underlying model unspecified),Synthetic (None)
WhatsApp_N67_Benchmark,WhatsApp Image 2026-09-17 at 3.38.18 PM (1),Real,0.537109375,0.039703369140625,0.75341796875,PREV_correct__CURR_wrong,PREV_wrong__CURR_wrong,none,smartphone_unknown
WhatsApp_N67_Benchmark,WhatsApp Image 2026-09-17 at 3.38.18 PM (2),Real,0.0244293212890625,0.47314453125,0.7421875,PREV_correct__CURR_wrong,PREV_correct__CURR_wrong,none,smartphone_unknown
WhatsApp_N67_Benchmark,WhatsApp Image 2026-09-17 at 3.38.18 PM,Real,5.066394805908203e-06,0.978515625,0.415771484375,PREV_wrong__CURR_correct,PREV_correct__CURR_correct,none,smartphone_unknown
WhatsApp_N67_Benchmark,WhatsApp Image 2026-09-17 at 3.38.19 PM (1),Real,0.046539306640625,0.85791015625,0.921875,PREV_wrong__CURR_wrong,PREV_correct__CURR_wrong,none,smartphone_unknown
WhatsApp_N67_Benchmark,WhatsApp Image 2026-09-17 at 3.38.19 PM (2),Real,0.00930023193359375,0.494140625,0.1815185546875,PREV_correct__CURR_correct,PREV_correct__CURR_correct,none,smartphone_unknown
WhatsApp_N67_Benchmark,WhatsApp Image 2026-09-17 at 3.38.19 PM,Real,0.00022172927856445312,0.5869140625,0.05023193359375,PREV_wrong__CURR_correct,PREV_correct__CURR_correct,none,smartphone_unknown
WhatsApp_N67_Benchmark,WhatsApp Image 2026-09-17 at 3.38.21 PM (1),Real,0.00600433349609375,0.4111328125,0.89453125,PREV_correct__CURR_wrong,PREV_correct__CURR_wrong,none,smartphone_unknown
WhatsApp_N67_Benchmark,WhatsApp Image 2026-09-17 at 3.38.21 PM (2),Real,0.05511474609375,0.97119140625,0.5791015625,PREV_wrong__CURR_wrong,PREV_correct__CURR_wrong,none,smartphone_unknown
WhatsApp_N67_Benchmark,WhatsApp Image 2026-09-17 at 3.38.21 PM,Real,0.0053863525390625,0.24169921875,0.5498046875,PREV_correct__CURR_wrong,PREV_correct__CURR_wrong,none,smartphone_unknown
WhatsApp_N67_Benchmark,WhatsApp Image 2026-09-17 at 3.38.22 PM (1),Real,0.331298828125,0.1654052734375,0.5576171875,PREV_correct__CURR_wrong,PREV_correct__CURR_wrong,none,smartphone_unknown
WhatsApp_N67_Benchmark,WhatsApp Image 2026-09-17 at 3.38.22 PM (2),Real,0.00011235475540161133,0.9111328125,0.79638671875,PREV_wrong__CURR_wrong,PREV_correct__CURR_wrong,none,smartphone_unknown
WhatsApp_N67_Benchmark,WhatsApp Image 2026-09-17 at 3.38.22 PM (3),Real,0.1812744140625,0.6708984375,0.8115234375,PREV_wrong__CURR_wrong,PREV_correct__CURR_wrong,none,smartphone_unknown
WhatsApp_N67_Benchmark,WhatsApp Image 2026-09-17 at 3.38.22 PM,Real,0.0703125,0.05419921875,0.81005859375,PREV_correct__CURR_wrong,PREV_correct__CURR_wrong,none,smartphone_unknown
WhatsApp_N67_Benchmark,WhatsApp Image 2026-09-17 at 3.40.06 PM (1),Real,0.03155517578125,0.97998046875,0.9306640625,PREV_wrong__CURR_wrong,PREV_correct__CURR_wrong,none,smartphone_unknown
WhatsApp_N67_Benchmark,WhatsApp Image 2026-09-17 at 3.40.06 PM,Real,0.01282501220703125,0.63330078125,0.64892578125,PREV_wrong__CURR_wrong,PREV_correct__CURR_wrong,none,smartphone_unknown
WhatsApp_N67_Benchmark,WhatsApp Image 2026-09-17 at 3.44.10 PM (1),Real,0.01395416259765625,0.061187744140625,0.103759765625,PREV_correct__CURR_correct,PREV_correct__CURR_correct,none,smartphone_unknown
WhatsApp_N67_Benchmark,WhatsApp Image 2026-09-17 at 3.44.10 PM (2),Real,0.003795623779296875,0.447265625,0.1883544921875,PREV_correct__CURR_correct,PREV_correct__CURR_correct,none,smartphone_unknown
WhatsApp_N67_Benchmark,WhatsApp Image 2026-09-17 at 3.44.10 PM (3),Real,0.047088623046875,0.01322174072265625,0.497314453125,PREV_correct__CURR_correct,PREV_correct__CURR_correct,none,smartphone_unknown
WhatsApp_N67_Benchmark,WhatsApp Image 2026-09-17 at 3.44.10 PM (4),Real,0.04620361328125,0.043121337890625,0.70068359375,PREV_correct__CURR_wrong,PREV_correct__CURR_wrong,none,smartphone_unknown
WhatsApp_N67_Benchmark,WhatsApp Image 2026-09-17 at 3.44.10 PM (7),Real,0.0004973411560058594,0.1275634765625,0.1278076171875,PREV_correct__CURR_correct,PREV_correct__CURR_correct,none,smartphone_unknown
WhatsApp_N67_Benchmark,WhatsApp Image 2026-09-17 at 3.44.11 PM (1),Real,0.044097900390625,0.255615234375,0.1190185546875,PREV_correct__CURR_correct,PREV_correct__CURR_correct,none,smartphone_unknown
WhatsApp_N67_Benchmark,WhatsApp Image 2026-09-17 at 3.44.11 PM (10),Real,0.316650390625,0.435546875,0.599609375,PREV_correct__CURR_wrong,PREV_correct__CURR_wrong,none,smartphone_unknown
WhatsApp_N67_Benchmark,WhatsApp Image 2026-09-17 at 3.44.11 PM (11),Real,0.06304931640625,0.5087890625,0.3701171875,PREV_wrong__CURR_correct,PREV_correct__CURR_correct,none,smartphone_unknown
WhatsApp_N67_Benchmark,WhatsApp Image 2026-09-17 at 3.44.11 PM (12),Real,0.415283203125,0.537109375,0.49169921875,PREV_wrong__CURR_correct,PREV_correct__CURR_correct,none,smartphone_unknown
WhatsApp_N67_Benchmark,WhatsApp Image 2026-09-17 at 3.44.11 PM (13),Real,0.3486328125,0.26953125,0.5400390625,PREV_correct__CURR_wrong,PREV_correct__CURR_wrong,none,smartphone_unknown
WhatsApp_N67_Benchmark,WhatsApp Image 2026-09-17 at 3.44.11 PM (14),Real,0.1500244140625,0.5615234375,0.75341796875,PREV_wrong__CURR_wrong,PREV_correct__CURR_wrong,none,smartphone_unknown
WhatsApp_N67_Benchmark,WhatsApp Image 2026-09-17 at 3.44.11 PM (15),Real,0.1646728515625,0.1568603515625,0.89501953125,PREV_correct__CURR_wrong,PREV_correct__CURR_wrong,none,smartphone_unknown
WhatsApp_N67_Benchmark,WhatsApp Image 2026-09-17 at 3.44.11 PM (2),Real,0.00011593103408813477,0.0169219970703125,0.022979736328125,PREV_correct__CURR_correct,PREV_correct__CURR_correct,none,smartphone_unknown
WhatsApp_N67_Benchmark,WhatsApp Image 2026-09-17 at 3.44.11 PM (3),Real,0.51220703125,0.034423828125,0.011505126953125,PREV_correct__CURR_correct,PREV_wrong__CURR_correct,none,smartphone_unknown
WhatsApp_N67_Benchmark,WhatsApp Image 2026-09-17 at 3.44.11 PM (4),Real,4.172325134277344e-06,0.1844482421875,0.175537109375,PREV_correct__CURR_correct,PREV_correct__CURR_correct,none,smartphone_unknown
WhatsApp_N67_Benchmark,WhatsApp Image 2026-09-17 at 3.44.11 PM (5),Real,0.1728515625,0.0352783203125,0.375,PREV_correct__CURR_correct,PREV_correct__CURR_correct,none,smartphone_unknown
WhatsApp_N67_Benchmark,WhatsApp Image 2026-09-17 at 3.44.11 PM (7),Real,0.007404327392578125,0.1669921875,0.08477783203125,PREV_correct__CURR_correct,PREV_correct__CURR_correct,none,smartphone_unknown
WhatsApp_N67_Benchmark,WhatsApp Image 2026-09-17 at 3.44.11 PM (8),Real,0.046539306640625,0.7666015625,0.869140625,PREV_wrong__CURR_wrong,PREV_correct__CURR_wrong,none,smartphone_unknown
WhatsApp_N67_Benchmark,WhatsApp Image 2026-09-17 at 3.44.11 PM,Real,0.007289886474609375,0.350341796875,0.6689453125,PREV_correct__CURR_wrong,PREV_correct__CURR_wrong,none,smartphone_unknown
WhatsApp_N67_Benchmark,WhatsApp Image 2026-09-17 at 3.50.51 PM,AI,0.2391357421875,0.1087646484375,0.892578125,PREV_wrong__CURR_correct,PREV_wrong__CURR_correct,generator_unknown,none
WhatsApp_N67_Benchmark,WhatsApp Image 2026-09-17 at 3.56.02 PM (1),AI,0.06866455078125,0.42431640625,0.8056640625,PREV_wrong__CURR_correct,PREV_wrong__CURR_correct,generator_unknown,none
WhatsApp_N67_Benchmark,WhatsApp Image 2026-09-17 at 3.56.02 PM (2),AI,0.1800537109375,0.38330078125,0.34228515625,PREV_wrong__CURR_wrong,PREV_wrong__CURR_wrong,generator_unknown,none
WhatsApp_N67_Benchmark,WhatsApp Image 2026-09-17 at 3.56.02 PM (3),AI,0.73291015625,0.1441650390625,0.57763671875,PREV_wrong__CURR_correct,PREV_correct__CURR_correct,generator_unknown,none
WhatsApp_N67_Benchmark,WhatsApp Image 2026-09-17 at 3.56.02 PM,AI,0.07794189453125,0.5810546875,0.6806640625,PREV_correct__CURR_correct,PREV_wrong__CURR_correct,generator_unknown,none
WhatsApp_N67_Benchmark,WhatsApp Image 2026-09-17 at 4.13.17 PM (1),AI,0.0028896331787109375,0.0050201416015625,0.08447265625,PREV_wrong__CURR_wrong,PREV_wrong__CURR_wrong,generator_unknown,none
WhatsApp_N67_Benchmark,WhatsApp Image 2026-09-17 at 4.13.17 PM (2),AI,0.8037109375,0.274658203125,0.060302734375,PREV_wrong__CURR_wrong,PREV_correct__CURR_wrong,generator_unknown,none
WhatsApp_N67_Benchmark,WhatsApp Image 2026-09-17 at 4.13.17 PM (3),AI,0.73193359375,0.1417236328125,0.57177734375,PREV_wrong__CURR_correct,PREV_correct__CURR_correct,generator_unknown,none
WhatsApp_N67_Benchmark,WhatsApp Image 2026-09-17 at 4.13.17 PM (4),AI,0.1693115234375,0.80029296875,0.7998046875,PREV_correct__CURR_correct,PREV_wrong__CURR_correct,generator_unknown,none
WhatsApp_N67_Benchmark,WhatsApp Image 2026-09-17 at 4.13.17 PM (5),AI,0.55419921875,0.65478515625,0.44580078125,PREV_correct__CURR_wrong,PREV_correct__CURR_wrong,generator_unknown,none
WhatsApp_N67_Benchmark,WhatsApp Image 2026-09-17 at 4.13.17 PM,AI,0.00014770030975341797,0.0150146484375,0.016021728515625,PREV_wrong__CURR_wrong,PREV_wrong__CURR_wrong,generator_unknown,none
WhatsApp_N67_Benchmark,WhatsApp Image 2026-09-17 at 4.13.18 PM (1),AI,0.67822265625,0.08135986328125,0.7783203125,PREV_wrong__CURR_correct,PREV_correct__CURR_correct,generator_unknown,none
WhatsApp_N67_Benchmark,WhatsApp Image 2026-09-17 at 4.13.18 PM (2),AI,0.1639404296875,0.9580078125,0.8896484375,PREV_correct__CURR_correct,PREV_wrong__CURR_correct,generator_unknown,none
WhatsApp_N67_Benchmark,WhatsApp Image 2026-09-17 at 4.13.18 PM (3),AI,0.277587890625,0.0855712890625,0.759765625,PREV_wrong__CURR_correct,PREV_wrong__CURR_correct,generator_unknown,none
WhatsApp_N67_Benchmark,WhatsApp Image 2026-09-17 at 4.13.18 PM (4),AI,0.056121826171875,0.45947265625,0.54638671875,PREV_wrong__CURR_correct,PREV_wrong__CURR_correct,generator_unknown,none
WhatsApp_N67_Benchmark,WhatsApp Image 2026-09-17 at 4.13.18 PM (5),AI,0.92431640625,0.669921875,0.98046875,PREV_correct__CURR_correct,PREV_correct__CURR_correct,generator_unknown,none
WhatsApp_N67_Benchmark,WhatsApp Image 2026-09-17 at 4.13.18 PM (6),AI,0.619140625,0.248046875,0.1673583984375,PREV_wrong__CURR_wrong,PREV_correct__CURR_wrong,generator_unknown,none
WhatsApp_N67_Benchmark,WhatsApp Image 2026-09-17 at 4.13.18 PM,AI,0.47705078125,0.865234375,0.90283203125,PREV_correct__CURR_correct,PREV_wrong__CURR_correct,generator_unknown,none
WhatsApp_N67_Benchmark,WhatsApp Image 2026-09-17 at 4.28.11 PM (1),AI,0.57177734375,0.06268310546875,0.5478515625,PREV_wrong__CURR_correct,PREV_correct__CURR_correct,generator_unknown,none
WhatsApp_N67_Benchmark,WhatsApp Image 2026-09-17 at 4.28.11 PM (2),AI,0.004772186279296875,0.98388671875,0.97607421875,PREV_correct__CURR_correct,PREV_wrong__CURR_correct,generator_unknown,none
WhatsApp_N67_Benchmark,WhatsApp Image 2026-09-17 at 4.28.11 PM (3),AI,0.0016040802001953125,0.3193359375,0.7216796875,PREV_wrong__CURR_correct,PREV_wrong__CURR_correct,generator_unknown,none
WhatsApp_N67_Benchmark,WhatsApp Image 2026-09-17 at 4.28.11 PM (4),AI,0.002002716064453125,0.00572967529296875,0.0039005279541015625,PREV_wrong__CURR_wrong,PREV_wrong__CURR_wrong,generator_unknown,none
WhatsApp_N67_Benchmark,WhatsApp Image 2026-09-17 at 4.28.11 PM (5),AI,0.08477783203125,0.84228515625,0.254150390625,PREV_correct__CURR_wrong,PREV_wrong__CURR_wrong,generator_unknown,none
WhatsApp_N67_Benchmark,WhatsApp Image 2026-09-17 at 4.28.11 PM (6),AI,0.323974609375,0.2149658203125,0.76904296875,PREV_wrong__CURR_correct,PREV_wrong__CURR_correct,generator_unknown,none
WhatsApp_N67_Benchmark,WhatsApp Image 2026-09-17 at 4.28.11 PM (7),AI,0.00605010986328125,0.292236328125,0.55224609375,PREV_wrong__CURR_correct,PREV_wrong__CURR_correct,generator_unknown,none
WhatsApp_N67_Benchmark,WhatsApp Image 2026-09-17 at 4.28.11 PM,AI,0.014617919921875,0.724609375,0.1995849609375,PREV_correct__CURR_wrong,PREV_wrong__CURR_wrong,generator_unknown,none
WhatsApp_N67_Benchmark,WhatsApp Image 2026-09-17 at 4.31.09 PM,AI,0.10797119140625,0.98046875,0.7470703125,PREV_correct__CURR_correct,PREV_wrong__CURR_correct,generator_unknown,none
WhatsApp_N67_Benchmark,WhatsApp Image 2026-09-17 at 4.37.12 PM (1),AI,0.0022869110107421875,0.98291015625,0.86572265625,PREV_correct__CURR_correct,PREV_wrong__CURR_correct,generator_unknown,none
WhatsApp_N67_Benchmark,WhatsApp Image 2026-09-17 at 4.37.12 PM (2),AI,0.37353515625,0.12347412109375,0.80078125,PREV_wrong__CURR_correct,PREV_wrong__CURR_correct,generator_unknown,none
WhatsApp_N67_Benchmark,WhatsApp Image 2026-09-17 at 4.37.12 PM (3),AI,0.001964569091796875,0.87939453125,0.365478515625,PREV_correct__CURR_wrong,PREV_wrong__CURR_wrong,generator_unknown,none
WhatsApp_N67_Benchmark,WhatsApp Image 2026-09-17 at 4.37.12 PM,AI,0.0006613731384277344,0.0173797607421875,0.2015380859375,PREV_wrong__CURR_wrong,PREV_wrong__CURR_wrong,generator_unknown,none
WhatsApp_N67_Benchmark,WhatsApp Image 2026-09-17 at 4.39.57 PM (1),AI,0.87158203125,0.63671875,0.943359375,PREV_correct__CURR_correct,PREV_correct__CURR_correct,generator_unknown,none
WhatsApp_N67_Benchmark,WhatsApp Image 2026-09-17 at 4.39.57 PM,AI,0.0391845703125,0.4765625,0.607421875,PREV_wrong__CURR_correct,PREV_wrong__CURR_correct,generator_unknown,none
