benchmark,image_id,label,prob_e6c,prob_e20,pred_e20,prob_e21,pred_e21,prob_e22,pred_e22,prob_e23,pred_e23,route_decision_win,prob_e23_pure,pred_e23_pure,route_decision_pure,complementarity_type,e20_vs_e23_transition,e21_vs_e23_transition,generator,device_family,filepath
E14 Clean External,real_raise_135_r11850456t,Real,0.955078,0.038910,0,0.838379,1,0.758432,1,0.758432,1,Blend,0.838379,1,E21,E20_correct__E21_wrong,E20_correct__E23_wrong,E21_wrong__E23_wrong,camera,RAISE-1k,data/final_external_pool/real/real_raise_135_r11850456t.png
E14 Clean External,real_raise_122_r0fbe1b0ft,Real,0.000140,0.478027,0,0.014786,0,0.061110,0,0.061110,0,Blend,0.478027,0,E20,both_correct,E20_correct__E23_correct,E21_correct__E23_correct,camera,RAISE-1k,data/final_external_pool/real/real_raise_122_r0fbe1b0ft.png
E14 Clean External,real_raise_supp_026_r0dd6e8f4t,Real,0.850098,0.009415,0,0.973145,1,0.876772,1,0.876772,1,Blend,0.973145,1,E21,E20_correct__E21_wrong,E20_correct__E23_wrong,E21_wrong__E23_wrong,camera,RAISE-1k,data/final_external_pool/real/real_raise_supp_026_r0dd6e8f4t.png
E14 Clean External,ai_sb_stable-diffusion-1-3_154_r0372042dt,AI,0.880371,0.324951,0,0.974121,1,0.909204,1,0.909204,1,Blend,0.974121,1,E21,E20_wrong__E21_correct,E20_wrong__E23_correct,E21_correct__E23_correct,stable-diffusion-1-3,Synthbuster,data/final_external_pool/ai/ai_sb_stable-diffusion-1-3_154_r0372042dt.png
E14 Clean External,ai_sb_firefly_065_r045be2act,AI,0.097717,0.004829,0,0.600098,1,0.540571,1,0.540571,1,Blend,0.600098,1,E21,E20_wrong__E21_correct,E20_wrong__E23_correct,E21_correct__E23_correct,firefly,Synthbuster,data/final_external_pool/ai/ai_sb_firefly_065_r045be2act.png
E14 Clean External,ai_sb_stable-diffusion-1-3_161_r0a9384b1t,AI,0.979980,0.014282,0,0.970703,1,0.875061,1,0.875061,1,Blend,0.970703,1,E21,E20_wrong__E21_correct,E20_wrong__E23_correct,E21_correct__E23_correct,stable-diffusion-1-3,Synthbuster,data/final_external_pool/ai/ai_sb_stable-diffusion-1-3_161_r0a9384b1t.png
E14 Clean External,ai_sb_firefly_064_r0372042dt,AI,0.966309,0.734375,1,0.995117,1,0.969043,1,0.969043,1,Blend,0.734375,1,E20,both_correct,E20_correct__E23_correct,E21_correct__E23_correct,firefly,Synthbuster,data/final_external_pool/ai/ai_sb_firefly_064_r0372042dt.png
E14 Clean External,real_raise_053_r06b161adt,Real,0.002981,0.036621,0,0.733398,1,0.663721,1,0.663720,1,Blend,0.733398,1,E21,E20_correct__E21_wrong,E20_correct__E23_wrong,E21_wrong__E23_wrong,camera,RAISE-1k,data/final_external_pool/real/real_raise_053_r06b161adt.png
E14 Clean External,ai_sb_stable-diffusion-1-4_188_r07cfb432t,AI,0.997070,0.094666,0,0.837402,1,0.763129,1,0.763128,1,Blend,0.837402,1,E21,E20_wrong__E21_correct,E20_wrong__E23_correct,E21_correct__E23_correct,stable-diffusion-1-4,Synthbuster,data/final_external_pool/ai/ai_sb_stable-diffusion-1-4_188_r07cfb432t.png
E14 Clean External,real_raise_115_r0f24ca4dt,Real,0.902832,0.034607,0,0.882324,1,0.797552,1,0.797552,1,Blend,0.882324,1,E21,E20_correct__E21_wrong,E20_correct__E23_wrong,E21_wrong__E23_wrong,camera,RAISE-1k,data/final_external_pool/real/real_raise_115_r0f24ca4dt.png
E14 Clean External,ai_sb_supp_stable-diffusion-1-4_019_r001d260dt,AI,0.907227,0.709473,1,0.725586,1,0.723975,1,0.723975,1,Blend,0.709473,1,E20,both_correct,E20_correct__E23_correct,E21_correct__E23_correct,stable-diffusion-1-4,Synthbuster,data/final_external_pool/ai/ai_sb_supp_stable-diffusion-1-4_019_r001d260dt.png
E14 Clean External,real_raise_150_r1378de81t,Real,0.083130,0.006615,0,0.507324,1,0.457253,0,0.457253,0,Blend,0.507324,1,E21,E20_correct__E21_wrong,E20_correct__E23_correct,E21_wrong__E23_correct,camera,RAISE-1k,data/final_external_pool/real/real_raise_150_r1378de81t.png
E14 Clean External,ai_sb_stable-diffusion-1-3_166_r102b4aa4t,AI,0.932617,0.006313,0,0.964355,1,0.868551,1,0.868551,1,Blend,0.964355,1,E21,E20_wrong__E21_correct,E20_wrong__E23_correct,E21_correct__E23_correct,stable-diffusion-1-3,Synthbuster,data/final_external_pool/ai/ai_sb_stable-diffusion-1-3_166_r102b4aa4t.png
E14 Clean External,real_raise_036_r04989a70t,Real,0.000066,0.005447,0,0.119507,0,0.108101,0,0.108101,0,Blend,0.005447,0,E20,both_correct,E20_correct__E23_correct,E21_correct__E23_correct,camera,RAISE-1k,data/final_external_pool/real/real_raise_036_r04989a70t.png
E14 Clean External,ai_sb_dalle2_029_r1d9a31fct,AI,0.147339,0.040771,0,0.689941,1,0.625024,1,0.625024,1,Blend,0.689941,1,E21,E20_wrong__E21_correct,E20_wrong__E23_correct,E21_correct__E23_correct,dalle2,Synthbuster,data/final_external_pool/ai/ai_sb_dalle2_029_r1d9a31fct.png
E14 Clean External,real_raise_supp_005_r02513d19t,Real,0.005062,0.001649,0,0.133789,0,0.120575,0,0.120575,0,Blend,0.001649,0,E20,both_correct,E20_correct__E23_correct,E21_correct__E23_correct,camera,RAISE-1k,data/final_external_pool/real/real_raise_supp_005_r02513d19t.png
E14 Clean External,ai_sb_firefly_087_r1bdb6385t,AI,0.883789,0.026550,0,0.957520,1,0.864423,1,0.864423,1,Blend,0.957520,1,E21,E20_wrong__E21_correct,E20_wrong__E23_correct,E21_correct__E23_correct,firefly,Synthbuster,data/final_external_pool/ai/ai_sb_firefly_087_r1bdb6385t.png
E14 Clean External,real_raise_250_r1f4a44a7t,Real,0.188599,0.003004,0,0.583984,1,0.525886,1,0.525886,1,Blend,0.583984,1,E21,E20_correct__E21_wrong,E20_correct__E23_wrong,E21_wrong__E23_wrong,camera,RAISE-1k,data/final_external_pool/real/real_raise_250_r1f4a44a7t.png
E14 Clean External,ai_sb_midjourney-v5_147_r1bdb6385t,AI,0.891602,0.182739,0,0.897461,1,0.825989,1,0.825989,1,Blend,0.897461,1,E21,E20_wrong__E21_correct,E20_wrong__E23_correct,E21_correct__E23_correct,midjourney-v5,Synthbuster,data/final_external_pool/ai/ai_sb_midjourney-v5_147_r1bdb6385t.png
E14 Clean External,real_raise_043_r057282fet,Real,0.963379,0.458008,0,0.991699,1,0.938330,1,0.938330,1,Blend,0.991699,1,E21,E20_correct__E21_wrong,E20_correct__E23_wrong,E21_wrong__E23_wrong,camera,RAISE-1k,data/final_external_pool/real/real_raise_043_r057282fet.png
E14 Clean External,real_raise_092_r0b755540t,Real,0.251709,0.144531,0,0.715332,1,0.658252,1,0.658252,1,Blend,0.715332,1,E21,E20_correct__E21_wrong,E20_correct__E23_wrong,E21_wrong__E23_wrong,camera,RAISE-1k,data/final_external_pool/real/real_raise_092_r0b755540t.png
E14 Clean External,real_raise_supp_035_r12cbfb1et,Real,0.774902,0.015015,0,0.692871,1,0.625085,1,0.625085,1,Blend,0.692871,1,E21,E20_correct__E21_wrong,E20_correct__E23_wrong,E21_wrong__E23_wrong,camera,RAISE-1k,data/final_external_pool/real/real_raise_supp_035_r12cbfb1et.png
E14 Clean External,ai_sb_stable-diffusion-1-3_160_r09a60f63t,AI,0.684082,0.573242,1,0.824707,1,0.799561,1,0.799561,1,Blend,0.573242,1,E20,both_correct,E20_correct__E23_correct,E21_correct__E23_correct,stable-diffusion-1-3,Synthbuster,data/final_external_pool/ai/ai_sb_stable-diffusion-1-3_160_r09a60f63t.png
E14 Clean External,ai_sb_dalle3_059_r1d9a31fct,AI,0.985840,0.969238,1,0.999023,1,0.996045,1,0.996044,1,Blend,0.969238,1,E20,both_correct,E20_correct__E23_correct,E21_correct__E23_correct,dalle3,Synthbuster,data/final_external_pool/ai/ai_sb_dalle3_059_r1d9a31fct.png
E14 Clean External,ai_sb_glide_091_r000da54ft,AI,0.959473,0.572266,1,0.848145,1,0.820557,1,0.820557,1,Blend,0.572266,1,E20,both_correct,E20_correct__E23_correct,E21_correct__E23_correct,glide,Synthbuster,data/final_external_pool/ai/ai_sb_glide_091_r000da54ft.png
E14 Clean External,ai_sb_firefly_068_r07cfb432t,AI,0.403320,0.280518,0,0.833008,1,0.777759,1,0.777759,1,Blend,0.833008,1,E21,E20_wrong__E21_correct,E20_wrong__E23_correct,E21_correct__E23_correct,firefly,Synthbuster,data/final_external_pool/ai/ai_sb_firefly_068_r07cfb432t.png
E14 Clean External,real_raise_046_r05db7e7ft,Real,0.017380,0.000718,0,0.304932,0,0.274510,0,0.274511,0,Blend,0.000718,0,E20,both_correct,E20_correct__E23_correct,E21_correct__E23_correct,camera,RAISE-1k,data/final_external_pool/real/real_raise_046_r05db7e7ft.png
E14 Clean External,ai_sb_firefly_069_r08996953t,AI,0.371826,0.067932,0,0.958496,1,0.869440,1,0.869440,1,Blend,0.958496,1,E21,E20_wrong__E21_correct,E20_wrong__E23_correct,E21_correct__E23_correct,firefly,Synthbuster,data/final_external_pool/ai/ai_sb_firefly_069_r08996953t.png
E14 Clean External,real_raise_supp_004_r01d0b83bt,Real,0.048950,0.036285,0,0.441895,0,0.401334,0,0.401334,0,Blend,0.036285,0,E20,both_correct,E20_correct__E23_correct,E21_correct__E23_correct,camera,RAISE-1k,data/final_external_pool/real/real_raise_supp_004_r01d0b83bt.png
E14 Clean External,ai_sb_midjourney-v5_130_r09a60f63t,AI,0.941406,0.992676,1,0.943848,1,0.948730,1,0.948731,1,Blend,0.992676,1,E20,both_correct,E20_correct__E23_correct,E21_correct__E23_correct,midjourney-v5,Synthbuster,data/final_external_pool/ai/ai_sb_midjourney-v5_130_r09a60f63t.png
E14 Clean External,real_raise_191_r18d72ab2t,Real,0.007095,0.003901,0,0.470947,0,0.424243,0,0.424242,0,Blend,0.003901,0,E20,both_correct,E20_correct__E23_correct,E21_correct__E23_correct,camera,RAISE-1k,data/final_external_pool/real/real_raise_191_r18d72ab2t.png
E14 Clean External,real_raise_208_r1aa53167t,Real,0.003223,0.031677,0,0.410156,0,0.372308,0,0.372308,0,Blend,0.031677,0,E20,both_correct,E20_correct__E23_correct,E21_correct__E23_correct,camera,RAISE-1k,data/final_external_pool/real/real_raise_208_r1aa53167t.png
E14 Clean External,real_raise_202_r1a4651edt,Real,0.004055,0.009521,0,0.155518,0,0.140918,0,0.140918,0,Blend,0.009521,0,E20,both_correct,E20_correct__E23_correct,E21_correct__E23_correct,camera,RAISE-1k,data/final_external_pool/real/real_raise_202_r1a4651edt.png
E14 Clean External,ai_sb_dalle2_003_r026b5360t,AI,0.872070,0.254639,0,0.934570,1,0.866577,1,0.866577,1,Blend,0.934570,1,E21,E20_wrong__E21_correct,E20_wrong__E23_correct,E21_correct__E23_correct,dalle2,Synthbuster,data/final_external_pool/ai/ai_sb_dalle2_003_r026b5360t.png
E14 Clean External,ai_sb_supp_dalle2_002_r002fc3e2t,AI,0.596191,0.795410,1,0.993652,1,0.973828,1,0.973828,1,Blend,0.795410,1,E20,both_correct,E20_correct__E23_correct,E21_correct__E23_correct,dalle2,Synthbuster,data/final_external_pool/ai/ai_sb_supp_dalle2_002_r002fc3e2t.png
E14 Clean External,ai_sb_firefly_075_r0f5beb66t,AI,0.017441,0.003075,0,0.183105,0,0.165102,0,0.165102,0,Blend,0.003075,0,E20,both_wrong,E20_wrong__E23_wrong,E21_wrong__E23_wrong,firefly,Synthbuster,data/final_external_pool/ai/ai_sb_firefly_075_r0f5beb66t.png
E14 Clean External,ai_sb_midjourney-v5_146_r1ad2de34t,AI,0.880859,0.043121,0,0.844238,1,0.764127,1,0.764126,1,Blend,0.844238,1,E21,E20_wrong__E21_correct,E20_wrong__E23_correct,E21_correct__E23_correct,midjourney-v5,Synthbuster,data/final_external_pool/ai/ai_sb_midjourney-v5_146_r1ad2de34t.png
E14 Clean External,ai_sb_stable-diffusion-2_231_r159d3942t,AI,0.105225,0.182373,0,0.105591,0,0.113269,0,0.113269,0,Blend,0.182373,0,E20,both_wrong,E20_wrong__E23_wrong,E21_wrong__E23_wrong,stable-diffusion-2,Synthbuster,data/final_external_pool/ai/ai_sb_stable-diffusion-2_231_r159d3942t.png
E14 Clean External,real_raise_075_r09851aa4t,Real,0.003311,0.020294,0,0.222168,0,0.201981,0,0.201981,0,Blend,0.020294,0,E20,both_correct,E20_correct__E23_correct,E21_correct__E23_correct,camera,RAISE-1k,data/final_external_pool/real/real_raise_075_r09851aa4t.png
E14 Clean External,real_raise_110_r0ea0825ft,Real,0.010948,0.650391,1,0.798828,1,0.783984,1,0.783984,1,Blend,0.650391,1,E20,both_wrong,E20_wrong__E23_wrong,E21_wrong__E23_wrong,camera,RAISE-1k,data/final_external_pool/real/real_raise_110_r0ea0825ft.png
E14 Clean External,ai_sb_glide_109_r138ad247t,AI,0.483154,0.233521,0,0.991699,1,0.915881,1,0.915881,1,Blend,0.991699,1,E21,E20_wrong__E21_correct,E20_wrong__E23_correct,E21_correct__E23_correct,glide,Synthbuster,data/final_external_pool/ai/ai_sb_glide_109_r138ad247t.png
E14 Clean External,ai_sb_stable-diffusion-1-4_192_r0b7b1156t,AI,0.854980,0.302002,0,0.946289,1,0.881860,1,0.881860,1,Blend,0.946289,1,E21,E20_wrong__E21_correct,E20_wrong__E23_correct,E21_correct__E23_correct,stable-diffusion-1-4,Synthbuster,data/final_external_pool/ai/ai_sb_stable-diffusion-1-4_192_r0b7b1156t.png
E14 Clean External,real_raise_230_r1d00d8ect,Real,0.752930,0.034943,0,0.827637,1,0.748367,1,0.748368,1,Blend,0.827637,1,E21,E20_correct__E21_wrong,E20_correct__E23_wrong,E21_wrong__E23_wrong,camera,RAISE-1k,data/final_external_pool/real/real_raise_230_r1d00d8ect.png
E14 Clean External,ai_sb_dalle3_056_r1ad2de34t,AI,0.996094,0.720703,1,0.999023,1,0.971191,1,0.971191,1,Blend,0.720703,1,E20,both_correct,E20_correct__E23_correct,E21_correct__E23_correct,dalle3,Synthbuster,data/final_external_pool/ai/ai_sb_dalle3_056_r1ad2de34t.png
E14 Clean External,real_raise_072_r09445479t,Real,0.154663,0.016525,0,0.858887,1,0.774651,1,0.774651,1,Blend,0.858887,1,E21,E20_correct__E21_wrong,E20_correct__E23_wrong,E21_wrong__E23_wrong,camera,RAISE-1k,data/final_external_pool/real/real_raise_072_r09445479t.png
E14 Clean External,ai_sb_stable-diffusion-1-3_179_r1d9a31fct,AI,0.024887,0.001668,0,0.312744,0,0.281637,0,0.281636,0,Blend,0.001668,0,E20,both_wrong,E20_wrong__E23_wrong,E21_wrong__E23_wrong,stable-diffusion-1-3,Synthbuster,data/final_external_pool/ai/ai_sb_stable-diffusion-1-3_179_r1d9a31fct.png
E14 Clean External,ai_sb_dalle2_010_r09a60f63t,AI,0.960449,0.994141,1,0.988281,1,0.988867,1,0.988867,1,Blend,0.994141,1,E20,both_correct,E20_correct__E23_correct,E21_correct__E23_correct,dalle2,Synthbuster,data/final_external_pool/ai/ai_sb_dalle2_010_r09a60f63t.png
E14 Clean External,real_raise_supp_050_r1a8ee526t,Real,0.853027,0.121277,0,0.902832,1,0.824677,1,0.824676,1,Blend,0.902832,1,E21,E20_correct__E21_wrong,E20_correct__E23_wrong,E21_wrong__E23_wrong,camera,RAISE-1k,data/final_external_pool/real/real_raise_supp_050_r1a8ee526t.png
E14 Clean External,real_raise_022_r02f1ba48t,Real,0.796875,0.020096,0,0.795898,1,0.718318,1,0.718318,1,Blend,0.795898,1,E21,E20_correct__E21_wrong,E20_correct__E23_wrong,E21_wrong__E23_wrong,camera,RAISE-1k,data/final_external_pool/real/real_raise_022_r02f1ba48t.png
E14 Clean External,ai_sb_glide_092_r0150031ft,AI,0.999023,0.280273,0,0.966309,1,0.897705,1,0.897705,1,Blend,0.966309,1,E21,E20_wrong__E21_correct,E20_wrong__E23_correct,E21_correct__E23_correct,glide,Synthbuster,data/final_external_pool/ai/ai_sb_glide_092_r0150031ft.png
E14 Clean External,real_raise_158_r14289905t,Real,0.307617,0.005577,0,0.726074,1,0.654025,1,0.654024,1,Blend,0.726074,1,E21,E20_correct__E21_wrong,E20_correct__E23_wrong,E21_wrong__E23_wrong,camera,RAISE-1k,data/final_external_pool/real/real_raise_158_r14289905t.png
E14 Clean External,real_raise_210_r1ae12b3ft,Real,0.006340,0.212280,0,0.285156,0,0.277869,0,0.277868,0,Blend,0.212280,0,E20,both_correct,E20_correct__E23_correct,E21_correct__E23_correct,camera,RAISE-1k,data/final_external_pool/real/real_raise_210_r1ae12b3ft.png
E14 Clean External,ai_sb_stable-diffusion-1-4_208_r1c9fdcf4t,AI,0.846191,0.018188,0,0.899902,1,0.811731,1,0.811731,1,Blend,0.899902,1,E21,E20_wrong__E21_correct,E20_wrong__E23_correct,E21_correct__E23_correct,stable-diffusion-1-4,Synthbuster,data/final_external_pool/ai/ai_sb_stable-diffusion-1-4_208_r1c9fdcf4t.png
E14 Clean External,ai_sb_glide_097_r06743f8ft,AI,0.999512,0.598633,1,0.927246,1,0.894385,1,0.894385,1,Blend,0.598633,1,E20,both_correct,E20_correct__E23_correct,E21_correct__E23_correct,glide,Synthbuster,data/final_external_pool/ai/ai_sb_glide_097_r06743f8ft.png
E14 Clean External,ai_sb_stable-diffusion-1-3_151_r000da54ft,AI,0.917969,0.009560,0,0.970215,1,0.874149,1,0.874150,1,Blend,0.970215,1,E21,E20_wrong__E21_correct,E20_wrong__E23_correct,E21_correct__E23_correct,stable-diffusion-1-3,Synthbuster,data/final_external_pool/ai/ai_sb_stable-diffusion-1-3_151_r000da54ft.png
E14 Clean External,ai_sb_firefly_070_r09a60f63t,AI,0.929199,0.992188,1,0.992676,1,0.992627,1,0.992627,1,Blend,0.992188,1,E20,both_correct,E20_correct__E23_correct,E21_correct__E23_correct,firefly,Synthbuster,data/final_external_pool/ai/ai_sb_firefly_070_r09a60f63t.png
E14 Clean External,real_raise_189_r187df69ft,Real,0.114197,0.023865,0,0.865234,1,0.781097,1,0.781097,1,Blend,0.865234,1,E21,E20_correct__E21_wrong,E20_correct__E23_wrong,E21_wrong__E23_wrong,camera,RAISE-1k,data/final_external_pool/real/real_raise_189_r187df69ft.png
E14 Clean External,ai_sb_stable-diffusion-2_234_r1900f7c7t,AI,0.015671,0.001427,0,0.903809,1,0.813570,1,0.813571,1,Blend,0.903809,1,E21,E20_wrong__E21_correct,E20_wrong__E23_correct,E21_correct__E23_correct,stable-diffusion-2,Synthbuster,data/final_external_pool/ai/ai_sb_stable-diffusion-2_234_r1900f7c7t.png
E14 Clean External,ai_sb_firefly_088_r1c9fdcf4t,AI,0.818359,0.348389,0,0.998047,1,0.933081,1,0.933081,1,Blend,0.998047,1,E21,E20_wrong__E21_correct,E20_wrong__E23_correct,E21_correct__E23_correct,firefly,Synthbuster,data/final_external_pool/ai/ai_sb_firefly_088_r1c9fdcf4t.png
E14 Clean External,real_raise_180_r173ee7e8t,Real,0.009163,0.011421,0,0.266846,0,0.241303,0,0.241304,0,Blend,0.011421,0,E20,both_correct,E20_correct__E23_correct,E21_correct__E23_correct,camera,RAISE-1k,data/final_external_pool/real/real_raise_180_r173ee7e8t.png
E14 Clean External,real_raise_supp_022_r0b3220e1t,Real,0.098938,0.034424,0,0.909668,1,0.822144,1,0.822144,1,Blend,0.909668,1,E21,E20_correct__E21_wrong,E20_correct__E23_wrong,E21_wrong__E23_wrong,camera,RAISE-1k,data/final_external_pool/real/real_raise_supp_022_r0b3220e1t.png
E14 Clean External,ai_sb_stable-diffusion-2_228_r1297fd0bt,AI,0.942383,0.976562,1,0.993652,1,0.991943,1,0.991943,1,Blend,0.976562,1,E20,both_correct,E20_correct__E23_correct,E21_correct__E23_correct,stable-diffusion-2,Synthbuster,data/final_external_pool/ai/ai_sb_stable-diffusion-2_228_r1297fd0bt.png
E14 Clean External,ai_sb_stable-diffusion-2_219_r08996953t,AI,0.976074,0.156006,0,0.997559,1,0.913403,1,0.913404,1,Blend,0.997559,1,E21,E20_wrong__E21_correct,E20_wrong__E23_correct,E21_correct__E23_correct,stable-diffusion-2,Synthbuster,data/final_external_pool/ai/ai_sb_stable-diffusion-2_219_r08996953t.png
E14 Clean External,ai_sb_stable-diffusion-1-3_171_r159d3942t,AI,0.277100,0.003016,0,0.666504,1,0.600155,1,0.600155,1,Blend,0.666504,1,E21,E20_wrong__E21_correct,E20_wrong__E23_correct,E21_correct__E23_correct,stable-diffusion-1-3,Synthbuster,data/final_external_pool/ai/ai_sb_stable-diffusion-1-3_171_r159d3942t.png
E14 Clean External,real_raise_102_r0cfedd72t,Real,0.224731,0.010208,0,0.341309,0,0.308199,0,0.308199,0,Blend,0.010208,0,E20,both_correct,E20_correct__E23_correct,E21_correct__E23_correct,camera,RAISE-1k,data/final_external_pool/real/real_raise_102_r0cfedd72t.png
E14 Clean External,ai_sb_stable-diffusion-1-4_193_r0cd4ffb0t,AI,0.990234,0.195923,0,0.997559,1,0.917395,1,0.917395,1,Blend,0.997559,1,E21,E20_wrong__E21_correct,E20_wrong__E23_correct,E21_correct__E23_correct,stable-diffusion-1-4,Synthbuster,data/final_external_pool/ai/ai_sb_stable-diffusion-1-4_193_r0cd4ffb0t.png
E14 Clean External,real_raise_170_r15f16465t,Real,0.507324,0.018127,0,0.503906,1,0.455328,0,0.455328,0,Blend,0.503906,1,E21,E20_correct__E21_wrong,E20_correct__E23_correct,E21_wrong__E23_correct,camera,RAISE-1k,data/final_external_pool/real/real_raise_170_r15f16465t.png
E14 Clean External,ai_sb_glide_118_r1c9fdcf4t,AI,0.998535,0.582031,1,0.982910,1,0.942822,1,0.942822,1,Blend,0.582031,1,E20,both_correct,E20_correct__E23_correct,E21_correct__E23_correct,glide,Synthbuster,data/final_external_pool/ai/ai_sb_glide_118_r1c9fdcf4t.png
E14 Clean External,real_raise_097_r0c1f588dt,Real,0.707520,0.011070,0,0.775391,1,0.698959,1,0.698959,1,Blend,0.775391,1,E21,E20_correct__E21_wrong,E20_correct__E23_wrong,E21_wrong__E23_wrong,camera,RAISE-1k,data/final_external_pool/real/real_raise_097_r0c1f588dt.png
E14 Clean External,real_raise_121_r0faffef3t,Real,0.340820,0.081665,0,0.824219,1,0.749963,1,0.749964,1,Blend,0.824219,1,E21,E20_correct__E21_wrong,E20_correct__E23_wrong,E21_wrong__E23_wrong,camera,RAISE-1k,data/final_external_pool/real/real_raise_121_r0faffef3t.png
E14 Clean External,ai_sb_midjourney-v5_138_r1297fd0bt,AI,0.891602,0.646973,1,0.544922,1,0.555127,1,0.555127,1,Blend,0.646973,1,E20,both_correct,E20_correct__E23_correct,E21_correct__E23_correct,midjourney-v5,Synthbuster,data/final_external_pool/ai/ai_sb_midjourney-v5_138_r1297fd0bt.png
E14 Clean External,real_raise_026_r0372042dt,Real,0.657227,0.362549,0,0.845215,1,0.796948,1,0.796948,1,Blend,0.845215,1,E21,E20_correct__E21_wrong,E20_correct__E23_wrong,E21_wrong__E23_wrong,camera,RAISE-1k,data/final_external_pool/real/real_raise_026_r0372042dt.png
E14 Clean External,ai_sb_midjourney-v5_133_r0cd4ffb0t,AI,0.700684,0.750977,1,0.956543,1,0.935986,1,0.935986,1,Blend,0.750977,1,E20,both_correct,E20_correct__E23_correct,E21_correct__E23_correct,midjourney-v5,Synthbuster,data/final_external_pool/ai/ai_sb_midjourney-v5_133_r0cd4ffb0t.png
E14 Clean External,real_raise_185_r180bcbd7t,Real,0.000385,0.002003,0,0.734375,1,0.661138,1,0.661138,1,Blend,0.734375,1,E21,E20_correct__E21_wrong,E20_correct__E23_wrong,E21_wrong__E23_wrong,camera,RAISE-1k,data/final_external_pool/real/real_raise_185_r180bcbd7t.png
E14 Clean External,real_raise_080_r0a19cb85t,Real,0.002811,0.000405,0,0.038391,0,0.034592,0,0.034592,0,Blend,0.000405,0,E20,both_correct,E20_correct__E23_correct,E21_correct__E23_correct,camera,RAISE-1k,data/final_external_pool/real/real_raise_080_r0a19cb85t.png
E14 Clean External,ai_sb_stable-diffusion-1-4_187_r06743f8ft,AI,0.932129,0.765137,1,0.988770,1,0.966406,1,0.966407,1,Blend,0.765137,1,E20,both_correct,E20_correct__E23_correct,E21_correct__E23_correct,stable-diffusion-1-4,Synthbuster,data/final_external_pool/ai/ai_sb_stable-diffusion-1-4_187_r06743f8ft.png
E14 Clean External,real_raise_123_r0fdfc4f0t,Real,0.461914,0.112427,0,0.535645,1,0.493323,0,0.493323,0,Blend,0.535645,1,E21,E20_correct__E21_wrong,E20_correct__E23_correct,E21_wrong__E23_correct,camera,RAISE-1k,data/final_external_pool/real/real_raise_123_r0fdfc4f0t.png
E14 Clean External,ai_sb_glide_107_r116825e2t,AI,0.999512,0.383057,0,0.980469,1,0.920728,1,0.920728,1,Blend,0.980469,1,E21,E20_wrong__E21_correct,E20_wrong__E23_correct,E21_correct__E23_correct,glide,Synthbuster,data/final_external_pool/ai/ai_sb_glide_107_r116825e2t.png
E14 Clean External,real_raise_045_r05bf2f53t,Real,0.507812,0.369141,0,0.619629,1,0.594580,1,0.594580,1,Blend,0.619629,1,E21,E20_correct__E21_wrong,E20_correct__E23_wrong,E21_wrong__E23_wrong,camera,RAISE-1k,data/final_external_pool/real/real_raise_045_r05bf2f53t.png
E14 Clean External,ai_sb_dalle3_053_r17fe8532t,AI,0.919922,0.576660,1,0.979004,1,0.938770,1,0.938770,1,Blend,0.576660,1,E20,both_correct,E20_correct__E23_correct,E21_correct__E23_correct,dalle3,Synthbuster,data/final_external_pool/ai/ai_sb_dalle3_053_r17fe8532t.png
E14 Clean External,ai_sb_stable-diffusion-2_213_r026b5360t,AI,0.744629,0.909668,1,0.996582,1,0.987891,1,0.987891,1,Blend,0.909668,1,E20,both_correct,E20_correct__E23_correct,E21_correct__E23_correct,stable-diffusion-2,Synthbuster,data/final_external_pool/ai/ai_sb_stable-diffusion-2_213_r026b5360t.png
E14 Clean External,real_raise_018_r0279b17bt,Real,0.007404,0.011330,0,0.154297,0,0.140000,0,0.140000,0,Blend,0.011330,0,E20,both_correct,E20_correct__E23_correct,E21_correct__E23_correct,camera,RAISE-1k,data/final_external_pool/real/real_raise_018_r0279b17bt.png
E14 Clean External,real_raise_055_r0703243bt,Real,0.138306,0.001755,0,0.868652,1,0.781963,1,0.781962,1,Blend,0.868652,1,E21,E20_correct__E21_wrong,E20_correct__E23_wrong,E21_wrong__E23_wrong,camera,RAISE-1k,data/final_external_pool/real/real_raise_055_r0703243bt.png
E14 Clean External,ai_sb_firefly_079_r138ad247t,AI,0.076538,0.017517,0,0.810059,1,0.730804,1,0.730805,1,Blend,0.810059,1,E21,E20_wrong__E21_correct,E20_wrong__E23_correct,E21_correct__E23_correct,firefly,Synthbuster,data/final_external_pool/ai/ai_sb_firefly_079_r138ad247t.png
E14 Clean External,ai_sb_firefly_090_r1e9082f9t,AI,0.201172,0.011871,0,0.847168,1,0.763638,1,0.763638,1,Blend,0.847168,1,E21,E20_wrong__E21_correct,E20_wrong__E23_correct,E21_correct__E23_correct,firefly,Synthbuster,data/final_external_pool/ai/ai_sb_firefly_090_r1e9082f9t.png
E14 Clean External,ai_sb_stable-diffusion-2_225_r0f5beb66t,AI,0.859375,0.225464,0,0.966797,1,0.892664,1,0.892664,1,Blend,0.966797,1,E21,E20_wrong__E21_correct,E20_wrong__E23_correct,E21_correct__E23_correct,stable-diffusion-2,Synthbuster,data/final_external_pool/ai/ai_sb_stable-diffusion-2_225_r0f5beb66t.png
E14 Clean External,ai_sb_supp_stable-diffusion-1-4_020_r002fc3e2t,AI,0.942871,0.025620,0,0.950684,1,0.858177,1,0.858178,1,Blend,0.950684,1,E21,E20_wrong__E21_correct,E20_wrong__E23_correct,E21_correct__E23_correct,stable-diffusion-1-4,Synthbuster,data/final_external_pool/ai/ai_sb_supp_stable-diffusion-1-4_020_r002fc3e2t.png
E14 Clean External,real_raise_206_r1a8fe570t,Real,0.049225,0.002581,0,0.228882,0,0.206252,0,0.206252,0,Blend,0.002581,0,E20,both_correct,E20_correct__E23_correct,E21_correct__E23_correct,camera,RAISE-1k,data/final_external_pool/real/real_raise_206_r1a8fe570t.png
E14 Clean External,real_raise_058_r079d086et,Real,0.017578,0.000030,0,0.270264,0,0.243240,0,0.243241,0,Blend,0.000030,0,E20,both_correct,E20_correct__E23_correct,E21_correct__E23_correct,camera,RAISE-1k,data/final_external_pool/real/real_raise_058_r079d086et.png
E14 Clean External,ai_sb_glide_101_r0a9384b1t,AI,0.997070,0.040253,0,0.973633,1,0.880295,1,0.880295,1,Blend,0.973633,1,E21,E20_wrong__E21_correct,E20_wrong__E23_correct,E21_correct__E23_correct,glide,Synthbuster,data/final_external_pool/ai/ai_sb_glide_101_r0a9384b1t.png
E14 Clean External,real_raise_supp_041_r15efd876t,Real,0.424561,0.117554,0,0.901367,1,0.822986,1,0.822986,1,Blend,0.901367,1,E21,E20_correct__E21_wrong,E20_correct__E23_wrong,E21_wrong__E23_wrong,camera,RAISE-1k,data/final_external_pool/real/real_raise_supp_041_r15efd876t.png
E14 Clean External,real_raise_supp_009_r04395e54t,Real,0.042328,0.010612,0,0.612793,1,0.552575,1,0.552575,1,Blend,0.612793,1,E21,E20_correct__E21_wrong,E20_correct__E23_wrong,E21_wrong__E23_wrong,camera,RAISE-1k,data/final_external_pool/real/real_raise_supp_009_r04395e54t.png
E14 Clean External,real_raise_152_r13934dc7t,Real,0.003944,0.002125,0,0.555664,1,0.500310,1,0.500310,1,Blend,0.555664,1,E21,E20_correct__E21_wrong,E20_correct__E23_wrong,E21_wrong__E23_wrong,camera,RAISE-1k,data/final_external_pool/real/real_raise_152_r13934dc7t.png
E14 Clean External,real_raise_supp_028_r0f25b326t,Real,0.591309,0.125732,0,0.948730,1,0.866431,1,0.866430,1,Blend,0.948730,1,E21,E20_correct__E21_wrong,E20_correct__E23_wrong,E21_wrong__E23_wrong,camera,RAISE-1k,data/final_external_pool/real/real_raise_supp_028_r0f25b326t.png
E14 Clean External,real_raise_supp_014_r070a874ct,Real,0.045868,0.006462,0,0.488770,0,0.440539,0,0.440539,0,Blend,0.006462,0,E20,both_correct,E20_correct__E23_correct,E21_correct__E23_correct,camera,RAISE-1k,data/final_external_pool/real/real_raise_supp_014_r070a874ct.png
E14 Clean External,real_raise_supp_006_r02d732f8t,Real,0.012573,0.005062,0,0.118164,0,0.106854,0,0.106854,0,Blend,0.005062,0,E20,both_correct,E20_correct__E23_correct,E21_correct__E23_correct,camera,RAISE-1k,data/final_external_pool/real/real_raise_supp_006_r02d732f8t.png
E14 Clean External,ai_sb_dalle2_022_r169c7350t,AI,0.683105,0.322266,0,0.967773,1,0.903223,1,0.903222,1,Blend,0.967773,1,E21,E20_wrong__E21_correct,E20_wrong__E23_correct,E21_correct__E23_correct,dalle2,Synthbuster,data/final_external_pool/ai/ai_sb_dalle2_022_r169c7350t.png
E14 Clean External,real_raise_supp_025_r0cea5432t,Real,0.027374,0.266602,0,0.644531,1,0.606738,1,0.606738,1,Blend,0.644531,1,E21,E20_correct__E21_wrong,E20_correct__E23_wrong,E21_wrong__E23_wrong,camera,RAISE-1k,data/final_external_pool/real/real_raise_supp_025_r0cea5432t.png
E14 Clean External,real_raise_242_r1e8acc5ct,Real,0.062561,0.005867,0,0.186279,0,0.168238,0,0.168238,0,Blend,0.005867,0,E20,both_correct,E20_correct__E23_correct,E21_correct__E23_correct,camera,RAISE-1k,data/final_external_pool/real/real_raise_242_r1e8acc5ct.png
E14 Clean External,ai_sb_midjourney-v5_126_r056f233bt,AI,0.663086,0.788574,1,0.548828,1,0.572803,1,0.572803,1,Blend,0.788574,1,E20,both_correct,E20_correct__E23_correct,E21_correct__E23_correct,midjourney-v5,Synthbuster,data/final_external_pool/ai/ai_sb_midjourney-v5_126_r056f233bt.png
E14 Clean External,real_raise_035_r047aa954t,Real,0.101929,0.072876,0,0.309570,0,0.285901,0,0.285901,0,Blend,0.072876,0,E20,both_correct,E20_correct__E23_correct,E21_correct__E23_correct,camera,RAISE-1k,data/final_external_pool/real/real_raise_035_r047aa954t.png
E14 Clean External,ai_sb_dalle2_012_r0b7b1156t,AI,0.184814,0.151611,0,0.834473,1,0.766187,1,0.766187,1,Blend,0.834473,1,E21,E20_wrong__E21_correct,E20_wrong__E23_correct,E21_correct__E23_correct,dalle2,Synthbuster,data/final_external_pool/ai/ai_sb_dalle2_012_r0b7b1156t.png
E14 Clean External,real_raise_184_r17f60607t,Real,0.026062,0.011597,0,0.683594,1,0.616394,1,0.616394,1,Blend,0.683594,1,E21,E20_correct__E21_wrong,E20_correct__E23_wrong,E21_wrong__E23_wrong,camera,RAISE-1k,data/final_external_pool/real/real_raise_184_r17f60607t.png
E14 Clean External,real_raise_127_r1070b804t,Real,0.271973,0.160400,0,0.835449,1,0.767944,1,0.767944,1,Blend,0.835449,1,E21,E20_correct__E21_wrong,E20_correct__E23_wrong,E21_wrong__E23_wrong,camera,RAISE-1k,data/final_external_pool/real/real_raise_127_r1070b804t.png
E14 Clean External,ai_sb_stable-diffusion-1-3_176_r1ad2de34t,AI,0.949707,0.096863,0,0.979980,1,0.891669,1,0.891668,1,Blend,0.979980,1,E21,E20_wrong__E21_correct,E20_wrong__E23_correct,E21_correct__E23_correct,stable-diffusion-1-3,Synthbuster,data/final_external_pool/ai/ai_sb_stable-diffusion-1-3_176_r1ad2de34t.png
E14 Clean External,ai_sb_firefly_076_r102b4aa4t,AI,0.052826,0.027328,0,0.733398,1,0.662791,1,0.662791,1,Blend,0.733398,1,E21,E20_wrong__E21_correct,E20_wrong__E23_correct,E21_correct__E23_correct,firefly,Synthbuster,data/final_external_pool/ai/ai_sb_firefly_076_r102b4aa4t.png
E14 Clean External,ai_sb_supp_stable-diffusion-2_024_r00444b95t,AI,0.942871,0.024475,0,0.991699,1,0.894977,1,0.894977,1,Blend,0.991699,1,E21,E20_wrong__E21_correct,E20_wrong__E23_correct,E21_correct__E23_correct,stable-diffusion-2,Synthbuster,data/final_external_pool/ai/ai_sb_supp_stable-diffusion-2_024_r00444b95t.png
E14 Clean External,ai_sb_stable-diffusion-2_215_r045be2act,AI,0.979004,0.348389,0,0.998535,1,0.933521,1,0.933520,1,Blend,0.998535,1,E21,E20_wrong__E21_correct,E20_wrong__E23_correct,E21_correct__E23_correct,stable-diffusion-2,Synthbuster,data/final_external_pool/ai/ai_sb_stable-diffusion-2_215_r045be2act.png
E14 Clean External,ai_sb_stable-diffusion-1-3_177_r1bdb6385t,AI,0.882812,0.011162,0,0.982422,1,0.885296,1,0.885296,1,Blend,0.982422,1,E21,E20_wrong__E21_correct,E20_wrong__E23_correct,E21_correct__E23_correct,stable-diffusion-1-3,Synthbuster,data/final_external_pool/ai/ai_sb_stable-diffusion-1-3_177_r1bdb6385t.png
E14 Clean External,ai_sb_stable-diffusion-2_212_r0150031ft,AI,0.438477,0.011505,0,0.929199,1,0.837430,1,0.837430,1,Blend,0.929199,1,E21,E20_wrong__E21_correct,E20_wrong__E23_correct,E21_correct__E23_correct,stable-diffusion-2,Synthbuster,data/final_external_pool/ai/ai_sb_stable-diffusion-2_212_r0150031ft.png
E14 Clean External,real_raise_supp_039_r14902ba4t,Real,0.004593,0.128906,0,0.666016,1,0.612305,1,0.612305,1,Blend,0.666016,1,E21,E20_correct__E21_wrong,E20_correct__E23_wrong,E21_wrong__E23_wrong,camera,RAISE-1k,data/final_external_pool/real/real_raise_supp_039_r14902ba4t.png
E14 Clean External,real_raise_070_r08d2b4dat,Real,0.080078,0.000486,0,0.109314,0,0.098431,0,0.098431,0,Blend,0.000486,0,E20,both_correct,E20_correct__E23_correct,E21_correct__E23_correct,camera,RAISE-1k,data/final_external_pool/real/real_raise_070_r08d2b4dat.png
E14 Clean External,ai_sb_dalle2_001_r000da54ft,AI,0.424561,0.021744,0,0.900391,1,0.812526,1,0.812526,1,Blend,0.900391,1,E21,E20_wrong__E21_correct,E20_wrong__E23_correct,E21_correct__E23_correct,dalle2,Synthbuster,data/final_external_pool/ai/ai_sb_dalle2_001_r000da54ft.png
E14 Clean External,real_raise_114_r0f137652t,Real,0.739258,0.934570,1,0.987305,1,0.982031,1,0.982032,1,Blend,0.934570,1,E20,both_wrong,E20_wrong__E23_wrong,E21_wrong__E23_wrong,camera,RAISE-1k,data/final_external_pool/real/real_raise_114_r0f137652t.png
E14 Clean External,ai_sb_supp_midjourney-v5_013_r001d260dt,AI,0.745605,0.912109,1,0.953613,1,0.949463,1,0.949463,1,Blend,0.912109,1,E20,both_correct,E20_correct__E23_correct,E21_correct__E23_correct,midjourney-v5,Synthbuster,data/final_external_pool/ai/ai_sb_supp_midjourney-v5_013_r001d260dt.png
E14 Clean External,real_raise_supp_001_r001d260dt,Real,0.896973,0.070923,0,0.952637,1,0.864465,1,0.864466,1,Blend,0.952637,1,E21,E20_correct__E21_wrong,E20_correct__E23_wrong,E21_wrong__E23_wrong,camera,RAISE-1k,data/final_external_pool/real/real_raise_supp_001_r001d260dt.png
E14 Clean External,real_raise_212_r1b1c1019t,Real,0.136353,0.002378,0,0.869141,1,0.782464,1,0.782465,1,Blend,0.869141,1,E21,E20_correct__E21_wrong,E20_correct__E23_wrong,E21_wrong__E23_wrong,camera,RAISE-1k,data/final_external_pool/real/real_raise_212_r1b1c1019t.png
E14 Clean External,ai_sb_stable-diffusion-1-3_170_r145221d9t,AI,0.801270,0.012672,0,0.819336,1,0.738670,1,0.738670,1,Blend,0.819336,1,E21,E20_wrong__E21_correct,E20_wrong__E23_correct,E21_correct__E23_correct,stable-diffusion-1-3,Synthbuster,data/final_external_pool/ai/ai_sb_stable-diffusion-1-3_170_r145221d9t.png
E14 Clean External,ai_sb_glide_094_r0372042dt,AI,0.994141,0.488525,0,0.927734,1,0.883813,1,0.883813,1,Blend,0.927734,1,E21,E20_wrong__E21_correct,E20_wrong__E23_correct,E21_correct__E23_correct,glide,Synthbuster,data/final_external_pool/ai/ai_sb_glide_094_r0372042dt.png
E14 Clean External,real_raise_218_r1be2a3d5t,Real,0.274170,0.062561,0,0.795898,1,0.722565,1,0.722564,1,Blend,0.795898,1,E21,E20_correct__E21_wrong,E20_correct__E23_wrong,E21_wrong__E23_wrong,camera,RAISE-1k,data/final_external_pool/real/real_raise_218_r1be2a3d5t.png
E14 Clean External,real_raise_supp_034_r1267fa5bt,Real,0.111816,0.318115,0,0.866211,1,0.811401,1,0.811401,1,Blend,0.866211,1,E21,E20_correct__E21_wrong,E20_correct__E23_wrong,E21_wrong__E23_wrong,camera,RAISE-1k,data/final_external_pool/real/real_raise_supp_034_r1267fa5bt.png
E14 Clean External,real_raise_120_r0f98115dt,Real,0.064270,0.117981,0,0.694824,1,0.637140,1,0.637140,1,Blend,0.694824,1,E21,E20_correct__E21_wrong,E20_correct__E23_wrong,E21_wrong__E23_wrong,camera,RAISE-1k,data/final_external_pool/real/real_raise_120_r0f98115dt.png
E14 Clean External,real_raise_173_r1645a09ct,Real,0.002050,0.001495,0,0.198853,0,0.179117,0,0.179117,0,Blend,0.001495,0,E20,both_correct,E20_correct__E23_correct,E21_correct__E23_correct,camera,RAISE-1k,data/final_external_pool/real/real_raise_173_r1645a09ct.png
E14 Clean External,real_raise_002_r005f3e70t,Real,0.102661,0.117371,0,0.674805,1,0.619061,1,0.619062,1,Blend,0.674805,1,E21,E20_correct__E21_wrong,E20_correct__E23_wrong,E21_wrong__E23_wrong,camera,RAISE-1k,data/final_external_pool/real/real_raise_002_r005f3e70t.png
E14 Clean External,real_raise_221_r1c23e440t,Real,0.234985,0.095154,0,0.787109,1,0.717914,1,0.717913,1,Blend,0.787109,1,E21,E20_correct__E21_wrong,E20_correct__E23_wrong,E21_wrong__E23_wrong,camera,RAISE-1k,data/final_external_pool/real/real_raise_221_r1c23e440t.png
E14 Clean External,real_raise_167_r15919202t,Real,0.693848,0.042572,0,0.653809,1,0.592685,1,0.592685,1,Blend,0.653809,1,E21,E20_correct__E21_wrong,E20_correct__E23_wrong,E21_wrong__E23_wrong,camera,RAISE-1k,data/final_external_pool/real/real_raise_167_r15919202t.png
E14 Clean External,real_raise_111_r0eb8dfb5t,Real,0.026962,0.002350,0,0.551758,1,0.496817,0,0.496817,0,Blend,0.551758,1,E21,E20_correct__E21_wrong,E20_correct__E23_correct,E21_wrong__E23_correct,camera,RAISE-1k,data/final_external_pool/real/real_raise_111_r0eb8dfb5t.png
E14 Clean External,real_raise_028_r03aa5df1t,Real,0.176758,0.019012,0,0.515137,1,0.465524,0,0.465524,0,Blend,0.515137,1,E21,E20_correct__E21_wrong,E20_correct__E23_correct,E21_wrong__E23_correct,camera,RAISE-1k,data/final_external_pool/real/real_raise_028_r03aa5df1t.png
E14 Clean External,ai_sb_stable-diffusion-2_214_r0372042dt,AI,0.854492,0.580078,1,0.965820,1,0.927246,1,0.927246,1,Blend,0.580078,1,E20,both_correct,E20_correct__E23_correct,E21_correct__E23_correct,stable-diffusion-2,Synthbuster,data/final_external_pool/ai/ai_sb_stable-diffusion-2_214_r0372042dt.png
E14 Clean External,real_raise_supp_060_r1f06581bt,Real,0.681641,0.099304,0,0.937012,1,0.853241,1,0.853241,1,Blend,0.937012,1,E21,E20_correct__E21_wrong,E20_correct__E23_wrong,E21_wrong__E23_wrong,camera,RAISE-1k,data/final_external_pool/real/real_raise_supp_060_r1f06581bt.png
E14 Clean External,real_raise_030_r03f70ccdt,Real,0.214355,0.043762,0,0.698242,1,0.632794,1,0.632794,1,Blend,0.698242,1,E21,E20_correct__E21_wrong,E20_correct__E23_wrong,E21_wrong__E23_wrong,camera,RAISE-1k,data/final_external_pool/real/real_raise_030_r03f70ccdt.png
E14 Clean External,ai_sb_stable-diffusion-1-3_162_r0b7b1156t,AI,0.932617,0.034546,0,0.834473,1,0.754480,1,0.754480,1,Blend,0.834473,1,E21,E20_wrong__E21_correct,E20_wrong__E23_correct,E21_correct__E23_correct,stable-diffusion-1-3,Synthbuster,data/final_external_pool/ai/ai_sb_stable-diffusion-1-3_162_r0b7b1156t.png
E14 Clean External,real_raise_171_r1618da9dt,Real,0.005447,0.008987,0,0.472168,0,0.425850,0,0.425850,0,Blend,0.008987,0,E20,both_correct,E20_correct__E23_correct,E21_correct__E23_correct,camera,RAISE-1k,data/final_external_pool/real/real_raise_171_r1618da9dt.png
E14 Clean External,real_raise_238_r1de76a54t,Real,0.013847,0.001727,0,0.545898,1,0.491481,0,0.491481,0,Blend,0.545898,1,E21,E20_correct__E21_wrong,E20_correct__E23_correct,E21_wrong__E23_correct,camera,RAISE-1k,data/final_external_pool/real/real_raise_238_r1de76a54t.png
E14 Clean External,real_raise_197_r19b49f2ct,Real,0.282227,0.082703,0,0.367920,0,0.339398,0,0.339398,0,Blend,0.082703,0,E20,both_correct,E20_correct__E23_correct,E21_correct__E23_correct,camera,RAISE-1k,data/final_external_pool/real/real_raise_197_r19b49f2ct.png
E14 Clean External,real_raise_078_r09d7cd4et,Real,0.868652,0.705078,1,0.985352,1,0.957324,1,0.957325,1,Blend,0.705078,1,E20,both_wrong,E20_wrong__E23_wrong,E21_wrong__E23_wrong,camera,RAISE-1k,data/final_external_pool/real/real_raise_078_r09d7cd4et.png
E14 Clean External,real_raise_085_r0aaa70c3t,Real,0.941406,0.064087,0,0.852051,1,0.773254,1,0.773255,1,Blend,0.852051,1,E21,E20_correct__E21_wrong,E20_correct__E23_wrong,E21_wrong__E23_wrong,camera,RAISE-1k,data/final_external_pool/real/real_raise_085_r0aaa70c3t.png
E14 Clean External,real_raise_216_r1bc3dd23t,Real,0.003780,0.000136,0,0.016220,0,0.014612,0,0.014612,0,Blend,0.000136,0,E20,both_correct,E20_correct__E23_correct,E21_correct__E23_correct,camera,RAISE-1k,data/final_external_pool/real/real_raise_216_r1bc3dd23t.png
E14 Clean External,ai_sb_firefly_081_r159d3942t,AI,0.003443,0.016098,0,0.148926,0,0.135643,0,0.135643,0,Blend,0.016098,0,E20,both_wrong,E20_wrong__E23_wrong,E21_wrong__E23_wrong,firefly,Synthbuster,data/final_external_pool/ai/ai_sb_firefly_081_r159d3942t.png
E14 Clean External,real_raise_196_r1986e42bt,Real,0.138306,0.009300,0,0.526367,1,0.474660,0,0.474660,0,Blend,0.526367,1,E21,E20_correct__E21_wrong,E20_correct__E23_correct,E21_wrong__E23_correct,camera,RAISE-1k,data/final_external_pool/real/real_raise_196_r1986e42bt.png
E14 Clean External,real_raise_126_r102b4aa4t,Real,0.240967,0.022156,0,0.813477,1,0.734344,1,0.734345,1,Blend,0.813477,1,E21,E20_correct__E21_wrong,E20_correct__E23_wrong,E21_wrong__E23_wrong,camera,RAISE-1k,data/final_external_pool/real/real_raise_126_r102b4aa4t.png
E14 Clean External,ai_sb_stable-diffusion-1-4_203_r17fe8532t,AI,0.830078,0.891602,1,0.985352,1,0.975977,1,0.975977,1,Blend,0.891602,1,E20,both_correct,E20_correct__E23_correct,E21_correct__E23_correct,stable-diffusion-1-4,Synthbuster,data/final_external_pool/ai/ai_sb_stable-diffusion-1-4_203_r17fe8532t.png
E14 Clean External,real_raise_117_r0f4ece9bt,Real,0.096680,0.020844,0,0.885254,1,0.798813,1,0.798813,1,Blend,0.885254,1,E21,E20_correct__E21_wrong,E20_correct__E23_wrong,E21_wrong__E23_wrong,camera,RAISE-1k,data/final_external_pool/real/real_raise_117_r0f4ece9bt.png
E14 Clean External,ai_sb_stable-diffusion-2_236_r1ad2de34t,AI,0.996582,0.327881,0,0.999023,1,0.931909,1,0.931909,1,Blend,0.999023,1,E21,E20_wrong__E21_correct,E20_wrong__E23_correct,E21_correct__E23_correct,stable-diffusion-2,Synthbuster,data/final_external_pool/ai/ai_sb_stable-diffusion-2_236_r1ad2de34t.png
E14 Clean External,ai_sb_stable-diffusion-1-3_153_r026b5360t,AI,0.096558,0.044525,0,0.951172,1,0.860507,1,0.860507,1,Blend,0.951172,1,E21,E20_wrong__E21_correct,E20_wrong__E23_correct,E21_correct__E23_correct,stable-diffusion-1-3,Synthbuster,data/final_external_pool/ai/ai_sb_stable-diffusion-1-3_153_r026b5360t.png
E14 Clean External,ai_sb_midjourney-v5_142_r169c7350t,AI,0.786621,0.105408,0,0.936523,1,0.853412,1,0.853411,1,Blend,0.936523,1,E21,E20_wrong__E21_correct,E20_wrong__E23_correct,E21_correct__E23_correct,midjourney-v5,Synthbuster,data/final_external_pool/ai/ai_sb_midjourney-v5_142_r169c7350t.png
E14 Clean External,ai_sb_dalle3_057_r1bdb6385t,AI,0.978027,0.642090,1,0.998047,1,0.962451,1,0.962451,1,Blend,0.642090,1,E20,both_correct,E20_correct__E23_correct,E21_correct__E23_correct,dalle3,Synthbuster,data/final_external_pool/ai/ai_sb_dalle3_057_r1bdb6385t.png
E14 Clean External,real_raise_233_r1d679eaet,Real,0.003147,0.002260,0,0.202759,0,0.182709,0,0.182709,0,Blend,0.002260,0,E20,both_correct,E20_correct__E23_correct,E21_correct__E23_correct,camera,RAISE-1k,data/final_external_pool/real/real_raise_233_r1d679eaet.png
E14 Clean External,real_raise_249_r1f3e6681t,Real,0.049500,0.003809,0,0.633789,1,0.570791,1,0.570791,1,Blend,0.633789,1,E21,E20_correct__E21_wrong,E20_correct__E23_wrong,E21_wrong__E23_wrong,camera,RAISE-1k,data/final_external_pool/real/real_raise_249_r1f3e6681t.png
E14 Clean External,ai_sb_stable-diffusion-2_240_r1e9082f9t,AI,0.993164,0.901855,1,0.995117,1,0.985791,1,0.985791,1,Blend,0.901855,1,E20,both_correct,E20_correct__E23_correct,E21_correct__E23_correct,stable-diffusion-2,Synthbuster,data/final_external_pool/ai/ai_sb_stable-diffusion-2_240_r1e9082f9t.png
E14 Clean External,real_raise_181_r17754c77t,Real,0.120728,0.277588,0,0.553223,1,0.525659,1,0.525660,1,Blend,0.553223,1,E21,E20_correct__E21_wrong,E20_correct__E23_wrong,E21_wrong__E23_wrong,camera,RAISE-1k,data/final_external_pool/real/real_raise_181_r17754c77t.png
E14 Clean External,real_raise_supp_019_r098cf7aet,Real,0.044586,0.003443,0,0.439209,0,0.395632,0,0.395632,0,Blend,0.003443,0,E20,both_correct,E20_correct__E23_correct,E21_correct__E23_correct,camera,RAISE-1k,data/final_external_pool/real/real_raise_supp_019_r098cf7aet.png
E14 Clean External,real_raise_156_r140f3432t,Real,0.007755,0.011246,0,0.314697,0,0.284352,0,0.284352,0,Blend,0.011246,0,E20,both_correct,E20_correct__E23_correct,E21_correct__E23_correct,camera,RAISE-1k,data/final_external_pool/real/real_raise_156_r140f3432t.png
E14 Clean External,ai_sb_dalle3_051_r159d3942t,AI,0.992676,0.989746,1,1.000000,1,0.998975,1,0.998975,1,Blend,0.989746,1,E20,both_correct,E20_correct__E23_correct,E21_correct__E23_correct,dalle3,Synthbuster,data/final_external_pool/ai/ai_sb_dalle3_051_r159d3942t.png
E14 Clean External,real_raise_159_r145215fft,Real,0.264160,0.001090,0,0.902344,1,0.812218,1,0.812219,1,Blend,0.902344,1,E21,E20_correct__E21_wrong,E20_correct__E23_wrong,E21_wrong__E23_wrong,camera,RAISE-1k,data/final_external_pool/real/real_raise_159_r145215fft.png
E14 Clean External,ai_sb_dalle2_002_r0150031ft,AI,0.342529,0.119934,0,0.901367,1,0.823224,1,0.823224,1,Blend,0.901367,1,E21,E20_wrong__E21_correct,E20_wrong__E23_correct,E21_correct__E23_correct,dalle2,Synthbuster,data/final_external_pool/ai/ai_sb_dalle2_002_r0150031ft.png
E14 Clean External,real_raise_038_r04cfa379t,Real,0.826660,0.131836,0,0.772461,1,0.708398,1,0.708398,1,Blend,0.772461,1,E21,E20_correct__E21_wrong,E20_correct__E23_wrong,E21_wrong__E23_wrong,camera,RAISE-1k,data/final_external_pool/real/real_raise_038_r04cfa379t.png
E14 Clean External,ai_sb_stable-diffusion-1-3_157_r06743f8ft,AI,0.939453,0.722168,1,0.978516,1,0.952881,1,0.952881,1,Blend,0.722168,1,E20,both_correct,E20_correct__E23_correct,E21_correct__E23_correct,stable-diffusion-1-3,Synthbuster,data/final_external_pool/ai/ai_sb_stable-diffusion-1-3_157_r06743f8ft.png
E14 Clean External,ai_sb_supp_glide_010_r001d260dt,AI,0.987793,0.640625,1,0.995605,1,0.960107,1,0.960107,1,Blend,0.640625,1,E20,both_correct,E20_correct__E23_correct,E21_correct__E23_correct,glide,Synthbuster,data/final_external_pool/ai/ai_sb_supp_glide_010_r001d260dt.png
E14 Clean External,ai_sb_midjourney-v5_127_r06743f8ft,AI,0.993164,0.982910,1,0.988770,1,0.988184,1,0.988184,1,Blend,0.982910,1,E20,both_correct,E20_correct__E23_correct,E21_correct__E23_correct,midjourney-v5,Synthbuster,data/final_external_pool/ai/ai_sb_midjourney-v5_127_r06743f8ft.png
E14 Clean External,ai_sb_dalle2_021_r159d3942t,AI,0.025620,0.023697,0,0.735840,1,0.664626,1,0.664626,1,Blend,0.735840,1,E21,E20_wrong__E21_correct,E20_wrong__E23_correct,E21_correct__E23_correct,dalle2,Synthbuster,data/final_external_pool/ai/ai_sb_dalle2_021_r159d3942t.png
E14 Clean External,real_raise_229_r1ceba29dt,Real,0.073975,0.006771,0,0.601074,1,0.541644,1,0.541644,1,Blend,0.601074,1,E21,E20_correct__E21_wrong,E20_correct__E23_wrong,E21_wrong__E23_wrong,camera,RAISE-1k,data/final_external_pool/real/real_raise_229_r1ceba29dt.png
E14 Clean External,ai_sb_glide_095_r045be2act,AI,0.996094,0.111816,0,0.981445,1,0.894482,1,0.894482,1,Blend,0.981445,1,E21,E20_wrong__E21_correct,E20_wrong__E23_correct,E21_correct__E23_correct,glide,Synthbuster,data/final_external_pool/ai/ai_sb_glide_095_r045be2act.png
E14 Clean External,ai_sb_stable-diffusion-1-3_169_r138ad247t,AI,0.048859,0.021530,0,0.507812,1,0.459184,0,0.459184,0,Blend,0.507812,1,E21,E20_wrong__E21_correct,E20_wrong__E23_wrong,E21_correct__E23_wrong,stable-diffusion-1-3,Synthbuster,data/final_external_pool/ai/ai_sb_stable-diffusion-1-3_169_r138ad247t.png
E14 Clean External,real_raise_093_r0b841e5at,Real,0.856934,0.253906,0,0.886719,1,0.823438,1,0.823438,1,Blend,0.886719,1,E21,E20_correct__E21_wrong,E20_correct__E23_wrong,E21_wrong__E23_wrong,camera,RAISE-1k,data/final_external_pool/real/real_raise_093_r0b841e5at.png
E14 Clean External,ai_sb_stable-diffusion-2_216_r056f233bt,AI,0.223755,0.288818,0,0.625000,1,0.591382,1,0.591382,1,Blend,0.625000,1,E21,E20_wrong__E21_correct,E20_wrong__E23_correct,E21_correct__E23_correct,stable-diffusion-2,Synthbuster,data/final_external_pool/ai/ai_sb_stable-diffusion-2_216_r056f233bt.png
E14 Clean External,real_raise_119_r0f8e5907t,Real,0.538574,0.009018,0,0.895508,1,0.806859,1,0.806859,1,Blend,0.895508,1,E21,E20_correct__E21_wrong,E20_correct__E23_wrong,E21_wrong__E23_wrong,camera,RAISE-1k,data/final_external_pool/real/real_raise_119_r0f8e5907t.png
E14 Clean External,ai_sb_dalle2_018_r1297fd0bt,AI,0.496338,0.002684,0,0.853516,1,0.768432,1,0.768433,1,Blend,0.853516,1,E21,E20_wrong__E21_correct,E20_wrong__E23_correct,E21_correct__E23_correct,dalle2,Synthbuster,data/final_external_pool/ai/ai_sb_dalle2_018_r1297fd0bt.png
E14 Clean External,real_raise_096_r0bf7f938t,Real,0.292480,0.024933,0,0.958496,1,0.865140,1,0.865140,1,Blend,0.958496,1,E21,E20_correct__E21_wrong,E20_correct__E23_wrong,E21_wrong__E23_wrong,camera,RAISE-1k,data/final_external_pool/real/real_raise_096_r0bf7f938t.png
E14 Clean External,ai_sb_supp_stable-diffusion-1-4_021_r00444b95t,AI,0.962402,0.011688,0,0.910645,1,0.820749,1,0.820749,1,Blend,0.910645,1,E21,E20_wrong__E21_correct,E20_wrong__E23_correct,E21_correct__E23_correct,stable-diffusion-1-4,Synthbuster,data/final_external_pool/ai/ai_sb_supp_stable-diffusion-1-4_021_r00444b95t.png
E14 Clean External,real_raise_213_r1b4e82c4t,Real,0.953613,0.270508,0,0.916504,1,0.851904,1,0.851904,1,Blend,0.916504,1,E21,E20_correct__E21_wrong,E20_correct__E23_wrong,E21_wrong__E23_wrong,camera,RAISE-1k,data/final_external_pool/real/real_raise_213_r1b4e82c4t.png
E14 Clean External,ai_sb_stable-diffusion-1-4_196_r102b4aa4t,AI,0.980957,0.051544,0,0.995117,1,0.900760,1,0.900760,1,Blend,0.995117,1,E21,E20_wrong__E21_correct,E20_wrong__E23_correct,E21_correct__E23_correct,stable-diffusion-1-4,Synthbuster,data/final_external_pool/ai/ai_sb_stable-diffusion-1-4_196_r102b4aa4t.png
E14 Clean External,ai_sb_dalle2_026_r1ad2de34t,AI,0.107056,0.000710,0,0.352539,0,0.317356,0,0.317356,0,Blend,0.000710,0,E20,both_wrong,E20_wrong__E23_wrong,E21_wrong__E23_wrong,dalle2,Synthbuster,data/final_external_pool/ai/ai_sb_dalle2_026_r1ad2de34t.png
E14 Clean External,real_raise_091_r0b61ed37t,Real,0.031860,0.024094,0,0.720703,1,0.651042,1,0.651042,1,Blend,0.720703,1,E21,E20_correct__E21_wrong,E20_correct__E23_wrong,E21_wrong__E23_wrong,camera,RAISE-1k,data/final_external_pool/real/real_raise_091_r0b61ed37t.png
E14 Clean External,ai_sb_stable-diffusion-1-4_190_r09a60f63t,AI,0.954590,0.719727,1,0.979004,1,0.953076,1,0.953076,1,Blend,0.719727,1,E20,both_correct,E20_correct__E23_correct,E21_correct__E23_correct,stable-diffusion-1-4,Synthbuster,data/final_external_pool/ai/ai_sb_stable-diffusion-1-4_190_r09a60f63t.png
E14 Clean External,ai_sb_firefly_067_r06743f8ft,AI,0.686523,0.584961,1,0.871094,1,0.842480,1,0.842481,1,Blend,0.584961,1,E20,both_correct,E20_correct__E23_correct,E21_correct__E23_correct,firefly,Synthbuster,data/final_external_pool/ai/ai_sb_firefly_067_r06743f8ft.png
E14 Clean External,real_raise_069_r08b12799t,Real,0.176636,0.002174,0,0.780273,1,0.702464,1,0.702463,1,Blend,0.780273,1,E21,E20_correct__E21_wrong,E20_correct__E23_wrong,E21_wrong__E23_wrong,camera,RAISE-1k,data/final_external_pool/real/real_raise_069_r08b12799t.png
E14 Clean External,ai_sb_midjourney-v5_149_r1d9a31fct,AI,0.056030,0.129395,0,0.507812,1,0.469971,0,0.469970,0,Blend,0.507812,1,E21,E20_wrong__E21_correct,E20_wrong__E23_wrong,E21_correct__E23_wrong,midjourney-v5,Synthbuster,data/final_external_pool/ai/ai_sb_midjourney-v5_149_r1d9a31fct.png
E14 Clean External,ai_sb_glide_102_r0b7b1156t,AI,0.878906,0.641113,1,0.891113,1,0.866113,1,0.866113,1,Blend,0.641113,1,E20,both_correct,E20_correct__E23_correct,E21_correct__E23_correct,glide,Synthbuster,data/final_external_pool/ai/ai_sb_glide_102_r0b7b1156t.png
E14 Clean External,ai_sb_glide_108_r1297fd0bt,AI,0.957520,0.371826,0,0.834473,1,0.788208,1,0.788208,1,Blend,0.834473,1,E21,E20_wrong__E21_correct,E20_wrong__E23_correct,E21_correct__E23_correct,glide,Synthbuster,data/final_external_pool/ai/ai_sb_glide_108_r1297fd0bt.png
E14 Clean External,ai_sb_stable-diffusion-2_233_r17fe8532t,AI,0.647461,0.493896,0,0.860840,1,0.824146,1,0.824146,1,Blend,0.860840,1,E21,E20_wrong__E21_correct,E20_wrong__E23_correct,E21_correct__E23_correct,stable-diffusion-2,Synthbuster,data/final_external_pool/ai/ai_sb_stable-diffusion-2_233_r17fe8532t.png
E14 Clean External,ai_sb_stable-diffusion-2_224_r0e7b407bt,AI,0.874023,0.159058,0,0.843750,1,0.775281,1,0.775281,1,Blend,0.843750,1,E21,E20_wrong__E21_correct,E20_wrong__E23_correct,E21_correct__E23_correct,stable-diffusion-2,Synthbuster,data/final_external_pool/ai/ai_sb_stable-diffusion-2_224_r0e7b407bt.png
E14 Clean External,real_raise_supp_043_r16ea6386t,Real,0.053802,0.002924,0,0.817383,1,0.735937,1,0.735937,1,Blend,0.817383,1,E21,E20_correct__E21_wrong,E20_correct__E23_wrong,E21_wrong__E23_wrong,camera,RAISE-1k,data/final_external_pool/real/real_raise_supp_043_r16ea6386t.png
E14 Clean External,real_raise_140_r125f6e84t,Real,0.002108,0.000685,0,0.056122,0,0.050578,0,0.050578,0,Blend,0.000685,0,E20,both_correct,E20_correct__E23_correct,E21_correct__E23_correct,camera,RAISE-1k,data/final_external_pool/real/real_raise_140_r125f6e84t.png
E14 Clean External,real_raise_137_r11c4de0et,Real,0.002541,0.006168,0,0.033905,0,0.031131,0,0.031131,0,Blend,0.006168,0,E20,both_correct,E20_correct__E23_correct,E21_correct__E23_correct,camera,RAISE-1k,data/final_external_pool/real/real_raise_137_r11c4de0et.png
E14 Clean External,ai_sb_firefly_083_r17fe8532t,AI,0.822266,0.435059,0,0.992188,1,0.936475,1,0.936475,1,Blend,0.992188,1,E21,E20_wrong__E21_correct,E20_wrong__E23_correct,E21_correct__E23_correct,firefly,Synthbuster,data/final_external_pool/ai/ai_sb_firefly_083_r17fe8532t.png
E14 Clean External,real_raise_supp_055_r1ca254b2t,Real,0.219849,0.001839,0,0.545898,1,0.491492,0,0.491492,0,Blend,0.545898,1,E21,E20_correct__E21_wrong,E20_correct__E23_correct,E21_wrong__E23_correct,camera,RAISE-1k,data/final_external_pool/real/real_raise_supp_055_r1ca254b2t.png
E14 Clean External,ai_sb_midjourney-v5_123_r026b5360t,AI,0.958496,0.996582,1,1.000000,1,0.999658,1,0.999658,1,Blend,0.996582,1,E20,both_correct,E20_correct__E23_correct,E21_correct__E23_correct,midjourney-v5,Synthbuster,data/final_external_pool/ai/ai_sb_midjourney-v5_123_r026b5360t.png
E14 Clean External,real_raise_125_r101d6690t,Real,0.030731,0.004505,0,0.245239,0,0.221166,0,0.221166,0,Blend,0.004505,0,E20,both_correct,E20_correct__E23_correct,E21_correct__E23_correct,camera,RAISE-1k,data/final_external_pool/real/real_raise_125_r101d6690t.png
E14 Clean External,ai_sb_stable-diffusion-1-4_210_r1e9082f9t,AI,0.990723,0.441895,0,0.997559,1,0.941992,1,0.941993,1,Blend,0.997559,1,E21,E20_wrong__E21_correct,E20_wrong__E23_correct,E21_correct__E23_correct,stable-diffusion-1-4,Synthbuster,data/final_external_pool/ai/ai_sb_stable-diffusion-1-4_210_r1e9082f9t.png
E14 Clean External,ai_sb_midjourney-v5_135_r0f5beb66t,AI,0.912109,0.578613,1,0.961426,1,0.923145,1,0.923145,1,Blend,0.578613,1,E20,both_correct,E20_correct__E23_correct,E21_correct__E23_correct,midjourney-v5,Synthbuster,data/final_external_pool/ai/ai_sb_midjourney-v5_135_r0f5beb66t.png
E14 Clean External,real_raise_172_r163967d4t,Real,0.004135,0.001116,0,0.308594,0,0.277846,0,0.277846,0,Blend,0.001116,0,E20,both_correct,E20_correct__E23_correct,E21_correct__E23_correct,camera,RAISE-1k,data/final_external_pool/real/real_raise_172_r163967d4t.png
E14 Clean External,ai_sb_dalle2_030_r1e9082f9t,AI,0.340576,0.038391,0,0.949219,1,0.858136,1,0.858136,1,Blend,0.949219,1,E21,E20_wrong__E21_correct,E20_wrong__E23_correct,E21_correct__E23_correct,dalle2,Synthbuster,data/final_external_pool/ai/ai_sb_dalle2_030_r1e9082f9t.png
E14 Clean External,real_raise_100_r0c9910e4t,Real,0.140381,0.872070,1,0.000141,0,0.087334,0,0.087334,0,Blend,0.000141,0,E21,E20_wrong__E21_correct,E20_wrong__E23_correct,E21_correct__E23_correct,camera,RAISE-1k,data/final_external_pool/real/real_raise_100_r0c9910e4t.png
E14 Clean External,real_raise_162_r14c2d3fct,Real,0.258789,0.009636,0,0.817871,1,0.737048,1,0.737047,1,Blend,0.817871,1,E21,E20_correct__E21_wrong,E20_correct__E23_wrong,E21_wrong__E23_wrong,camera,RAISE-1k,data/final_external_pool/real/real_raise_162_r14c2d3fct.png
E14 Clean External,ai_sb_dalle2_027_r1bdb6385t,AI,0.964844,0.458008,0,0.973145,1,0.921631,1,0.921631,1,Blend,0.973145,1,E21,E20_wrong__E21_correct,E20_wrong__E23_correct,E21_correct__E23_correct,dalle2,Synthbuster,data/final_external_pool/ai/ai_sb_dalle2_027_r1bdb6385t.png
E14 Clean External,ai_sb_dalle3_052_r169c7350t,AI,0.963379,0.903320,1,0.999512,1,0.989893,1,0.989893,1,Blend,0.903320,1,E20,both_correct,E20_correct__E23_correct,E21_correct__E23_correct,dalle3,Synthbuster,data/final_external_pool/ai/ai_sb_dalle3_052_r169c7350t.png
E14 Clean External,ai_sb_glide_106_r102b4aa4t,AI,0.974121,0.091370,0,0.990234,1,0.900348,1,0.900348,1,Blend,0.990234,1,E21,E20_wrong__E21_correct,E20_wrong__E23_correct,E21_correct__E23_correct,glide,Synthbuster,data/final_external_pool/ai/ai_sb_glide_106_r102b4aa4t.png
E14 Clean External,real_raise_054_r06cad2d6t,Real,0.302246,0.004665,0,0.840820,1,0.757205,1,0.757205,1,Blend,0.840820,1,E21,E20_correct__E21_wrong,E20_correct__E23_wrong,E21_wrong__E23_wrong,camera,RAISE-1k,data/final_external_pool/real/real_raise_054_r06cad2d6t.png
E14 Clean External,ai_sb_dalle2_025_r1a2095b2t,AI,0.978516,0.191528,0,0.965820,1,0.888391,1,0.888391,1,Blend,0.965820,1,E21,E20_wrong__E21_correct,E20_wrong__E23_correct,E21_correct__E23_correct,dalle2,Synthbuster,data/final_external_pool/ai/ai_sb_dalle2_025_r1a2095b2t.png
E14 Degraded External,real_raise_135_r11850456t_test_whatsapp_q75,Real,0.877930,0.027695,0,0.831543,1,0.751158,1,0.751158,1,Blend,0.831543,1,E21,E20_correct__E21_wrong,E20_correct__E23_wrong,E21_wrong__E23_wrong,camera,unknown,data/final_external_pool/final_test_degraded/real_raise_135_r11850456t_test_whatsapp_q75.jpg
E14 Degraded External,real_raise_135_r11850456t_test_resize_q80,Real,0.892578,0.026810,0,0.858887,1,0.775679,1,0.775679,1,Blend,0.858887,1,E21,E20_correct__E21_wrong,E20_correct__E23_wrong,E21_wrong__E23_wrong,camera,unknown,data/final_external_pool/final_test_degraded/real_raise_135_r11850456t_test_resize_q80.jpg
E14 Degraded External,real_raise_135_r11850456t_test_double_jpeg,Real,0.227417,0.020721,0,0.764648,1,0.690256,1,0.690255,1,Blend,0.764648,1,E21,E20_correct__E21_wrong,E20_correct__E23_wrong,E21_wrong__E23_wrong,camera,unknown,data/final_external_pool/final_test_degraded/real_raise_135_r11850456t_test_double_jpeg.jpg
E14 Degraded External,real_raise_122_r0fbe1b0ft_test_whatsapp_q75,Real,0.001536,0.416260,0,0.995605,1,0.937671,1,0.937671,1,Blend,0.995605,1,E21,E20_correct__E21_wrong,E20_correct__E23_wrong,E21_wrong__E23_wrong,camera,unknown,data/final_external_pool/final_test_degraded/real_raise_122_r0fbe1b0ft_test_whatsapp_q75.jpg
E14 Degraded External,real_raise_122_r0fbe1b0ft_test_resize_q80,Real,0.002226,0.923828,1,1.000000,1,0.992383,1,0.992383,1,Blend,0.923828,1,E20,both_wrong,E20_wrong__E23_wrong,E21_wrong__E23_wrong,camera,unknown,data/final_external_pool/final_test_degraded/real_raise_122_r0fbe1b0ft_test_resize_q80.jpg
E14 Degraded External,real_raise_122_r0fbe1b0ft_test_double_jpeg,Real,0.000989,0.376953,0,0.875000,1,0.825195,1,0.825195,1,Blend,0.875000,1,E21,E20_correct__E21_wrong,E20_correct__E23_wrong,E21_wrong__E23_wrong,camera,unknown,data/final_external_pool/final_test_degraded/real_raise_122_r0fbe1b0ft_test_double_jpeg.jpg
E14 Degraded External,real_raise_supp_026_r0dd6e8f4t_test_whatsapp_q75,Real,0.767578,0.012383,0,0.978027,1,0.881463,1,0.881463,1,Blend,0.978027,1,E21,E20_correct__E21_wrong,E20_correct__E23_wrong,E21_wrong__E23_wrong,camera,unknown,data/final_external_pool/final_test_degraded/real_raise_supp_026_r0dd6e8f4t_test_whatsapp_q75.jpg
E14 Degraded External,real_raise_supp_026_r0dd6e8f4t_test_resize_q80,Real,0.752930,0.012054,0,0.976074,1,0.879672,1,0.879672,1,Blend,0.976074,1,E21,E20_correct__E21_wrong,E20_correct__E23_wrong,E21_wrong__E23_wrong,camera,unknown,data/final_external_pool/final_test_degraded/real_raise_supp_026_r0dd6e8f4t_test_resize_q80.jpg
E14 Degraded External,real_raise_supp_026_r0dd6e8f4t_test_double_jpeg,Real,0.768555,0.011963,0,0.976562,1,0.880103,1,0.880102,1,Blend,0.976562,1,E21,E20_correct__E21_wrong,E20_correct__E23_wrong,E21_wrong__E23_wrong,camera,unknown,data/final_external_pool/final_test_degraded/real_raise_supp_026_r0dd6e8f4t_test_double_jpeg.jpg
E14 Degraded External,ai_sb_stable-diffusion-1-3_154_r0372042dt_test_whatsapp_q75,AI,0.315430,0.419678,0,0.980957,1,0.924829,1,0.924829,1,Blend,0.980957,1,E21,E20_wrong__E21_correct,E20_wrong__E23_correct,E21_correct__E23_correct,stable-diffusion-1-3,unknown,data/final_external_pool/final_test_degraded/ai_sb_stable-diffusion-1-3_154_r0372042dt_test_whatsapp_q75.jpg
E14 Degraded External,ai_sb_stable-diffusion-1-3_154_r0372042dt_test_resize_q80,AI,0.447998,0.401855,0,0.981445,1,0.923486,1,0.923486,1,Blend,0.981445,1,E21,E20_wrong__E21_correct,E20_wrong__E23_correct,E21_correct__E23_correct,stable-diffusion-1-3,unknown,data/final_external_pool/final_test_degraded/ai_sb_stable-diffusion-1-3_154_r0372042dt_test_resize_q80.jpg
E14 Degraded External,ai_sb_stable-diffusion-1-3_154_r0372042dt_test_double_jpeg,AI,0.038910,0.467041,0,0.981445,1,0.930005,1,0.930005,1,Blend,0.981445,1,E21,E20_wrong__E21_correct,E20_wrong__E23_correct,E21_correct__E23_correct,stable-diffusion-1-3,unknown,data/final_external_pool/final_test_degraded/ai_sb_stable-diffusion-1-3_154_r0372042dt_test_double_jpeg.jpg
E14 Degraded External,ai_sb_firefly_065_r045be2act_test_whatsapp_q75,AI,0.031204,0.004166,0,0.604492,1,0.544460,1,0.544459,1,Blend,0.604492,1,E21,E20_wrong__E21_correct,E20_wrong__E23_correct,E21_correct__E23_correct,firefly,unknown,data/final_external_pool/final_test_degraded/ai_sb_firefly_065_r045be2act_test_whatsapp_q75.jpg
E14 Degraded External,ai_sb_firefly_065_r045be2act_test_resize_q80,AI,0.038025,0.003944,0,0.553711,1,0.498734,0,0.498734,0,Blend,0.553711,1,E21,E20_wrong__E21_correct,E20_wrong__E23_wrong,E21_correct__E23_wrong,firefly,unknown,data/final_external_pool/final_test_degraded/ai_sb_firefly_065_r045be2act_test_resize_q80.jpg
E14 Degraded External,ai_sb_firefly_065_r045be2act_test_double_jpeg,AI,0.006290,0.003185,0,0.474609,0,0.427467,0,0.427467,0,Blend,0.003185,0,E20,both_wrong,E20_wrong__E23_wrong,E21_wrong__E23_wrong,firefly,unknown,data/final_external_pool/final_test_degraded/ai_sb_firefly_065_r045be2act_test_double_jpeg.jpg
E14 Degraded External,ai_sb_stable-diffusion-1-3_161_r0a9384b1t_test_whatsapp_q75,AI,0.945801,0.020798,0,0.961914,1,0.867802,1,0.867802,1,Blend,0.961914,1,E21,E20_wrong__E21_correct,E20_wrong__E23_correct,E21_correct__E23_correct,stable-diffusion-1-3,unknown,data/final_external_pool/final_test_degraded/ai_sb_stable-diffusion-1-3_161_r0a9384b1t_test_whatsapp_q75.jpg
E14 Degraded External,ai_sb_stable-diffusion-1-3_161_r0a9384b1t_test_resize_q80,AI,0.942871,0.019791,0,0.953125,1,0.859792,1,0.859792,1,Blend,0.953125,1,E21,E20_wrong__E21_correct,E20_wrong__E23_correct,E21_correct__E23_correct,stable-diffusion-1-3,unknown,data/final_external_pool/final_test_degraded/ai_sb_stable-diffusion-1-3_161_r0a9384b1t_test_resize_q80.jpg
E14 Degraded External,ai_sb_stable-diffusion-1-3_161_r0a9384b1t_test_double_jpeg,AI,0.527344,0.014954,0,0.638184,1,0.575861,1,0.575861,1,Blend,0.638184,1,E21,E20_wrong__E21_correct,E20_wrong__E23_correct,E21_correct__E23_correct,stable-diffusion-1-3,unknown,data/final_external_pool/final_test_degraded/ai_sb_stable-diffusion-1-3_161_r0a9384b1t_test_double_jpeg.jpg
E14 Degraded External,ai_sb_firefly_064_r0372042dt_test_whatsapp_q75,AI,0.880371,0.694824,1,0.987305,1,0.958057,1,0.958057,1,Blend,0.694824,1,E20,both_correct,E20_correct__E23_correct,E21_correct__E23_correct,firefly,unknown,data/final_external_pool/final_test_degraded/ai_sb_firefly_064_r0372042dt_test_whatsapp_q75.jpg
E14 Degraded External,ai_sb_firefly_064_r0372042dt_test_resize_q80,AI,0.899902,0.692383,1,0.989746,1,0.960010,1,0.960010,1,Blend,0.692383,1,E20,both_correct,E20_correct__E23_correct,E21_correct__E23_correct,firefly,unknown,data/final_external_pool/final_test_degraded/ai_sb_firefly_064_r0372042dt_test_resize_q80.jpg
E14 Degraded External,ai_sb_firefly_064_r0372042dt_test_double_jpeg,AI,0.815918,0.642090,1,0.974121,1,0.940918,1,0.940918,1,Blend,0.642090,1,E20,both_correct,E20_correct__E23_correct,E21_correct__E23_correct,firefly,unknown,data/final_external_pool/final_test_degraded/ai_sb_firefly_064_r0372042dt_test_double_jpeg.jpg
E14 Degraded External,real_raise_053_r06b161adt_test_whatsapp_q75,Real,0.003593,0.041840,0,0.723145,1,0.655014,1,0.655015,1,Blend,0.723145,1,E21,E20_correct__E21_wrong,E20_correct__E23_wrong,E21_wrong__E23_wrong,camera,unknown,data/final_external_pool/final_test_degraded/real_raise_053_r06b161adt_test_whatsapp_q75.jpg
E14 Degraded External,real_raise_053_r06b161adt_test_resize_q80,Real,0.002846,0.034546,0,0.675781,1,0.611658,1,0.611657,1,Blend,0.675781,1,E21,E20_correct__E21_wrong,E20_correct__E23_wrong,E21_wrong__E23_wrong,camera,unknown,data/final_external_pool/final_test_degraded/real_raise_053_r06b161adt_test_resize_q80.jpg
E14 Degraded External,real_raise_053_r06b161adt_test_double_jpeg,Real,0.002359,0.037537,0,0.685547,1,0.620746,1,0.620746,1,Blend,0.685547,1,E21,E20_correct__E21_wrong,E20_correct__E23_wrong,E21_wrong__E23_wrong,camera,unknown,data/final_external_pool/final_test_degraded/real_raise_053_r06b161adt_test_double_jpeg.jpg
E14 Degraded External,ai_sb_stable-diffusion-1-4_188_r07cfb432t_test_whatsapp_q75,AI,0.995117,0.198853,0,0.876953,1,0.809143,1,0.809143,1,Blend,0.876953,1,E21,E20_wrong__E21_correct,E20_wrong__E23_correct,E21_correct__E23_correct,stable-diffusion-1-4,unknown,data/final_external_pool/final_test_degraded/ai_sb_stable-diffusion-1-4_188_r07cfb432t_test_whatsapp_q75.jpg
E14 Degraded External,ai_sb_stable-diffusion-1-4_188_r07cfb432t_test_resize_q80,AI,0.994629,0.174438,0,0.856934,1,0.788684,1,0.788684,1,Blend,0.856934,1,E21,E20_wrong__E21_correct,E20_wrong__E23_correct,E21_correct__E23_correct,stable-diffusion-1-4,unknown,data/final_external_pool/final_test_degraded/ai_sb_stable-diffusion-1-4_188_r07cfb432t_test_resize_q80.jpg
E14 Degraded External,ai_sb_stable-diffusion-1-4_188_r07cfb432t_test_double_jpeg,AI,0.972656,0.113403,0,0.694824,1,0.636682,1,0.636682,1,Blend,0.694824,1,E21,E20_wrong__E21_correct,E20_wrong__E23_correct,E21_correct__E23_correct,stable-diffusion-1-4,unknown,data/final_external_pool/final_test_degraded/ai_sb_stable-diffusion-1-4_188_r07cfb432t_test_double_jpeg.jpg
E14 Degraded External,real_raise_115_r0f24ca4dt_test_whatsapp_q75,Real,0.526855,0.028381,0,0.682617,1,0.617194,1,0.617193,1,Blend,0.682617,1,E21,E20_correct__E21_wrong,E20_correct__E23_wrong,E21_wrong__E23_wrong,camera,unknown,data/final_external_pool/final_test_degraded/real_raise_115_r0f24ca4dt_test_whatsapp_q75.jpg
E14 Degraded External,real_raise_115_r0f24ca4dt_test_resize_q80,Real,0.705566,0.025131,0,0.695312,1,0.628294,1,0.628294,1,Blend,0.695312,1,E21,E20_correct__E21_wrong,E20_correct__E23_wrong,E21_wrong__E23_wrong,camera,unknown,data/final_external_pool/final_test_degraded/real_raise_115_r0f24ca4dt_test_resize_q80.jpg
E14 Degraded External,real_raise_115_r0f24ca4dt_test_double_jpeg,Real,0.150391,0.014008,0,0.687012,1,0.619711,1,0.619712,1,Blend,0.687012,1,E21,E20_correct__E21_wrong,E20_correct__E23_wrong,E21_wrong__E23_wrong,camera,unknown,data/final_external_pool/final_test_degraded/real_raise_115_r0f24ca4dt_test_double_jpeg.jpg
E14 Degraded External,ai_sb_supp_stable-diffusion-1-4_019_r001d260dt_test_whatsapp_q75,AI,0.944824,0.840820,1,0.856934,1,0.855322,1,0.855323,1,Blend,0.840820,1,E20,both_correct,E20_correct__E23_correct,E21_correct__E23_correct,stable-diffusion-1-4,unknown,data/final_external_pool/final_test_degraded/ai_sb_supp_stable-diffusion-1-4_019_r001d260dt_test_whatsapp_q75.jpg
E14 Degraded External,ai_sb_supp_stable-diffusion-1-4_019_r001d260dt_test_resize_q80,AI,0.950195,0.796387,1,0.810059,1,0.808691,1,0.808692,1,Blend,0.796387,1,E20,both_correct,E20_correct__E23_correct,E21_correct__E23_correct,stable-diffusion-1-4,unknown,data/final_external_pool/final_test_degraded/ai_sb_supp_stable-diffusion-1-4_019_r001d260dt_test_resize_q80.jpg
E14 Degraded External,ai_sb_supp_stable-diffusion-1-4_019_r001d260dt_test_double_jpeg,AI,0.630859,0.774902,1,0.373047,0,0.413232,0,0.413233,0,Blend,0.373047,0,E21,E20_correct__E21_wrong,E20_correct__E23_wrong,E21_wrong__E23_wrong,stable-diffusion-1-4,unknown,data/final_external_pool/final_test_degraded/ai_sb_supp_stable-diffusion-1-4_019_r001d260dt_test_double_jpeg.jpg
E14 Degraded External,real_raise_150_r1378de81t_test_whatsapp_q75,Real,0.016983,0.004383,0,0.603027,1,0.543163,1,0.543163,1,Blend,0.603027,1,E21,E20_correct__E21_wrong,E20_correct__E23_wrong,E21_wrong__E23_wrong,camera,unknown,data/final_external_pool/final_test_degraded/real_raise_150_r1378de81t_test_whatsapp_q75.jpg
E14 Degraded External,real_raise_150_r1378de81t_test_resize_q80,Real,0.020416,0.005100,0,0.457031,0,0.411838,0,0.411838,0,Blend,0.005100,0,E20,both_correct,E20_correct__E23_correct,E21_correct__E23_correct,camera,unknown,data/final_external_pool/final_test_degraded/real_raise_150_r1378de81t_test_resize_q80.jpg
E14 Degraded External,real_raise_150_r1378de81t_test_double_jpeg,Real,0.001484,0.004364,0,0.625977,1,0.563815,1,0.563816,1,Blend,0.625977,1,E21,E20_correct__E21_wrong,E20_correct__E23_wrong,E21_wrong__E23_wrong,camera,unknown,data/final_external_pool/final_test_degraded/real_raise_150_r1378de81t_test_double_jpeg.jpg
E14 Degraded External,ai_sb_stable-diffusion-1-3_166_r102b4aa4t_test_whatsapp_q75,AI,0.435059,0.033661,0,0.974609,1,0.880515,1,0.880514,1,Blend,0.974609,1,E21,E20_wrong__E21_correct,E20_wrong__E23_correct,E21_correct__E23_correct,stable-diffusion-1-3,unknown,data/final_external_pool/final_test_degraded/ai_sb_stable-diffusion-1-3_166_r102b4aa4t_test_whatsapp_q75.jpg
E14 Degraded External,ai_sb_stable-diffusion-1-3_166_r102b4aa4t_test_resize_q80,AI,0.574707,0.027267,0,0.977051,1,0.882072,1,0.882073,1,Blend,0.977051,1,E21,E20_wrong__E21_correct,E20_wrong__E23_correct,E21_correct__E23_correct,stable-diffusion-1-3,unknown,data/final_external_pool/final_test_degraded/ai_sb_stable-diffusion-1-3_166_r102b4aa4t_test_resize_q80.jpg
E14 Degraded External,ai_sb_stable-diffusion-1-3_166_r102b4aa4t_test_double_jpeg,AI,0.353516,0.020142,0,0.867676,1,0.782922,1,0.782923,1,Blend,0.867676,1,E21,E20_wrong__E21_correct,E20_wrong__E23_correct,E21_correct__E23_correct,stable-diffusion-1-3,unknown,data/final_external_pool/final_test_degraded/ai_sb_stable-diffusion-1-3_166_r102b4aa4t_test_double_jpeg.jpg
E14 Degraded External,real_raise_036_r04989a70t_test_whatsapp_q75,Real,0.000092,0.005512,0,0.121399,0,0.109810,0,0.109810,0,Blend,0.005512,0,E20,both_correct,E20_correct__E23_correct,E21_correct__E23_correct,camera,unknown,data/final_external_pool/final_test_degraded/real_raise_036_r04989a70t_test_whatsapp_q75.jpg
E14 Degraded External,real_raise_036_r04989a70t_test_resize_q80,Real,0.000096,0.005062,0,0.120422,0,0.108886,0,0.108886,0,Blend,0.005062,0,E20,both_correct,E20_correct__E23_correct,E21_correct__E23_correct,camera,unknown,data/final_external_pool/final_test_degraded/real_raise_036_r04989a70t_test_resize_q80.jpg
E14 Degraded External,real_raise_036_r04989a70t_test_double_jpeg,Real,0.000053,0.005280,0,0.117371,0,0.106161,0,0.106162,0,Blend,0.005280,0,E20,both_correct,E20_correct__E23_correct,E21_correct__E23_correct,camera,unknown,data/final_external_pool/final_test_degraded/real_raise_036_r04989a70t_test_double_jpeg.jpg
E14 Degraded External,ai_sb_dalle2_029_r1d9a31fct_test_whatsapp_q75,AI,0.033142,0.053101,0,0.644043,1,0.584949,1,0.584949,1,Blend,0.644043,1,E21,E20_wrong__E21_correct,E20_wrong__E23_correct,E21_correct__E23_correct,dalle2,unknown,data/final_external_pool/final_test_degraded/ai_sb_dalle2_029_r1d9a31fct_test_whatsapp_q75.jpg
E14 Degraded External,ai_sb_dalle2_029_r1d9a31fct_test_resize_q80,AI,0.037598,0.037537,0,0.639648,1,0.579437,1,0.579437,1,Blend,0.639648,1,E21,E20_wrong__E21_correct,E20_wrong__E23_correct,E21_correct__E23_correct,dalle2,unknown,data/final_external_pool/final_test_degraded/ai_sb_dalle2_029_r1d9a31fct_test_resize_q80.jpg
E14 Degraded External,ai_sb_dalle2_029_r1d9a31fct_test_double_jpeg,AI,0.022156,0.037750,0,0.513672,1,0.466080,0,0.466080,0,Blend,0.513672,1,E21,E20_wrong__E21_correct,E20_wrong__E23_wrong,E21_correct__E23_wrong,dalle2,unknown,data/final_external_pool/final_test_degraded/ai_sb_dalle2_029_r1d9a31fct_test_double_jpeg.jpg
E14 Degraded External,real_raise_supp_005_r02513d19t_test_whatsapp_q75,Real,0.007233,0.001432,0,0.138916,0,0.125168,0,0.125168,0,Blend,0.001432,0,E20,both_correct,E20_correct__E23_correct,E21_correct__E23_correct,camera,unknown,data/final_external_pool/final_test_degraded/real_raise_supp_005_r02513d19t_test_whatsapp_q75.jpg
E14 Degraded External,real_raise_supp_005_r02513d19t_test_resize_q80,Real,0.007149,0.001554,0,0.142944,0,0.128805,0,0.128805,0,Blend,0.001554,0,E20,both_correct,E20_correct__E23_correct,E21_correct__E23_correct,camera,unknown,data/final_external_pool/final_test_degraded/real_raise_supp_005_r02513d19t_test_resize_q80.jpg
E14 Degraded External,real_raise_supp_005_r02513d19t_test_double_jpeg,Real,0.006744,0.001255,0,0.135986,0,0.122513,0,0.122513,0,Blend,0.001255,0,E20,both_correct,E20_correct__E23_correct,E21_correct__E23_correct,camera,unknown,data/final_external_pool/final_test_degraded/real_raise_supp_005_r02513d19t_test_double_jpeg.jpg
E14 Degraded External,ai_sb_firefly_087_r1bdb6385t_test_whatsapp_q75,AI,0.831543,0.022202,0,0.954102,1,0.860912,1,0.860912,1,Blend,0.954102,1,E21,E20_wrong__E21_correct,E20_wrong__E23_correct,E21_correct__E23_correct,firefly,unknown,data/final_external_pool/final_test_degraded/ai_sb_firefly_087_r1bdb6385t_test_whatsapp_q75.jpg
E14 Degraded External,ai_sb_firefly_087_r1bdb6385t_test_resize_q80,AI,0.811035,0.024704,0,0.970215,1,0.875664,1,0.875664,1,Blend,0.970215,1,E21,E20_wrong__E21_correct,E20_wrong__E23_correct,E21_correct__E23_correct,firefly,unknown,data/final_external_pool/final_test_degraded/ai_sb_firefly_087_r1bdb6385t_test_resize_q80.jpg
E14 Degraded External,ai_sb_firefly_087_r1bdb6385t_test_double_jpeg,AI,0.799316,0.027954,0,0.958496,1,0.865442,1,0.865442,1,Blend,0.958496,1,E21,E20_wrong__E21_correct,E20_wrong__E23_correct,E21_correct__E23_correct,firefly,unknown,data/final_external_pool/final_test_degraded/ai_sb_firefly_087_r1bdb6385t_test_double_jpeg.jpg
E14 Degraded External,real_raise_250_r1f4a44a7t_test_whatsapp_q75,Real,0.173828,0.002260,0,0.587891,1,0.529328,1,0.529328,1,Blend,0.587891,1,E21,E20_correct__E21_wrong,E20_correct__E23_wrong,E21_wrong__E23_wrong,camera,unknown,data/final_external_pool/final_test_degraded/real_raise_250_r1f4a44a7t_test_whatsapp_q75.jpg
E14 Degraded External,real_raise_250_r1f4a44a7t_test_resize_q80,Real,0.139771,0.002726,0,0.557129,1,0.501689,1,0.501689,1,Blend,0.557129,1,E21,E20_correct__E21_wrong,E20_correct__E23_wrong,E21_wrong__E23_wrong,camera,unknown,data/final_external_pool/final_test_degraded/real_raise_250_r1f4a44a7t_test_resize_q80.jpg
E14 Degraded External,real_raise_250_r1f4a44a7t_test_double_jpeg,Real,0.110107,0.001942,0,0.593262,1,0.534130,1,0.534130,1,Blend,0.593262,1,E21,E20_correct__E21_wrong,E20_correct__E23_wrong,E21_wrong__E23_wrong,camera,unknown,data/final_external_pool/final_test_degraded/real_raise_250_r1f4a44a7t_test_double_jpeg.jpg
E14 Degraded External,ai_sb_midjourney-v5_147_r1bdb6385t_test_whatsapp_q75,AI,0.566895,0.099304,0,0.864258,1,0.787762,1,0.787763,1,Blend,0.864258,1,E21,E20_wrong__E21_correct,E20_wrong__E23_correct,E21_correct__E23_correct,midjourney-v5,unknown,data/final_external_pool/final_test_degraded/ai_sb_midjourney-v5_147_r1bdb6385t_test_whatsapp_q75.jpg
E14 Degraded External,ai_sb_midjourney-v5_147_r1bdb6385t_test_resize_q80,AI,0.540527,0.107239,0,0.860840,1,0.785480,1,0.785480,1,Blend,0.860840,1,E21,E20_wrong__E21_correct,E20_wrong__E23_correct,E21_correct__E23_correct,midjourney-v5,unknown,data/final_external_pool/final_test_degraded/ai_sb_midjourney-v5_147_r1bdb6385t_test_resize_q80.jpg
E14 Degraded External,ai_sb_midjourney-v5_147_r1bdb6385t_test_double_jpeg,AI,0.126099,0.050812,0,0.748535,1,0.678763,1,0.678763,1,Blend,0.748535,1,E21,E20_wrong__E21_correct,E20_wrong__E23_correct,E21_correct__E23_correct,midjourney-v5,unknown,data/final_external_pool/final_test_degraded/ai_sb_midjourney-v5_147_r1bdb6385t_test_double_jpeg.jpg
E14 Degraded External,real_raise_043_r057282fet_test_whatsapp_q75,Real,0.960938,0.437500,0,0.989258,1,0.934082,1,0.934082,1,Blend,0.989258,1,E21,E20_correct__E21_wrong,E20_correct__E23_wrong,E21_wrong__E23_wrong,camera,unknown,data/final_external_pool/final_test_degraded/real_raise_043_r057282fet_test_whatsapp_q75.jpg
E14 Degraded External,real_raise_043_r057282fet_test_resize_q80,Real,0.956055,0.404541,0,0.986328,1,0.928149,1,0.928149,1,Blend,0.986328,1,E21,E20_correct__E21_wrong,E20_correct__E23_wrong,E21_wrong__E23_wrong,camera,unknown,data/final_external_pool/final_test_degraded/real_raise_043_r057282fet_test_resize_q80.jpg
E14 Degraded External,real_raise_043_r057282fet_test_double_jpeg,Real,0.887207,0.319336,0,0.987793,1,0.920947,1,0.920947,1,Blend,0.987793,1,E21,E20_correct__E21_wrong,E20_correct__E23_wrong,E21_wrong__E23_wrong,camera,unknown,data/final_external_pool/final_test_degraded/real_raise_043_r057282fet_test_double_jpeg.jpg
E14 Degraded External,real_raise_092_r0b755540t_test_whatsapp_q75,Real,0.166870,0.148315,0,0.726074,1,0.668298,1,0.668298,1,Blend,0.726074,1,E21,E20_correct__E21_wrong,E20_correct__E23_wrong,E21_wrong__E23_wrong,camera,unknown,data/final_external_pool/final_test_degraded/real_raise_092_r0b755540t_test_whatsapp_q75.jpg
E14 Degraded External,real_raise_092_r0b755540t_test_resize_q80,Real,0.168701,0.144653,0,0.730469,1,0.671887,1,0.671887,1,Blend,0.730469,1,E21,E20_correct__E21_wrong,E20_correct__E23_wrong,E21_wrong__E23_wrong,camera,unknown,data/final_external_pool/final_test_degraded/real_raise_092_r0b755540t_test_resize_q80.jpg
E14 Degraded External,real_raise_092_r0b755540t_test_double_jpeg,Real,0.122437,0.113586,0,0.707031,1,0.647687,1,0.647686,1,Blend,0.707031,1,E21,E20_correct__E21_wrong,E20_correct__E23_wrong,E21_wrong__E23_wrong,camera,unknown,data/final_external_pool/final_test_degraded/real_raise_092_r0b755540t_test_double_jpeg.jpg
E14 Degraded External,real_raise_supp_035_r12cbfb1et_test_whatsapp_q75,Real,0.562012,0.011871,0,0.610840,1,0.550943,1,0.550943,1,Blend,0.610840,1,E21,E20_correct__E21_wrong,E20_correct__E23_wrong,E21_wrong__E23_wrong,camera,unknown,data/final_external_pool/final_test_degraded/real_raise_supp_035_r12cbfb1et_test_whatsapp_q75.jpg
E14 Degraded External,real_raise_supp_035_r12cbfb1et_test_resize_q80,Real,0.490479,0.008987,0,0.568359,1,0.512422,1,0.512422,1,Blend,0.568359,1,E21,E20_correct__E21_wrong,E20_correct__E23_wrong,E21_wrong__E23_wrong,camera,unknown,data/final_external_pool/final_test_degraded/real_raise_supp_035_r12cbfb1et_test_resize_q80.jpg
E14 Degraded External,real_raise_supp_035_r12cbfb1et_test_double_jpeg,Real,0.187744,0.007233,0,0.428467,0,0.386343,0,0.386344,0,Blend,0.007233,0,E20,both_correct,E20_correct__E23_correct,E21_correct__E23_correct,camera,unknown,data/final_external_pool/final_test_degraded/real_raise_supp_035_r12cbfb1et_test_double_jpeg.jpg
E14 Degraded External,ai_sb_stable-diffusion-1-3_160_r09a60f63t_test_whatsapp_q75,AI,0.354736,0.680664,1,0.735352,1,0.729883,1,0.729883,1,Blend,0.680664,1,E20,both_correct,E20_correct__E23_correct,E21_correct__E23_correct,stable-diffusion-1-3,unknown,data/final_external_pool/final_test_degraded/ai_sb_stable-diffusion-1-3_160_r09a60f63t_test_whatsapp_q75.jpg
E14 Degraded External,ai_sb_stable-diffusion-1-3_160_r09a60f63t_test_resize_q80,AI,0.504883,0.720215,1,0.806152,1,0.797559,1,0.797558,1,Blend,0.720215,1,E20,both_correct,E20_correct__E23_correct,E21_correct__E23_correct,stable-diffusion-1-3,unknown,data/final_external_pool/final_test_degraded/ai_sb_stable-diffusion-1-3_160_r09a60f63t_test_resize_q80.jpg
E14 Degraded External,ai_sb_stable-diffusion-1-3_160_r09a60f63t_test_double_jpeg,AI,0.020294,0.543945,1,0.740723,1,0.721045,1,0.721045,1,Blend,0.543945,1,E20,both_correct,E20_correct__E23_correct,E21_correct__E23_correct,stable-diffusion-1-3,unknown,data/final_external_pool/final_test_degraded/ai_sb_stable-diffusion-1-3_160_r09a60f63t_test_double_jpeg.jpg
E14 Degraded External,ai_sb_dalle3_059_r1d9a31fct_test_whatsapp_q75,AI,0.934570,0.971191,1,0.998535,1,0.995801,1,0.995801,1,Blend,0.971191,1,E20,both_correct,E20_correct__E23_correct,E21_correct__E23_correct,dalle3,unknown,data/final_external_pool/final_test_degraded/ai_sb_dalle3_059_r1d9a31fct_test_whatsapp_q75.jpg
E14 Degraded External,ai_sb_dalle3_059_r1d9a31fct_test_resize_q80,AI,0.958496,0.966309,1,0.998535,1,0.995313,1,0.995312,1,Blend,0.966309,1,E20,both_correct,E20_correct__E23_correct,E21_correct__E23_correct,dalle3,unknown,data/final_external_pool/final_test_degraded/ai_sb_dalle3_059_r1d9a31fct_test_resize_q80.jpg
E14 Degraded External,ai_sb_dalle3_059_r1d9a31fct_test_double_jpeg,AI,0.867676,0.945801,1,0.998535,1,0.993262,1,0.993262,1,Blend,0.945801,1,E20,both_correct,E20_correct__E23_correct,E21_correct__E23_correct,dalle3,unknown,data/final_external_pool/final_test_degraded/ai_sb_dalle3_059_r1d9a31fct_test_double_jpeg.jpg
E14 Degraded External,ai_sb_glide_091_r000da54ft_test_whatsapp_q75,AI,0.623047,0.729492,1,0.796875,1,0.790137,1,0.790137,1,Blend,0.729492,1,E20,both_correct,E20_correct__E23_correct,E21_correct__E23_correct,glide,unknown,data/final_external_pool/final_test_degraded/ai_sb_glide_091_r000da54ft_test_whatsapp_q75.jpg
E14 Degraded External,ai_sb_glide_091_r000da54ft_test_resize_q80,AI,0.667969,0.719238,1,0.748047,1,0.745166,1,0.745166,1,Blend,0.719238,1,E20,both_correct,E20_correct__E23_correct,E21_correct__E23_correct,glide,unknown,data/final_external_pool/final_test_degraded/ai_sb_glide_091_r000da54ft_test_resize_q80.jpg
E14 Degraded External,ai_sb_glide_091_r000da54ft_test_double_jpeg,AI,0.028595,0.621582,1,0.793945,1,0.776709,1,0.776709,1,Blend,0.621582,1,E20,both_correct,E20_correct__E23_correct,E21_correct__E23_correct,glide,unknown,data/final_external_pool/final_test_degraded/ai_sb_glide_091_r000da54ft_test_double_jpeg.jpg
E14 Degraded External,ai_sb_firefly_068_r07cfb432t_test_whatsapp_q75,AI,0.075867,0.059875,0,0.593262,1,0.539923,1,0.539923,1,Blend,0.593262,1,E21,E20_wrong__E21_correct,E20_wrong__E23_correct,E21_correct__E23_correct,firefly,unknown,data/final_external_pool/final_test_degraded/ai_sb_firefly_068_r07cfb432t_test_whatsapp_q75.jpg
E14 Degraded External,ai_sb_firefly_068_r07cfb432t_test_resize_q80,AI,0.119202,0.092712,0,0.684570,1,0.625385,1,0.625384,1,Blend,0.684570,1,E21,E20_wrong__E21_correct,E20_wrong__E23_correct,E21_correct__E23_correct,firefly,unknown,data/final_external_pool/final_test_degraded/ai_sb_firefly_068_r07cfb432t_test_resize_q80.jpg
E14 Degraded External,ai_sb_firefly_068_r07cfb432t_test_double_jpeg,AI,0.014786,0.039429,0,0.346924,0,0.316174,0,0.316175,0,Blend,0.039429,0,E20,both_wrong,E20_wrong__E23_wrong,E21_wrong__E23_wrong,firefly,unknown,data/final_external_pool/final_test_degraded/ai_sb_firefly_068_r07cfb432t_test_double_jpeg.jpg
E14 Degraded External,real_raise_046_r05db7e7ft_test_whatsapp_q75,Real,0.000575,0.000651,0,0.296143,0,0.266593,0,0.266594,0,Blend,0.000651,0,E20,both_correct,E20_correct__E23_correct,E21_correct__E23_correct,camera,unknown,data/final_external_pool/final_test_degraded/real_raise_046_r05db7e7ft_test_whatsapp_q75.jpg
E14 Degraded External,real_raise_046_r05db7e7ft_test_resize_q80,Real,0.000859,0.000534,0,0.249023,0,0.224174,0,0.224174,0,Blend,0.000534,0,E20,both_correct,E20_correct__E23_correct,E21_correct__E23_correct,camera,unknown,data/final_external_pool/final_test_degraded/real_raise_046_r05db7e7ft_test_resize_q80.jpg
E14 Degraded External,real_raise_046_r05db7e7ft_test_double_jpeg,Real,0.000255,0.000586,0,0.277832,0,0.250107,0,0.250107,0,Blend,0.000586,0,E20,both_correct,E20_correct__E23_correct,E21_correct__E23_correct,camera,unknown,data/final_external_pool/final_test_degraded/real_raise_046_r05db7e7ft_test_double_jpeg.jpg
E14 Degraded External,ai_sb_firefly_069_r08996953t_test_whatsapp_q75,AI,0.318604,0.036621,0,0.936523,1,0.846533,1,0.846533,1,Blend,0.936523,1,E21,E20_wrong__E21_correct,E20_wrong__E23_correct,E21_correct__E23_correct,firefly,unknown,data/final_external_pool/final_test_degraded/ai_sb_firefly_069_r08996953t_test_whatsapp_q75.jpg
E14 Degraded External,ai_sb_firefly_069_r08996953t_test_resize_q80,AI,0.267334,0.053192,0,0.939453,1,0.850827,1,0.850827,1,Blend,0.939453,1,E21,E20_wrong__E21_correct,E20_wrong__E23_correct,E21_correct__E23_correct,firefly,unknown,data/final_external_pool/final_test_degraded/ai_sb_firefly_069_r08996953t_test_resize_q80.jpg
E14 Degraded External,ai_sb_firefly_069_r08996953t_test_double_jpeg,AI,0.137695,0.039429,0,0.903809,1,0.817371,1,0.817371,1,Blend,0.903809,1,E21,E20_wrong__E21_correct,E20_wrong__E23_correct,E21_correct__E23_correct,firefly,unknown,data/final_external_pool/final_test_degraded/ai_sb_firefly_069_r08996953t_test_double_jpeg.jpg
E14 Degraded External,real_raise_supp_004_r01d0b83bt_test_whatsapp_q75,Real,0.015015,0.031616,0,0.407471,0,0.369885,0,0.369886,0,Blend,0.031616,0,E20,both_correct,E20_correct__E23_correct,E21_correct__E23_correct,camera,unknown,data/final_external_pool/final_test_degraded/real_raise_supp_004_r01d0b83bt_test_whatsapp_q75.jpg
E14 Degraded External,real_raise_supp_004_r01d0b83bt_test_resize_q80,Real,0.021362,0.035400,0,0.388184,0,0.352905,0,0.352906,0,Blend,0.035400,0,E20,both_correct,E20_correct__E23_correct,E21_correct__E23_correct,camera,unknown,data/final_external_pool/final_test_degraded/real_raise_supp_004_r01d0b83bt_test_resize_q80.jpg
E14 Degraded External,real_raise_supp_004_r01d0b83bt_test_double_jpeg,Real,0.005844,0.022415,0,0.279297,0,0.253609,0,0.253609,0,Blend,0.022415,0,E20,both_correct,E20_correct__E23_correct,E21_correct__E23_correct,camera,unknown,data/final_external_pool/final_test_degraded/real_raise_supp_004_r01d0b83bt_test_double_jpeg.jpg
E14 Degraded External,ai_sb_midjourney-v5_130_r09a60f63t_test_whatsapp_q75,AI,0.809082,0.990723,1,0.930176,1,0.936230,1,0.936231,1,Blend,0.990723,1,E20,both_correct,E20_correct__E23_correct,E21_correct__E23_correct,midjourney-v5,unknown,data/final_external_pool/final_test_degraded/ai_sb_midjourney-v5_130_r09a60f63t_test_whatsapp_q75.jpg
E14 Degraded External,ai_sb_midjourney-v5_130_r09a60f63t_test_resize_q80,AI,0.833008,0.987305,1,0.937500,1,0.942480,1,0.942481,1,Blend,0.987305,1,E20,both_correct,E20_correct__E23_correct,E21_correct__E23_correct,midjourney-v5,unknown,data/final_external_pool/final_test_degraded/ai_sb_midjourney-v5_130_r09a60f63t_test_resize_q80.jpg
E14 Degraded External,ai_sb_midjourney-v5_130_r09a60f63t_test_double_jpeg,AI,0.754395,0.978027,1,0.938477,1,0.942432,1,0.942432,1,Blend,0.978027,1,E20,both_correct,E20_correct__E23_correct,E21_correct__E23_correct,midjourney-v5,unknown,data/final_external_pool/final_test_degraded/ai_sb_midjourney-v5_130_r09a60f63t_test_double_jpeg.jpg
E14 Degraded External,real_raise_191_r18d72ab2t_test_whatsapp_q75,Real,0.004005,0.003124,0,0.451172,0,0.406367,0,0.406367,0,Blend,0.003124,0,E20,both_correct,E20_correct__E23_correct,E21_correct__E23_correct,camera,unknown,data/final_external_pool/final_test_degraded/real_raise_191_r18d72ab2t_test_whatsapp_q75.jpg
E14 Degraded External,real_raise_191_r18d72ab2t_test_resize_q80,Real,0.005161,0.005798,0,0.456787,0,0.411688,0,0.411688,0,Blend,0.005798,0,E20,both_correct,E20_correct__E23_correct,E21_correct__E23_correct,camera,unknown,data/final_external_pool/final_test_degraded/real_raise_191_r18d72ab2t_test_resize_q80.jpg
E14 Degraded External,real_raise_191_r18d72ab2t_test_double_jpeg,Real,0.000422,0.004646,0,0.632812,1,0.569996,1,0.569995,1,Blend,0.632812,1,E21,E20_correct__E21_wrong,E20_correct__E23_wrong,E21_wrong__E23_wrong,camera,unknown,data/final_external_pool/final_test_degraded/real_raise_191_r18d72ab2t_test_double_jpeg.jpg
E14 Degraded External,real_raise_208_r1aa53167t_test_whatsapp_q75,Real,0.002342,0.032227,0,0.403320,0,0.366211,0,0.366211,0,Blend,0.032227,0,E20,both_correct,E20_correct__E23_correct,E21_correct__E23_correct,camera,unknown,data/final_external_pool/final_test_degraded/real_raise_208_r1aa53167t_test_whatsapp_q75.jpg
E14 Degraded External,real_raise_208_r1aa53167t_test_resize_q80,Real,0.001889,0.034760,0,0.375488,0,0.341415,0,0.341415,0,Blend,0.034760,0,E20,both_correct,E20_correct__E23_correct,E21_correct__E23_correct,camera,unknown,data/final_external_pool/final_test_degraded/real_raise_208_r1aa53167t_test_resize_q80.jpg
E14 Degraded External,real_raise_208_r1aa53167t_test_double_jpeg,Real,0.001965,0.032288,0,0.360596,0,0.327765,0,0.327765,0,Blend,0.032288,0,E20,both_correct,E20_correct__E23_correct,E21_correct__E23_correct,camera,unknown,data/final_external_pool/final_test_degraded/real_raise_208_r1aa53167t_test_double_jpeg.jpg
E14 Degraded External,real_raise_202_r1a4651edt_test_whatsapp_q75,Real,0.000049,0.008217,0,0.064514,0,0.058884,0,0.058884,0,Blend,0.008217,0,E20,both_correct,E20_correct__E23_correct,E21_correct__E23_correct,camera,unknown,data/final_external_pool/final_test_degraded/real_raise_202_r1a4651edt_test_whatsapp_q75.jpg
E14 Degraded External,real_raise_202_r1a4651edt_test_resize_q80,Real,0.000111,0.008446,0,0.064270,0,0.058688,0,0.058688,0,Blend,0.008446,0,E20,both_correct,E20_correct__E23_correct,E21_correct__E23_correct,camera,unknown,data/final_external_pool/final_test_degraded/real_raise_202_r1a4651edt_test_resize_q80.jpg
E14 Degraded External,real_raise_202_r1a4651edt_test_double_jpeg,Real,0.000024,0.007317,0,0.059967,0,0.054702,0,0.054702,0,Blend,0.007317,0,E20,both_correct,E20_correct__E23_correct,E21_correct__E23_correct,camera,unknown,data/final_external_pool/final_test_degraded/real_raise_202_r1a4651edt_test_double_jpeg.jpg
E14 Degraded External,ai_sb_dalle2_003_r026b5360t_test_whatsapp_q75,AI,0.718262,0.292236,0,0.921387,1,0.858472,1,0.858472,1,Blend,0.921387,1,E21,E20_wrong__E21_correct,E20_wrong__E23_correct,E21_correct__E23_correct,dalle2,unknown,data/final_external_pool/final_test_degraded/ai_sb_dalle2_003_r026b5360t_test_whatsapp_q75.jpg
E14 Degraded External,ai_sb_dalle2_003_r026b5360t_test_resize_q80,AI,0.786133,0.329102,0,0.923340,1,0.863916,1,0.863916,1,Blend,0.923340,1,E21,E20_wrong__E21_correct,E20_wrong__E23_correct,E21_correct__E23_correct,dalle2,unknown,data/final_external_pool/final_test_degraded/ai_sb_dalle2_003_r026b5360t_test_resize_q80.jpg
E14 Degraded External,ai_sb_dalle2_003_r026b5360t_test_double_jpeg,AI,0.410889,0.142212,0,0.862305,1,0.790295,1,0.790296,1,Blend,0.862305,1,E21,E20_wrong__E21_correct,E20_wrong__E23_correct,E21_correct__E23_correct,dalle2,unknown,data/final_external_pool/final_test_degraded/ai_sb_dalle2_003_r026b5360t_test_double_jpeg.jpg
E14 Degraded External,ai_sb_supp_dalle2_002_r002fc3e2t_test_whatsapp_q75,AI,0.419922,0.558594,1,0.991699,1,0.948389,1,0.948388,1,Blend,0.558594,1,E20,both_correct,E20_correct__E23_correct,E21_correct__E23_correct,dalle2,unknown,data/final_external_pool/final_test_degraded/ai_sb_supp_dalle2_002_r002fc3e2t_test_whatsapp_q75.jpg
E14 Degraded External,ai_sb_supp_dalle2_002_r002fc3e2t_test_resize_q80,AI,0.432129,0.647949,1,0.993652,1,0.959082,1,0.959082,1,Blend,0.647949,1,E20,both_correct,E20_correct__E23_correct,E21_correct__E23_correct,dalle2,unknown,data/final_external_pool/final_test_degraded/ai_sb_supp_dalle2_002_r002fc3e2t_test_resize_q80.jpg
E14 Degraded External,ai_sb_supp_dalle2_002_r002fc3e2t_test_double_jpeg,AI,0.185791,0.507812,1,0.980957,1,0.933643,1,0.933642,1,Blend,0.507812,1,E20,both_correct,E20_correct__E23_correct,E21_correct__E23_correct,dalle2,unknown,data/final_external_pool/final_test_degraded/ai_sb_supp_dalle2_002_r002fc3e2t_test_double_jpeg.jpg
E14 Degraded External,ai_sb_firefly_075_r0f5beb66t_test_whatsapp_q75,AI,0.007011,0.002115,0,0.106140,0,0.095738,0,0.095738,0,Blend,0.002115,0,E20,both_wrong,E20_wrong__E23_wrong,E21_wrong__E23_wrong,firefly,unknown,data/final_external_pool/final_test_degraded/ai_sb_firefly_075_r0f5beb66t_test_whatsapp_q75.jpg
E14 Degraded External,ai_sb_firefly_075_r0f5beb66t_test_resize_q80,AI,0.004646,0.002174,0,0.103760,0,0.093601,0,0.093601,0,Blend,0.002174,0,E20,both_wrong,E20_wrong__E23_wrong,E21_wrong__E23_wrong,firefly,unknown,data/final_external_pool/final_test_degraded/ai_sb_firefly_075_r0f5beb66t_test_resize_q80.jpg
E14 Degraded External,ai_sb_firefly_075_r0f5beb66t_test_double_jpeg,AI,0.001831,0.001623,0,0.054199,0,0.048942,0,0.048941,0,Blend,0.001623,0,E20,both_wrong,E20_wrong__E23_wrong,E21_wrong__E23_wrong,firefly,unknown,data/final_external_pool/final_test_degraded/ai_sb_firefly_075_r0f5beb66t_test_double_jpeg.jpg
E14 Degraded External,ai_sb_midjourney-v5_146_r1ad2de34t_test_whatsapp_q75,AI,0.190063,0.033478,0,0.801270,1,0.724490,1,0.724491,1,Blend,0.801270,1,E21,E20_wrong__E21_correct,E20_wrong__E23_correct,E21_correct__E23_correct,midjourney-v5,unknown,data/final_external_pool/final_test_degraded/ai_sb_midjourney-v5_146_r1ad2de34t_test_whatsapp_q75.jpg
E14 Degraded External,ai_sb_midjourney-v5_146_r1ad2de34t_test_resize_q80,AI,0.225708,0.026260,0,0.776855,1,0.701796,1,0.701796,1,Blend,0.776855,1,E21,E20_wrong__E21_correct,E20_wrong__E23_correct,E21_correct__E23_correct,midjourney-v5,unknown,data/final_external_pool/final_test_degraded/ai_sb_midjourney-v5_146_r1ad2de34t_test_resize_q80.jpg
E14 Degraded External,ai_sb_midjourney-v5_146_r1ad2de34t_test_double_jpeg,AI,0.143066,0.023514,0,0.780762,1,0.705037,1,0.705037,1,Blend,0.780762,1,E21,E20_wrong__E21_correct,E20_wrong__E23_correct,E21_correct__E23_correct,midjourney-v5,unknown,data/final_external_pool/final_test_degraded/ai_sb_midjourney-v5_146_r1ad2de34t_test_double_jpeg.jpg
E14 Degraded External,ai_sb_stable-diffusion-2_231_r159d3942t_test_whatsapp_q75,AI,0.005447,0.062561,0,0.023376,0,0.027295,0,0.027295,0,Blend,0.062561,0,E20,both_wrong,E20_wrong__E23_wrong,E21_wrong__E23_wrong,stable-diffusion-2,unknown,data/final_external_pool/final_test_degraded/ai_sb_stable-diffusion-2_231_r159d3942t_test_whatsapp_q75.jpg
E14 Degraded External,ai_sb_stable-diffusion-2_231_r159d3942t_test_resize_q80,AI,0.013222,0.057068,0,0.032227,0,0.034711,0,0.034711,0,Blend,0.057068,0,E20,both_wrong,E20_wrong__E23_wrong,E21_wrong__E23_wrong,stable-diffusion-2,unknown,data/final_external_pool/final_test_degraded/ai_sb_stable-diffusion-2_231_r159d3942t_test_resize_q80.jpg
E14 Degraded External,ai_sb_stable-diffusion-2_231_r159d3942t_test_double_jpeg,AI,0.001782,0.063599,0,0.015305,0,0.020134,0,0.020134,0,Blend,0.063599,0,E20,both_wrong,E20_wrong__E23_wrong,E21_wrong__E23_wrong,stable-diffusion-2,unknown,data/final_external_pool/final_test_degraded/ai_sb_stable-diffusion-2_231_r159d3942t_test_double_jpeg.jpg
E14 Degraded External,real_raise_075_r09851aa4t_test_whatsapp_q75,Real,0.004265,0.024521,0,0.255615,0,0.232506,0,0.232506,0,Blend,0.024521,0,E20,both_correct,E20_correct__E23_correct,E21_correct__E23_correct,camera,unknown,data/final_external_pool/final_test_degraded/real_raise_075_r09851aa4t_test_whatsapp_q75.jpg
E14 Degraded External,real_raise_075_r09851aa4t_test_resize_q80,Real,0.002935,0.020767,0,0.198486,0,0.180714,0,0.180714,0,Blend,0.020767,0,E20,both_correct,E20_correct__E23_correct,E21_correct__E23_correct,camera,unknown,data/final_external_pool/final_test_degraded/real_raise_075_r09851aa4t_test_resize_q80.jpg
E14 Degraded External,real_raise_075_r09851aa4t_test_double_jpeg,Real,0.002035,0.017776,0,0.185181,0,0.168440,0,0.168440,0,Blend,0.017776,0,E20,both_correct,E20_correct__E23_correct,E21_correct__E23_correct,camera,unknown,data/final_external_pool/final_test_degraded/real_raise_075_r09851aa4t_test_double_jpeg.jpg
E14 Degraded External,real_raise_110_r0ea0825ft_test_whatsapp_q75,Real,0.004250,0.732422,1,0.844238,1,0.833057,1,0.833056,1,Blend,0.732422,1,E20,both_wrong,E20_wrong__E23_wrong,E21_wrong__E23_wrong,camera,unknown,data/final_external_pool/final_test_degraded/real_raise_110_r0ea0825ft_test_whatsapp_q75.jpg
E14 Degraded External,real_raise_110_r0ea0825ft_test_resize_q80,Real,0.003235,0.640625,1,0.764160,1,0.751807,1,0.751807,1,Blend,0.640625,1,E20,both_wrong,E20_wrong__E23_wrong,E21_wrong__E23_wrong,camera,unknown,data/final_external_pool/final_test_degraded/real_raise_110_r0ea0825ft_test_resize_q80.jpg
E14 Degraded External,real_raise_110_r0ea0825ft_test_double_jpeg,Real,0.001216,0.682617,1,0.717285,1,0.713818,1,0.713818,1,Blend,0.682617,1,E20,both_wrong,E20_wrong__E23_wrong,E21_wrong__E23_wrong,camera,unknown,data/final_external_pool/final_test_degraded/real_raise_110_r0ea0825ft_test_double_jpeg.jpg
E14 Degraded External,ai_sb_glide_109_r138ad247t_test_whatsapp_q75,AI,0.415527,0.278076,0,0.969727,1,0.900562,1,0.900562,1,Blend,0.969727,1,E21,E20_wrong__E21_correct,E20_wrong__E23_correct,E21_correct__E23_correct,glide,unknown,data/final_external_pool/final_test_degraded/ai_sb_glide_109_r138ad247t_test_whatsapp_q75.jpg
E14 Degraded External,ai_sb_glide_109_r138ad247t_test_resize_q80,AI,0.451904,0.286621,0,0.977539,1,0.908447,1,0.908447,1,Blend,0.977539,1,E21,E20_wrong__E21_correct,E20_wrong__E23_correct,E21_correct__E23_correct,glide,unknown,data/final_external_pool/final_test_degraded/ai_sb_glide_109_r138ad247t_test_resize_q80.jpg
E14 Degraded External,ai_sb_glide_109_r138ad247t_test_double_jpeg,AI,0.347412,0.254395,0,0.962891,1,0.892041,1,0.892041,1,Blend,0.962891,1,E21,E20_wrong__E21_correct,E20_wrong__E23_correct,E21_correct__E23_correct,glide,unknown,data/final_external_pool/final_test_degraded/ai_sb_glide_109_r138ad247t_test_double_jpeg.jpg
E14 Degraded External,ai_sb_stable-diffusion-1-4_192_r0b7b1156t_test_whatsapp_q75,AI,0.828125,0.264404,0,0.951660,1,0.882935,1,0.882934,1,Blend,0.951660,1,E21,E20_wrong__E21_correct,E20_wrong__E23_correct,E21_correct__E23_correct,stable-diffusion-1-4,unknown,data/final_external_pool/final_test_degraded/ai_sb_stable-diffusion-1-4_192_r0b7b1156t_test_whatsapp_q75.jpg
E14 Degraded External,ai_sb_stable-diffusion-1-4_192_r0b7b1156t_test_resize_q80,AI,0.789062,0.261230,0,0.923828,1,0.857568,1,0.857568,1,Blend,0.923828,1,E21,E20_wrong__E21_correct,E20_wrong__E23_correct,E21_correct__E23_correct,stable-diffusion-1-4,unknown,data/final_external_pool/final_test_degraded/ai_sb_stable-diffusion-1-4_192_r0b7b1156t_test_resize_q80.jpg
E14 Degraded External,ai_sb_stable-diffusion-1-4_192_r0b7b1156t_test_double_jpeg,AI,0.408691,0.113403,0,0.646484,1,0.593176,1,0.593176,1,Blend,0.646484,1,E21,E20_wrong__E21_correct,E20_wrong__E23_correct,E21_correct__E23_correct,stable-diffusion-1-4,unknown,data/final_external_pool/final_test_degraded/ai_sb_stable-diffusion-1-4_192_r0b7b1156t_test_double_jpeg.jpg
E14 Degraded External,real_raise_230_r1d00d8ect_test_whatsapp_q75,Real,0.788574,0.019424,0,0.863770,1,0.779335,1,0.779335,1,Blend,0.863770,1,E21,E20_correct__E21_wrong,E20_correct__E23_wrong,E21_wrong__E23_wrong,camera,unknown,data/final_external_pool/final_test_degraded/real_raise_230_r1d00d8ect_test_whatsapp_q75.jpg
E14 Degraded External,real_raise_230_r1d00d8ect_test_resize_q80,Real,0.769531,0.017242,0,0.844727,1,0.761978,1,0.761979,1,Blend,0.844727,1,E21,E20_correct__E21_wrong,E20_correct__E23_wrong,E21_wrong__E23_wrong,camera,unknown,data/final_external_pool/final_test_degraded/real_raise_230_r1d00d8ect_test_resize_q80.jpg
E14 Degraded External,real_raise_230_r1d00d8ect_test_double_jpeg,Real,0.618164,0.005775,0,0.823242,1,0.741496,1,0.741495,1,Blend,0.823242,1,E21,E20_correct__E21_wrong,E20_correct__E23_wrong,E21_wrong__E23_wrong,camera,unknown,data/final_external_pool/final_test_degraded/real_raise_230_r1d00d8ect_test_double_jpeg.jpg
E14 Degraded External,ai_sb_dalle3_056_r1ad2de34t_test_whatsapp_q75,AI,0.992676,0.576172,1,0.998535,1,0.956299,1,0.956299,1,Blend,0.576172,1,E20,both_correct,E20_correct__E23_correct,E21_correct__E23_correct,dalle3,unknown,data/final_external_pool/final_test_degraded/ai_sb_dalle3_056_r1ad2de34t_test_whatsapp_q75.jpg
E14 Degraded External,ai_sb_dalle3_056_r1ad2de34t_test_resize_q80,AI,0.991699,0.564453,1,0.998047,1,0.954688,1,0.954688,1,Blend,0.564453,1,E20,both_correct,E20_correct__E23_correct,E21_correct__E23_correct,dalle3,unknown,data/final_external_pool/final_test_degraded/ai_sb_dalle3_056_r1ad2de34t_test_resize_q80.jpg
E14 Degraded External,ai_sb_dalle3_056_r1ad2de34t_test_double_jpeg,AI,0.972168,0.329102,0,0.995605,1,0.928955,1,0.928955,1,Blend,0.995605,1,E21,E20_wrong__E21_correct,E20_wrong__E23_correct,E21_correct__E23_correct,dalle3,unknown,data/final_external_pool/final_test_degraded/ai_sb_dalle3_056_r1ad2de34t_test_double_jpeg.jpg
E14 Degraded External,real_raise_072_r09445479t_test_whatsapp_q75,Real,0.013275,0.014503,0,0.877930,1,0.791587,1,0.791587,1,Blend,0.877930,1,E21,E20_correct__E21_wrong,E20_correct__E23_wrong,E21_wrong__E23_wrong,camera,unknown,data/final_external_pool/final_test_degraded/real_raise_072_r09445479t_test_whatsapp_q75.jpg
E14 Degraded External,real_raise_072_r09445479t_test_resize_q80,Real,0.019424,0.013123,0,0.884277,1,0.797162,1,0.797162,1,Blend,0.884277,1,E21,E20_correct__E21_wrong,E20_correct__E23_wrong,E21_wrong__E23_wrong,camera,unknown,data/final_external_pool/final_test_degraded/real_raise_072_r09445479t_test_resize_q80.jpg
E14 Degraded External,real_raise_072_r09445479t_test_double_jpeg,Real,0.008949,0.009712,0,0.879395,1,0.792426,1,0.792427,1,Blend,0.879395,1,E21,E20_correct__E21_wrong,E20_correct__E23_wrong,E21_wrong__E23_wrong,camera,unknown,data/final_external_pool/final_test_degraded/real_raise_072_r09445479t_test_double_jpeg.jpg
E14 Degraded External,ai_sb_stable-diffusion-1-3_179_r1d9a31fct_test_whatsapp_q75,AI,0.012100,0.003210,0,0.387207,0,0.348807,0,0.348807,0,Blend,0.003210,0,E20,both_wrong,E20_wrong__E23_wrong,E21_wrong__E23_wrong,stable-diffusion-1-3,unknown,data/final_external_pool/final_test_degraded/ai_sb_stable-diffusion-1-3_179_r1d9a31fct_test_whatsapp_q75.jpg
E14 Degraded External,ai_sb_stable-diffusion-1-3_179_r1d9a31fct_test_resize_q80,AI,0.007347,0.002531,0,0.242798,0,0.218771,0,0.218771,0,Blend,0.002531,0,E20,both_wrong,E20_wrong__E23_wrong,E21_wrong__E23_wrong,stable-diffusion-1-3,unknown,data/final_external_pool/final_test_degraded/ai_sb_stable-diffusion-1-3_179_r1d9a31fct_test_resize_q80.jpg
E14 Degraded External,ai_sb_stable-diffusion-1-3_179_r1d9a31fct_test_double_jpeg,AI,0.001147,0.003721,0,0.061890,0,0.056073,0,0.056073,0,Blend,0.003721,0,E20,both_wrong,E20_wrong__E23_wrong,E21_wrong__E23_wrong,stable-diffusion-1-3,unknown,data/final_external_pool/final_test_degraded/ai_sb_stable-diffusion-1-3_179_r1d9a31fct_test_double_jpeg.jpg
E14 Degraded External,ai_sb_dalle2_010_r09a60f63t_test_whatsapp_q75,AI,0.966797,0.994629,1,0.989746,1,0.990234,1,0.990234,1,Blend,0.994629,1,E20,both_correct,E20_correct__E23_correct,E21_correct__E23_correct,dalle2,unknown,data/final_external_pool/final_test_degraded/ai_sb_dalle2_010_r09a60f63t_test_whatsapp_q75.jpg
E14 Degraded External,ai_sb_dalle2_010_r09a60f63t_test_resize_q80,AI,0.967285,0.992676,1,0.986816,1,0.987402,1,0.987402,1,Blend,0.992676,1,E20,both_correct,E20_correct__E23_correct,E21_correct__E23_correct,dalle2,unknown,data/final_external_pool/final_test_degraded/ai_sb_dalle2_010_r09a60f63t_test_resize_q80.jpg
E14 Degraded External,ai_sb_dalle2_010_r09a60f63t_test_double_jpeg,AI,0.929199,0.991211,1,0.982910,1,0.983740,1,0.983740,1,Blend,0.991211,1,E20,both_correct,E20_correct__E23_correct,E21_correct__E23_correct,dalle2,unknown,data/final_external_pool/final_test_degraded/ai_sb_dalle2_010_r09a60f63t_test_double_jpeg.jpg
E14 Degraded External,real_raise_supp_050_r1a8ee526t_test_whatsapp_q75,Real,0.020523,0.186279,0,0.942383,1,0.866772,1,0.866773,1,Blend,0.942383,1,E21,E20_correct__E21_wrong,E20_correct__E23_wrong,E21_wrong__E23_wrong,camera,unknown,data/final_external_pool/final_test_degraded/real_raise_supp_050_r1a8ee526t_test_whatsapp_q75.jpg
E14 Degraded External,real_raise_supp_050_r1a8ee526t_test_resize_q80,Real,0.051941,0.168091,0,0.925293,1,0.849573,1,0.849573,1,Blend,0.925293,1,E21,E20_correct__E21_wrong,E20_correct__E23_wrong,E21_wrong__E23_wrong,camera,unknown,data/final_external_pool/final_test_degraded/real_raise_supp_050_r1a8ee526t_test_resize_q80.jpg
E14 Degraded External,real_raise_supp_050_r1a8ee526t_test_double_jpeg,Real,0.002462,0.054108,0,0.849609,1,0.770059,1,0.770059,1,Blend,0.849609,1,E21,E20_correct__E21_wrong,E20_correct__E23_wrong,E21_wrong__E23_wrong,camera,unknown,data/final_external_pool/final_test_degraded/real_raise_supp_050_r1a8ee526t_test_double_jpeg.jpg
E14 Degraded External,real_raise_022_r02f1ba48t_test_whatsapp_q75,Real,0.845215,0.025711,0,0.825684,1,0.745686,1,0.745687,1,Blend,0.825684,1,E21,E20_correct__E21_wrong,E20_correct__E23_wrong,E21_wrong__E23_wrong,camera,unknown,data/final_external_pool/final_test_degraded/real_raise_022_r02f1ba48t_test_whatsapp_q75.jpg
E14 Degraded External,real_raise_022_r02f1ba48t_test_resize_q80,Real,0.882812,0.025223,0,0.829590,1,0.749153,1,0.749153,1,Blend,0.829590,1,E21,E20_correct__E21_wrong,E20_correct__E23_wrong,E21_wrong__E23_wrong,camera,unknown,data/final_external_pool/final_test_degraded/real_raise_022_r02f1ba48t_test_resize_q80.jpg
E14 Degraded External,real_raise_022_r02f1ba48t_test_double_jpeg,Real,0.803711,0.024277,0,0.841309,1,0.759605,1,0.759606,1,Blend,0.841309,1,E21,E20_correct__E21_wrong,E20_correct__E23_wrong,E21_wrong__E23_wrong,camera,unknown,data/final_external_pool/final_test_degraded/real_raise_022_r02f1ba48t_test_double_jpeg.jpg
E14 Degraded External,ai_sb_glide_092_r0150031ft_test_whatsapp_q75,AI,0.986328,0.197021,0,0.890137,1,0.820825,1,0.820825,1,Blend,0.890137,1,E21,E20_wrong__E21_correct,E20_wrong__E23_correct,E21_correct__E23_correct,glide,unknown,data/final_external_pool/final_test_degraded/ai_sb_glide_092_r0150031ft_test_whatsapp_q75.jpg
E14 Degraded External,ai_sb_glide_092_r0150031ft_test_resize_q80,AI,0.993652,0.196167,0,0.918457,1,0.846228,1,0.846228,1,Blend,0.918457,1,E21,E20_wrong__E21_correct,E20_wrong__E23_correct,E21_correct__E23_correct,glide,unknown,data/final_external_pool/final_test_degraded/ai_sb_glide_092_r0150031ft_test_resize_q80.jpg
E14 Degraded External,ai_sb_glide_092_r0150031ft_test_double_jpeg,AI,0.865723,0.133179,0,0.877441,1,0.803015,1,0.803015,1,Blend,0.877441,1,E21,E20_wrong__E21_correct,E20_wrong__E23_correct,E21_correct__E23_correct,glide,unknown,data/final_external_pool/final_test_degraded/ai_sb_glide_092_r0150031ft_test_double_jpeg.jpg
E14 Degraded External,real_raise_158_r14289905t_test_whatsapp_q75,Real,0.417725,0.006588,0,0.764648,1,0.688842,1,0.688842,1,Blend,0.764648,1,E21,E20_correct__E21_wrong,E20_correct__E23_wrong,E21_wrong__E23_wrong,camera,unknown,data/final_external_pool/final_test_degraded/real_raise_158_r14289905t_test_whatsapp_q75.jpg
E14 Degraded External,real_raise_158_r14289905t_test_resize_q80,Real,0.396973,0.005577,0,0.723145,1,0.651388,1,0.651388,1,Blend,0.723145,1,E21,E20_correct__E21_wrong,E20_correct__E23_wrong,E21_wrong__E23_wrong,camera,unknown,data/final_external_pool/final_test_degraded/real_raise_158_r14289905t_test_resize_q80.jpg
E14 Degraded External,real_raise_158_r14289905t_test_double_jpeg,Real,0.350830,0.005447,0,0.708496,1,0.638191,1,0.638191,1,Blend,0.708496,1,E21,E20_correct__E21_wrong,E20_correct__E23_wrong,E21_wrong__E23_wrong,camera,unknown,data/final_external_pool/final_test_degraded/real_raise_158_r14289905t_test_double_jpeg.jpg
E14 Degraded External,real_raise_210_r1ae12b3ft_test_whatsapp_q75,Real,0.001427,0.313477,0,0.197876,0,0.209436,0,0.209436,0,Blend,0.313477,0,E20,both_correct,E20_correct__E23_correct,E21_correct__E23_correct,camera,unknown,data/final_external_pool/final_test_degraded/real_raise_210_r1ae12b3ft_test_whatsapp_q75.jpg
E14 Degraded External,real_raise_210_r1ae12b3ft_test_resize_q80,Real,0.001611,0.344482,0,0.294434,0,0.299438,0,0.299439,0,Blend,0.344482,0,E20,both_correct,E20_correct__E23_correct,E21_correct__E23_correct,camera,unknown,data/final_external_pool/final_test_degraded/real_raise_210_r1ae12b3ft_test_resize_q80.jpg
E14 Degraded External,real_raise_210_r1ae12b3ft_test_double_jpeg,Real,0.001461,0.358398,0,0.188354,0,0.205359,0,0.205358,0,Blend,0.358398,0,E20,both_correct,E20_correct__E23_correct,E21_correct__E23_correct,camera,unknown,data/final_external_pool/final_test_degraded/real_raise_210_r1ae12b3ft_test_double_jpeg.jpg
E14 Degraded External,ai_sb_stable-diffusion-1-4_208_r1c9fdcf4t_test_whatsapp_q75,AI,0.000732,0.031494,0,0.809570,1,0.731763,1,0.731762,1,Blend,0.809570,1,E21,E20_wrong__E21_correct,E20_wrong__E23_correct,E21_correct__E23_correct,stable-diffusion-1-4,unknown,data/final_external_pool/final_test_degraded/ai_sb_stable-diffusion-1-4_208_r1c9fdcf4t_test_whatsapp_q75.jpg
E14 Degraded External,ai_sb_stable-diffusion-1-4_208_r1c9fdcf4t_test_resize_q80,AI,0.004135,0.034302,0,0.810059,1,0.732483,1,0.732483,1,Blend,0.810059,1,E21,E20_wrong__E21_correct,E20_wrong__E23_correct,E21_correct__E23_correct,stable-diffusion-1-4,unknown,data/final_external_pool/final_test_degraded/ai_sb_stable-diffusion-1-4_208_r1c9fdcf4t_test_resize_q80.jpg
E14 Degraded External,ai_sb_stable-diffusion-1-4_208_r1c9fdcf4t_test_double_jpeg,AI,0.000116,0.023468,0,0.613281,1,0.554300,1,0.554300,1,Blend,0.613281,1,E21,E20_wrong__E21_correct,E20_wrong__E23_correct,E21_correct__E23_correct,stable-diffusion-1-4,unknown,data/final_external_pool/final_test_degraded/ai_sb_stable-diffusion-1-4_208_r1c9fdcf4t_test_double_jpeg.jpg
E14 Degraded External,ai_sb_glide_097_r06743f8ft_test_whatsapp_q75,AI,0.250000,0.449463,0,0.529785,1,0.521753,1,0.521753,1,Blend,0.529785,1,E21,E20_wrong__E21_correct,E20_wrong__E23_correct,E21_correct__E23_correct,glide,unknown,data/final_external_pool/final_test_degraded/ai_sb_glide_097_r06743f8ft_test_whatsapp_q75.jpg
E14 Degraded External,ai_sb_glide_097_r06743f8ft_test_resize_q80,AI,0.530273,0.655273,1,0.635742,1,0.637695,1,0.637695,1,Blend,0.655273,1,E20,both_correct,E20_correct__E23_correct,E21_correct__E23_correct,glide,unknown,data/final_external_pool/final_test_degraded/ai_sb_glide_097_r06743f8ft_test_resize_q80.jpg
E14 Degraded External,ai_sb_glide_097_r06743f8ft_test_double_jpeg,AI,0.046021,0.379395,0,0.490967,0,0.479810,0,0.479810,0,Blend,0.379395,0,E20,both_wrong,E20_wrong__E23_wrong,E21_wrong__E23_wrong,glide,unknown,data/final_external_pool/final_test_degraded/ai_sb_glide_097_r06743f8ft_test_double_jpeg.jpg
E14 Degraded External,ai_sb_stable-diffusion-1-3_151_r000da54ft_test_whatsapp_q75,AI,0.728516,0.010529,0,0.942383,1,0.849197,1,0.849198,1,Blend,0.942383,1,E21,E20_wrong__E21_correct,E20_wrong__E23_correct,E21_correct__E23_correct,stable-diffusion-1-3,unknown,data/final_external_pool/final_test_degraded/ai_sb_stable-diffusion-1-3_151_r000da54ft_test_whatsapp_q75.jpg
E14 Degraded External,ai_sb_stable-diffusion-1-3_151_r000da54ft_test_resize_q80,AI,0.695312,0.006985,0,0.928223,1,0.836099,1,0.836099,1,Blend,0.928223,1,E21,E20_wrong__E21_correct,E20_wrong__E23_correct,E21_correct__E23_correct,stable-diffusion-1-3,unknown,data/final_external_pool/final_test_degraded/ai_sb_stable-diffusion-1-3_151_r000da54ft_test_resize_q80.jpg
E14 Degraded External,ai_sb_stable-diffusion-1-3_151_r000da54ft_test_double_jpeg,AI,0.093994,0.005688,0,0.694824,1,0.625911,1,0.625910,1,Blend,0.694824,1,E21,E20_wrong__E21_correct,E20_wrong__E23_correct,E21_correct__E23_correct,stable-diffusion-1-3,unknown,data/final_external_pool/final_test_degraded/ai_sb_stable-diffusion-1-3_151_r000da54ft_test_double_jpeg.jpg
E14 Degraded External,ai_sb_firefly_070_r09a60f63t_test_whatsapp_q75,AI,0.759277,0.989746,1,0.988770,1,0.988867,1,0.988868,1,Blend,0.989746,1,E20,both_correct,E20_correct__E23_correct,E21_correct__E23_correct,firefly,unknown,data/final_external_pool/final_test_degraded/ai_sb_firefly_070_r09a60f63t_test_whatsapp_q75.jpg
E14 Degraded External,ai_sb_firefly_070_r09a60f63t_test_resize_q80,AI,0.827148,0.985840,1,0.989746,1,0.989355,1,0.989355,1,Blend,0.985840,1,E20,both_correct,E20_correct__E23_correct,E21_correct__E23_correct,firefly,unknown,data/final_external_pool/final_test_degraded/ai_sb_firefly_070_r09a60f63t_test_resize_q80.jpg
E14 Degraded External,ai_sb_firefly_070_r09a60f63t_test_double_jpeg,AI,0.373779,0.978516,1,0.982422,1,0.982031,1,0.982031,1,Blend,0.978516,1,E20,both_correct,E20_correct__E23_correct,E21_correct__E23_correct,firefly,unknown,data/final_external_pool/final_test_degraded/ai_sb_firefly_070_r09a60f63t_test_double_jpeg.jpg
E14 Degraded External,real_raise_189_r187df69ft_test_whatsapp_q75,Real,0.046387,0.028702,0,0.841797,1,0.760487,1,0.760488,1,Blend,0.841797,1,E21,E20_correct__E21_wrong,E20_correct__E23_wrong,E21_wrong__E23_wrong,camera,unknown,data/final_external_pool/final_test_degraded/real_raise_189_r187df69ft_test_whatsapp_q75.jpg
E14 Degraded External,real_raise_189_r187df69ft_test_resize_q80,Real,0.020691,0.021332,0,0.801270,1,0.723276,1,0.723276,1,Blend,0.801270,1,E21,E20_correct__E21_wrong,E20_correct__E23_wrong,E21_wrong__E23_wrong,camera,unknown,data/final_external_pool/final_test_degraded/real_raise_189_r187df69ft_test_resize_q80.jpg
E14 Degraded External,real_raise_189_r187df69ft_test_double_jpeg,Real,0.009972,0.016525,0,0.771484,1,0.695988,1,0.695988,1,Blend,0.771484,1,E21,E20_correct__E21_wrong,E20_correct__E23_wrong,E21_wrong__E23_wrong,camera,unknown,data/final_external_pool/final_test_degraded/real_raise_189_r187df69ft_test_double_jpeg.jpg
E14 Degraded External,ai_sb_stable-diffusion-2_234_r1900f7c7t_test_whatsapp_q75,AI,0.015366,0.001642,0,0.890625,1,0.801727,1,0.801727,1,Blend,0.890625,1,E21,E20_wrong__E21_correct,E20_wrong__E23_correct,E21_correct__E23_correct,stable-diffusion-2,unknown,data/final_external_pool/final_test_degraded/ai_sb_stable-diffusion-2_234_r1900f7c7t_test_whatsapp_q75.jpg
E14 Degraded External,ai_sb_stable-diffusion-2_234_r1900f7c7t_test_resize_q80,AI,0.016785,0.002653,0,0.901855,1,0.811935,1,0.811935,1,Blend,0.901855,1,E21,E20_wrong__E21_correct,E20_wrong__E23_correct,E21_correct__E23_correct,stable-diffusion-2,unknown,data/final_external_pool/final_test_degraded/ai_sb_stable-diffusion-2_234_r1900f7c7t_test_resize_q80.jpg
E14 Degraded External,ai_sb_stable-diffusion-2_234_r1900f7c7t_test_double_jpeg,AI,0.012009,0.001700,0,0.852539,1,0.767455,1,0.767455,1,Blend,0.852539,1,E21,E20_wrong__E21_correct,E20_wrong__E23_correct,E21_correct__E23_correct,stable-diffusion-2,unknown,data/final_external_pool/final_test_degraded/ai_sb_stable-diffusion-2_234_r1900f7c7t_test_double_jpeg.jpg
E14 Degraded External,ai_sb_firefly_088_r1c9fdcf4t_test_whatsapp_q75,AI,0.108948,0.451904,0,0.997559,1,0.942993,1,0.942993,1,Blend,0.997559,1,E21,E20_wrong__E21_correct,E20_wrong__E23_correct,E21_correct__E23_correct,firefly,unknown,data/final_external_pool/final_test_degraded/ai_sb_firefly_088_r1c9fdcf4t_test_whatsapp_q75.jpg
E14 Degraded External,ai_sb_firefly_088_r1c9fdcf4t_test_resize_q80,AI,0.389648,0.376465,0,0.997559,1,0.935449,1,0.935450,1,Blend,0.997559,1,E21,E20_wrong__E21_correct,E20_wrong__E23_correct,E21_correct__E23_correct,firefly,unknown,data/final_external_pool/final_test_degraded/ai_sb_firefly_088_r1c9fdcf4t_test_resize_q80.jpg
E14 Degraded External,ai_sb_firefly_088_r1c9fdcf4t_test_double_jpeg,AI,0.019379,0.172119,0,0.996582,1,0.914136,1,0.914136,1,Blend,0.996582,1,E21,E20_wrong__E21_correct,E20_wrong__E23_correct,E21_correct__E23_correct,firefly,unknown,data/final_external_pool/final_test_degraded/ai_sb_firefly_088_r1c9fdcf4t_test_double_jpeg.jpg
E14 Degraded External,real_raise_180_r173ee7e8t_test_whatsapp_q75,Real,0.002388,0.007637,0,0.163452,0,0.147871,0,0.147870,0,Blend,0.007637,0,E20,both_correct,E20_correct__E23_correct,E21_correct__E23_correct,camera,unknown,data/final_external_pool/final_test_degraded/real_raise_180_r173ee7e8t_test_whatsapp_q75.jpg
E14 Degraded External,real_raise_180_r173ee7e8t_test_resize_q80,Real,0.003338,0.008614,0,0.171631,0,0.155329,0,0.155329,0,Blend,0.008614,0,E20,both_correct,E20_correct__E23_correct,E21_correct__E23_correct,camera,unknown,data/final_external_pool/final_test_degraded/real_raise_180_r173ee7e8t_test_resize_q80.jpg
E14 Degraded External,real_raise_180_r173ee7e8t_test_double_jpeg,Real,0.002462,0.006145,0,0.149780,0,0.135417,0,0.135416,0,Blend,0.006145,0,E20,both_correct,E20_correct__E23_correct,E21_correct__E23_correct,camera,unknown,data/final_external_pool/final_test_degraded/real_raise_180_r173ee7e8t_test_double_jpeg.jpg
E14 Degraded External,real_raise_supp_022_r0b3220e1t_test_whatsapp_q75,Real,0.072754,0.039948,0,0.943359,1,0.853018,1,0.853018,1,Blend,0.943359,1,E21,E20_correct__E21_wrong,E20_correct__E23_wrong,E21_wrong__E23_wrong,camera,unknown,data/final_external_pool/final_test_degraded/real_raise_supp_022_r0b3220e1t_test_whatsapp_q75.jpg
E14 Degraded External,real_raise_supp_022_r0b3220e1t_test_resize_q80,Real,0.066345,0.038910,0,0.905273,1,0.818637,1,0.818637,1,Blend,0.905273,1,E21,E20_correct__E21_wrong,E20_correct__E23_wrong,E21_wrong__E23_wrong,camera,unknown,data/final_external_pool/final_test_degraded/real_raise_supp_022_r0b3220e1t_test_resize_q80.jpg
E14 Degraded External,real_raise_supp_022_r0b3220e1t_test_double_jpeg,Real,0.031738,0.036438,0,0.951660,1,0.860138,1,0.860138,1,Blend,0.951660,1,E21,E20_correct__E21_wrong,E20_correct__E23_wrong,E21_wrong__E23_wrong,camera,unknown,data/final_external_pool/final_test_degraded/real_raise_supp_022_r0b3220e1t_test_double_jpeg.jpg
E14 Degraded External,ai_sb_stable-diffusion-2_228_r1297fd0bt_test_whatsapp_q75,AI,0.845703,0.913086,1,0.991699,1,0.983838,1,0.983838,1,Blend,0.913086,1,E20,both_correct,E20_correct__E23_correct,E21_correct__E23_correct,stable-diffusion-2,unknown,data/final_external_pool/final_test_degraded/ai_sb_stable-diffusion-2_228_r1297fd0bt_test_whatsapp_q75.jpg
E14 Degraded External,ai_sb_stable-diffusion-2_228_r1297fd0bt_test_resize_q80,AI,0.903320,0.930664,1,0.991211,1,0.985156,1,0.985156,1,Blend,0.930664,1,E20,both_correct,E20_correct__E23_correct,E21_correct__E23_correct,stable-diffusion-2,unknown,data/final_external_pool/final_test_degraded/ai_sb_stable-diffusion-2_228_r1297fd0bt_test_resize_q80.jpg
E14 Degraded External,ai_sb_stable-diffusion-2_228_r1297fd0bt_test_double_jpeg,AI,0.743652,0.877441,1,0.989746,1,0.978516,1,0.978515,1,Blend,0.877441,1,E20,both_correct,E20_correct__E23_correct,E21_correct__E23_correct,stable-diffusion-2,unknown,data/final_external_pool/final_test_degraded/ai_sb_stable-diffusion-2_228_r1297fd0bt_test_double_jpeg.jpg
E14 Degraded External,ai_sb_stable-diffusion-2_219_r08996953t_test_whatsapp_q75,AI,0.918945,0.072083,0,0.997070,1,0.904572,1,0.904571,1,Blend,0.997070,1,E21,E20_wrong__E21_correct,E20_wrong__E23_correct,E21_correct__E23_correct,stable-diffusion-2,unknown,data/final_external_pool/final_test_degraded/ai_sb_stable-diffusion-2_219_r08996953t_test_whatsapp_q75.jpg
E14 Degraded External,ai_sb_stable-diffusion-2_219_r08996953t_test_resize_q80,AI,0.925781,0.077637,0,0.996582,1,0.904688,1,0.904687,1,Blend,0.996582,1,E21,E20_wrong__E21_correct,E20_wrong__E23_correct,E21_correct__E23_correct,stable-diffusion-2,unknown,data/final_external_pool/final_test_degraded/ai_sb_stable-diffusion-2_219_r08996953t_test_resize_q80.jpg
E14 Degraded External,ai_sb_stable-diffusion-2_219_r08996953t_test_double_jpeg,AI,0.673828,0.027847,0,0.990234,1,0.893996,1,0.893995,1,Blend,0.990234,1,E21,E20_wrong__E21_correct,E20_wrong__E23_correct,E21_correct__E23_correct,stable-diffusion-2,unknown,data/final_external_pool/final_test_degraded/ai_sb_stable-diffusion-2_219_r08996953t_test_double_jpeg.jpg
E14 Degraded External,ai_sb_stable-diffusion-1-3_171_r159d3942t_test_whatsapp_q75,AI,0.100342,0.003403,0,0.726074,1,0.653807,1,0.653807,1,Blend,0.726074,1,E21,E20_wrong__E21_correct,E20_wrong__E23_correct,E21_correct__E23_correct,stable-diffusion-1-3,unknown,data/final_external_pool/final_test_degraded/ai_sb_stable-diffusion-1-3_171_r159d3942t_test_whatsapp_q75.jpg
E14 Degraded External,ai_sb_stable-diffusion-1-3_171_r159d3942t_test_resize_q80,AI,0.096375,0.003693,0,0.680176,1,0.612527,1,0.612528,1,Blend,0.680176,1,E21,E20_wrong__E21_correct,E20_wrong__E23_correct,E21_correct__E23_correct,stable-diffusion-1-3,unknown,data/final_external_pool/final_test_degraded/ai_sb_stable-diffusion-1-3_171_r159d3942t_test_resize_q80.jpg
E14 Degraded External,ai_sb_stable-diffusion-1-3_171_r159d3942t_test_double_jpeg,AI,0.003960,0.002993,0,0.184326,0,0.166193,0,0.166193,0,Blend,0.002993,0,E20,both_wrong,E20_wrong__E23_wrong,E21_wrong__E23_wrong,stable-diffusion-1-3,unknown,data/final_external_pool/final_test_degraded/ai_sb_stable-diffusion-1-3_171_r159d3942t_test_double_jpeg.jpg
E14 Degraded External,real_raise_102_r0cfedd72t_test_whatsapp_q75,Real,0.051086,0.011200,0,0.298828,0,0.270065,0,0.270065,0,Blend,0.011200,0,E20,both_correct,E20_correct__E23_correct,E21_correct__E23_correct,camera,unknown,data/final_external_pool/final_test_degraded/real_raise_102_r0cfedd72t_test_whatsapp_q75.jpg
E14 Degraded External,real_raise_102_r0cfedd72t_test_resize_q80,Real,0.082703,0.015190,0,0.344238,0,0.311333,0,0.311333,0,Blend,0.015190,0,E20,both_correct,E20_correct__E23_correct,E21_correct__E23_correct,camera,unknown,data/final_external_pool/final_test_degraded/real_raise_102_r0cfedd72t_test_resize_q80.jpg
E14 Degraded External,real_raise_102_r0cfedd72t_test_double_jpeg,Real,0.024658,0.011597,0,0.289795,0,0.261975,0,0.261975,0,Blend,0.011597,0,E20,both_correct,E20_correct__E23_correct,E21_correct__E23_correct,camera,unknown,data/final_external_pool/final_test_degraded/real_raise_102_r0cfedd72t_test_double_jpeg.jpg
E14 Degraded External,ai_sb_stable-diffusion-1-4_193_r0cd4ffb0t_test_whatsapp_q75,AI,0.811035,0.331299,0,0.997070,1,0.930493,1,0.930493,1,Blend,0.997070,1,E21,E20_wrong__E21_correct,E20_wrong__E23_correct,E21_correct__E23_correct,stable-diffusion-1-4,unknown,data/final_external_pool/final_test_degraded/ai_sb_stable-diffusion-1-4_193_r0cd4ffb0t_test_whatsapp_q75.jpg
E14 Degraded External,ai_sb_stable-diffusion-1-4_193_r0cd4ffb0t_test_resize_q80,AI,0.934082,0.341309,0,0.997559,1,0.931934,1,0.931934,1,Blend,0.997559,1,E21,E20_wrong__E21_correct,E20_wrong__E23_correct,E21_correct__E23_correct,stable-diffusion-1-4,unknown,data/final_external_pool/final_test_degraded/ai_sb_stable-diffusion-1-4_193_r0cd4ffb0t_test_resize_q80.jpg
E14 Degraded External,ai_sb_stable-diffusion-1-4_193_r0cd4ffb0t_test_double_jpeg,AI,0.081787,0.297119,0,0.977051,1,0.909058,1,0.909058,1,Blend,0.977051,1,E21,E20_wrong__E21_correct,E20_wrong__E23_correct,E21_correct__E23_correct,stable-diffusion-1-4,unknown,data/final_external_pool/final_test_degraded/ai_sb_stable-diffusion-1-4_193_r0cd4ffb0t_test_double_jpeg.jpg
E14 Degraded External,real_raise_170_r15f16465t_test_whatsapp_q75,Real,0.028442,0.003197,0,0.417480,0,0.376052,0,0.376052,0,Blend,0.003197,0,E20,both_correct,E20_correct__E23_correct,E21_correct__E23_correct,camera,unknown,data/final_external_pool/final_test_degraded/real_raise_170_r15f16465t_test_whatsapp_q75.jpg
E14 Degraded External,real_raise_170_r15f16465t_test_resize_q80,Real,0.056641,0.006363,0,0.415527,0,0.374611,0,0.374611,0,Blend,0.006363,0,E20,both_correct,E20_correct__E23_correct,E21_correct__E23_correct,camera,unknown,data/final_external_pool/final_test_degraded/real_raise_170_r15f16465t_test_resize_q80.jpg
E14 Degraded External,real_raise_170_r15f16465t_test_double_jpeg,Real,0.001942,0.002058,0,0.279785,0,0.252012,0,0.252012,0,Blend,0.002058,0,E20,both_correct,E20_correct__E23_correct,E21_correct__E23_correct,camera,unknown,data/final_external_pool/final_test_degraded/real_raise_170_r15f16465t_test_double_jpeg.jpg
E14 Degraded External,ai_sb_glide_118_r1c9fdcf4t_test_whatsapp_q75,AI,0.708008,0.579590,1,0.896973,1,0.865234,1,0.865235,1,Blend,0.579590,1,E20,both_correct,E20_correct__E23_correct,E21_correct__E23_correct,glide,unknown,data/final_external_pool/final_test_degraded/ai_sb_glide_118_r1c9fdcf4t_test_whatsapp_q75.jpg
E14 Degraded External,ai_sb_glide_118_r1c9fdcf4t_test_resize_q80,AI,0.817383,0.589844,1,0.919434,1,0.886475,1,0.886475,1,Blend,0.589844,1,E20,both_correct,E20_correct__E23_correct,E21_correct__E23_correct,glide,unknown,data/final_external_pool/final_test_degraded/ai_sb_glide_118_r1c9fdcf4t_test_resize_q80.jpg
E14 Degraded External,ai_sb_glide_118_r1c9fdcf4t_test_double_jpeg,AI,0.022583,0.268311,0,0.709961,1,0.665796,1,0.665796,1,Blend,0.709961,1,E21,E20_wrong__E21_correct,E20_wrong__E23_correct,E21_correct__E23_correct,glide,unknown,data/final_external_pool/final_test_degraded/ai_sb_glide_118_r1c9fdcf4t_test_double_jpeg.jpg
E14 Degraded External,real_raise_097_r0c1f588dt_test_whatsapp_q75,Real,0.160645,0.004135,0,0.711426,1,0.640697,1,0.640697,1,Blend,0.711426,1,E21,E20_correct__E21_wrong,E20_correct__E23_wrong,E21_wrong__E23_wrong,camera,unknown,data/final_external_pool/final_test_degraded/real_raise_097_r0c1f588dt_test_whatsapp_q75.jpg
E14 Degraded External,real_raise_097_r0c1f588dt_test_resize_q80,Real,0.139893,0.004944,0,0.677246,1,0.610016,1,0.610016,1,Blend,0.677246,1,E21,E20_correct__E21_wrong,E20_correct__E23_wrong,E21_wrong__E23_wrong,camera,unknown,data/final_external_pool/final_test_degraded/real_raise_097_r0c1f588dt_test_resize_q80.jpg
E14 Degraded External,real_raise_097_r0c1f588dt_test_double_jpeg,Real,0.013168,0.002226,0,0.565430,1,0.509109,1,0.509110,1,Blend,0.565430,1,E21,E20_correct__E21_wrong,E20_correct__E23_wrong,E21_wrong__E23_wrong,camera,unknown,data/final_external_pool/final_test_degraded/real_raise_097_r0c1f588dt_test_double_jpeg.jpg
E14 Degraded External,real_raise_121_r0faffef3t_test_whatsapp_q75,Real,0.271240,0.059204,0,0.812500,1,0.737170,1,0.737170,1,Blend,0.812500,1,E21,E20_correct__E21_wrong,E20_correct__E23_wrong,E21_wrong__E23_wrong,camera,unknown,data/final_external_pool/final_test_degraded/real_raise_121_r0faffef3t_test_whatsapp_q75.jpg
E14 Degraded External,real_raise_121_r0faffef3t_test_resize_q80,Real,0.265137,0.050720,0,0.799316,1,0.724457,1,0.724456,1,Blend,0.799316,1,E21,E20_correct__E21_wrong,E20_correct__E23_wrong,E21_wrong__E23_wrong,camera,unknown,data/final_external_pool/final_test_degraded/real_raise_121_r0faffef3t_test_resize_q80.jpg
E14 Degraded External,real_raise_121_r0faffef3t_test_double_jpeg,Real,0.131958,0.023605,0,0.723145,1,0.653191,1,0.653191,1,Blend,0.723145,1,E21,E20_correct__E21_wrong,E20_correct__E23_wrong,E21_wrong__E23_wrong,camera,unknown,data/final_external_pool/final_test_degraded/real_raise_121_r0faffef3t_test_double_jpeg.jpg
E14 Degraded External,ai_sb_midjourney-v5_138_r1297fd0bt_test_whatsapp_q75,AI,0.687012,0.439453,0,0.511719,1,0.504492,1,0.504492,1,Blend,0.511719,1,E21,E20_wrong__E21_correct,E20_wrong__E23_correct,E21_correct__E23_correct,midjourney-v5,unknown,data/final_external_pool/final_test_degraded/ai_sb_midjourney-v5_138_r1297fd0bt_test_whatsapp_q75.jpg
E14 Degraded External,ai_sb_midjourney-v5_138_r1297fd0bt_test_resize_q80,AI,0.734863,0.444092,0,0.514160,1,0.507153,1,0.507153,1,Blend,0.514160,1,E21,E20_wrong__E21_correct,E20_wrong__E23_correct,E21_correct__E23_correct,midjourney-v5,unknown,data/final_external_pool/final_test_degraded/ai_sb_midjourney-v5_138_r1297fd0bt_test_resize_q80.jpg
E14 Degraded External,ai_sb_midjourney-v5_138_r1297fd0bt_test_double_jpeg,AI,0.339600,0.226440,0,0.469238,0,0.444958,0,0.444958,0,Blend,0.226440,0,E20,both_wrong,E20_wrong__E23_wrong,E21_wrong__E23_wrong,midjourney-v5,unknown,data/final_external_pool/final_test_degraded/ai_sb_midjourney-v5_138_r1297fd0bt_test_double_jpeg.jpg
E14 Degraded External,real_raise_026_r0372042dt_test_whatsapp_q75,Real,0.199341,0.281494,0,0.817383,1,0.763794,1,0.763794,1,Blend,0.817383,1,E21,E20_correct__E21_wrong,E20_correct__E23_wrong,E21_wrong__E23_wrong,camera,unknown,data/final_external_pool/final_test_degraded/real_raise_026_r0372042dt_test_whatsapp_q75.jpg
E14 Degraded External,real_raise_026_r0372042dt_test_resize_q80,Real,0.409424,0.334961,0,0.872559,1,0.818799,1,0.818799,1,Blend,0.872559,1,E21,E20_correct__E21_wrong,E20_correct__E23_wrong,E21_wrong__E23_wrong,camera,unknown,data/final_external_pool/final_test_degraded/real_raise_026_r0372042dt_test_resize_q80.jpg
E14 Degraded External,real_raise_026_r0372042dt_test_double_jpeg,Real,0.044098,0.169312,0,0.740723,1,0.683582,1,0.683582,1,Blend,0.740723,1,E21,E20_correct__E21_wrong,E20_correct__E23_wrong,E21_wrong__E23_wrong,camera,unknown,data/final_external_pool/final_test_degraded/real_raise_026_r0372042dt_test_double_jpeg.jpg
E14 Degraded External,ai_sb_midjourney-v5_133_r0cd4ffb0t_test_whatsapp_q75,AI,0.433105,0.547363,1,0.918457,1,0.881348,1,0.881348,1,Blend,0.547363,1,E20,both_correct,E20_correct__E23_correct,E21_correct__E23_correct,midjourney-v5,unknown,data/final_external_pool/final_test_degraded/ai_sb_midjourney-v5_133_r0cd4ffb0t_test_whatsapp_q75.jpg
E14 Degraded External,ai_sb_midjourney-v5_133_r0cd4ffb0t_test_resize_q80,AI,0.277832,0.468018,0,0.885254,1,0.843530,1,0.843530,1,Blend,0.885254,1,E21,E20_wrong__E21_correct,E20_wrong__E23_correct,E21_correct__E23_correct,midjourney-v5,unknown,data/final_external_pool/final_test_degraded/ai_sb_midjourney-v5_133_r0cd4ffb0t_test_resize_q80.jpg
E14 Degraded External,ai_sb_midjourney-v5_133_r0cd4ffb0t_test_double_jpeg,AI,0.204468,0.501465,1,0.906250,1,0.865771,1,0.865772,1,Blend,0.501465,1,E20,both_correct,E20_correct__E23_correct,E21_correct__E23_correct,midjourney-v5,unknown,data/final_external_pool/final_test_degraded/ai_sb_midjourney-v5_133_r0cd4ffb0t_test_double_jpeg.jpg
E14 Degraded External,real_raise_185_r180bcbd7t_test_whatsapp_q75,Real,0.000507,0.001934,0,0.630371,1,0.567527,1,0.567527,1,Blend,0.630371,1,E21,E20_correct__E21_wrong,E20_correct__E23_wrong,E21_wrong__E23_wrong,camera,unknown,data/final_external_pool/final_test_degraded/real_raise_185_r180bcbd7t_test_whatsapp_q75.jpg
E14 Degraded External,real_raise_185_r180bcbd7t_test_resize_q80,Real,0.000525,0.001472,0,0.650391,1,0.585499,1,0.585499,1,Blend,0.650391,1,E21,E20_correct__E21_wrong,E20_correct__E23_wrong,E21_wrong__E23_wrong,camera,unknown,data/final_external_pool/final_test_degraded/real_raise_185_r180bcbd7t_test_resize_q80.jpg
E14 Degraded External,real_raise_185_r180bcbd7t_test_double_jpeg,Real,0.000261,0.002590,0,0.522949,1,0.470913,0,0.470913,0,Blend,0.522949,1,E21,E20_correct__E21_wrong,E20_correct__E23_correct,E21_wrong__E23_correct,camera,unknown,data/final_external_pool/final_test_degraded/real_raise_185_r180bcbd7t_test_double_jpeg.jpg
E14 Degraded External,real_raise_080_r0a19cb85t_test_whatsapp_q75,Real,0.000373,0.000367,0,0.025864,0,0.023314,0,0.023314,0,Blend,0.000367,0,E20,both_correct,E20_correct__E23_correct,E21_correct__E23_correct,camera,unknown,data/final_external_pool/final_test_degraded/real_raise_080_r0a19cb85t_test_whatsapp_q75.jpg
E14 Degraded External,real_raise_080_r0a19cb85t_test_resize_q80,Real,0.000434,0.000328,0,0.020691,0,0.018655,0,0.018655,0,Blend,0.000328,0,E20,both_correct,E20_correct__E23_correct,E21_correct__E23_correct,camera,unknown,data/final_external_pool/final_test_degraded/real_raise_080_r0a19cb85t_test_resize_q80.jpg
E14 Degraded External,real_raise_080_r0a19cb85t_test_double_jpeg,Real,0.000041,0.000521,0,0.016846,0,0.015213,0,0.015213,0,Blend,0.000521,0,E20,both_correct,E20_correct__E23_correct,E21_correct__E23_correct,camera,unknown,data/final_external_pool/final_test_degraded/real_raise_080_r0a19cb85t_test_double_jpeg.jpg
E14 Degraded External,ai_sb_stable-diffusion-1-4_187_r06743f8ft_test_whatsapp_q75,AI,0.471191,0.689941,1,0.957520,1,0.930762,1,0.930762,1,Blend,0.689941,1,E20,both_correct,E20_correct__E23_correct,E21_correct__E23_correct,stable-diffusion-1-4,unknown,data/final_external_pool/final_test_degraded/ai_sb_stable-diffusion-1-4_187_r06743f8ft_test_whatsapp_q75.jpg
E14 Degraded External,ai_sb_stable-diffusion-1-4_187_r06743f8ft_test_resize_q80,AI,0.574219,0.738281,1,0.976074,1,0.952295,1,0.952295,1,Blend,0.738281,1,E20,both_correct,E20_correct__E23_correct,E21_correct__E23_correct,stable-diffusion-1-4,unknown,data/final_external_pool/final_test_degraded/ai_sb_stable-diffusion-1-4_187_r06743f8ft_test_resize_q80.jpg
E14 Degraded External,ai_sb_stable-diffusion-1-4_187_r06743f8ft_test_double_jpeg,AI,0.250000,0.679199,1,0.924316,1,0.899805,1,0.899804,1,Blend,0.679199,1,E20,both_correct,E20_correct__E23_correct,E21_correct__E23_correct,stable-diffusion-1-4,unknown,data/final_external_pool/final_test_degraded/ai_sb_stable-diffusion-1-4_187_r06743f8ft_test_double_jpeg.jpg
E14 Degraded External,real_raise_123_r0fdfc4f0t_test_whatsapp_q75,Real,0.026810,0.049042,0,0.651367,1,0.591135,1,0.591135,1,Blend,0.651367,1,E21,E20_correct__E21_wrong,E20_correct__E23_wrong,E21_wrong__E23_wrong,camera,unknown,data/final_external_pool/final_test_degraded/real_raise_123_r0fdfc4f0t_test_whatsapp_q75.jpg
E14 Degraded External,real_raise_123_r0fdfc4f0t_test_resize_q80,Real,0.037750,0.028168,0,0.589844,1,0.533676,1,0.533676,1,Blend,0.589844,1,E21,E20_correct__E21_wrong,E20_correct__E23_wrong,E21_wrong__E23_wrong,camera,unknown,data/final_external_pool/final_test_degraded/real_raise_123_r0fdfc4f0t_test_resize_q80.jpg
E14 Degraded External,real_raise_123_r0fdfc4f0t_test_double_jpeg,Real,0.001853,0.014954,0,0.440918,0,0.398322,0,0.398322,0,Blend,0.014954,0,E20,both_correct,E20_correct__E23_correct,E21_correct__E23_correct,camera,unknown,data/final_external_pool/final_test_degraded/real_raise_123_r0fdfc4f0t_test_double_jpeg.jpg
E14 Degraded External,ai_sb_glide_107_r116825e2t_test_whatsapp_q75,AI,0.957031,0.476318,0,0.926270,1,0.881274,1,0.881275,1,Blend,0.926270,1,E21,E20_wrong__E21_correct,E20_wrong__E23_correct,E21_correct__E23_correct,glide,unknown,data/final_external_pool/final_test_degraded/ai_sb_glide_107_r116825e2t_test_whatsapp_q75.jpg
E14 Degraded External,ai_sb_glide_107_r116825e2t_test_resize_q80,AI,0.973633,0.339111,0,0.942383,1,0.882056,1,0.882056,1,Blend,0.942383,1,E21,E20_wrong__E21_correct,E20_wrong__E23_correct,E21_correct__E23_correct,glide,unknown,data/final_external_pool/final_test_degraded/ai_sb_glide_107_r116825e2t_test_resize_q80.jpg
E14 Degraded External,ai_sb_glide_107_r116825e2t_test_double_jpeg,AI,0.442871,0.194580,0,0.911133,1,0.839478,1,0.839478,1,Blend,0.911133,1,E21,E20_wrong__E21_correct,E20_wrong__E23_correct,E21_correct__E23_correct,glide,unknown,data/final_external_pool/final_test_degraded/ai_sb_glide_107_r116825e2t_test_double_jpeg.jpg
E14 Degraded External,real_raise_045_r05bf2f53t_test_whatsapp_q75,Real,0.295410,0.345215,0,0.647461,1,0.617236,1,0.617236,1,Blend,0.647461,1,E21,E20_correct__E21_wrong,E20_correct__E23_wrong,E21_wrong__E23_wrong,camera,unknown,data/final_external_pool/final_test_degraded/real_raise_045_r05bf2f53t_test_whatsapp_q75.jpg
E14 Degraded External,real_raise_045_r05bf2f53t_test_resize_q80,Real,0.406982,0.390625,0,0.727051,1,0.693408,1,0.693408,1,Blend,0.727051,1,E21,E20_correct__E21_wrong,E20_correct__E23_wrong,E21_wrong__E23_wrong,camera,unknown,data/final_external_pool/final_test_degraded/real_raise_045_r05bf2f53t_test_resize_q80.jpg
E14 Degraded External,real_raise_045_r05bf2f53t_test_double_jpeg,Real,0.226929,0.285889,0,0.688477,1,0.648218,1,0.648218,1,Blend,0.688477,1,E21,E20_correct__E21_wrong,E20_correct__E23_wrong,E21_wrong__E23_wrong,camera,unknown,data/final_external_pool/final_test_degraded/real_raise_045_r05bf2f53t_test_double_jpeg.jpg
E14 Degraded External,ai_sb_dalle3_053_r17fe8532t_test_whatsapp_q75,AI,0.485840,0.478027,0,0.977051,1,0.927148,1,0.927149,1,Blend,0.977051,1,E21,E20_wrong__E21_correct,E20_wrong__E23_correct,E21_correct__E23_correct,dalle3,unknown,data/final_external_pool/final_test_degraded/ai_sb_dalle3_053_r17fe8532t_test_whatsapp_q75.jpg
E14 Degraded External,ai_sb_dalle3_053_r17fe8532t_test_resize_q80,AI,0.375488,0.490479,0,0.973633,1,0.925317,1,0.925318,1,Blend,0.973633,1,E21,E20_wrong__E21_correct,E20_wrong__E23_correct,E21_correct__E23_correct,dalle3,unknown,data/final_external_pool/final_test_degraded/ai_sb_dalle3_053_r17fe8532t_test_resize_q80.jpg
E14 Degraded External,ai_sb_dalle3_053_r17fe8532t_test_double_jpeg,AI,0.016724,0.365723,0,0.966309,1,0.906250,1,0.906250,1,Blend,0.966309,1,E21,E20_wrong__E21_correct,E20_wrong__E23_correct,E21_correct__E23_correct,dalle3,unknown,data/final_external_pool/final_test_degraded/ai_sb_dalle3_053_r17fe8532t_test_double_jpeg.jpg
E14 Degraded External,ai_sb_stable-diffusion-2_213_r026b5360t_test_whatsapp_q75,AI,0.132935,0.617188,1,0.961914,1,0.927441,1,0.927441,1,Blend,0.617188,1,E20,both_correct,E20_correct__E23_correct,E21_correct__E23_correct,stable-diffusion-2,unknown,data/final_external_pool/final_test_degraded/ai_sb_stable-diffusion-2_213_r026b5360t_test_whatsapp_q75.jpg
E14 Degraded External,ai_sb_stable-diffusion-2_213_r026b5360t_test_resize_q80,AI,0.210938,0.801270,1,0.983887,1,0.965625,1,0.965625,1,Blend,0.801270,1,E20,both_correct,E20_correct__E23_correct,E21_correct__E23_correct,stable-diffusion-2,unknown,data/final_external_pool/final_test_degraded/ai_sb_stable-diffusion-2_213_r026b5360t_test_resize_q80.jpg
E14 Degraded External,ai_sb_stable-diffusion-2_213_r026b5360t_test_double_jpeg,AI,0.045441,0.874023,1,0.971191,1,0.961475,1,0.961474,1,Blend,0.874023,1,E20,both_correct,E20_correct__E23_correct,E21_correct__E23_correct,stable-diffusion-2,unknown,data/final_external_pool/final_test_degraded/ai_sb_stable-diffusion-2_213_r026b5360t_test_double_jpeg.jpg
E14 Degraded External,real_raise_018_r0279b17bt_test_whatsapp_q75,Real,0.008545,0.013428,0,0.194580,0,0.176465,0,0.176465,0,Blend,0.013428,0,E20,both_correct,E20_correct__E23_correct,E21_correct__E23_correct,camera,unknown,data/final_external_pool/final_test_degraded/real_raise_018_r0279b17bt_test_whatsapp_q75.jpg
E14 Degraded External,real_raise_018_r0279b17bt_test_resize_q80,Real,0.008064,0.019302,0,0.216553,0,0.196828,0,0.196828,0,Blend,0.019302,0,E20,both_correct,E20_correct__E23_correct,E21_correct__E23_correct,camera,unknown,data/final_external_pool/final_test_degraded/real_raise_018_r0279b17bt_test_resize_q80.jpg
E14 Degraded External,real_raise_018_r0279b17bt_test_double_jpeg,Real,0.007290,0.016922,0,0.197876,0,0.179781,0,0.179781,0,Blend,0.016922,0,E20,both_correct,E20_correct__E23_correct,E21_correct__E23_correct,camera,unknown,data/final_external_pool/final_test_degraded/real_raise_018_r0279b17bt_test_double_jpeg.jpg
E14 Degraded External,real_raise_055_r0703243bt_test_whatsapp_q75,Real,0.136353,0.001883,0,0.846680,1,0.762200,1,0.762200,1,Blend,0.846680,1,E21,E20_correct__E21_wrong,E20_correct__E23_wrong,E21_wrong__E23_wrong,camera,unknown,data/final_external_pool/final_test_degraded/real_raise_055_r0703243bt_test_whatsapp_q75.jpg
E14 Degraded External,real_raise_055_r0703243bt_test_resize_q80,Real,0.117798,0.001904,0,0.827637,1,0.745063,1,0.745064,1,Blend,0.827637,1,E21,E20_correct__E21_wrong,E20_correct__E23_wrong,E21_wrong__E23_wrong,camera,unknown,data/final_external_pool/final_test_degraded/real_raise_055_r0703243bt_test_resize_q80.jpg
E14 Degraded External,real_raise_055_r0703243bt_test_double_jpeg,Real,0.066345,0.001661,0,0.798828,1,0.719111,1,0.719111,1,Blend,0.798828,1,E21,E20_correct__E21_wrong,E20_correct__E23_wrong,E21_wrong__E23_wrong,camera,unknown,data/final_external_pool/final_test_degraded/real_raise_055_r0703243bt_test_double_jpeg.jpg
E14 Degraded External,ai_sb_firefly_079_r138ad247t_test_whatsapp_q75,AI,0.060974,0.023865,0,0.818359,1,0.738910,1,0.738910,1,Blend,0.818359,1,E21,E20_wrong__E21_correct,E20_wrong__E23_correct,E21_correct__E23_correct,firefly,unknown,data/final_external_pool/final_test_degraded/ai_sb_firefly_079_r138ad247t_test_whatsapp_q75.jpg
E14 Degraded External,ai_sb_firefly_079_r138ad247t_test_resize_q80,AI,0.066345,0.021118,0,0.825195,1,0.744788,1,0.744787,1,Blend,0.825195,1,E21,E20_wrong__E21_correct,E20_wrong__E23_correct,E21_correct__E23_correct,firefly,unknown,data/final_external_pool/final_test_degraded/ai_sb_firefly_079_r138ad247t_test_resize_q80.jpg
E14 Degraded External,ai_sb_firefly_079_r138ad247t_test_double_jpeg,AI,0.054688,0.017776,0,0.797363,1,0.719405,1,0.719404,1,Blend,0.797363,1,E21,E20_wrong__E21_correct,E20_wrong__E23_correct,E21_correct__E23_correct,firefly,unknown,data/final_external_pool/final_test_degraded/ai_sb_firefly_079_r138ad247t_test_double_jpeg.jpg
E14 Degraded External,ai_sb_firefly_090_r1e9082f9t_test_whatsapp_q75,AI,0.078064,0.013634,0,0.791992,1,0.714156,1,0.714156,1,Blend,0.791992,1,E21,E20_wrong__E21_correct,E20_wrong__E23_correct,E21_correct__E23_correct,firefly,unknown,data/final_external_pool/final_test_degraded/ai_sb_firefly_090_r1e9082f9t_test_whatsapp_q75.jpg
E14 Degraded External,ai_sb_firefly_090_r1e9082f9t_test_resize_q80,AI,0.045776,0.011963,0,0.773438,1,0.697290,1,0.697291,1,Blend,0.773438,1,E21,E20_wrong__E21_correct,E20_wrong__E23_correct,E21_correct__E23_correct,firefly,unknown,data/final_external_pool/final_test_degraded/ai_sb_firefly_090_r1e9082f9t_test_resize_q80.jpg
E14 Degraded External,ai_sb_firefly_090_r1e9082f9t_test_double_jpeg,AI,0.010651,0.013329,0,0.813965,1,0.733901,1,0.733901,1,Blend,0.813965,1,E21,E20_wrong__E21_correct,E20_wrong__E23_correct,E21_correct__E23_correct,firefly,unknown,data/final_external_pool/final_test_degraded/ai_sb_firefly_090_r1e9082f9t_test_double_jpeg.jpg
E14 Degraded External,ai_sb_stable-diffusion-2_225_r0f5beb66t_test_whatsapp_q75,AI,0.916992,0.211426,0,0.972168,1,0.896094,1,0.896094,1,Blend,0.972168,1,E21,E20_wrong__E21_correct,E20_wrong__E23_correct,E21_correct__E23_correct,stable-diffusion-2,unknown,data/final_external_pool/final_test_degraded/ai_sb_stable-diffusion-2_225_r0f5beb66t_test_whatsapp_q75.jpg
E14 Degraded External,ai_sb_stable-diffusion-2_225_r0f5beb66t_test_resize_q80,AI,0.869141,0.225952,0,0.961914,1,0.888318,1,0.888318,1,Blend,0.961914,1,E21,E20_wrong__E21_correct,E20_wrong__E23_correct,E21_correct__E23_correct,stable-diffusion-2,unknown,data/final_external_pool/final_test_degraded/ai_sb_stable-diffusion-2_225_r0f5beb66t_test_resize_q80.jpg
E14 Degraded External,ai_sb_stable-diffusion-2_225_r0f5beb66t_test_double_jpeg,AI,0.780762,0.263672,0,0.950684,1,0.881982,1,0.881983,1,Blend,0.950684,1,E21,E20_wrong__E21_correct,E20_wrong__E23_correct,E21_correct__E23_correct,stable-diffusion-2,unknown,data/final_external_pool/final_test_degraded/ai_sb_stable-diffusion-2_225_r0f5beb66t_test_double_jpeg.jpg
E14 Degraded External,ai_sb_supp_stable-diffusion-1-4_020_r002fc3e2t_test_whatsapp_q75,AI,0.896484,0.046631,0,0.829590,1,0.751294,1,0.751294,1,Blend,0.829590,1,E21,E20_wrong__E21_correct,E20_wrong__E23_correct,E21_correct__E23_correct,stable-diffusion-1-4,unknown,data/final_external_pool/final_test_degraded/ai_sb_supp_stable-diffusion-1-4_020_r002fc3e2t_test_whatsapp_q75.jpg
E14 Degraded External,ai_sb_supp_stable-diffusion-1-4_020_r002fc3e2t_test_resize_q80,AI,0.841309,0.042480,0,0.858398,1,0.776807,1,0.776806,1,Blend,0.858398,1,E21,E20_wrong__E21_correct,E20_wrong__E23_correct,E21_correct__E23_correct,stable-diffusion-1-4,unknown,data/final_external_pool/final_test_degraded/ai_sb_supp_stable-diffusion-1-4_020_r002fc3e2t_test_resize_q80.jpg
E14 Degraded External,ai_sb_supp_stable-diffusion-1-4_020_r002fc3e2t_test_double_jpeg,AI,0.119629,0.040253,0,0.468018,0,0.425241,0,0.425241,0,Blend,0.040253,0,E20,both_wrong,E20_wrong__E23_wrong,E21_wrong__E23_wrong,stable-diffusion-1-4,unknown,data/final_external_pool/final_test_degraded/ai_sb_supp_stable-diffusion-1-4_020_r002fc3e2t_test_double_jpeg.jpg
E14 Degraded External,real_raise_206_r1a8fe570t_test_whatsapp_q75,Real,0.004086,0.001554,0,0.154175,0,0.138913,0,0.138913,0,Blend,0.001554,0,E20,both_correct,E20_correct__E23_correct,E21_correct__E23_correct,camera,unknown,data/final_external_pool/final_test_degraded/real_raise_206_r1a8fe570t_test_whatsapp_q75.jpg
E14 Degraded External,real_raise_206_r1a8fe570t_test_resize_q80,Real,0.004070,0.001346,0,0.131226,0,0.118238,0,0.118238,0,Blend,0.001346,0,E20,both_correct,E20_correct__E23_correct,E21_correct__E23_correct,camera,unknown,data/final_external_pool/final_test_degraded/real_raise_206_r1a8fe570t_test_resize_q80.jpg
E14 Degraded External,real_raise_206_r1a8fe570t_test_double_jpeg,Real,0.001346,0.000933,0,0.086914,0,0.078316,0,0.078316,0,Blend,0.000933,0,E20,both_correct,E20_correct__E23_correct,E21_correct__E23_correct,camera,unknown,data/final_external_pool/final_test_degraded/real_raise_206_r1a8fe570t_test_double_jpeg.jpg
E14 Degraded External,real_raise_058_r079d086et_test_whatsapp_q75,Real,0.003990,0.000040,0,0.276611,0,0.248954,0,0.248954,0,Blend,0.000040,0,E20,both_correct,E20_correct__E23_correct,E21_correct__E23_correct,camera,unknown,data/final_external_pool/final_test_degraded/real_raise_058_r079d086et_test_whatsapp_q75.jpg
E14 Degraded External,real_raise_058_r079d086et_test_resize_q80,Real,0.004520,0.000034,0,0.225952,0,0.203360,0,0.203360,0,Blend,0.000034,0,E20,both_correct,E20_correct__E23_correct,E21_correct__E23_correct,camera,unknown,data/final_external_pool/final_test_degraded/real_raise_058_r079d086et_test_resize_q80.jpg
E14 Degraded External,real_raise_058_r079d086et_test_double_jpeg,Real,0.000672,0.000038,0,0.139893,0,0.125907,0,0.125908,0,Blend,0.000038,0,E20,both_correct,E20_correct__E23_correct,E21_correct__E23_correct,camera,unknown,data/final_external_pool/final_test_degraded/real_raise_058_r079d086et_test_double_jpeg.jpg
E14 Degraded External,ai_sb_glide_101_r0a9384b1t_test_whatsapp_q75,AI,0.288086,0.437012,0,0.521484,1,0.513037,1,0.513037,1,Blend,0.521484,1,E21,E20_wrong__E21_correct,E20_wrong__E23_correct,E21_correct__E23_correct,glide,unknown,data/final_external_pool/final_test_degraded/ai_sb_glide_101_r0a9384b1t_test_whatsapp_q75.jpg
E14 Degraded External,ai_sb_glide_101_r0a9384b1t_test_resize_q80,AI,0.350830,0.408936,0,0.674316,1,0.647778,1,0.647778,1,Blend,0.674316,1,E21,E20_wrong__E21_correct,E20_wrong__E23_correct,E21_correct__E23_correct,glide,unknown,data/final_external_pool/final_test_degraded/ai_sb_glide_101_r0a9384b1t_test_resize_q80.jpg
E14 Degraded External,ai_sb_glide_101_r0a9384b1t_test_double_jpeg,AI,0.036621,0.349121,0,0.411377,0,0.405151,0,0.405151,0,Blend,0.349121,0,E20,both_wrong,E20_wrong__E23_wrong,E21_wrong__E23_wrong,glide,unknown,data/final_external_pool/final_test_degraded/ai_sb_glide_101_r0a9384b1t_test_double_jpeg.jpg
E14 Degraded External,real_raise_supp_041_r15efd876t_test_whatsapp_q75,Real,0.460449,0.138916,0,0.911133,1,0.833911,1,0.833911,1,Blend,0.911133,1,E21,E20_correct__E21_wrong,E20_correct__E23_wrong,E21_wrong__E23_wrong,camera,unknown,data/final_external_pool/final_test_degraded/real_raise_supp_041_r15efd876t_test_whatsapp_q75.jpg
E14 Degraded External,real_raise_supp_041_r15efd876t_test_resize_q80,Real,0.437012,0.165039,0,0.913574,1,0.838721,1,0.838720,1,Blend,0.913574,1,E21,E20_correct__E21_wrong,E20_correct__E23_wrong,E21_wrong__E23_wrong,camera,unknown,data/final_external_pool/final_test_degraded/real_raise_supp_041_r15efd876t_test_resize_q80.jpg
E14 Degraded External,real_raise_supp_041_r15efd876t_test_double_jpeg,Real,0.413330,0.124512,0,0.922852,1,0.843018,1,0.843018,1,Blend,0.922852,1,E21,E20_correct__E21_wrong,E20_correct__E23_wrong,E21_wrong__E23_wrong,camera,unknown,data/final_external_pool/final_test_degraded/real_raise_supp_041_r15efd876t_test_double_jpeg.jpg
E14 Degraded External,real_raise_supp_009_r04395e54t_test_whatsapp_q75,Real,0.051178,0.009743,0,0.605469,1,0.545896,1,0.545896,1,Blend,0.605469,1,E21,E20_correct__E21_wrong,E20_correct__E23_wrong,E21_wrong__E23_wrong,camera,unknown,data/final_external_pool/final_test_degraded/real_raise_supp_009_r04395e54t_test_whatsapp_q75.jpg
E14 Degraded External,real_raise_supp_009_r04395e54t_test_resize_q80,Real,0.043274,0.011162,0,0.625000,1,0.563616,1,0.563616,1,Blend,0.625000,1,E21,E20_correct__E21_wrong,E20_correct__E23_wrong,E21_wrong__E23_wrong,camera,unknown,data/final_external_pool/final_test_degraded/real_raise_supp_009_r04395e54t_test_resize_q80.jpg
E14 Degraded External,real_raise_supp_009_r04395e54t_test_double_jpeg,Real,0.032288,0.007576,0,0.583008,1,0.525465,1,0.525465,1,Blend,0.583008,1,E21,E20_correct__E21_wrong,E20_correct__E23_wrong,E21_wrong__E23_wrong,camera,unknown,data/final_external_pool/final_test_degraded/real_raise_supp_009_r04395e54t_test_double_jpeg.jpg
E14 Degraded External,real_raise_152_r13934dc7t_test_whatsapp_q75,Real,0.002453,0.001861,0,0.986328,1,0.887881,1,0.887881,1,Blend,0.986328,1,E21,E20_correct__E21_wrong,E20_correct__E23_wrong,E21_wrong__E23_wrong,camera,unknown,data/final_external_pool/final_test_degraded/real_raise_152_r13934dc7t_test_whatsapp_q75.jpg
E14 Degraded External,real_raise_152_r13934dc7t_test_resize_q80,Real,0.001525,0.001351,0,0.480957,0,0.432996,0,0.432996,0,Blend,0.001351,0,E20,both_correct,E20_correct__E23_correct,E21_correct__E23_correct,camera,unknown,data/final_external_pool/final_test_degraded/real_raise_152_r13934dc7t_test_resize_q80.jpg
E14 Degraded External,real_raise_152_r13934dc7t_test_double_jpeg,Real,0.001116,0.001216,0,0.826660,1,0.744116,1,0.744116,1,Blend,0.826660,1,E21,E20_correct__E21_wrong,E20_correct__E23_wrong,E21_wrong__E23_wrong,camera,unknown,data/final_external_pool/final_test_degraded/real_raise_152_r13934dc7t_test_double_jpeg.jpg
E14 Degraded External,real_raise_supp_028_r0f25b326t_test_whatsapp_q75,Real,0.271484,0.032166,0,0.902344,1,0.815326,1,0.815326,1,Blend,0.902344,1,E21,E20_correct__E21_wrong,E20_correct__E23_wrong,E21_wrong__E23_wrong,camera,unknown,data/final_external_pool/final_test_degraded/real_raise_supp_028_r0f25b326t_test_whatsapp_q75.jpg
E14 Degraded External,real_raise_supp_028_r0f25b326t_test_resize_q80,Real,0.371338,0.040253,0,0.912109,1,0.824924,1,0.824923,1,Blend,0.912109,1,E21,E20_correct__E21_wrong,E20_correct__E23_wrong,E21_wrong__E23_wrong,camera,unknown,data/final_external_pool/final_test_degraded/real_raise_supp_028_r0f25b326t_test_resize_q80.jpg
E14 Degraded External,real_raise_supp_028_r0f25b326t_test_double_jpeg,Real,0.151245,0.031738,0,0.902832,1,0.815723,1,0.815723,1,Blend,0.902832,1,E21,E20_correct__E21_wrong,E20_correct__E23_wrong,E21_wrong__E23_wrong,camera,unknown,data/final_external_pool/final_test_degraded/real_raise_supp_028_r0f25b326t_test_double_jpeg.jpg
E14 Degraded External,real_raise_supp_014_r070a874ct_test_whatsapp_q75,Real,0.077209,0.008812,0,0.506836,1,0.457034,0,0.457034,0,Blend,0.506836,1,E21,E20_correct__E21_wrong,E20_correct__E23_correct,E21_wrong__E23_correct,camera,unknown,data/final_external_pool/final_test_degraded/real_raise_supp_014_r070a874ct_test_whatsapp_q75.jpg
E14 Degraded External,real_raise_supp_014_r070a874ct_test_resize_q80,Real,0.053009,0.009521,0,0.477539,0,0.430737,0,0.430737,0,Blend,0.009521,0,E20,both_correct,E20_correct__E23_correct,E21_correct__E23_correct,camera,unknown,data/final_external_pool/final_test_degraded/real_raise_supp_014_r070a874ct_test_resize_q80.jpg
E14 Degraded External,real_raise_supp_014_r070a874ct_test_double_jpeg,Real,0.048950,0.010490,0,0.449219,0,0.405346,0,0.405346,0,Blend,0.010490,0,E20,both_correct,E20_correct__E23_correct,E21_correct__E23_correct,camera,unknown,data/final_external_pool/final_test_degraded/real_raise_supp_014_r070a874ct_test_double_jpeg.jpg
E14 Degraded External,real_raise_supp_006_r02d732f8t_test_whatsapp_q75,Real,0.001831,0.002590,0,0.085388,0,0.077108,0,0.077108,0,Blend,0.002590,0,E20,both_correct,E20_correct__E23_correct,E21_correct__E23_correct,camera,unknown,data/final_external_pool/final_test_degraded/real_raise_supp_006_r02d732f8t_test_whatsapp_q75.jpg
E14 Degraded External,real_raise_supp_006_r02d732f8t_test_resize_q80,Real,0.003325,0.003197,0,0.082520,0,0.074587,0,0.074588,0,Blend,0.003197,0,E20,both_correct,E20_correct__E23_correct,E21_correct__E23_correct,camera,unknown,data/final_external_pool/final_test_degraded/real_raise_supp_006_r02d732f8t_test_resize_q80.jpg
E14 Degraded External,real_raise_supp_006_r02d732f8t_test_double_jpeg,Real,0.000354,0.003325,0,0.083008,0,0.075039,0,0.075040,0,Blend,0.003325,0,E20,both_correct,E20_correct__E23_correct,E21_correct__E23_correct,camera,unknown,data/final_external_pool/final_test_degraded/real_raise_supp_006_r02d732f8t_test_double_jpeg.jpg
E14 Degraded External,ai_sb_dalle2_022_r169c7350t_test_whatsapp_q75,AI,0.426758,0.204346,0,0.957520,1,0.882202,1,0.882203,1,Blend,0.957520,1,E21,E20_wrong__E21_correct,E20_wrong__E23_correct,E21_correct__E23_correct,dalle2,unknown,data/final_external_pool/final_test_degraded/ai_sb_dalle2_022_r169c7350t_test_whatsapp_q75.jpg
E14 Degraded External,ai_sb_dalle2_022_r169c7350t_test_resize_q80,AI,0.494385,0.216064,0,0.960938,1,0.886450,1,0.886451,1,Blend,0.960938,1,E21,E20_wrong__E21_correct,E20_wrong__E23_correct,E21_correct__E23_correct,dalle2,unknown,data/final_external_pool/final_test_degraded/ai_sb_dalle2_022_r169c7350t_test_resize_q80.jpg
E14 Degraded External,ai_sb_dalle2_022_r169c7350t_test_double_jpeg,AI,0.306885,0.222534,0,0.944336,1,0.872156,1,0.872156,1,Blend,0.944336,1,E21,E20_wrong__E21_correct,E20_wrong__E23_correct,E21_correct__E23_correct,dalle2,unknown,data/final_external_pool/final_test_degraded/ai_sb_dalle2_022_r169c7350t_test_double_jpeg.jpg
E14 Degraded External,real_raise_supp_025_r0cea5432t_test_whatsapp_q75,Real,0.005642,0.279053,0,0.674316,1,0.634790,1,0.634790,1,Blend,0.674316,1,E21,E20_correct__E21_wrong,E20_correct__E23_wrong,E21_wrong__E23_wrong,camera,unknown,data/final_external_pool/final_test_degraded/real_raise_supp_025_r0cea5432t_test_whatsapp_q75.jpg
E14 Degraded External,real_raise_supp_025_r0cea5432t_test_resize_q80,Real,0.005577,0.193604,0,0.689941,1,0.640308,1,0.640307,1,Blend,0.689941,1,E21,E20_correct__E21_wrong,E20_correct__E23_wrong,E21_wrong__E23_wrong,camera,unknown,data/final_external_pool/final_test_degraded/real_raise_supp_025_r0cea5432t_test_resize_q80.jpg
E14 Degraded External,real_raise_supp_025_r0cea5432t_test_double_jpeg,Real,0.002090,0.255615,0,0.671875,1,0.630249,1,0.630249,1,Blend,0.671875,1,E21,E20_correct__E21_wrong,E20_correct__E23_wrong,E21_wrong__E23_wrong,camera,unknown,data/final_external_pool/final_test_degraded/real_raise_supp_025_r0cea5432t_test_double_jpeg.jpg
E14 Degraded External,real_raise_242_r1e8acc5ct_test_whatsapp_q75,Real,0.004681,0.004738,0,0.133179,0,0.120335,0,0.120335,0,Blend,0.004738,0,E20,both_correct,E20_correct__E23_correct,E21_correct__E23_correct,camera,unknown,data/final_external_pool/final_test_degraded/real_raise_242_r1e8acc5ct_test_whatsapp_q75.jpg
E14 Degraded External,real_raise_242_r1e8acc5ct_test_resize_q80,Real,0.008064,0.003664,0,0.118164,0,0.106714,0,0.106714,0,Blend,0.003664,0,E20,both_correct,E20_correct__E23_correct,E21_correct__E23_correct,camera,unknown,data/final_external_pool/final_test_degraded/real_raise_242_r1e8acc5ct_test_resize_q80.jpg
E14 Degraded External,real_raise_242_r1e8acc5ct_test_double_jpeg,Real,0.001554,0.003525,0,0.105408,0,0.095219,0,0.095220,0,Blend,0.003525,0,E20,both_correct,E20_correct__E23_correct,E21_correct__E23_correct,camera,unknown,data/final_external_pool/final_test_degraded/real_raise_242_r1e8acc5ct_test_double_jpeg.jpg
E14 Degraded External,ai_sb_midjourney-v5_126_r056f233bt_test_whatsapp_q75,AI,0.145142,0.697266,1,0.551758,1,0.566309,1,0.566309,1,Blend,0.697266,1,E20,both_correct,E20_correct__E23_correct,E21_correct__E23_correct,midjourney-v5,unknown,data/final_external_pool/final_test_degraded/ai_sb_midjourney-v5_126_r056f233bt_test_whatsapp_q75.jpg
E14 Degraded External,ai_sb_midjourney-v5_126_r056f233bt_test_resize_q80,AI,0.248169,0.663574,1,0.545898,1,0.557666,1,0.557666,1,Blend,0.663574,1,E20,both_correct,E20_correct__E23_correct,E21_correct__E23_correct,midjourney-v5,unknown,data/final_external_pool/final_test_degraded/ai_sb_midjourney-v5_126_r056f233bt_test_resize_q80.jpg
E14 Degraded External,ai_sb_midjourney-v5_126_r056f233bt_test_double_jpeg,AI,0.022537,0.583008,1,0.416016,0,0.432715,0,0.432715,0,Blend,0.416016,0,E21,E20_correct__E21_wrong,E20_correct__E23_wrong,E21_wrong__E23_wrong,midjourney-v5,unknown,data/final_external_pool/final_test_degraded/ai_sb_midjourney-v5_126_r056f233bt_test_double_jpeg.jpg
E14 Degraded External,real_raise_035_r047aa954t_test_whatsapp_q75,Real,0.076660,0.067688,0,0.388428,0,0.356354,0,0.356354,0,Blend,0.067688,0,E20,both_correct,E20_correct__E23_correct,E21_correct__E23_correct,camera,unknown,data/final_external_pool/final_test_degraded/real_raise_035_r047aa954t_test_whatsapp_q75.jpg
E14 Degraded External,real_raise_035_r047aa954t_test_resize_q80,Real,0.076294,0.067444,0,0.399414,0,0.366217,0,0.366217,0,Blend,0.067444,0,E20,both_correct,E20_correct__E23_correct,E21_correct__E23_correct,camera,unknown,data/final_external_pool/final_test_degraded/real_raise_035_r047aa954t_test_resize_q80.jpg
E14 Degraded External,real_raise_035_r047aa954t_test_double_jpeg,Real,0.025131,0.029312,0,0.269775,0,0.245729,0,0.245729,0,Blend,0.029312,0,E20,both_correct,E20_correct__E23_correct,E21_correct__E23_correct,camera,unknown,data/final_external_pool/final_test_degraded/real_raise_035_r047aa954t_test_double_jpeg.jpg
E14 Degraded External,ai_sb_dalle2_012_r0b7b1156t_test_whatsapp_q75,AI,0.091553,0.102478,0,0.804688,1,0.734467,1,0.734467,1,Blend,0.804688,1,E21,E20_wrong__E21_correct,E20_wrong__E23_correct,E21_correct__E23_correct,dalle2,unknown,data/final_external_pool/final_test_degraded/ai_sb_dalle2_012_r0b7b1156t_test_whatsapp_q75.jpg
E14 Degraded External,ai_sb_dalle2_012_r0b7b1156t_test_resize_q80,AI,0.101440,0.114746,0,0.810547,1,0.740967,1,0.740967,1,Blend,0.810547,1,E21,E20_wrong__E21_correct,E20_wrong__E23_correct,E21_correct__E23_correct,dalle2,unknown,data/final_external_pool/final_test_degraded/ai_sb_dalle2_012_r0b7b1156t_test_resize_q80.jpg
E14 Degraded External,ai_sb_dalle2_012_r0b7b1156t_test_double_jpeg,AI,0.028107,0.057495,0,0.741211,1,0.672839,1,0.672839,1,Blend,0.741211,1,E21,E20_wrong__E21_correct,E20_wrong__E23_correct,E21_correct__E23_correct,dalle2,unknown,data/final_external_pool/final_test_degraded/ai_sb_dalle2_012_r0b7b1156t_test_double_jpeg.jpg
E14 Degraded External,real_raise_184_r17f60607t_test_whatsapp_q75,Real,0.005959,0.008743,0,0.391846,0,0.353535,0,0.353536,0,Blend,0.008743,0,E20,both_correct,E20_correct__E23_correct,E21_correct__E23_correct,camera,unknown,data/final_external_pool/final_test_degraded/real_raise_184_r17f60607t_test_whatsapp_q75.jpg
E14 Degraded External,real_raise_184_r17f60607t_test_resize_q80,Real,0.006123,0.005981,0,0.347656,0,0.313489,0,0.313489,0,Blend,0.005981,0,E20,both_correct,E20_correct__E23_correct,E21_correct__E23_correct,camera,unknown,data/final_external_pool/final_test_degraded/real_raise_184_r17f60607t_test_resize_q80.jpg
E14 Degraded External,real_raise_184_r17f60607t_test_double_jpeg,Real,0.006218,0.004925,0,0.354492,0,0.319535,0,0.319535,0,Blend,0.004925,0,E20,both_correct,E20_correct__E23_correct,E21_correct__E23_correct,camera,unknown,data/final_external_pool/final_test_degraded/real_raise_184_r17f60607t_test_double_jpeg.jpg
E14 Degraded External,real_raise_127_r1070b804t_test_whatsapp_q75,Real,0.206421,0.162231,0,0.849121,1,0.780432,1,0.780432,1,Blend,0.849121,1,E21,E20_correct__E21_wrong,E20_correct__E23_wrong,E21_wrong__E23_wrong,camera,unknown,data/final_external_pool/final_test_degraded/real_raise_127_r1070b804t_test_whatsapp_q75.jpg
E14 Degraded External,real_raise_127_r1070b804t_test_resize_q80,Real,0.196655,0.146484,0,0.810059,1,0.743701,1,0.743702,1,Blend,0.810059,1,E21,E20_correct__E21_wrong,E20_correct__E23_wrong,E21_wrong__E23_wrong,camera,unknown,data/final_external_pool/final_test_degraded/real_raise_127_r1070b804t_test_resize_q80.jpg
E14 Degraded External,real_raise_127_r1070b804t_test_double_jpeg,Real,0.096008,0.099792,0,0.811035,1,0.739911,1,0.739911,1,Blend,0.811035,1,E21,E20_correct__E21_wrong,E20_correct__E23_wrong,E21_wrong__E23_wrong,camera,unknown,data/final_external_pool/final_test_degraded/real_raise_127_r1070b804t_test_double_jpeg.jpg
E14 Degraded External,ai_sb_stable-diffusion-1-3_176_r1ad2de34t_test_whatsapp_q75,AI,0.850098,0.183838,0,0.976074,1,0.896851,1,0.896850,1,Blend,0.976074,1,E21,E20_wrong__E21_correct,E20_wrong__E23_correct,E21_correct__E23_correct,stable-diffusion-1-3,unknown,data/final_external_pool/final_test_degraded/ai_sb_stable-diffusion-1-3_176_r1ad2de34t_test_whatsapp_q75.jpg
E14 Degraded External,ai_sb_stable-diffusion-1-3_176_r1ad2de34t_test_resize_q80,AI,0.845703,0.144653,0,0.969727,1,0.887219,1,0.887220,1,Blend,0.969727,1,E21,E20_wrong__E21_correct,E20_wrong__E23_correct,E21_correct__E23_correct,stable-diffusion-1-3,unknown,data/final_external_pool/final_test_degraded/ai_sb_stable-diffusion-1-3_176_r1ad2de34t_test_resize_q80.jpg
E14 Degraded External,ai_sb_stable-diffusion-1-3_176_r1ad2de34t_test_double_jpeg,AI,0.216675,0.089111,0,0.812988,1,0.740601,1,0.740600,1,Blend,0.812988,1,E21,E20_wrong__E21_correct,E20_wrong__E23_correct,E21_correct__E23_correct,stable-diffusion-1-3,unknown,data/final_external_pool/final_test_degraded/ai_sb_stable-diffusion-1-3_176_r1ad2de34t_test_double_jpeg.jpg
E14 Degraded External,ai_sb_firefly_076_r102b4aa4t_test_whatsapp_q75,AI,0.026917,0.022537,0,0.713867,1,0.644734,1,0.644734,1,Blend,0.713867,1,E21,E20_wrong__E21_correct,E20_wrong__E23_correct,E21_correct__E23_correct,firefly,unknown,data/final_external_pool/final_test_degraded/ai_sb_firefly_076_r102b4aa4t_test_whatsapp_q75.jpg
E14 Degraded External,ai_sb_firefly_076_r102b4aa4t_test_resize_q80,AI,0.029648,0.020569,0,0.717285,1,0.647614,1,0.647613,1,Blend,0.717285,1,E21,E20_wrong__E21_correct,E20_wrong__E23_correct,E21_correct__E23_correct,firefly,unknown,data/final_external_pool/final_test_degraded/ai_sb_firefly_076_r102b4aa4t_test_resize_q80.jpg
E14 Degraded External,ai_sb_firefly_076_r102b4aa4t_test_double_jpeg,AI,0.008575,0.011330,0,0.601074,1,0.542100,1,0.542100,1,Blend,0.601074,1,E21,E20_wrong__E21_correct,E20_wrong__E23_correct,E21_correct__E23_correct,firefly,unknown,data/final_external_pool/final_test_degraded/ai_sb_firefly_076_r102b4aa4t_test_double_jpeg.jpg
E14 Degraded External,ai_sb_supp_stable-diffusion-2_024_r00444b95t_test_whatsapp_q75,AI,0.942871,0.012627,0,0.992676,1,0.894671,1,0.894671,1,Blend,0.992676,1,E21,E20_wrong__E21_correct,E20_wrong__E23_correct,E21_correct__E23_correct,stable-diffusion-2,unknown,data/final_external_pool/final_test_degraded/ai_sb_supp_stable-diffusion-2_024_r00444b95t_test_whatsapp_q75.jpg
E14 Degraded External,ai_sb_supp_stable-diffusion-2_024_r00444b95t_test_resize_q80,AI,0.930664,0.011375,0,0.989258,1,0.891470,1,0.891470,1,Blend,0.989258,1,E21,E20_wrong__E21_correct,E20_wrong__E23_correct,E21_correct__E23_correct,stable-diffusion-2,unknown,data/final_external_pool/final_test_degraded/ai_sb_supp_stable-diffusion-2_024_r00444b95t_test_resize_q80.jpg
E14 Degraded External,ai_sb_supp_stable-diffusion-2_024_r00444b95t_test_double_jpeg,AI,0.892578,0.005405,0,0.988770,1,0.890433,1,0.890434,1,Blend,0.988770,1,E21,E20_wrong__E21_correct,E20_wrong__E23_correct,E21_correct__E23_correct,stable-diffusion-2,unknown,data/final_external_pool/final_test_degraded/ai_sb_supp_stable-diffusion-2_024_r00444b95t_test_double_jpeg.jpg
E14 Degraded External,ai_sb_stable-diffusion-2_215_r045be2act_test_whatsapp_q75,AI,0.968750,0.414551,0,0.998047,1,0.939697,1,0.939697,1,Blend,0.998047,1,E21,E20_wrong__E21_correct,E20_wrong__E23_correct,E21_correct__E23_correct,stable-diffusion-2,unknown,data/final_external_pool/final_test_degraded/ai_sb_stable-diffusion-2_215_r045be2act_test_whatsapp_q75.jpg
E14 Degraded External,ai_sb_stable-diffusion-2_215_r045be2act_test_resize_q80,AI,0.967285,0.303223,0,0.996582,1,0.927246,1,0.927246,1,Blend,0.996582,1,E21,E20_wrong__E21_correct,E20_wrong__E23_correct,E21_correct__E23_correct,stable-diffusion-2,unknown,data/final_external_pool/final_test_degraded/ai_sb_stable-diffusion-2_215_r045be2act_test_resize_q80.jpg
E14 Degraded External,ai_sb_stable-diffusion-2_215_r045be2act_test_double_jpeg,AI,0.866211,0.094849,0,0.996094,1,0.905969,1,0.905970,1,Blend,0.996094,1,E21,E20_wrong__E21_correct,E20_wrong__E23_correct,E21_correct__E23_correct,stable-diffusion-2,unknown,data/final_external_pool/final_test_degraded/ai_sb_stable-diffusion-2_215_r045be2act_test_double_jpeg.jpg
E14 Degraded External,ai_sb_stable-diffusion-1-3_177_r1bdb6385t_test_whatsapp_q75,AI,0.259766,0.044678,0,0.983398,1,0.889526,1,0.889526,1,Blend,0.983398,1,E21,E20_wrong__E21_correct,E20_wrong__E23_correct,E21_correct__E23_correct,stable-diffusion-1-3,unknown,data/final_external_pool/final_test_degraded/ai_sb_stable-diffusion-1-3_177_r1bdb6385t_test_whatsapp_q75.jpg
E14 Degraded External,ai_sb_stable-diffusion-1-3_177_r1bdb6385t_test_resize_q80,AI,0.461670,0.027908,0,0.982422,1,0.886971,1,0.886971,1,Blend,0.982422,1,E21,E20_wrong__E21_correct,E20_wrong__E23_correct,E21_correct__E23_correct,stable-diffusion-1-3,unknown,data/final_external_pool/final_test_degraded/ai_sb_stable-diffusion-1-3_177_r1bdb6385t_test_resize_q80.jpg
E14 Degraded External,ai_sb_stable-diffusion-1-3_177_r1bdb6385t_test_double_jpeg,AI,0.094177,0.036560,0,0.962402,1,0.869818,1,0.869818,1,Blend,0.962402,1,E21,E20_wrong__E21_correct,E20_wrong__E23_correct,E21_correct__E23_correct,stable-diffusion-1-3,unknown,data/final_external_pool/final_test_degraded/ai_sb_stable-diffusion-1-3_177_r1bdb6385t_test_double_jpeg.jpg
E14 Degraded External,ai_sb_stable-diffusion-2_212_r0150031ft_test_whatsapp_q75,AI,0.427979,0.007488,0,0.949707,1,0.855485,1,0.855485,1,Blend,0.949707,1,E21,E20_wrong__E21_correct,E20_wrong__E23_correct,E21_correct__E23_correct,stable-diffusion-2,unknown,data/final_external_pool/final_test_degraded/ai_sb_stable-diffusion-2_212_r0150031ft_test_whatsapp_q75.jpg
E14 Degraded External,ai_sb_stable-diffusion-2_212_r0150031ft_test_resize_q80,AI,0.352539,0.014839,0,0.952637,1,0.858857,1,0.858857,1,Blend,0.952637,1,E21,E20_wrong__E21_correct,E20_wrong__E23_correct,E21_correct__E23_correct,stable-diffusion-2,unknown,data/final_external_pool/final_test_degraded/ai_sb_stable-diffusion-2_212_r0150031ft_test_resize_q80.jpg
E14 Degraded External,ai_sb_stable-diffusion-2_212_r0150031ft_test_double_jpeg,AI,0.255371,0.005428,0,0.920898,1,0.829351,1,0.829351,1,Blend,0.920898,1,E21,E20_wrong__E21_correct,E20_wrong__E23_correct,E21_correct__E23_correct,stable-diffusion-2,unknown,data/final_external_pool/final_test_degraded/ai_sb_stable-diffusion-2_212_r0150031ft_test_double_jpeg.jpg
E14 Degraded External,real_raise_supp_039_r14902ba4t_test_whatsapp_q75,Real,0.002541,0.084778,0,0.631836,1,0.577130,1,0.577130,1,Blend,0.631836,1,E21,E20_correct__E21_wrong,E20_correct__E23_wrong,E21_wrong__E23_wrong,camera,unknown,data/final_external_pool/final_test_degraded/real_raise_supp_039_r14902ba4t_test_whatsapp_q75.jpg
E14 Degraded External,real_raise_supp_039_r14902ba4t_test_resize_q80,Real,0.003273,0.105774,0,0.607422,1,0.557257,1,0.557257,1,Blend,0.607422,1,E21,E20_correct__E21_wrong,E20_correct__E23_wrong,E21_wrong__E23_wrong,camera,unknown,data/final_external_pool/final_test_degraded/real_raise_supp_039_r14902ba4t_test_resize_q80.jpg
E14 Degraded External,real_raise_supp_039_r14902ba4t_test_double_jpeg,Real,0.002003,0.076294,0,0.600586,1,0.548157,1,0.548157,1,Blend,0.600586,1,E21,E20_correct__E21_wrong,E20_correct__E23_wrong,E21_wrong__E23_wrong,camera,unknown,data/final_external_pool/final_test_degraded/real_raise_supp_039_r14902ba4t_test_double_jpeg.jpg
E14 Degraded External,real_raise_070_r08d2b4dat_test_whatsapp_q75,Real,0.032166,0.000536,0,0.136841,0,0.123210,0,0.123211,0,Blend,0.000536,0,E20,both_correct,E20_correct__E23_correct,E21_correct__E23_correct,camera,unknown,data/final_external_pool/final_test_degraded/real_raise_070_r08d2b4dat_test_whatsapp_q75.jpg
E14 Degraded External,real_raise_070_r08d2b4dat_test_resize_q80,Real,0.037201,0.000624,0,0.140137,0,0.126185,0,0.126186,0,Blend,0.000624,0,E20,both_correct,E20_correct__E23_correct,E21_correct__E23_correct,camera,unknown,data/final_external_pool/final_test_degraded/real_raise_070_r08d2b4dat_test_resize_q80.jpg
E14 Degraded External,real_raise_070_r08d2b4dat_test_double_jpeg,Real,0.023560,0.000527,0,0.094177,0,0.084812,0,0.084812,0,Blend,0.000527,0,E20,both_correct,E20_correct__E23_correct,E21_correct__E23_correct,camera,unknown,data/final_external_pool/final_test_degraded/real_raise_070_r08d2b4dat_test_double_jpeg.jpg
E14 Degraded External,ai_sb_dalle2_001_r000da54ft_test_whatsapp_q75,AI,0.348877,0.015541,0,0.895996,1,0.807951,1,0.807951,1,Blend,0.895996,1,E21,E20_wrong__E21_correct,E20_wrong__E23_correct,E21_correct__E23_correct,dalle2,unknown,data/final_external_pool/final_test_degraded/ai_sb_dalle2_001_r000da54ft_test_whatsapp_q75.jpg
E14 Degraded External,ai_sb_dalle2_001_r000da54ft_test_resize_q80,AI,0.395020,0.016586,0,0.897461,1,0.809373,1,0.809373,1,Blend,0.897461,1,E21,E20_wrong__E21_correct,E20_wrong__E23_correct,E21_correct__E23_correct,dalle2,unknown,data/final_external_pool/final_test_degraded/ai_sb_dalle2_001_r000da54ft_test_resize_q80.jpg
E14 Degraded External,ai_sb_dalle2_001_r000da54ft_test_double_jpeg,AI,0.191650,0.011917,0,0.847656,1,0.764082,1,0.764082,1,Blend,0.847656,1,E21,E20_wrong__E21_correct,E20_wrong__E23_correct,E21_correct__E23_correct,dalle2,unknown,data/final_external_pool/final_test_degraded/ai_sb_dalle2_001_r000da54ft_test_double_jpeg.jpg
E14 Degraded External,real_raise_114_r0f137652t_test_whatsapp_q75,Real,0.517090,0.852051,1,0.974609,1,0.962354,1,0.962353,1,Blend,0.852051,1,E20,both_wrong,E20_wrong__E23_wrong,E21_wrong__E23_wrong,camera,unknown,data/final_external_pool/final_test_degraded/real_raise_114_r0f137652t_test_whatsapp_q75.jpg
E14 Degraded External,real_raise_114_r0f137652t_test_resize_q80,Real,0.405273,0.830078,1,0.976074,1,0.961475,1,0.961474,1,Blend,0.830078,1,E20,both_wrong,E20_wrong__E23_wrong,E21_wrong__E23_wrong,camera,unknown,data/final_external_pool/final_test_degraded/real_raise_114_r0f137652t_test_resize_q80.jpg
E14 Degraded External,real_raise_114_r0f137652t_test_double_jpeg,Real,0.079773,0.632812,1,0.946777,1,0.915381,1,0.915381,1,Blend,0.632812,1,E20,both_wrong,E20_wrong__E23_wrong,E21_wrong__E23_wrong,camera,unknown,data/final_external_pool/final_test_degraded/real_raise_114_r0f137652t_test_double_jpeg.jpg
E14 Degraded External,ai_sb_supp_midjourney-v5_013_r001d260dt_test_whatsapp_q75,AI,0.580566,0.906250,1,0.918457,1,0.917236,1,0.917236,1,Blend,0.906250,1,E20,both_correct,E20_correct__E23_correct,E21_correct__E23_correct,midjourney-v5,unknown,data/final_external_pool/final_test_degraded/ai_sb_supp_midjourney-v5_013_r001d260dt_test_whatsapp_q75.jpg
E14 Degraded External,ai_sb_supp_midjourney-v5_013_r001d260dt_test_resize_q80,AI,0.552734,0.923828,1,0.933594,1,0.932617,1,0.932617,1,Blend,0.923828,1,E20,both_correct,E20_correct__E23_correct,E21_correct__E23_correct,midjourney-v5,unknown,data/final_external_pool/final_test_degraded/ai_sb_supp_midjourney-v5_013_r001d260dt_test_resize_q80.jpg
E14 Degraded External,ai_sb_supp_midjourney-v5_013_r001d260dt_test_double_jpeg,AI,0.560059,0.875000,1,0.903809,1,0.900928,1,0.900928,1,Blend,0.875000,1,E20,both_correct,E20_correct__E23_correct,E21_correct__E23_correct,midjourney-v5,unknown,data/final_external_pool/final_test_degraded/ai_sb_supp_midjourney-v5_013_r001d260dt_test_double_jpeg.jpg
E14 Degraded External,real_raise_supp_001_r001d260dt_test_whatsapp_q75,Real,0.846680,0.093506,0,0.969727,1,0.882104,1,0.882105,1,Blend,0.969727,1,E21,E20_correct__E21_wrong,E20_correct__E23_wrong,E21_wrong__E23_wrong,camera,unknown,data/final_external_pool/final_test_degraded/real_raise_supp_001_r001d260dt_test_whatsapp_q75.jpg
E14 Degraded External,real_raise_supp_001_r001d260dt_test_resize_q80,Real,0.850098,0.101929,0,0.968262,1,0.881628,1,0.881629,1,Blend,0.968262,1,E21,E20_correct__E21_wrong,E20_correct__E23_wrong,E21_wrong__E23_wrong,camera,unknown,data/final_external_pool/final_test_degraded/real_raise_supp_001_r001d260dt_test_resize_q80.jpg
E14 Degraded External,real_raise_supp_001_r001d260dt_test_double_jpeg,Real,0.810547,0.085999,0,0.965332,1,0.877399,1,0.877399,1,Blend,0.965332,1,E21,E20_correct__E21_wrong,E20_correct__E23_wrong,E21_wrong__E23_wrong,camera,unknown,data/final_external_pool/final_test_degraded/real_raise_supp_001_r001d260dt_test_double_jpeg.jpg
E14 Degraded External,real_raise_212_r1b1c1019t_test_whatsapp_q75,Real,0.018692,0.001335,0,0.830566,1,0.747643,1,0.747643,1,Blend,0.830566,1,E21,E20_correct__E21_wrong,E20_correct__E23_wrong,E21_wrong__E23_wrong,camera,unknown,data/final_external_pool/final_test_degraded/real_raise_212_r1b1c1019t_test_whatsapp_q75.jpg
E14 Degraded External,real_raise_212_r1b1c1019t_test_resize_q80,Real,0.039856,0.001687,0,0.865723,1,0.779319,1,0.779319,1,Blend,0.865723,1,E21,E20_correct__E21_wrong,E20_correct__E23_wrong,E21_wrong__E23_wrong,camera,unknown,data/final_external_pool/final_test_degraded/real_raise_212_r1b1c1019t_test_resize_q80.jpg
E14 Degraded External,real_raise_212_r1b1c1019t_test_double_jpeg,Real,0.012146,0.002174,0,0.834961,1,0.751682,1,0.751682,1,Blend,0.834961,1,E21,E20_correct__E21_wrong,E20_correct__E23_wrong,E21_wrong__E23_wrong,camera,unknown,data/final_external_pool/final_test_degraded/real_raise_212_r1b1c1019t_test_double_jpeg.jpg
E14 Degraded External,ai_sb_stable-diffusion-1-3_170_r145221d9t_test_whatsapp_q75,AI,0.477051,0.016281,0,0.749023,1,0.675749,1,0.675749,1,Blend,0.749023,1,E21,E20_wrong__E21_correct,E20_wrong__E23_correct,E21_correct__E23_correct,stable-diffusion-1-3,unknown,data/final_external_pool/final_test_degraded/ai_sb_stable-diffusion-1-3_170_r145221d9t_test_whatsapp_q75.jpg
E14 Degraded External,ai_sb_stable-diffusion-1-3_170_r145221d9t_test_resize_q80,AI,0.382568,0.020065,0,0.752441,1,0.679204,1,0.679203,1,Blend,0.752441,1,E21,E20_wrong__E21_correct,E20_wrong__E23_correct,E21_correct__E23_correct,stable-diffusion-1-3,unknown,data/final_external_pool/final_test_degraded/ai_sb_stable-diffusion-1-3_170_r145221d9t_test_resize_q80.jpg
E14 Degraded External,ai_sb_stable-diffusion-1-3_170_r145221d9t_test_double_jpeg,AI,0.023376,0.009674,0,0.082825,0,0.075510,0,0.075510,0,Blend,0.009674,0,E20,both_wrong,E20_wrong__E23_wrong,E21_wrong__E23_wrong,stable-diffusion-1-3,unknown,data/final_external_pool/final_test_degraded/ai_sb_stable-diffusion-1-3_170_r145221d9t_test_double_jpeg.jpg
E14 Degraded External,ai_sb_glide_094_r0372042dt_test_whatsapp_q75,AI,0.163940,0.315430,0,0.735840,1,0.693799,1,0.693799,1,Blend,0.735840,1,E21,E20_wrong__E21_correct,E20_wrong__E23_correct,E21_correct__E23_correct,glide,unknown,data/final_external_pool/final_test_degraded/ai_sb_glide_094_r0372042dt_test_whatsapp_q75.jpg
E14 Degraded External,ai_sb_glide_094_r0372042dt_test_resize_q80,AI,0.274414,0.350098,0,0.880859,1,0.827783,1,0.827783,1,Blend,0.880859,1,E21,E20_wrong__E21_correct,E20_wrong__E23_correct,E21_correct__E23_correct,glide,unknown,data/final_external_pool/final_test_degraded/ai_sb_glide_094_r0372042dt_test_resize_q80.jpg
E14 Degraded External,ai_sb_glide_094_r0372042dt_test_double_jpeg,AI,0.006123,0.231079,0,0.529785,1,0.499915,0,0.499914,0,Blend,0.529785,1,E21,E20_wrong__E21_correct,E20_wrong__E23_wrong,E21_correct__E23_wrong,glide,unknown,data/final_external_pool/final_test_degraded/ai_sb_glide_094_r0372042dt_test_double_jpeg.jpg
E14 Degraded External,real_raise_218_r1be2a3d5t_test_whatsapp_q75,Real,0.022583,0.028168,0,0.845215,1,0.763510,1,0.763510,1,Blend,0.845215,1,E21,E20_correct__E21_wrong,E20_correct__E23_wrong,E21_wrong__E23_wrong,camera,unknown,data/final_external_pool/final_test_degraded/real_raise_218_r1be2a3d5t_test_whatsapp_q75.jpg
E14 Degraded External,real_raise_218_r1be2a3d5t_test_resize_q80,Real,0.047089,0.017715,0,0.811035,1,0.731703,1,0.731703,1,Blend,0.811035,1,E21,E20_correct__E21_wrong,E20_correct__E23_wrong,E21_wrong__E23_wrong,camera,unknown,data/final_external_pool/final_test_degraded/real_raise_218_r1be2a3d5t_test_resize_q80.jpg
E14 Degraded External,real_raise_218_r1be2a3d5t_test_double_jpeg,Real,0.003929,0.007347,0,0.795410,1,0.716604,1,0.716604,1,Blend,0.795410,1,E21,E20_correct__E21_wrong,E20_correct__E23_wrong,E21_wrong__E23_wrong,camera,unknown,data/final_external_pool/final_test_degraded/real_raise_218_r1be2a3d5t_test_double_jpeg.jpg
E14 Degraded External,real_raise_supp_034_r1267fa5bt_test_whatsapp_q75,Real,0.031738,0.337646,0,0.835449,1,0.785669,1,0.785669,1,Blend,0.835449,1,E21,E20_correct__E21_wrong,E20_correct__E23_wrong,E21_wrong__E23_wrong,camera,unknown,data/final_external_pool/final_test_degraded/real_raise_supp_034_r1267fa5bt_test_whatsapp_q75.jpg
E14 Degraded External,real_raise_supp_034_r1267fa5bt_test_resize_q80,Real,0.054810,0.233765,0,0.838867,1,0.778357,1,0.778357,1,Blend,0.838867,1,E21,E20_correct__E21_wrong,E20_correct__E23_wrong,E21_wrong__E23_wrong,camera,unknown,data/final_external_pool/final_test_degraded/real_raise_supp_034_r1267fa5bt_test_resize_q80.jpg
E14 Degraded External,real_raise_supp_034_r1267fa5bt_test_double_jpeg,Real,0.023956,0.360596,0,0.813965,1,0.768628,1,0.768628,1,Blend,0.813965,1,E21,E20_correct__E21_wrong,E20_correct__E23_wrong,E21_wrong__E23_wrong,camera,unknown,data/final_external_pool/final_test_degraded/real_raise_supp_034_r1267fa5bt_test_double_jpeg.jpg
E14 Degraded External,real_raise_120_r0f98115dt_test_whatsapp_q75,Real,0.015541,0.065002,0,0.691895,1,0.629205,1,0.629206,1,Blend,0.691895,1,E21,E20_correct__E21_wrong,E20_correct__E23_wrong,E21_wrong__E23_wrong,camera,unknown,data/final_external_pool/final_test_degraded/real_raise_120_r0f98115dt_test_whatsapp_q75.jpg
E14 Degraded External,real_raise_120_r0f98115dt_test_resize_q80,Real,0.020966,0.060089,0,0.675781,1,0.614212,1,0.614212,1,Blend,0.675781,1,E21,E20_correct__E21_wrong,E20_correct__E23_wrong,E21_wrong__E23_wrong,camera,unknown,data/final_external_pool/final_test_degraded/real_raise_120_r0f98115dt_test_resize_q80.jpg
E14 Degraded External,real_raise_120_r0f98115dt_test_double_jpeg,Real,0.006588,0.054810,0,0.614746,1,0.558752,1,0.558752,1,Blend,0.614746,1,E21,E20_correct__E21_wrong,E20_correct__E23_wrong,E21_wrong__E23_wrong,camera,unknown,data/final_external_pool/final_test_degraded/real_raise_120_r0f98115dt_test_double_jpeg.jpg
E14 Degraded External,real_raise_173_r1645a09ct_test_whatsapp_q75,Real,0.001129,0.001255,0,0.178101,0,0.160416,0,0.160416,0,Blend,0.001255,0,E20,both_correct,E20_correct__E23_correct,E21_correct__E23_correct,camera,unknown,data/final_external_pool/final_test_degraded/real_raise_173_r1645a09ct_test_whatsapp_q75.jpg
E14 Degraded External,real_raise_173_r1645a09ct_test_resize_q80,Real,0.001099,0.001169,0,0.139038,0,0.125251,0,0.125251,0,Blend,0.001169,0,E20,both_correct,E20_correct__E23_correct,E21_correct__E23_correct,camera,unknown,data/final_external_pool/final_test_degraded/real_raise_173_r1645a09ct_test_resize_q80.jpg
E14 Degraded External,real_raise_173_r1645a09ct_test_double_jpeg,Real,0.001269,0.001325,0,0.173462,0,0.156248,0,0.156248,0,Blend,0.001325,0,E20,both_correct,E20_correct__E23_correct,E21_correct__E23_correct,camera,unknown,data/final_external_pool/final_test_degraded/real_raise_173_r1645a09ct_test_double_jpeg.jpg
E14 Degraded External,real_raise_002_r005f3e70t_test_whatsapp_q75,Real,0.105042,0.064270,0,0.664551,1,0.604523,1,0.604523,1,Blend,0.664551,1,E21,E20_correct__E21_wrong,E20_correct__E23_wrong,E21_wrong__E23_wrong,camera,unknown,data/final_external_pool/final_test_degraded/real_raise_002_r005f3e70t_test_whatsapp_q75.jpg
E14 Degraded External,real_raise_002_r005f3e70t_test_resize_q80,Real,0.054810,0.079468,0,0.615723,1,0.562097,1,0.562098,1,Blend,0.615723,1,E21,E20_correct__E21_wrong,E20_correct__E23_wrong,E21_wrong__E23_wrong,camera,unknown,data/final_external_pool/final_test_degraded/real_raise_002_r005f3e70t_test_resize_q80.jpg
E14 Degraded External,real_raise_002_r005f3e70t_test_double_jpeg,Real,0.055939,0.041382,0,0.578613,1,0.524890,1,0.524890,1,Blend,0.578613,1,E21,E20_correct__E21_wrong,E20_correct__E23_wrong,E21_wrong__E23_wrong,camera,unknown,data/final_external_pool/final_test_degraded/real_raise_002_r005f3e70t_test_double_jpeg.jpg
E14 Degraded External,real_raise_221_r1c23e440t_test_whatsapp_q75,Real,0.093689,0.046997,0,0.539551,1,0.490295,0,0.490296,0,Blend,0.539551,1,E21,E20_correct__E21_wrong,E20_correct__E23_correct,E21_wrong__E23_correct,camera,unknown,data/final_external_pool/final_test_degraded/real_raise_221_r1c23e440t_test_whatsapp_q75.jpg
E14 Degraded External,real_raise_221_r1c23e440t_test_resize_q80,Real,0.134033,0.051666,0,0.564941,1,0.513614,1,0.513614,1,Blend,0.564941,1,E21,E20_correct__E21_wrong,E20_correct__E23_wrong,E21_wrong__E23_wrong,camera,unknown,data/final_external_pool/final_test_degraded/real_raise_221_r1c23e440t_test_resize_q80.jpg
E14 Degraded External,real_raise_221_r1c23e440t_test_double_jpeg,Real,0.003708,0.020523,0,0.351318,0,0.318239,0,0.318239,0,Blend,0.020523,0,E20,both_correct,E20_correct__E23_correct,E21_correct__E23_correct,camera,unknown,data/final_external_pool/final_test_degraded/real_raise_221_r1c23e440t_test_double_jpeg.jpg
E14 Degraded External,real_raise_167_r15919202t_test_whatsapp_q75,Real,0.679199,0.047241,0,0.645020,1,0.585242,1,0.585242,1,Blend,0.645020,1,E21,E20_correct__E21_wrong,E20_correct__E23_wrong,E21_wrong__E23_wrong,camera,unknown,data/final_external_pool/final_test_degraded/real_raise_167_r15919202t_test_whatsapp_q75.jpg
E14 Degraded External,real_raise_167_r15919202t_test_resize_q80,Real,0.699219,0.057709,0,0.647461,1,0.588486,1,0.588486,1,Blend,0.647461,1,E21,E20_correct__E21_wrong,E20_correct__E23_wrong,E21_wrong__E23_wrong,camera,unknown,data/final_external_pool/final_test_degraded/real_raise_167_r15919202t_test_resize_q80.jpg
E14 Degraded External,real_raise_167_r15919202t_test_double_jpeg,Real,0.380615,0.023819,0,0.524414,1,0.474355,0,0.474355,0,Blend,0.524414,1,E21,E20_correct__E21_wrong,E20_correct__E23_correct,E21_wrong__E23_correct,camera,unknown,data/final_external_pool/final_test_degraded/real_raise_167_r15919202t_test_double_jpeg.jpg
E14 Degraded External,real_raise_111_r0eb8dfb5t_test_whatsapp_q75,Real,0.007404,0.001372,0,0.530273,1,0.477383,0,0.477383,0,Blend,0.530273,1,E21,E20_correct__E21_wrong,E20_correct__E23_correct,E21_wrong__E23_correct,camera,unknown,data/final_external_pool/final_test_degraded/real_raise_111_r0eb8dfb5t_test_whatsapp_q75.jpg
E14 Degraded External,real_raise_111_r0eb8dfb5t_test_resize_q80,Real,0.006264,0.001761,0,0.498047,0,0.448418,0,0.448418,0,Blend,0.001761,0,E20,both_correct,E20_correct__E23_correct,E21_correct__E23_correct,camera,unknown,data/final_external_pool/final_test_degraded/real_raise_111_r0eb8dfb5t_test_resize_q80.jpg
E14 Degraded External,real_raise_111_r0eb8dfb5t_test_double_jpeg,Real,0.004215,0.001024,0,0.456055,0,0.410552,0,0.410552,0,Blend,0.001024,0,E20,both_correct,E20_correct__E23_correct,E21_correct__E23_correct,camera,unknown,data/final_external_pool/final_test_degraded/real_raise_111_r0eb8dfb5t_test_double_jpeg.jpg
E14 Degraded External,real_raise_028_r03aa5df1t_test_whatsapp_q75,Real,0.133179,0.036499,0,0.723145,1,0.654480,1,0.654480,1,Blend,0.723145,1,E21,E20_correct__E21_wrong,E20_correct__E23_wrong,E21_wrong__E23_wrong,camera,unknown,data/final_external_pool/final_test_degraded/real_raise_028_r03aa5df1t_test_whatsapp_q75.jpg
E14 Degraded External,real_raise_028_r03aa5df1t_test_resize_q80,Real,0.220337,0.050323,0,0.643555,1,0.584232,1,0.584232,1,Blend,0.643555,1,E21,E20_correct__E21_wrong,E20_correct__E23_wrong,E21_wrong__E23_wrong,camera,unknown,data/final_external_pool/final_test_degraded/real_raise_028_r03aa5df1t_test_resize_q80.jpg
E14 Degraded External,real_raise_028_r03aa5df1t_test_double_jpeg,Real,0.017105,0.017105,0,0.790039,1,0.712746,1,0.712746,1,Blend,0.790039,1,E21,E20_correct__E21_wrong,E20_correct__E23_wrong,E21_wrong__E23_wrong,camera,unknown,data/final_external_pool/final_test_degraded/real_raise_028_r03aa5df1t_test_double_jpeg.jpg
E14 Degraded External,ai_sb_stable-diffusion-2_214_r0372042dt_test_whatsapp_q75,AI,0.019424,0.583496,1,0.893066,1,0.862109,1,0.862109,1,Blend,0.583496,1,E20,both_correct,E20_correct__E23_correct,E21_correct__E23_correct,stable-diffusion-2,unknown,data/final_external_pool/final_test_degraded/ai_sb_stable-diffusion-2_214_r0372042dt_test_whatsapp_q75.jpg
E14 Degraded External,ai_sb_stable-diffusion-2_214_r0372042dt_test_resize_q80,AI,0.090088,0.824219,1,0.925293,1,0.915186,1,0.915186,1,Blend,0.824219,1,E20,both_correct,E20_correct__E23_correct,E21_correct__E23_correct,stable-diffusion-2,unknown,data/final_external_pool/final_test_degraded/ai_sb_stable-diffusion-2_214_r0372042dt_test_resize_q80.jpg
E14 Degraded External,ai_sb_stable-diffusion-2_214_r0372042dt_test_double_jpeg,AI,0.003496,0.616699,1,0.863770,1,0.839063,1,0.839063,1,Blend,0.616699,1,E20,both_correct,E20_correct__E23_correct,E21_correct__E23_correct,stable-diffusion-2,unknown,data/final_external_pool/final_test_degraded/ai_sb_stable-diffusion-2_214_r0372042dt_test_double_jpeg.jpg
E14 Degraded External,real_raise_supp_060_r1f06581bt_test_whatsapp_q75,Real,0.521484,0.065613,0,0.938965,1,0.851630,1,0.851630,1,Blend,0.938965,1,E21,E20_correct__E21_wrong,E20_correct__E23_wrong,E21_wrong__E23_wrong,camera,unknown,data/final_external_pool/final_test_degraded/real_raise_supp_060_r1f06581bt_test_whatsapp_q75.jpg
E14 Degraded External,real_raise_supp_060_r1f06581bt_test_resize_q80,Real,0.512695,0.063477,0,0.939941,1,0.852295,1,0.852295,1,Blend,0.939941,1,E21,E20_correct__E21_wrong,E20_correct__E23_wrong,E21_wrong__E23_wrong,camera,unknown,data/final_external_pool/final_test_degraded/real_raise_supp_060_r1f06581bt_test_resize_q80.jpg
E14 Degraded External,real_raise_supp_060_r1f06581bt_test_double_jpeg,Real,0.214722,0.049866,0,0.902344,1,0.817096,1,0.817096,1,Blend,0.902344,1,E21,E20_correct__E21_wrong,E20_correct__E23_wrong,E21_wrong__E23_wrong,camera,unknown,data/final_external_pool/final_test_degraded/real_raise_supp_060_r1f06581bt_test_double_jpeg.jpg
E14 Degraded External,real_raise_030_r03f70ccdt_test_whatsapp_q75,Real,0.014336,0.029419,0,0.570312,1,0.516223,1,0.516223,1,Blend,0.570312,1,E21,E20_correct__E21_wrong,E20_correct__E23_wrong,E21_wrong__E23_wrong,camera,unknown,data/final_external_pool/final_test_degraded/real_raise_030_r03f70ccdt_test_whatsapp_q75.jpg
E14 Degraded External,real_raise_030_r03f70ccdt_test_resize_q80,Real,0.015076,0.039429,0,0.560547,1,0.508435,1,0.508435,1,Blend,0.560547,1,E21,E20_correct__E21_wrong,E20_correct__E23_wrong,E21_wrong__E23_wrong,camera,unknown,data/final_external_pool/final_test_degraded/real_raise_030_r03f70ccdt_test_resize_q80.jpg
E14 Degraded External,real_raise_030_r03f70ccdt_test_double_jpeg,Real,0.005062,0.017639,0,0.527344,1,0.476373,0,0.476374,0,Blend,0.527344,1,E21,E20_correct__E21_wrong,E20_correct__E23_correct,E21_wrong__E23_correct,camera,unknown,data/final_external_pool/final_test_degraded/real_raise_030_r03f70ccdt_test_double_jpeg.jpg
E14 Degraded External,ai_sb_stable-diffusion-1-3_162_r0b7b1156t_test_whatsapp_q75,AI,0.942871,0.094360,0,0.919434,1,0.836926,1,0.836927,1,Blend,0.919434,1,E21,E20_wrong__E21_correct,E20_wrong__E23_correct,E21_correct__E23_correct,stable-diffusion-1-3,unknown,data/final_external_pool/final_test_degraded/ai_sb_stable-diffusion-1-3_162_r0b7b1156t_test_whatsapp_q75.jpg
E14 Degraded External,ai_sb_stable-diffusion-1-3_162_r0b7b1156t_test_resize_q80,AI,0.927246,0.048676,0,0.873535,1,0.791049,1,0.791049,1,Blend,0.873535,1,E21,E20_wrong__E21_correct,E20_wrong__E23_correct,E21_correct__E23_correct,stable-diffusion-1-3,unknown,data/final_external_pool/final_test_degraded/ai_sb_stable-diffusion-1-3_162_r0b7b1156t_test_resize_q80.jpg
E14 Degraded External,ai_sb_stable-diffusion-1-3_162_r0b7b1156t_test_double_jpeg,AI,0.470947,0.045593,0,0.617188,1,0.560028,1,0.560029,1,Blend,0.617188,1,E21,E20_wrong__E21_correct,E20_wrong__E23_correct,E21_correct__E23_correct,stable-diffusion-1-3,unknown,data/final_external_pool/final_test_degraded/ai_sb_stable-diffusion-1-3_162_r0b7b1156t_test_double_jpeg.jpg
E14 Degraded External,real_raise_171_r1618da9dt_test_whatsapp_q75,Real,0.008881,0.006824,0,0.503418,1,0.453759,0,0.453759,0,Blend,0.503418,1,E21,E20_correct__E21_wrong,E20_correct__E23_correct,E21_wrong__E23_correct,camera,unknown,data/final_external_pool/final_test_degraded/real_raise_171_r1618da9dt_test_whatsapp_q75.jpg
E14 Degraded External,real_raise_171_r1618da9dt_test_resize_q80,Real,0.008713,0.006985,0,0.554688,1,0.499917,0,0.499918,0,Blend,0.554688,1,E21,E20_correct__E21_wrong,E20_correct__E23_correct,E21_wrong__E23_correct,camera,unknown,data/final_external_pool/final_test_degraded/real_raise_171_r1618da9dt_test_resize_q80.jpg
E14 Degraded External,real_raise_171_r1618da9dt_test_double_jpeg,Real,0.002234,0.007317,0,0.317871,0,0.286816,0,0.286816,0,Blend,0.007317,0,E20,both_correct,E20_correct__E23_correct,E21_correct__E23_correct,camera,unknown,data/final_external_pool/final_test_degraded/real_raise_171_r1618da9dt_test_double_jpeg.jpg
E14 Degraded External,real_raise_238_r1de76a54t_test_whatsapp_q75,Real,0.011734,0.001536,0,0.559082,1,0.503327,1,0.503327,1,Blend,0.559082,1,E21,E20_correct__E21_wrong,E20_correct__E23_wrong,E21_wrong__E23_wrong,camera,unknown,data/final_external_pool/final_test_degraded/real_raise_238_r1de76a54t_test_whatsapp_q75.jpg
E14 Degraded External,real_raise_238_r1de76a54t_test_resize_q80,Real,0.012726,0.001289,0,0.509766,1,0.458918,0,0.458918,0,Blend,0.509766,1,E21,E20_correct__E21_wrong,E20_correct__E23_correct,E21_wrong__E23_correct,camera,unknown,data/final_external_pool/final_test_degraded/real_raise_238_r1de76a54t_test_resize_q80.jpg
E14 Degraded External,real_raise_238_r1de76a54t_test_double_jpeg,Real,0.008949,0.001245,0,0.504395,1,0.454080,0,0.454080,0,Blend,0.504395,1,E21,E20_correct__E21_wrong,E20_correct__E23_correct,E21_wrong__E23_correct,camera,unknown,data/final_external_pool/final_test_degraded/real_raise_238_r1de76a54t_test_double_jpeg.jpg
E14 Degraded External,real_raise_197_r19b49f2ct_test_whatsapp_q75,Real,0.250732,0.068298,0,0.470703,0,0.430463,0,0.430462,0,Blend,0.068298,0,E20,both_correct,E20_correct__E23_correct,E21_correct__E23_correct,camera,unknown,data/final_external_pool/final_test_degraded/real_raise_197_r19b49f2ct_test_whatsapp_q75.jpg
E14 Degraded External,real_raise_197_r19b49f2ct_test_resize_q80,Real,0.198242,0.076660,0,0.460938,0,0.422510,0,0.422510,0,Blend,0.076660,0,E20,both_correct,E20_correct__E23_correct,E21_correct__E23_correct,camera,unknown,data/final_external_pool/final_test_degraded/real_raise_197_r19b49f2ct_test_resize_q80.jpg
E14 Degraded External,real_raise_197_r19b49f2ct_test_double_jpeg,Real,0.047699,0.050812,0,0.352051,0,0.321927,0,0.321927,0,Blend,0.050812,0,E20,both_correct,E20_correct__E23_correct,E21_correct__E23_correct,camera,unknown,data/final_external_pool/final_test_degraded/real_raise_197_r19b49f2ct_test_double_jpeg.jpg
E14 Degraded External,real_raise_078_r09d7cd4et_test_whatsapp_q75,Real,0.772461,0.504395,1,0.979492,1,0.931982,1,0.931982,1,Blend,0.504395,1,E20,both_wrong,E20_wrong__E23_wrong,E21_wrong__E23_wrong,camera,unknown,data/final_external_pool/final_test_degraded/real_raise_078_r09d7cd4et_test_whatsapp_q75.jpg
E14 Degraded External,real_raise_078_r09d7cd4et_test_resize_q80,Real,0.780762,0.538574,1,0.979492,1,0.935400,1,0.935400,1,Blend,0.538574,1,E20,both_wrong,E20_wrong__E23_wrong,E21_wrong__E23_wrong,camera,unknown,data/final_external_pool/final_test_degraded/real_raise_078_r09d7cd4et_test_resize_q80.jpg
E14 Degraded External,real_raise_078_r09d7cd4et_test_double_jpeg,Real,0.611328,0.436035,0,0.975098,1,0.921191,1,0.921192,1,Blend,0.975098,1,E21,E20_correct__E21_wrong,E20_correct__E23_wrong,E21_wrong__E23_wrong,camera,unknown,data/final_external_pool/final_test_degraded/real_raise_078_r09d7cd4et_test_double_jpeg.jpg
E14 Degraded External,real_raise_085_r0aaa70c3t_test_whatsapp_q75,Real,0.764160,0.062561,0,0.819336,1,0.743658,1,0.743659,1,Blend,0.819336,1,E21,E20_correct__E21_wrong,E20_correct__E23_wrong,E21_wrong__E23_wrong,camera,unknown,data/final_external_pool/final_test_degraded/real_raise_085_r0aaa70c3t_test_whatsapp_q75.jpg
E14 Degraded External,real_raise_085_r0aaa70c3t_test_resize_q80,Real,0.730469,0.055725,0,0.784668,1,0.711774,1,0.711774,1,Blend,0.784668,1,E21,E20_correct__E21_wrong,E20_correct__E23_wrong,E21_wrong__E23_wrong,camera,unknown,data/final_external_pool/final_test_degraded/real_raise_085_r0aaa70c3t_test_resize_q80.jpg
E14 Degraded External,real_raise_085_r0aaa70c3t_test_double_jpeg,Real,0.316406,0.022324,0,0.769043,1,0.694371,1,0.694371,1,Blend,0.769043,1,E21,E20_correct__E21_wrong,E20_correct__E23_wrong,E21_wrong__E23_wrong,camera,unknown,data/final_external_pool/final_test_degraded/real_raise_085_r0aaa70c3t_test_double_jpeg.jpg
E14 Degraded External,real_raise_216_r1bc3dd23t_test_whatsapp_q75,Real,0.000467,0.000330,0,0.011421,0,0.010312,0,0.010312,0,Blend,0.000330,0,E20,both_correct,E20_correct__E23_correct,E21_correct__E23_correct,camera,unknown,data/final_external_pool/final_test_degraded/real_raise_216_r1bc3dd23t_test_whatsapp_q75.jpg
E14 Degraded External,real_raise_216_r1bc3dd23t_test_resize_q80,Real,0.000519,0.000218,0,0.010056,0,0.009072,0,0.009072,0,Blend,0.000218,0,E20,both_correct,E20_correct__E23_correct,E21_correct__E23_correct,camera,unknown,data/final_external_pool/final_test_degraded/real_raise_216_r1bc3dd23t_test_resize_q80.jpg
E14 Degraded External,real_raise_216_r1bc3dd23t_test_double_jpeg,Real,0.000089,0.000439,0,0.009377,0,0.008483,0,0.008483,0,Blend,0.000439,0,E20,both_correct,E20_correct__E23_correct,E21_correct__E23_correct,camera,unknown,data/final_external_pool/final_test_degraded/real_raise_216_r1bc3dd23t_test_double_jpeg.jpg
E14 Degraded External,ai_sb_firefly_081_r159d3942t_test_whatsapp_q75,AI,0.000499,0.014671,0,0.127686,0,0.116384,0,0.116385,0,Blend,0.014671,0,E20,both_wrong,E20_wrong__E23_wrong,E21_wrong__E23_wrong,firefly,unknown,data/final_external_pool/final_test_degraded/ai_sb_firefly_081_r159d3942t_test_whatsapp_q75.jpg
E14 Degraded External,ai_sb_firefly_081_r159d3942t_test_resize_q80,AI,0.000426,0.012238,0,0.077393,0,0.070877,0,0.070877,0,Blend,0.012238,0,E20,both_wrong,E20_wrong__E23_wrong,E21_wrong__E23_wrong,firefly,unknown,data/final_external_pool/final_test_degraded/ai_sb_firefly_081_r159d3942t_test_resize_q80.jpg
E14 Degraded External,ai_sb_firefly_081_r159d3942t_test_double_jpeg,AI,0.000236,0.012428,0,0.090881,0,0.083036,0,0.083036,0,Blend,0.012428,0,E20,both_wrong,E20_wrong__E23_wrong,E21_wrong__E23_wrong,firefly,unknown,data/final_external_pool/final_test_degraded/ai_sb_firefly_081_r159d3942t_test_double_jpeg.jpg
E14 Degraded External,real_raise_196_r1986e42bt_test_whatsapp_q75,Real,0.129639,0.005489,0,0.533203,1,0.480432,0,0.480432,0,Blend,0.533203,1,E21,E20_correct__E21_wrong,E20_correct__E23_correct,E21_wrong__E23_correct,camera,unknown,data/final_external_pool/final_test_degraded/real_raise_196_r1986e42bt_test_whatsapp_q75.jpg
E14 Degraded External,real_raise_196_r1986e42bt_test_resize_q80,Real,0.097717,0.005775,0,0.601074,1,0.541544,1,0.541544,1,Blend,0.601074,1,E21,E20_correct__E21_wrong,E20_correct__E23_wrong,E21_wrong__E23_wrong,camera,unknown,data/final_external_pool/final_test_degraded/real_raise_196_r1986e42bt_test_resize_q80.jpg
E14 Degraded External,real_raise_196_r1986e42bt_test_double_jpeg,Real,0.028809,0.003750,0,0.532227,1,0.479379,0,0.479379,0,Blend,0.532227,1,E21,E20_correct__E21_wrong,E20_correct__E23_correct,E21_wrong__E23_correct,camera,unknown,data/final_external_pool/final_test_degraded/real_raise_196_r1986e42bt_test_double_jpeg.jpg
E14 Degraded External,real_raise_126_r102b4aa4t_test_whatsapp_q75,Real,0.061646,0.017715,0,0.796875,1,0.718959,1,0.718959,1,Blend,0.796875,1,E21,E20_correct__E21_wrong,E20_correct__E23_wrong,E21_wrong__E23_wrong,camera,unknown,data/final_external_pool/final_test_degraded/real_raise_126_r102b4aa4t_test_whatsapp_q75.jpg
E14 Degraded External,real_raise_126_r102b4aa4t_test_resize_q80,Real,0.074524,0.015076,0,0.725586,1,0.654535,1,0.654535,1,Blend,0.725586,1,E21,E20_correct__E21_wrong,E20_correct__E23_wrong,E21_wrong__E23_wrong,camera,unknown,data/final_external_pool/final_test_degraded/real_raise_126_r102b4aa4t_test_resize_q80.jpg
E14 Degraded External,real_raise_126_r102b4aa4t_test_double_jpeg,Real,0.013428,0.012527,0,0.821777,1,0.740852,1,0.740852,1,Blend,0.821777,1,E21,E20_correct__E21_wrong,E20_correct__E23_wrong,E21_wrong__E23_wrong,camera,unknown,data/final_external_pool/final_test_degraded/real_raise_126_r102b4aa4t_test_double_jpeg.jpg
E14 Degraded External,ai_sb_stable-diffusion-1-4_203_r17fe8532t_test_whatsapp_q75,AI,0.001147,0.824219,1,0.976074,1,0.960889,1,0.960889,1,Blend,0.824219,1,E20,both_correct,E20_correct__E23_correct,E21_correct__E23_correct,stable-diffusion-1-4,unknown,data/final_external_pool/final_test_degraded/ai_sb_stable-diffusion-1-4_203_r17fe8532t_test_whatsapp_q75.jpg
E14 Degraded External,ai_sb_stable-diffusion-1-4_203_r17fe8532t_test_resize_q80,AI,0.002068,0.875000,1,0.979492,1,0.969043,1,0.969043,1,Blend,0.875000,1,E20,both_correct,E20_correct__E23_correct,E21_correct__E23_correct,stable-diffusion-1-4,unknown,data/final_external_pool/final_test_degraded/ai_sb_stable-diffusion-1-4_203_r17fe8532t_test_resize_q80.jpg
E14 Degraded External,ai_sb_stable-diffusion-1-4_203_r17fe8532t_test_double_jpeg,AI,0.000038,0.951172,1,0.940430,1,0.941504,1,0.941504,1,Blend,0.951172,1,E20,both_correct,E20_correct__E23_correct,E21_correct__E23_correct,stable-diffusion-1-4,unknown,data/final_external_pool/final_test_degraded/ai_sb_stable-diffusion-1-4_203_r17fe8532t_test_double_jpeg.jpg
E14 Degraded External,real_raise_117_r0f4ece9bt_test_whatsapp_q75,Real,0.084351,0.023773,0,0.802246,1,0.724399,1,0.724399,1,Blend,0.802246,1,E21,E20_correct__E21_wrong,E20_correct__E23_wrong,E21_wrong__E23_wrong,camera,unknown,data/final_external_pool/final_test_degraded/real_raise_117_r0f4ece9bt_test_whatsapp_q75.jpg
E14 Degraded External,real_raise_117_r0f4ece9bt_test_resize_q80,Real,0.065735,0.023026,0,0.783203,1,0.707185,1,0.707185,1,Blend,0.783203,1,E21,E20_correct__E21_wrong,E20_correct__E23_wrong,E21_wrong__E23_wrong,camera,unknown,data/final_external_pool/final_test_degraded/real_raise_117_r0f4ece9bt_test_resize_q80.jpg
E14 Degraded External,real_raise_117_r0f4ece9bt_test_double_jpeg,Real,0.068909,0.012970,0,0.803711,1,0.724637,1,0.724637,1,Blend,0.803711,1,E21,E20_correct__E21_wrong,E20_correct__E23_wrong,E21_wrong__E23_wrong,camera,unknown,data/final_external_pool/final_test_degraded/real_raise_117_r0f4ece9bt_test_double_jpeg.jpg
E14 Degraded External,ai_sb_stable-diffusion-2_236_r1ad2de34t_test_whatsapp_q75,AI,0.990234,0.471191,0,0.999023,1,0.946240,1,0.946240,1,Blend,0.999023,1,E21,E20_wrong__E21_correct,E20_wrong__E23_correct,E21_correct__E23_correct,stable-diffusion-2,unknown,data/final_external_pool/final_test_degraded/ai_sb_stable-diffusion-2_236_r1ad2de34t_test_whatsapp_q75.jpg
E14 Degraded External,ai_sb_stable-diffusion-2_236_r1ad2de34t_test_resize_q80,AI,0.992188,0.417969,0,0.999023,1,0.940918,1,0.940918,1,Blend,0.999023,1,E21,E20_wrong__E21_correct,E20_wrong__E23_correct,E21_correct__E23_correct,stable-diffusion-2,unknown,data/final_external_pool/final_test_degraded/ai_sb_stable-diffusion-2_236_r1ad2de34t_test_resize_q80.jpg
E14 Degraded External,ai_sb_stable-diffusion-2_236_r1ad2de34t_test_double_jpeg,AI,0.987305,0.281982,0,0.998047,1,0.926440,1,0.926441,1,Blend,0.998047,1,E21,E20_wrong__E21_correct,E20_wrong__E23_correct,E21_correct__E23_correct,stable-diffusion-2,unknown,data/final_external_pool/final_test_degraded/ai_sb_stable-diffusion-2_236_r1ad2de34t_test_double_jpeg.jpg
E14 Degraded External,ai_sb_stable-diffusion-1-3_153_r026b5360t_test_whatsapp_q75,AI,0.001495,0.205444,0,0.872559,1,0.805847,1,0.805848,1,Blend,0.872559,1,E21,E20_wrong__E21_correct,E20_wrong__E23_correct,E21_correct__E23_correct,stable-diffusion-1-3,unknown,data/final_external_pool/final_test_degraded/ai_sb_stable-diffusion-1-3_153_r026b5360t_test_whatsapp_q75.jpg
E14 Degraded External,ai_sb_stable-diffusion-1-3_153_r026b5360t_test_resize_q80,AI,0.001057,0.132935,0,0.809570,1,0.741907,1,0.741907,1,Blend,0.809570,1,E21,E20_wrong__E21_correct,E20_wrong__E23_correct,E21_correct__E23_correct,stable-diffusion-1-3,unknown,data/final_external_pool/final_test_degraded/ai_sb_stable-diffusion-1-3_153_r026b5360t_test_resize_q80.jpg
E14 Degraded External,ai_sb_stable-diffusion-1-3_153_r026b5360t_test_double_jpeg,AI,0.000090,0.322754,0,0.363037,0,0.359009,0,0.359009,0,Blend,0.322754,0,E20,both_wrong,E20_wrong__E23_wrong,E21_wrong__E23_wrong,stable-diffusion-1-3,unknown,data/final_external_pool/final_test_degraded/ai_sb_stable-diffusion-1-3_153_r026b5360t_test_double_jpeg.jpg
E14 Degraded External,ai_sb_midjourney-v5_142_r169c7350t_test_whatsapp_q75,AI,0.574707,0.102478,0,0.940918,1,0.857074,1,0.857074,1,Blend,0.940918,1,E21,E20_wrong__E21_correct,E20_wrong__E23_correct,E21_correct__E23_correct,midjourney-v5,unknown,data/final_external_pool/final_test_degraded/ai_sb_midjourney-v5_142_r169c7350t_test_whatsapp_q75.jpg
E14 Degraded External,ai_sb_midjourney-v5_142_r169c7350t_test_resize_q80,AI,0.655273,0.125977,0,0.935059,1,0.854150,1,0.854151,1,Blend,0.935059,1,E21,E20_wrong__E21_correct,E20_wrong__E23_correct,E21_correct__E23_correct,midjourney-v5,unknown,data/final_external_pool/final_test_degraded/ai_sb_midjourney-v5_142_r169c7350t_test_resize_q80.jpg
E14 Degraded External,ai_sb_midjourney-v5_142_r169c7350t_test_double_jpeg,AI,0.280518,0.079041,0,0.934082,1,0.848578,1,0.848578,1,Blend,0.934082,1,E21,E20_wrong__E21_correct,E20_wrong__E23_correct,E21_correct__E23_correct,midjourney-v5,unknown,data/final_external_pool/final_test_degraded/ai_sb_midjourney-v5_142_r169c7350t_test_double_jpeg.jpg
E14 Degraded External,ai_sb_dalle3_057_r1bdb6385t_test_whatsapp_q75,AI,0.946289,0.541016,1,0.997559,1,0.951904,1,0.951905,1,Blend,0.541016,1,E20,both_correct,E20_correct__E23_correct,E21_correct__E23_correct,dalle3,unknown,data/final_external_pool/final_test_degraded/ai_sb_dalle3_057_r1bdb6385t_test_whatsapp_q75.jpg
E14 Degraded External,ai_sb_dalle3_057_r1bdb6385t_test_resize_q80,AI,0.953613,0.572754,1,0.998047,1,0.955518,1,0.955518,1,Blend,0.572754,1,E20,both_correct,E20_correct__E23_correct,E21_correct__E23_correct,dalle3,unknown,data/final_external_pool/final_test_degraded/ai_sb_dalle3_057_r1bdb6385t_test_resize_q80.jpg
E14 Degraded External,ai_sb_dalle3_057_r1bdb6385t_test_double_jpeg,AI,0.867676,0.469971,0,0.996582,1,0.943921,1,0.943921,1,Blend,0.996582,1,E21,E20_wrong__E21_correct,E20_wrong__E23_correct,E21_correct__E23_correct,dalle3,unknown,data/final_external_pool/final_test_degraded/ai_sb_dalle3_057_r1bdb6385t_test_double_jpeg.jpg
E14 Degraded External,real_raise_233_r1d679eaet_test_whatsapp_q75,Real,0.002398,0.002209,0,0.229492,0,0.206764,0,0.206764,0,Blend,0.002209,0,E20,both_correct,E20_correct__E23_correct,E21_correct__E23_correct,camera,unknown,data/final_external_pool/final_test_degraded/real_raise_233_r1d679eaet_test_whatsapp_q75.jpg
E14 Degraded External,real_raise_233_r1d679eaet_test_resize_q80,Real,0.002602,0.002369,0,0.223877,0,0.201726,0,0.201726,0,Blend,0.002369,0,E20,both_correct,E20_correct__E23_correct,E21_correct__E23_correct,camera,unknown,data/final_external_pool/final_test_degraded/real_raise_233_r1d679eaet_test_resize_q80.jpg
E14 Degraded External,real_raise_233_r1d679eaet_test_double_jpeg,Real,0.001121,0.002834,0,0.205444,0,0.185183,0,0.185183,0,Blend,0.002834,0,E20,both_correct,E20_correct__E23_correct,E21_correct__E23_correct,camera,unknown,data/final_external_pool/final_test_degraded/real_raise_233_r1d679eaet_test_double_jpeg.jpg
E14 Degraded External,real_raise_249_r1f3e6681t_test_whatsapp_q75,Real,0.071838,0.006218,0,0.513672,1,0.462926,0,0.462927,0,Blend,0.513672,1,E21,E20_correct__E21_wrong,E20_correct__E23_correct,E21_wrong__E23_correct,camera,unknown,data/final_external_pool/final_test_degraded/real_raise_249_r1f3e6681t_test_whatsapp_q75.jpg
E14 Degraded External,real_raise_249_r1f3e6681t_test_resize_q80,Real,0.093994,0.006668,0,0.447021,0,0.402986,0,0.402986,0,Blend,0.006668,0,E20,both_correct,E20_correct__E23_correct,E21_correct__E23_correct,camera,unknown,data/final_external_pool/final_test_degraded/real_raise_249_r1f3e6681t_test_resize_q80.jpg
E14 Degraded External,real_raise_249_r1f3e6681t_test_double_jpeg,Real,0.013901,0.004383,0,0.387451,0,0.349144,0,0.349144,0,Blend,0.004383,0,E20,both_correct,E20_correct__E23_correct,E21_correct__E23_correct,camera,unknown,data/final_external_pool/final_test_degraded/real_raise_249_r1f3e6681t_test_double_jpeg.jpg
E14 Degraded External,ai_sb_stable-diffusion-2_240_r1e9082f9t_test_whatsapp_q75,AI,0.987793,0.896484,1,0.993652,1,0.983936,1,0.983935,1,Blend,0.896484,1,E20,both_correct,E20_correct__E23_correct,E21_correct__E23_correct,stable-diffusion-2,unknown,data/final_external_pool/final_test_degraded/ai_sb_stable-diffusion-2_240_r1e9082f9t_test_whatsapp_q75.jpg
E14 Degraded External,ai_sb_stable-diffusion-2_240_r1e9082f9t_test_resize_q80,AI,0.989746,0.870605,1,0.993652,1,0.981348,1,0.981347,1,Blend,0.870605,1,E20,both_correct,E20_correct__E23_correct,E21_correct__E23_correct,stable-diffusion-2,unknown,data/final_external_pool/final_test_degraded/ai_sb_stable-diffusion-2_240_r1e9082f9t_test_resize_q80.jpg
E14 Degraded External,ai_sb_stable-diffusion-2_240_r1e9082f9t_test_double_jpeg,AI,0.985840,0.738281,1,0.990723,1,0.965479,1,0.965479,1,Blend,0.738281,1,E20,both_correct,E20_correct__E23_correct,E21_correct__E23_correct,stable-diffusion-2,unknown,data/final_external_pool/final_test_degraded/ai_sb_stable-diffusion-2_240_r1e9082f9t_test_double_jpeg.jpg
E14 Degraded External,real_raise_181_r17754c77t_test_whatsapp_q75,Real,0.038818,0.234619,0,0.538086,1,0.507739,1,0.507739,1,Blend,0.538086,1,E21,E20_correct__E21_wrong,E20_correct__E23_wrong,E21_wrong__E23_wrong,camera,unknown,data/final_external_pool/final_test_degraded/real_raise_181_r17754c77t_test_whatsapp_q75.jpg
E14 Degraded External,real_raise_181_r17754c77t_test_resize_q80,Real,0.017715,0.229248,0,0.528809,1,0.498853,0,0.498853,0,Blend,0.528809,1,E21,E20_correct__E21_wrong,E20_correct__E23_correct,E21_wrong__E23_correct,camera,unknown,data/final_external_pool/final_test_degraded/real_raise_181_r17754c77t_test_resize_q80.jpg
E14 Degraded External,real_raise_181_r17754c77t_test_double_jpeg,Real,0.010208,0.179077,0,0.463623,0,0.435168,0,0.435168,0,Blend,0.179077,0,E20,both_correct,E20_correct__E23_correct,E21_correct__E23_correct,camera,unknown,data/final_external_pool/final_test_degraded/real_raise_181_r17754c77t_test_double_jpeg.jpg
E14 Degraded External,real_raise_supp_019_r098cf7aet_test_whatsapp_q75,Real,0.008415,0.004452,0,0.363525,0,0.327618,0,0.327618,0,Blend,0.004452,0,E20,both_correct,E20_correct__E23_correct,E21_correct__E23_correct,camera,unknown,data/final_external_pool/final_test_degraded/real_raise_supp_019_r098cf7aet_test_whatsapp_q75.jpg
E14 Degraded External,real_raise_supp_019_r098cf7aet_test_resize_q80,Real,0.016281,0.004772,0,0.310059,0,0.279530,0,0.279530,0,Blend,0.004772,0,E20,both_correct,E20_correct__E23_correct,E21_correct__E23_correct,camera,unknown,data/final_external_pool/final_test_degraded/real_raise_supp_019_r098cf7aet_test_resize_q80.jpg
E14 Degraded External,real_raise_supp_019_r098cf7aet_test_double_jpeg,Real,0.001032,0.005344,0,0.348633,0,0.314304,0,0.314304,0,Blend,0.005344,0,E20,both_correct,E20_correct__E23_correct,E21_correct__E23_correct,camera,unknown,data/final_external_pool/final_test_degraded/real_raise_supp_019_r098cf7aet_test_double_jpeg.jpg
E14 Degraded External,real_raise_156_r140f3432t_test_whatsapp_q75,Real,0.000455,0.023285,0,0.274170,0,0.249081,0,0.249082,0,Blend,0.023285,0,E20,both_correct,E20_correct__E23_correct,E21_correct__E23_correct,camera,unknown,data/final_external_pool/final_test_degraded/real_raise_156_r140f3432t_test_whatsapp_q75.jpg
E14 Degraded External,real_raise_156_r140f3432t_test_resize_q80,Real,0.000294,0.017181,0,0.213745,0,0.194089,0,0.194089,0,Blend,0.017181,0,E20,both_correct,E20_correct__E23_correct,E21_correct__E23_correct,camera,unknown,data/final_external_pool/final_test_degraded/real_raise_156_r140f3432t_test_resize_q80.jpg
E14 Degraded External,real_raise_156_r140f3432t_test_double_jpeg,Real,0.000075,0.021286,0,0.200439,0,0.182524,0,0.182524,0,Blend,0.021286,0,E20,both_correct,E20_correct__E23_correct,E21_correct__E23_correct,camera,unknown,data/final_external_pool/final_test_degraded/real_raise_156_r140f3432t_test_double_jpeg.jpg
E14 Degraded External,ai_sb_dalle3_051_r159d3942t_test_whatsapp_q75,AI,0.987305,0.991211,1,1.000000,1,0.999121,1,0.999121,1,Blend,0.991211,1,E20,both_correct,E20_correct__E23_correct,E21_correct__E23_correct,dalle3,unknown,data/final_external_pool/final_test_degraded/ai_sb_dalle3_051_r159d3942t_test_whatsapp_q75.jpg
E14 Degraded External,ai_sb_dalle3_051_r159d3942t_test_resize_q80,AI,0.989746,0.991699,1,1.000000,1,0.999170,1,0.999170,1,Blend,0.991699,1,E20,both_correct,E20_correct__E23_correct,E21_correct__E23_correct,dalle3,unknown,data/final_external_pool/final_test_degraded/ai_sb_dalle3_051_r159d3942t_test_resize_q80.jpg
E14 Degraded External,ai_sb_dalle3_051_r159d3942t_test_double_jpeg,AI,0.966309,0.987305,1,0.999512,1,0.998291,1,0.998291,1,Blend,0.987305,1,E20,both_correct,E20_correct__E23_correct,E21_correct__E23_correct,dalle3,unknown,data/final_external_pool/final_test_degraded/ai_sb_dalle3_051_r159d3942t_test_double_jpeg.jpg
E14 Degraded External,real_raise_159_r145215fft_test_whatsapp_q75,Real,0.261230,0.000817,0,0.882812,1,0.794613,1,0.794613,1,Blend,0.882812,1,E21,E20_correct__E21_wrong,E20_correct__E23_wrong,E21_wrong__E23_wrong,camera,unknown,data/final_external_pool/final_test_degraded/real_raise_159_r145215fft_test_whatsapp_q75.jpg
E14 Degraded External,real_raise_159_r145215fft_test_resize_q80,Real,0.267578,0.000817,0,0.885254,1,0.796810,1,0.796810,1,Blend,0.885254,1,E21,E20_correct__E21_wrong,E20_correct__E23_wrong,E21_wrong__E23_wrong,camera,unknown,data/final_external_pool/final_test_degraded/real_raise_159_r145215fft_test_resize_q80.jpg
E14 Degraded External,real_raise_159_r145215fft_test_double_jpeg,Real,0.207520,0.000853,0,0.879883,1,0.791980,1,0.791980,1,Blend,0.879883,1,E21,E20_correct__E21_wrong,E20_correct__E23_wrong,E21_wrong__E23_wrong,camera,unknown,data/final_external_pool/final_test_degraded/real_raise_159_r145215fft_test_double_jpeg.jpg
E14 Degraded External,ai_sb_dalle2_002_r0150031ft_test_whatsapp_q75,AI,0.188599,0.089600,0,0.832520,1,0.758228,1,0.758228,1,Blend,0.832520,1,E21,E20_wrong__E21_correct,E20_wrong__E23_correct,E21_correct__E23_correct,dalle2,unknown,data/final_external_pool/final_test_degraded/ai_sb_dalle2_002_r0150031ft_test_whatsapp_q75.jpg
E14 Degraded External,ai_sb_dalle2_002_r0150031ft_test_resize_q80,AI,0.168213,0.098755,0,0.886230,1,0.807483,1,0.807482,1,Blend,0.886230,1,E21,E20_wrong__E21_correct,E20_wrong__E23_correct,E21_correct__E23_correct,dalle2,unknown,data/final_external_pool/final_test_degraded/ai_sb_dalle2_002_r0150031ft_test_resize_q80.jpg
E14 Degraded External,ai_sb_dalle2_002_r0150031ft_test_double_jpeg,AI,0.082092,0.072876,0,0.825684,1,0.750403,1,0.750403,1,Blend,0.825684,1,E21,E20_wrong__E21_correct,E20_wrong__E23_correct,E21_correct__E23_correct,dalle2,unknown,data/final_external_pool/final_test_degraded/ai_sb_dalle2_002_r0150031ft_test_double_jpeg.jpg
E14 Degraded External,real_raise_038_r04cfa379t_test_whatsapp_q75,Real,0.049500,0.090576,0,0.649902,1,0.593970,1,0.593969,1,Blend,0.649902,1,E21,E20_correct__E21_wrong,E20_correct__E23_wrong,E21_wrong__E23_wrong,camera,unknown,data/final_external_pool/final_test_degraded/real_raise_038_r04cfa379t_test_whatsapp_q75.jpg
E14 Degraded External,real_raise_038_r04cfa379t_test_resize_q80,Real,0.078491,0.117554,0,0.670410,1,0.615125,1,0.615124,1,Blend,0.670410,1,E21,E20_correct__E21_wrong,E20_correct__E23_wrong,E21_wrong__E23_wrong,camera,unknown,data/final_external_pool/final_test_degraded/real_raise_038_r04cfa379t_test_resize_q80.jpg
E14 Degraded External,real_raise_038_r04cfa379t_test_double_jpeg,Real,0.011421,0.060211,0,0.575195,1,0.523697,1,0.523697,1,Blend,0.575195,1,E21,E20_correct__E21_wrong,E20_correct__E23_wrong,E21_wrong__E23_wrong,camera,unknown,data/final_external_pool/final_test_degraded/real_raise_038_r04cfa379t_test_double_jpeg.jpg
E14 Degraded External,ai_sb_stable-diffusion-1-3_157_r06743f8ft_test_whatsapp_q75,AI,0.473877,0.711426,1,0.953613,1,0.929395,1,0.929394,1,Blend,0.711426,1,E20,both_correct,E20_correct__E23_correct,E21_correct__E23_correct,stable-diffusion-1-3,unknown,data/final_external_pool/final_test_degraded/ai_sb_stable-diffusion-1-3_157_r06743f8ft_test_whatsapp_q75.jpg
E14 Degraded External,ai_sb_stable-diffusion-1-3_157_r06743f8ft_test_resize_q80,AI,0.626953,0.663574,1,0.961914,1,0.932080,1,0.932080,1,Blend,0.663574,1,E20,both_correct,E20_correct__E23_correct,E21_correct__E23_correct,stable-diffusion-1-3,unknown,data/final_external_pool/final_test_degraded/ai_sb_stable-diffusion-1-3_157_r06743f8ft_test_resize_q80.jpg
E14 Degraded External,ai_sb_stable-diffusion-1-3_157_r06743f8ft_test_double_jpeg,AI,0.325928,0.636230,1,0.876953,1,0.852881,1,0.852881,1,Blend,0.636230,1,E20,both_correct,E20_correct__E23_correct,E21_correct__E23_correct,stable-diffusion-1-3,unknown,data/final_external_pool/final_test_degraded/ai_sb_stable-diffusion-1-3_157_r06743f8ft_test_double_jpeg.jpg
E14 Degraded External,ai_sb_supp_glide_010_r001d260dt_test_whatsapp_q75,AI,0.422607,0.831055,1,0.994141,1,0.977832,1,0.977832,1,Blend,0.831055,1,E20,both_correct,E20_correct__E23_correct,E21_correct__E23_correct,glide,unknown,data/final_external_pool/final_test_degraded/ai_sb_supp_glide_010_r001d260dt_test_whatsapp_q75.jpg
E14 Degraded External,ai_sb_supp_glide_010_r001d260dt_test_resize_q80,AI,0.752441,0.811523,1,0.995117,1,0.976758,1,0.976758,1,Blend,0.811523,1,E20,both_correct,E20_correct__E23_correct,E21_correct__E23_correct,glide,unknown,data/final_external_pool/final_test_degraded/ai_sb_supp_glide_010_r001d260dt_test_resize_q80.jpg
E14 Degraded External,ai_sb_supp_glide_010_r001d260dt_test_double_jpeg,AI,0.120850,0.824707,1,0.986328,1,0.970166,1,0.970166,1,Blend,0.824707,1,E20,both_correct,E20_correct__E23_correct,E21_correct__E23_correct,glide,unknown,data/final_external_pool/final_test_degraded/ai_sb_supp_glide_010_r001d260dt_test_double_jpeg.jpg
E14 Degraded External,ai_sb_midjourney-v5_127_r06743f8ft_test_whatsapp_q75,AI,0.963379,0.968262,1,0.978027,1,0.977051,1,0.977050,1,Blend,0.968262,1,E20,both_correct,E20_correct__E23_correct,E21_correct__E23_correct,midjourney-v5,unknown,data/final_external_pool/final_test_degraded/ai_sb_midjourney-v5_127_r06743f8ft_test_whatsapp_q75.jpg
E14 Degraded External,ai_sb_midjourney-v5_127_r06743f8ft_test_resize_q80,AI,0.979492,0.960449,1,0.974609,1,0.973193,1,0.973193,1,Blend,0.960449,1,E20,both_correct,E20_correct__E23_correct,E21_correct__E23_correct,midjourney-v5,unknown,data/final_external_pool/final_test_degraded/ai_sb_midjourney-v5_127_r06743f8ft_test_resize_q80.jpg
E14 Degraded External,ai_sb_midjourney-v5_127_r06743f8ft_test_double_jpeg,AI,0.902344,0.976074,1,0.971191,1,0.971680,1,0.971679,1,Blend,0.976074,1,E20,both_correct,E20_correct__E23_correct,E21_correct__E23_correct,midjourney-v5,unknown,data/final_external_pool/final_test_degraded/ai_sb_midjourney-v5_127_r06743f8ft_test_double_jpeg.jpg
E14 Degraded External,ai_sb_dalle2_021_r159d3942t_test_whatsapp_q75,AI,0.008415,0.068909,0,0.764648,1,0.695074,1,0.695074,1,Blend,0.764648,1,E21,E20_wrong__E21_correct,E20_wrong__E23_correct,E21_correct__E23_correct,dalle2,unknown,data/final_external_pool/final_test_degraded/ai_sb_dalle2_021_r159d3942t_test_whatsapp_q75.jpg
E14 Degraded External,ai_sb_dalle2_021_r159d3942t_test_resize_q80,AI,0.012970,0.049408,0,0.776367,1,0.703671,1,0.703671,1,Blend,0.776367,1,E21,E20_wrong__E21_correct,E20_wrong__E23_correct,E21_correct__E23_correct,dalle2,unknown,data/final_external_pool/final_test_degraded/ai_sb_dalle2_021_r159d3942t_test_resize_q80.jpg
E14 Degraded External,ai_sb_dalle2_021_r159d3942t_test_double_jpeg,AI,0.004150,0.058228,0,0.738281,1,0.670276,1,0.670276,1,Blend,0.738281,1,E21,E20_wrong__E21_correct,E20_wrong__E23_correct,E21_correct__E23_correct,dalle2,unknown,data/final_external_pool/final_test_degraded/ai_sb_dalle2_021_r159d3942t_test_double_jpeg.jpg
E14 Degraded External,real_raise_229_r1ceba29dt_test_whatsapp_q75,Real,0.068176,0.006264,0,0.625000,1,0.563126,1,0.563126,1,Blend,0.625000,1,E21,E20_correct__E21_wrong,E20_correct__E23_wrong,E21_wrong__E23_wrong,camera,unknown,data/final_external_pool/final_test_degraded/real_raise_229_r1ceba29dt_test_whatsapp_q75.jpg
E14 Degraded External,real_raise_229_r1ceba29dt_test_resize_q80,Real,0.054291,0.006218,0,0.592773,1,0.534118,1,0.534118,1,Blend,0.592773,1,E21,E20_correct__E21_wrong,E20_correct__E23_wrong,E21_wrong__E23_wrong,camera,unknown,data/final_external_pool/final_test_degraded/real_raise_229_r1ceba29dt_test_resize_q80.jpg
E14 Degraded External,real_raise_229_r1ceba29dt_test_double_jpeg,Real,0.041473,0.005344,0,0.617188,1,0.556003,1,0.556004,1,Blend,0.617188,1,E21,E20_correct__E21_wrong,E20_correct__E23_wrong,E21_wrong__E23_wrong,camera,unknown,data/final_external_pool/final_test_degraded/real_raise_229_r1ceba29dt_test_double_jpeg.jpg
E14 Degraded External,ai_sb_glide_095_r045be2act_test_whatsapp_q75,AI,0.210571,0.166992,0,0.846191,1,0.778271,1,0.778271,1,Blend,0.846191,1,E21,E20_wrong__E21_correct,E20_wrong__E23_correct,E21_correct__E23_correct,glide,unknown,data/final_external_pool/final_test_degraded/ai_sb_glide_095_r045be2act_test_whatsapp_q75.jpg
E14 Degraded External,ai_sb_glide_095_r045be2act_test_resize_q80,AI,0.643066,0.056335,0,0.915527,1,0.829608,1,0.829608,1,Blend,0.915527,1,E21,E20_wrong__E21_correct,E20_wrong__E23_correct,E21_correct__E23_correct,glide,unknown,data/final_external_pool/final_test_degraded/ai_sb_glide_095_r045be2act_test_resize_q80.jpg
E14 Degraded External,ai_sb_glide_095_r045be2act_test_double_jpeg,AI,0.003551,0.058563,0,0.731934,1,0.664597,1,0.664597,1,Blend,0.731934,1,E21,E20_wrong__E21_correct,E20_wrong__E23_correct,E21_correct__E23_correct,glide,unknown,data/final_external_pool/final_test_degraded/ai_sb_glide_095_r045be2act_test_double_jpeg.jpg
E14 Degraded External,ai_sb_stable-diffusion-1-3_169_r138ad247t_test_whatsapp_q75,AI,0.045959,0.028702,0,0.500488,1,0.453310,0,0.453309,0,Blend,0.500488,1,E21,E20_wrong__E21_correct,E20_wrong__E23_wrong,E21_correct__E23_wrong,stable-diffusion-1-3,unknown,data/final_external_pool/final_test_degraded/ai_sb_stable-diffusion-1-3_169_r138ad247t_test_whatsapp_q75.jpg
E14 Degraded External,ai_sb_stable-diffusion-1-3_169_r138ad247t_test_resize_q80,AI,0.038116,0.026459,0,0.482910,0,0.437265,0,0.437265,0,Blend,0.026459,0,E20,both_wrong,E20_wrong__E23_wrong,E21_wrong__E23_wrong,stable-diffusion-1-3,unknown,data/final_external_pool/final_test_degraded/ai_sb_stable-diffusion-1-3_169_r138ad247t_test_resize_q80.jpg
E14 Degraded External,ai_sb_stable-diffusion-1-3_169_r138ad247t_test_double_jpeg,AI,0.007607,0.074341,0,0.170410,0,0.160803,0,0.160803,0,Blend,0.074341,0,E20,both_wrong,E20_wrong__E23_wrong,E21_wrong__E23_wrong,stable-diffusion-1-3,unknown,data/final_external_pool/final_test_degraded/ai_sb_stable-diffusion-1-3_169_r138ad247t_test_double_jpeg.jpg
E14 Degraded External,real_raise_093_r0b841e5at_test_whatsapp_q75,Real,0.833008,0.304932,0,0.908203,1,0.847876,1,0.847876,1,Blend,0.908203,1,E21,E20_correct__E21_wrong,E20_correct__E23_wrong,E21_wrong__E23_wrong,camera,unknown,data/final_external_pool/final_test_degraded/real_raise_093_r0b841e5at_test_whatsapp_q75.jpg
E14 Degraded External,real_raise_093_r0b841e5at_test_resize_q80,Real,0.757812,0.354736,0,0.912598,1,0.856812,1,0.856812,1,Blend,0.912598,1,E21,E20_correct__E21_wrong,E20_correct__E23_wrong,E21_wrong__E23_wrong,camera,unknown,data/final_external_pool/final_test_degraded/real_raise_093_r0b841e5at_test_resize_q80.jpg
E14 Degraded External,real_raise_093_r0b841e5at_test_double_jpeg,Real,0.676758,0.284668,0,0.906250,1,0.844092,1,0.844092,1,Blend,0.906250,1,E21,E20_correct__E21_wrong,E20_correct__E23_wrong,E21_wrong__E23_wrong,camera,unknown,data/final_external_pool/final_test_degraded/real_raise_093_r0b841e5at_test_double_jpeg.jpg
E14 Degraded External,ai_sb_stable-diffusion-2_216_r056f233bt_test_whatsapp_q75,AI,0.226562,0.291992,0,0.588379,1,0.558740,1,0.558740,1,Blend,0.588379,1,E21,E20_wrong__E21_correct,E20_wrong__E23_correct,E21_correct__E23_correct,stable-diffusion-2,unknown,data/final_external_pool/final_test_degraded/ai_sb_stable-diffusion-2_216_r056f233bt_test_whatsapp_q75.jpg
E14 Degraded External,ai_sb_stable-diffusion-2_216_r056f233bt_test_resize_q80,AI,0.235840,0.454346,0,0.561523,1,0.550806,1,0.550805,1,Blend,0.561523,1,E21,E20_wrong__E21_correct,E20_wrong__E23_correct,E21_correct__E23_correct,stable-diffusion-2,unknown,data/final_external_pool/final_test_degraded/ai_sb_stable-diffusion-2_216_r056f233bt_test_resize_q80.jpg
E14 Degraded External,ai_sb_stable-diffusion-2_216_r056f233bt_test_double_jpeg,AI,0.140625,0.281494,0,0.559570,1,0.531763,1,0.531762,1,Blend,0.559570,1,E21,E20_wrong__E21_correct,E20_wrong__E23_correct,E21_correct__E23_correct,stable-diffusion-2,unknown,data/final_external_pool/final_test_degraded/ai_sb_stable-diffusion-2_216_r056f233bt_test_double_jpeg.jpg
E14 Degraded External,real_raise_119_r0f8e5907t_test_whatsapp_q75,Real,0.427734,0.006668,0,0.888184,1,0.800032,1,0.800032,1,Blend,0.888184,1,E21,E20_correct__E21_wrong,E20_correct__E23_wrong,E21_wrong__E23_wrong,camera,unknown,data/final_external_pool/final_test_degraded/real_raise_119_r0f8e5907t_test_whatsapp_q75.jpg
E14 Degraded External,real_raise_119_r0f8e5907t_test_resize_q80,Real,0.412842,0.007149,0,0.881348,1,0.793928,1,0.793928,1,Blend,0.881348,1,E21,E20_correct__E21_wrong,E20_correct__E23_wrong,E21_wrong__E23_wrong,camera,unknown,data/final_external_pool/final_test_degraded/real_raise_119_r0f8e5907t_test_resize_q80.jpg
E14 Degraded External,real_raise_119_r0f8e5907t_test_double_jpeg,Real,0.099121,0.007233,0,0.839355,1,0.756143,1,0.756143,1,Blend,0.839355,1,E21,E20_correct__E21_wrong,E20_correct__E23_wrong,E21_wrong__E23_wrong,camera,unknown,data/final_external_pool/final_test_degraded/real_raise_119_r0f8e5907t_test_double_jpeg.jpg
E14 Degraded External,ai_sb_dalle2_018_r1297fd0bt_test_whatsapp_q75,AI,0.229248,0.001611,0,0.842773,1,0.758657,1,0.758657,1,Blend,0.842773,1,E21,E20_wrong__E21_correct,E20_wrong__E23_correct,E21_correct__E23_correct,dalle2,unknown,data/final_external_pool/final_test_degraded/ai_sb_dalle2_018_r1297fd0bt_test_whatsapp_q75.jpg
E14 Degraded External,ai_sb_dalle2_018_r1297fd0bt_test_resize_q80,AI,0.270264,0.001206,0,0.867676,1,0.781029,1,0.781029,1,Blend,0.867676,1,E21,E20_wrong__E21_correct,E20_wrong__E23_correct,E21_correct__E23_correct,dalle2,unknown,data/final_external_pool/final_test_degraded/ai_sb_dalle2_018_r1297fd0bt_test_resize_q80.jpg
E14 Degraded External,ai_sb_dalle2_018_r1297fd0bt_test_double_jpeg,AI,0.045013,0.001245,0,0.761230,1,0.685232,1,0.685231,1,Blend,0.761230,1,E21,E20_wrong__E21_correct,E20_wrong__E23_correct,E21_correct__E23_correct,dalle2,unknown,data/final_external_pool/final_test_degraded/ai_sb_dalle2_018_r1297fd0bt_test_double_jpeg.jpg
E14 Degraded External,real_raise_096_r0bf7f938t_test_whatsapp_q75,Real,0.025467,0.013588,0,0.946777,1,0.853458,1,0.853458,1,Blend,0.946777,1,E21,E20_correct__E21_wrong,E20_correct__E23_wrong,E21_wrong__E23_wrong,camera,unknown,data/final_external_pool/final_test_degraded/real_raise_096_r0bf7f938t_test_whatsapp_q75.jpg
E14 Degraded External,real_raise_096_r0bf7f938t_test_resize_q80,Real,0.032654,0.012238,0,0.953613,1,0.859476,1,0.859476,1,Blend,0.953613,1,E21,E20_correct__E21_wrong,E20_correct__E23_wrong,E21_wrong__E23_wrong,camera,unknown,data/final_external_pool/final_test_degraded/real_raise_096_r0bf7f938t_test_resize_q80.jpg
E14 Degraded External,real_raise_096_r0bf7f938t_test_double_jpeg,Real,0.019791,0.009895,0,0.948242,1,0.854408,1,0.854407,1,Blend,0.948242,1,E21,E20_correct__E21_wrong,E20_correct__E23_wrong,E21_wrong__E23_wrong,camera,unknown,data/final_external_pool/final_test_degraded/real_raise_096_r0bf7f938t_test_double_jpeg.jpg
E14 Degraded External,ai_sb_supp_stable-diffusion-1-4_021_r00444b95t_test_whatsapp_q75,AI,0.991211,0.024277,0,0.805176,1,0.727086,1,0.727086,1,Blend,0.805176,1,E21,E20_wrong__E21_correct,E20_wrong__E23_correct,E21_correct__E23_correct,stable-diffusion-1-4,unknown,data/final_external_pool/final_test_degraded/ai_sb_supp_stable-diffusion-1-4_021_r00444b95t_test_whatsapp_q75.jpg
E14 Degraded External,ai_sb_supp_stable-diffusion-1-4_021_r00444b95t_test_resize_q80,AI,0.987793,0.028214,0,0.748535,1,0.676503,1,0.676503,1,Blend,0.748535,1,E21,E20_wrong__E21_correct,E20_wrong__E23_correct,E21_correct__E23_correct,stable-diffusion-1-4,unknown,data/final_external_pool/final_test_degraded/ai_sb_supp_stable-diffusion-1-4_021_r00444b95t_test_resize_q80.jpg
E14 Degraded External,ai_sb_supp_stable-diffusion-1-4_021_r00444b95t_test_double_jpeg,AI,0.733398,0.035339,0,0.377686,0,0.343451,0,0.343451,0,Blend,0.035339,0,E20,both_wrong,E20_wrong__E23_wrong,E21_wrong__E23_wrong,stable-diffusion-1-4,unknown,data/final_external_pool/final_test_degraded/ai_sb_supp_stable-diffusion-1-4_021_r00444b95t_test_double_jpeg.jpg
E14 Degraded External,real_raise_213_r1b4e82c4t_test_whatsapp_q75,Real,0.928711,0.115540,0,0.909668,1,0.830255,1,0.830255,1,Blend,0.909668,1,E21,E20_correct__E21_wrong,E20_correct__E23_wrong,E21_wrong__E23_wrong,camera,unknown,data/final_external_pool/final_test_degraded/real_raise_213_r1b4e82c4t_test_whatsapp_q75.jpg
E14 Degraded External,real_raise_213_r1b4e82c4t_test_resize_q80,Real,0.925781,0.119324,0,0.912109,1,0.832831,1,0.832830,1,Blend,0.912109,1,E21,E20_correct__E21_wrong,E20_correct__E23_wrong,E21_wrong__E23_wrong,camera,unknown,data/final_external_pool/final_test_degraded/real_raise_213_r1b4e82c4t_test_resize_q80.jpg
E14 Degraded External,real_raise_213_r1b4e82c4t_test_double_jpeg,Real,0.750000,0.045441,0,0.831543,1,0.752933,1,0.752933,1,Blend,0.831543,1,E21,E20_correct__E21_wrong,E20_correct__E23_wrong,E21_wrong__E23_wrong,camera,unknown,data/final_external_pool/final_test_degraded/real_raise_213_r1b4e82c4t_test_double_jpeg.jpg
E14 Degraded External,ai_sb_stable-diffusion-1-4_196_r102b4aa4t_test_whatsapp_q75,AI,0.972656,0.176392,0,0.994629,1,0.912805,1,0.912805,1,Blend,0.994629,1,E21,E20_wrong__E21_correct,E20_wrong__E23_correct,E21_correct__E23_correct,stable-diffusion-1-4,unknown,data/final_external_pool/final_test_degraded/ai_sb_stable-diffusion-1-4_196_r102b4aa4t_test_whatsapp_q75.jpg
E14 Degraded External,ai_sb_stable-diffusion-1-4_196_r102b4aa4t_test_resize_q80,AI,0.975098,0.140625,0,0.993652,1,0.908350,1,0.908349,1,Blend,0.993652,1,E21,E20_wrong__E21_correct,E20_wrong__E23_correct,E21_correct__E23_correct,stable-diffusion-1-4,unknown,data/final_external_pool/final_test_degraded/ai_sb_stable-diffusion-1-4_196_r102b4aa4t_test_resize_q80.jpg
E14 Degraded External,ai_sb_stable-diffusion-1-4_196_r102b4aa4t_test_double_jpeg,AI,0.939453,0.122009,0,0.962402,1,0.878363,1,0.878363,1,Blend,0.962402,1,E21,E20_wrong__E21_correct,E20_wrong__E23_correct,E21_correct__E23_correct,stable-diffusion-1-4,unknown,data/final_external_pool/final_test_degraded/ai_sb_stable-diffusion-1-4_196_r102b4aa4t_test_double_jpeg.jpg
E14 Degraded External,ai_sb_dalle2_026_r1ad2de34t_test_whatsapp_q75,AI,0.050323,0.000966,0,0.342285,0,0.308153,0,0.308153,0,Blend,0.000966,0,E20,both_wrong,E20_wrong__E23_wrong,E21_wrong__E23_wrong,dalle2,unknown,data/final_external_pool/final_test_degraded/ai_sb_dalle2_026_r1ad2de34t_test_whatsapp_q75.jpg
E14 Degraded External,ai_sb_dalle2_026_r1ad2de34t_test_resize_q80,AI,0.120117,0.000704,0,0.365234,0,0.328781,0,0.328781,0,Blend,0.000704,0,E20,both_wrong,E20_wrong__E23_wrong,E21_wrong__E23_wrong,dalle2,unknown,data/final_external_pool/final_test_degraded/ai_sb_dalle2_026_r1ad2de34t_test_resize_q80.jpg
E14 Degraded External,ai_sb_dalle2_026_r1ad2de34t_test_double_jpeg,AI,0.022980,0.000462,0,0.168823,0,0.151987,0,0.151987,0,Blend,0.000462,0,E20,both_wrong,E20_wrong__E23_wrong,E21_wrong__E23_wrong,dalle2,unknown,data/final_external_pool/final_test_degraded/ai_sb_dalle2_026_r1ad2de34t_test_double_jpeg.jpg
E14 Degraded External,real_raise_091_r0b61ed37t_test_whatsapp_q75,Real,0.001225,0.026154,0,0.532227,1,0.481619,0,0.481620,0,Blend,0.532227,1,E21,E20_correct__E21_wrong,E20_correct__E23_correct,E21_wrong__E23_correct,camera,unknown,data/final_external_pool/final_test_degraded/real_raise_091_r0b61ed37t_test_whatsapp_q75.jpg
E14 Degraded External,real_raise_091_r0b61ed37t_test_resize_q80,Real,0.003136,0.017578,0,0.530273,1,0.479004,0,0.479003,0,Blend,0.530273,1,E21,E20_correct__E21_wrong,E20_correct__E23_correct,E21_wrong__E23_correct,camera,unknown,data/final_external_pool/final_test_degraded/real_raise_091_r0b61ed37t_test_resize_q80.jpg
E14 Degraded External,real_raise_091_r0b61ed37t_test_double_jpeg,Real,0.000285,0.026611,0,0.430908,0,0.390479,0,0.390478,0,Blend,0.026611,0,E20,both_correct,E20_correct__E23_correct,E21_correct__E23_correct,camera,unknown,data/final_external_pool/final_test_degraded/real_raise_091_r0b61ed37t_test_double_jpeg.jpg
E14 Degraded External,ai_sb_stable-diffusion-1-4_190_r09a60f63t_test_whatsapp_q75,AI,0.919922,0.861816,1,0.983398,1,0.971240,1,0.971240,1,Blend,0.861816,1,E20,both_correct,E20_correct__E23_correct,E21_correct__E23_correct,stable-diffusion-1-4,unknown,data/final_external_pool/final_test_degraded/ai_sb_stable-diffusion-1-4_190_r09a60f63t_test_whatsapp_q75.jpg
E14 Degraded External,ai_sb_stable-diffusion-1-4_190_r09a60f63t_test_resize_q80,AI,0.912598,0.891113,1,0.981445,1,0.972412,1,0.972412,1,Blend,0.891113,1,E20,both_correct,E20_correct__E23_correct,E21_correct__E23_correct,stable-diffusion-1-4,unknown,data/final_external_pool/final_test_degraded/ai_sb_stable-diffusion-1-4_190_r09a60f63t_test_resize_q80.jpg
E14 Degraded External,ai_sb_stable-diffusion-1-4_190_r09a60f63t_test_double_jpeg,AI,0.744141,0.877930,1,0.967773,1,0.958789,1,0.958789,1,Blend,0.877930,1,E20,both_correct,E20_correct__E23_correct,E21_correct__E23_correct,stable-diffusion-1-4,unknown,data/final_external_pool/final_test_degraded/ai_sb_stable-diffusion-1-4_190_r09a60f63t_test_double_jpeg.jpg
E14 Degraded External,ai_sb_firefly_067_r06743f8ft_test_whatsapp_q75,AI,0.569336,0.598145,1,0.857422,1,0.831494,1,0.831494,1,Blend,0.598145,1,E20,both_correct,E20_correct__E23_correct,E21_correct__E23_correct,firefly,unknown,data/final_external_pool/final_test_degraded/ai_sb_firefly_067_r06743f8ft_test_whatsapp_q75.jpg
E14 Degraded External,ai_sb_firefly_067_r06743f8ft_test_resize_q80,AI,0.527344,0.561523,1,0.860352,1,0.830469,1,0.830469,1,Blend,0.561523,1,E20,both_correct,E20_correct__E23_correct,E21_correct__E23_correct,firefly,unknown,data/final_external_pool/final_test_degraded/ai_sb_firefly_067_r06743f8ft_test_resize_q80.jpg
E14 Degraded External,ai_sb_firefly_067_r06743f8ft_test_double_jpeg,AI,0.466553,0.546875,1,0.842773,1,0.813184,1,0.813183,1,Blend,0.546875,1,E20,both_correct,E20_correct__E23_correct,E21_correct__E23_correct,firefly,unknown,data/final_external_pool/final_test_degraded/ai_sb_firefly_067_r06743f8ft_test_double_jpeg.jpg
E14 Degraded External,real_raise_069_r08b12799t_test_whatsapp_q75,Real,0.103943,0.002472,0,0.816406,1,0.735013,1,0.735013,1,Blend,0.816406,1,E21,E20_correct__E21_wrong,E20_correct__E23_wrong,E21_wrong__E23_wrong,camera,unknown,data/final_external_pool/final_test_degraded/real_raise_069_r08b12799t_test_whatsapp_q75.jpg
E14 Degraded External,real_raise_069_r08b12799t_test_resize_q80,Real,0.113403,0.002462,0,0.813477,1,0.732375,1,0.732375,1,Blend,0.813477,1,E21,E20_correct__E21_wrong,E20_correct__E23_wrong,E21_wrong__E23_wrong,camera,unknown,data/final_external_pool/final_test_degraded/real_raise_069_r08b12799t_test_resize_q80.jpg
E14 Degraded External,real_raise_069_r08b12799t_test_double_jpeg,Real,0.059113,0.002672,0,0.730957,1,0.658129,1,0.658129,1,Blend,0.730957,1,E21,E20_correct__E21_wrong,E20_correct__E23_wrong,E21_wrong__E23_wrong,camera,unknown,data/final_external_pool/final_test_degraded/real_raise_069_r08b12799t_test_double_jpeg.jpg
E14 Degraded External,ai_sb_midjourney-v5_149_r1d9a31fct_test_whatsapp_q75,AI,0.018692,0.116943,0,0.481201,0,0.444775,0,0.444775,0,Blend,0.116943,0,E20,both_wrong,E20_wrong__E23_wrong,E21_wrong__E23_wrong,midjourney-v5,unknown,data/final_external_pool/final_test_degraded/ai_sb_midjourney-v5_149_r1d9a31fct_test_whatsapp_q75.jpg
E14 Degraded External,ai_sb_midjourney-v5_149_r1d9a31fct_test_resize_q80,AI,0.017441,0.093994,0,0.470215,0,0.432593,0,0.432593,0,Blend,0.093994,0,E20,both_wrong,E20_wrong__E23_wrong,E21_wrong__E23_wrong,midjourney-v5,unknown,data/final_external_pool/final_test_degraded/ai_sb_midjourney-v5_149_r1d9a31fct_test_resize_q80.jpg
E14 Degraded External,ai_sb_midjourney-v5_149_r1d9a31fct_test_double_jpeg,AI,0.012383,0.083618,0,0.469482,0,0.430896,0,0.430896,0,Blend,0.083618,0,E20,both_wrong,E20_wrong__E23_wrong,E21_wrong__E23_wrong,midjourney-v5,unknown,data/final_external_pool/final_test_degraded/ai_sb_midjourney-v5_149_r1d9a31fct_test_double_jpeg.jpg
E14 Degraded External,ai_sb_glide_102_r0b7b1156t_test_whatsapp_q75,AI,0.517090,0.799805,1,0.716797,1,0.725098,1,0.725098,1,Blend,0.799805,1,E20,both_correct,E20_correct__E23_correct,E21_correct__E23_correct,glide,unknown,data/final_external_pool/final_test_degraded/ai_sb_glide_102_r0b7b1156t_test_whatsapp_q75.jpg
E14 Degraded External,ai_sb_glide_102_r0b7b1156t_test_resize_q80,AI,0.556152,0.727539,1,0.681152,1,0.685791,1,0.685791,1,Blend,0.727539,1,E20,both_correct,E20_correct__E23_correct,E21_correct__E23_correct,glide,unknown,data/final_external_pool/final_test_degraded/ai_sb_glide_102_r0b7b1156t_test_resize_q80.jpg
E14 Degraded External,ai_sb_glide_102_r0b7b1156t_test_double_jpeg,AI,0.254150,0.613281,1,0.595215,1,0.597021,1,0.597022,1,Blend,0.613281,1,E20,both_correct,E20_correct__E23_correct,E21_correct__E23_correct,glide,unknown,data/final_external_pool/final_test_degraded/ai_sb_glide_102_r0b7b1156t_test_double_jpeg.jpg
E14 Degraded External,ai_sb_glide_108_r1297fd0bt_test_whatsapp_q75,AI,0.569336,0.195923,0,0.624512,1,0.581653,1,0.581653,1,Blend,0.624512,1,E21,E20_wrong__E21_correct,E20_wrong__E23_correct,E21_correct__E23_correct,glide,unknown,data/final_external_pool/final_test_degraded/ai_sb_glide_108_r1297fd0bt_test_whatsapp_q75.jpg
E14 Degraded External,ai_sb_glide_108_r1297fd0bt_test_resize_q80,AI,0.643066,0.148071,0,0.576660,1,0.533801,1,0.533801,1,Blend,0.576660,1,E21,E20_wrong__E21_correct,E20_wrong__E23_correct,E21_correct__E23_correct,glide,unknown,data/final_external_pool/final_test_degraded/ai_sb_glide_108_r1297fd0bt_test_resize_q80.jpg
E14 Degraded External,ai_sb_glide_108_r1297fd0bt_test_double_jpeg,AI,0.355469,0.072266,0,0.562988,1,0.513916,1,0.513916,1,Blend,0.562988,1,E21,E20_wrong__E21_correct,E20_wrong__E23_correct,E21_correct__E23_correct,glide,unknown,data/final_external_pool/final_test_degraded/ai_sb_glide_108_r1297fd0bt_test_double_jpeg.jpg
E14 Degraded External,ai_sb_stable-diffusion-2_233_r17fe8532t_test_whatsapp_q75,AI,0.001649,0.565918,1,0.863281,1,0.833545,1,0.833545,1,Blend,0.565918,1,E20,both_correct,E20_correct__E23_correct,E21_correct__E23_correct,stable-diffusion-2,unknown,data/final_external_pool/final_test_degraded/ai_sb_stable-diffusion-2_233_r17fe8532t_test_whatsapp_q75.jpg
E14 Degraded External,ai_sb_stable-diffusion-2_233_r17fe8532t_test_resize_q80,AI,0.000947,0.545410,1,0.915527,1,0.878516,1,0.878515,1,Blend,0.545410,1,E20,both_correct,E20_correct__E23_correct,E21_correct__E23_correct,stable-diffusion-2,unknown,data/final_external_pool/final_test_degraded/ai_sb_stable-diffusion-2_233_r17fe8532t_test_resize_q80.jpg
E14 Degraded External,ai_sb_stable-diffusion-2_233_r17fe8532t_test_double_jpeg,AI,0.000701,0.787109,1,0.848145,1,0.842041,1,0.842041,1,Blend,0.787109,1,E20,both_correct,E20_correct__E23_correct,E21_correct__E23_correct,stable-diffusion-2,unknown,data/final_external_pool/final_test_degraded/ai_sb_stable-diffusion-2_233_r17fe8532t_test_double_jpeg.jpg
E14 Degraded External,ai_sb_stable-diffusion-2_224_r0e7b407bt_test_whatsapp_q75,AI,0.852051,0.163940,0,0.855469,1,0.786316,1,0.786316,1,Blend,0.855469,1,E21,E20_wrong__E21_correct,E20_wrong__E23_correct,E21_correct__E23_correct,stable-diffusion-2,unknown,data/final_external_pool/final_test_degraded/ai_sb_stable-diffusion-2_224_r0e7b407bt_test_whatsapp_q75.jpg
E14 Degraded External,ai_sb_stable-diffusion-2_224_r0e7b407bt_test_resize_q80,AI,0.856445,0.166382,0,0.850586,1,0.782166,1,0.782166,1,Blend,0.850586,1,E21,E20_wrong__E21_correct,E20_wrong__E23_correct,E21_correct__E23_correct,stable-diffusion-2,unknown,data/final_external_pool/final_test_degraded/ai_sb_stable-diffusion-2_224_r0e7b407bt_test_resize_q80.jpg
E14 Degraded External,ai_sb_stable-diffusion-2_224_r0e7b407bt_test_double_jpeg,AI,0.856934,0.197388,0,0.867188,1,0.800208,1,0.800208,1,Blend,0.867188,1,E21,E20_wrong__E21_correct,E20_wrong__E23_correct,E21_correct__E23_correct,stable-diffusion-2,unknown,data/final_external_pool/final_test_degraded/ai_sb_stable-diffusion-2_224_r0e7b407bt_test_double_jpeg.jpg
E14 Degraded External,real_raise_supp_043_r16ea6386t_test_whatsapp_q75,Real,0.047424,0.002726,0,0.805664,1,0.725370,1,0.725370,1,Blend,0.805664,1,E21,E20_correct__E21_wrong,E20_correct__E23_wrong,E21_wrong__E23_wrong,camera,unknown,data/final_external_pool/final_test_degraded/real_raise_supp_043_r16ea6386t_test_whatsapp_q75.jpg
E14 Degraded External,real_raise_supp_043_r16ea6386t_test_resize_q80,Real,0.051941,0.002531,0,0.771484,1,0.694589,1,0.694589,1,Blend,0.771484,1,E21,E20_correct__E21_wrong,E20_correct__E23_wrong,E21_wrong__E23_wrong,camera,unknown,data/final_external_pool/final_test_degraded/real_raise_supp_043_r16ea6386t_test_resize_q80.jpg
E14 Degraded External,real_raise_supp_043_r16ea6386t_test_double_jpeg,Real,0.051849,0.002472,0,0.776855,1,0.699417,1,0.699417,1,Blend,0.776855,1,E21,E20_correct__E21_wrong,E20_correct__E23_wrong,E21_wrong__E23_wrong,camera,unknown,data/final_external_pool/final_test_degraded/real_raise_supp_043_r16ea6386t_test_double_jpeg.jpg
E14 Degraded External,real_raise_140_r125f6e84t_test_whatsapp_q75,Real,0.002108,0.000682,0,0.052429,0,0.047255,0,0.047254,0,Blend,0.000682,0,E20,both_correct,E20_correct__E23_correct,E21_correct__E23_correct,camera,unknown,data/final_external_pool/final_test_degraded/real_raise_140_r125f6e84t_test_whatsapp_q75.jpg
E14 Degraded External,real_raise_140_r125f6e84t_test_resize_q80,Real,0.001965,0.000776,0,0.045776,0,0.041276,0,0.041276,0,Blend,0.000776,0,E20,both_correct,E20_correct__E23_correct,E21_correct__E23_correct,camera,unknown,data/final_external_pool/final_test_degraded/real_raise_140_r125f6e84t_test_resize_q80.jpg
E14 Degraded External,real_raise_140_r125f6e84t_test_double_jpeg,Real,0.001629,0.000586,0,0.046021,0,0.041477,0,0.041478,0,Blend,0.000586,0,E20,both_correct,E20_correct__E23_correct,E21_correct__E23_correct,camera,unknown,data/final_external_pool/final_test_degraded/real_raise_140_r125f6e84t_test_double_jpeg.jpg
E14 Degraded External,real_raise_137_r11c4de0et_test_whatsapp_q75,Real,0.000955,0.006050,0,0.030670,0,0.028208,0,0.028208,0,Blend,0.006050,0,E20,both_correct,E20_correct__E23_correct,E21_correct__E23_correct,camera,unknown,data/final_external_pool/final_test_degraded/real_raise_137_r11c4de0et_test_whatsapp_q75.jpg
E14 Degraded External,real_raise_137_r11c4de0et_test_resize_q80,Real,0.001260,0.008064,0,0.029373,0,0.027242,0,0.027242,0,Blend,0.008064,0,E20,both_correct,E20_correct__E23_correct,E21_correct__E23_correct,camera,unknown,data/final_external_pool/final_test_degraded/real_raise_137_r11c4de0et_test_resize_q80.jpg
E14 Degraded External,real_raise_137_r11c4de0et_test_double_jpeg,Real,0.000826,0.006512,0,0.019638,0,0.018325,0,0.018325,0,Blend,0.006512,0,E20,both_correct,E20_correct__E23_correct,E21_correct__E23_correct,camera,unknown,data/final_external_pool/final_test_degraded/real_raise_137_r11c4de0et_test_double_jpeg.jpg
E14 Degraded External,ai_sb_firefly_083_r17fe8532t_test_whatsapp_q75,AI,0.524414,0.385986,0,0.984863,1,0.924976,1,0.924975,1,Blend,0.984863,1,E21,E20_wrong__E21_correct,E20_wrong__E23_correct,E21_correct__E23_correct,firefly,unknown,data/final_external_pool/final_test_degraded/ai_sb_firefly_083_r17fe8532t_test_whatsapp_q75.jpg
E14 Degraded External,ai_sb_firefly_083_r17fe8532t_test_resize_q80,AI,0.694824,0.397949,0,0.988770,1,0.929688,1,0.929688,1,Blend,0.988770,1,E21,E20_wrong__E21_correct,E20_wrong__E23_correct,E21_correct__E23_correct,firefly,unknown,data/final_external_pool/final_test_degraded/ai_sb_firefly_083_r17fe8532t_test_resize_q80.jpg
E14 Degraded External,ai_sb_firefly_083_r17fe8532t_test_double_jpeg,AI,0.260010,0.287354,0,0.980469,1,0.911157,1,0.911158,1,Blend,0.980469,1,E21,E20_wrong__E21_correct,E20_wrong__E23_correct,E21_correct__E23_correct,firefly,unknown,data/final_external_pool/final_test_degraded/ai_sb_firefly_083_r17fe8532t_test_double_jpeg.jpg
E14 Degraded External,real_raise_supp_055_r1ca254b2t_test_whatsapp_q75,Real,0.032654,0.001330,0,0.387451,0,0.348839,0,0.348839,0,Blend,0.001330,0,E20,both_correct,E20_correct__E23_correct,E21_correct__E23_correct,camera,unknown,data/final_external_pool/final_test_degraded/real_raise_supp_055_r1ca254b2t_test_whatsapp_q75.jpg
E14 Degraded External,real_raise_supp_055_r1ca254b2t_test_resize_q80,Real,0.036987,0.001235,0,0.423340,0,0.381129,0,0.381130,0,Blend,0.001235,0,E20,both_correct,E20_correct__E23_correct,E21_correct__E23_correct,camera,unknown,data/final_external_pool/final_test_degraded/real_raise_supp_055_r1ca254b2t_test_resize_q80.jpg
E14 Degraded External,real_raise_supp_055_r1ca254b2t_test_double_jpeg,Real,0.010292,0.001206,0,0.302734,0,0.272582,0,0.272581,0,Blend,0.001206,0,E20,both_correct,E20_correct__E23_correct,E21_correct__E23_correct,camera,unknown,data/final_external_pool/final_test_degraded/real_raise_supp_055_r1ca254b2t_test_double_jpeg.jpg
E14 Degraded External,ai_sb_midjourney-v5_123_r026b5360t_test_whatsapp_q75,AI,0.058990,0.996094,1,1.000000,1,0.999609,1,0.999609,1,Blend,0.996094,1,E20,both_correct,E20_correct__E23_correct,E21_correct__E23_correct,midjourney-v5,unknown,data/final_external_pool/final_test_degraded/ai_sb_midjourney-v5_123_r026b5360t_test_whatsapp_q75.jpg
E14 Degraded External,ai_sb_midjourney-v5_123_r026b5360t_test_resize_q80,AI,0.049774,0.997070,1,1.000000,1,0.999707,1,0.999707,1,Blend,0.997070,1,E20,both_correct,E20_correct__E23_correct,E21_correct__E23_correct,midjourney-v5,unknown,data/final_external_pool/final_test_degraded/ai_sb_midjourney-v5_123_r026b5360t_test_resize_q80.jpg
E14 Degraded External,ai_sb_midjourney-v5_123_r026b5360t_test_double_jpeg,AI,0.000915,0.980469,1,0.999512,1,0.997607,1,0.997608,1,Blend,0.980469,1,E20,both_correct,E20_correct__E23_correct,E21_correct__E23_correct,midjourney-v5,unknown,data/final_external_pool/final_test_degraded/ai_sb_midjourney-v5_123_r026b5360t_test_double_jpeg.jpg
E14 Degraded External,real_raise_125_r101d6690t_test_whatsapp_q75,Real,0.011032,0.003780,0,0.188965,0,0.170446,0,0.170447,0,Blend,0.003780,0,E20,both_correct,E20_correct__E23_correct,E21_correct__E23_correct,camera,unknown,data/final_external_pool/final_test_degraded/real_raise_125_r101d6690t_test_whatsapp_q75.jpg
E14 Degraded External,real_raise_125_r101d6690t_test_resize_q80,Real,0.014732,0.004829,0,0.236816,0,0.213618,0,0.213617,0,Blend,0.004829,0,E20,both_correct,E20_correct__E23_correct,E21_correct__E23_correct,camera,unknown,data/final_external_pool/final_test_degraded/real_raise_125_r101d6690t_test_resize_q80.jpg
E14 Degraded External,real_raise_125_r101d6690t_test_double_jpeg,Real,0.002768,0.003511,0,0.168335,0,0.151853,0,0.151853,0,Blend,0.003511,0,E20,both_correct,E20_correct__E23_correct,E21_correct__E23_correct,camera,unknown,data/final_external_pool/final_test_degraded/real_raise_125_r101d6690t_test_double_jpeg.jpg
E14 Degraded External,ai_sb_stable-diffusion-1-4_210_r1e9082f9t_test_whatsapp_q75,AI,0.990234,0.675781,1,0.997070,1,0.964941,1,0.964941,1,Blend,0.675781,1,E20,both_correct,E20_correct__E23_correct,E21_correct__E23_correct,stable-diffusion-1-4,unknown,data/final_external_pool/final_test_degraded/ai_sb_stable-diffusion-1-4_210_r1e9082f9t_test_whatsapp_q75.jpg
E14 Degraded External,ai_sb_stable-diffusion-1-4_210_r1e9082f9t_test_resize_q80,AI,0.993164,0.537598,1,0.996582,1,0.950684,1,0.950684,1,Blend,0.537598,1,E20,both_correct,E20_correct__E23_correct,E21_correct__E23_correct,stable-diffusion-1-4,unknown,data/final_external_pool/final_test_degraded/ai_sb_stable-diffusion-1-4_210_r1e9082f9t_test_resize_q80.jpg
E14 Degraded External,ai_sb_stable-diffusion-1-4_210_r1e9082f9t_test_double_jpeg,AI,0.983887,0.679199,1,0.988770,1,0.957812,1,0.957813,1,Blend,0.679199,1,E20,both_correct,E20_correct__E23_correct,E21_correct__E23_correct,stable-diffusion-1-4,unknown,data/final_external_pool/final_test_degraded/ai_sb_stable-diffusion-1-4_210_r1e9082f9t_test_double_jpeg.jpg
E14 Degraded External,ai_sb_midjourney-v5_135_r0f5beb66t_test_whatsapp_q75,AI,0.887207,0.679688,1,0.965820,1,0.937207,1,0.937207,1,Blend,0.679688,1,E20,both_correct,E20_correct__E23_correct,E21_correct__E23_correct,midjourney-v5,unknown,data/final_external_pool/final_test_degraded/ai_sb_midjourney-v5_135_r0f5beb66t_test_whatsapp_q75.jpg
E14 Degraded External,ai_sb_midjourney-v5_135_r0f5beb66t_test_resize_q80,AI,0.889160,0.643555,1,0.967773,1,0.935352,1,0.935351,1,Blend,0.643555,1,E20,both_correct,E20_correct__E23_correct,E21_correct__E23_correct,midjourney-v5,unknown,data/final_external_pool/final_test_degraded/ai_sb_midjourney-v5_135_r0f5beb66t_test_resize_q80.jpg
E14 Degraded External,ai_sb_midjourney-v5_135_r0f5beb66t_test_double_jpeg,AI,0.804688,0.531250,1,0.951172,1,0.909180,1,0.909180,1,Blend,0.531250,1,E20,both_correct,E20_correct__E23_correct,E21_correct__E23_correct,midjourney-v5,unknown,data/final_external_pool/final_test_degraded/ai_sb_midjourney-v5_135_r0f5beb66t_test_double_jpeg.jpg
E14 Degraded External,real_raise_172_r163967d4t_test_whatsapp_q75,Real,0.000301,0.001202,0,0.151245,0,0.136241,0,0.136241,0,Blend,0.001202,0,E20,both_correct,E20_correct__E23_correct,E21_correct__E23_correct,camera,unknown,data/final_external_pool/final_test_degraded/real_raise_172_r163967d4t_test_whatsapp_q75.jpg
E14 Degraded External,real_raise_172_r163967d4t_test_resize_q80,Real,0.000431,0.000907,0,0.181152,0,0.163128,0,0.163128,0,Blend,0.000907,0,E20,both_correct,E20_correct__E23_correct,E21_correct__E23_correct,camera,unknown,data/final_external_pool/final_test_degraded/real_raise_172_r163967d4t_test_resize_q80.jpg
E14 Degraded External,real_raise_172_r163967d4t_test_double_jpeg,Real,0.000092,0.001285,0,0.154297,0,0.138996,0,0.138996,0,Blend,0.001285,0,E20,both_correct,E20_correct__E23_correct,E21_correct__E23_correct,camera,unknown,data/final_external_pool/final_test_degraded/real_raise_172_r163967d4t_test_double_jpeg.jpg
E14 Degraded External,ai_sb_dalle2_030_r1e9082f9t_test_whatsapp_q75,AI,0.162476,0.046204,0,0.941895,1,0.852325,1,0.852326,1,Blend,0.941895,1,E21,E20_wrong__E21_correct,E20_wrong__E23_correct,E21_correct__E23_correct,dalle2,unknown,data/final_external_pool/final_test_degraded/ai_sb_dalle2_030_r1e9082f9t_test_whatsapp_q75.jpg
E14 Degraded External,ai_sb_dalle2_030_r1e9082f9t_test_resize_q80,AI,0.178833,0.040100,0,0.943359,1,0.853033,1,0.853033,1,Blend,0.943359,1,E21,E20_wrong__E21_correct,E20_wrong__E23_correct,E21_correct__E23_correct,dalle2,unknown,data/final_external_pool/final_test_degraded/ai_sb_dalle2_030_r1e9082f9t_test_resize_q80.jpg
E14 Degraded External,ai_sb_dalle2_030_r1e9082f9t_test_double_jpeg,AI,0.013222,0.045959,0,0.935059,1,0.846149,1,0.846149,1,Blend,0.935059,1,E21,E20_wrong__E21_correct,E20_wrong__E23_correct,E21_correct__E23_correct,dalle2,unknown,data/final_external_pool/final_test_degraded/ai_sb_dalle2_030_r1e9082f9t_test_double_jpeg.jpg
E14 Degraded External,real_raise_100_r0c9910e4t_test_whatsapp_q75,Real,0.061523,0.756348,1,0.975098,1,0.953223,1,0.953223,1,Blend,0.756348,1,E20,both_wrong,E20_wrong__E23_wrong,E21_wrong__E23_wrong,camera,unknown,data/final_external_pool/final_test_degraded/real_raise_100_r0c9910e4t_test_whatsapp_q75.jpg
E14 Degraded External,real_raise_100_r0c9910e4t_test_resize_q80,Real,0.073059,0.773438,1,0.190430,0,0.248730,0,0.248731,0,Blend,0.190430,0,E21,E20_wrong__E21_correct,E20_wrong__E23_correct,E21_correct__E23_correct,camera,unknown,data/final_external_pool/final_test_degraded/real_raise_100_r0c9910e4t_test_resize_q80.jpg
E14 Degraded External,real_raise_100_r0c9910e4t_test_double_jpeg,Real,0.000131,0.356689,0,0.084656,0,0.111859,0,0.111859,0,Blend,0.356689,0,E20,both_correct,E20_correct__E23_correct,E21_correct__E23_correct,camera,unknown,data/final_external_pool/final_test_degraded/real_raise_100_r0c9910e4t_test_double_jpeg.jpg
E14 Degraded External,real_raise_162_r14c2d3fct_test_whatsapp_q75,Real,0.002350,0.008217,0,0.754883,1,0.680216,1,0.680216,1,Blend,0.754883,1,E21,E20_correct__E21_wrong,E20_correct__E23_wrong,E21_wrong__E23_wrong,camera,unknown,data/final_external_pool/final_test_degraded/real_raise_162_r14c2d3fct_test_whatsapp_q75.jpg
E14 Degraded External,real_raise_162_r14c2d3fct_test_resize_q80,Real,0.007233,0.007065,0,0.733887,1,0.661205,1,0.661205,1,Blend,0.733887,1,E21,E20_correct__E21_wrong,E20_correct__E23_wrong,E21_wrong__E23_wrong,camera,unknown,data/final_external_pool/final_test_degraded/real_raise_162_r14c2d3fct_test_resize_q80.jpg
E14 Degraded External,real_raise_162_r14c2d3fct_test_double_jpeg,Real,0.000347,0.009674,0,0.695312,1,0.626749,1,0.626748,1,Blend,0.695312,1,E21,E20_correct__E21_wrong,E20_correct__E23_wrong,E21_wrong__E23_wrong,camera,unknown,data/final_external_pool/final_test_degraded/real_raise_162_r14c2d3fct_test_double_jpeg.jpg
E14 Degraded External,ai_sb_dalle2_027_r1bdb6385t_test_whatsapp_q75,AI,0.708008,0.437988,0,0.930664,1,0.881396,1,0.881396,1,Blend,0.930664,1,E21,E20_wrong__E21_correct,E20_wrong__E23_correct,E21_correct__E23_correct,dalle2,unknown,data/final_external_pool/final_test_degraded/ai_sb_dalle2_027_r1bdb6385t_test_whatsapp_q75.jpg
E14 Degraded External,ai_sb_dalle2_027_r1bdb6385t_test_resize_q80,AI,0.776855,0.443115,0,0.955078,1,0.903882,1,0.903882,1,Blend,0.955078,1,E21,E20_wrong__E21_correct,E20_wrong__E23_correct,E21_correct__E23_correct,dalle2,unknown,data/final_external_pool/final_test_degraded/ai_sb_dalle2_027_r1bdb6385t_test_resize_q80.jpg
E14 Degraded External,ai_sb_dalle2_027_r1bdb6385t_test_double_jpeg,AI,0.216553,0.385498,0,0.911133,1,0.858569,1,0.858569,1,Blend,0.911133,1,E21,E20_wrong__E21_correct,E20_wrong__E23_correct,E21_correct__E23_correct,dalle2,unknown,data/final_external_pool/final_test_degraded/ai_sb_dalle2_027_r1bdb6385t_test_double_jpeg.jpg
E14 Degraded External,ai_sb_dalle3_052_r169c7350t_test_whatsapp_q75,AI,0.945801,0.917969,1,0.999023,1,0.990918,1,0.990918,1,Blend,0.917969,1,E20,both_correct,E20_correct__E23_correct,E21_correct__E23_correct,dalle3,unknown,data/final_external_pool/final_test_degraded/ai_sb_dalle3_052_r169c7350t_test_whatsapp_q75.jpg
E14 Degraded External,ai_sb_dalle3_052_r169c7350t_test_resize_q80,AI,0.937500,0.921875,1,0.999023,1,0.991309,1,0.991308,1,Blend,0.921875,1,E20,both_correct,E20_correct__E23_correct,E21_correct__E23_correct,dalle3,unknown,data/final_external_pool/final_test_degraded/ai_sb_dalle3_052_r169c7350t_test_resize_q80.jpg
E14 Degraded External,ai_sb_dalle3_052_r169c7350t_test_double_jpeg,AI,0.818359,0.892578,1,0.998535,1,0.987939,1,0.987939,1,Blend,0.892578,1,E20,both_correct,E20_correct__E23_correct,E21_correct__E23_correct,dalle3,unknown,data/final_external_pool/final_test_degraded/ai_sb_dalle3_052_r169c7350t_test_double_jpeg.jpg
E14 Degraded External,ai_sb_glide_106_r102b4aa4t_test_whatsapp_q75,AI,0.289062,0.121704,0,0.929199,1,0.848450,1,0.848450,1,Blend,0.929199,1,E21,E20_wrong__E21_correct,E20_wrong__E23_correct,E21_correct__E23_correct,glide,unknown,data/final_external_pool/final_test_degraded/ai_sb_glide_106_r102b4aa4t_test_whatsapp_q75.jpg
E14 Degraded External,ai_sb_glide_106_r102b4aa4t_test_resize_q80,AI,0.382324,0.099976,0,0.943848,1,0.859460,1,0.859461,1,Blend,0.943848,1,E21,E20_wrong__E21_correct,E20_wrong__E23_correct,E21_correct__E23_correct,glide,unknown,data/final_external_pool/final_test_degraded/ai_sb_glide_106_r102b4aa4t_test_resize_q80.jpg
E14 Degraded External,ai_sb_glide_106_r102b4aa4t_test_double_jpeg,AI,0.102112,0.079041,0,0.845215,1,0.768597,1,0.768598,1,Blend,0.845215,1,E21,E20_wrong__E21_correct,E20_wrong__E23_correct,E21_correct__E23_correct,glide,unknown,data/final_external_pool/final_test_degraded/ai_sb_glide_106_r102b4aa4t_test_double_jpeg.jpg
E14 Degraded External,real_raise_054_r06cad2d6t_test_whatsapp_q75,Real,0.198730,0.005020,0,0.831055,1,0.748451,1,0.748452,1,Blend,0.831055,1,E21,E20_correct__E21_wrong,E20_correct__E23_wrong,E21_wrong__E23_wrong,camera,unknown,data/final_external_pool/final_test_degraded/real_raise_054_r06cad2d6t_test_whatsapp_q75.jpg
E14 Degraded External,real_raise_054_r06cad2d6t_test_resize_q80,Real,0.107239,0.003780,0,0.848145,1,0.763708,1,0.763709,1,Blend,0.848145,1,E21,E20_correct__E21_wrong,E20_correct__E23_wrong,E21_wrong__E23_wrong,camera,unknown,data/final_external_pool/final_test_degraded/real_raise_054_r06cad2d6t_test_resize_q80.jpg
E14 Degraded External,real_raise_054_r06cad2d6t_test_double_jpeg,Real,0.098938,0.003456,0,0.785645,1,0.707426,1,0.707426,1,Blend,0.785645,1,E21,E20_correct__E21_wrong,E20_correct__E23_wrong,E21_wrong__E23_wrong,camera,unknown,data/final_external_pool/final_test_degraded/real_raise_054_r06cad2d6t_test_double_jpeg.jpg
E14 Degraded External,ai_sb_dalle2_025_r1a2095b2t_test_whatsapp_q75,AI,0.808594,0.165894,0,0.969238,1,0.888904,1,0.888904,1,Blend,0.969238,1,E21,E20_wrong__E21_correct,E20_wrong__E23_correct,E21_correct__E23_correct,dalle2,unknown,data/final_external_pool/final_test_degraded/ai_sb_dalle2_025_r1a2095b2t_test_whatsapp_q75.jpg
E14 Degraded External,ai_sb_dalle2_025_r1a2095b2t_test_resize_q80,AI,0.878906,0.130493,0,0.969727,1,0.885803,1,0.885804,1,Blend,0.969727,1,E21,E20_wrong__E21_correct,E20_wrong__E23_correct,E21_correct__E23_correct,dalle2,unknown,data/final_external_pool/final_test_degraded/ai_sb_dalle2_025_r1a2095b2t_test_resize_q80.jpg
E14 Degraded External,ai_sb_dalle2_025_r1a2095b2t_test_double_jpeg,AI,0.370117,0.083740,0,0.944824,1,0.858716,1,0.858716,1,Blend,0.944824,1,E21,E20_wrong__E21_correct,E20_wrong__E23_correct,E21_correct__E23_correct,dalle2,unknown,data/final_external_pool/final_test_degraded/ai_sb_dalle2_025_r1a2095b2t_test_double_jpeg.jpg
E19 Smartphone Benchmark,e19_real_phone_001_wa,Real,0.001143,0.091858,0,0.171875,0,0.163873,0,0.163873,0,Blend,0.091858,0,E20,both_correct,E20_correct__E23_correct,E21_correct__E23_correct,None (Camera ISP),"Google Pixel (Pixel 7-9 family, exact model unspecified)",data/e19_smartphone_benchmark/real/e19_real_phone_001_wa.jpeg
E19 Smartphone Benchmark,e19_real_phone_002_wa,Real,0.988281,0.007175,0,0.920410,1,0.829087,1,0.829087,1,Blend,0.920410,1,E21,E20_correct__E21_wrong,E20_correct__E23_wrong,E21_wrong__E23_wrong,None (Camera ISP),"Google Pixel (Pixel 7-9 family, exact model unspecified)",data/e19_smartphone_benchmark/real/e19_real_phone_002_wa.jpeg
E19 Smartphone Benchmark,e19_real_phone_003_wa,Real,0.581543,0.037201,0,0.939453,1,0.849228,1,0.849228,1,Blend,0.939453,1,E21,E20_correct__E21_wrong,E20_correct__E23_wrong,E21_wrong__E23_wrong,None (Camera ISP),"Google Pixel (Pixel 7-9 family, exact model unspecified)",data/e19_smartphone_benchmark/real/e19_real_phone_003_wa.jpeg
E19 Smartphone Benchmark,e19_real_phone_004_wa,Real,0.487305,0.013374,0,0.863281,1,0.778291,1,0.778290,1,Blend,0.863281,1,E21,E20_correct__E21_wrong,E20_correct__E23_wrong,E21_wrong__E23_wrong,None (Camera ISP),"Google Pixel (Pixel 7-9 family, exact model unspecified)",data/e19_smartphone_benchmark/real/e19_real_phone_004_wa.jpeg
E19 Smartphone Benchmark,e19_real_phone_005_wa,Real,0.102844,0.011871,0,0.580078,1,0.523257,1,0.523257,1,Blend,0.580078,1,E21,E20_correct__E21_wrong,E20_correct__E23_wrong,E21_wrong__E23_wrong,None (Camera ISP),"Google Pixel (Pixel 7-9 family, exact model unspecified)",data/e19_smartphone_benchmark/real/e19_real_phone_005_wa.jpeg
E19 Smartphone Benchmark,e19_real_phone_006_wa,Real,0.151978,0.606445,1,0.626465,1,0.624463,1,0.624463,1,Blend,0.606445,1,E20,both_wrong,E20_wrong__E23_wrong,E21_wrong__E23_wrong,None (Camera ISP),"Google Pixel (Pixel 7-9 family, exact model unspecified)",data/e19_smartphone_benchmark/real/e19_real_phone_006_wa.jpeg
E19 Smartphone Benchmark,e19_real_phone_007_wa,Real,0.000343,0.322266,0,0.469482,0,0.454761,0,0.454760,0,Blend,0.322266,0,E20,both_correct,E20_correct__E23_correct,E21_correct__E23_correct,None (Camera ISP),"Google Pixel (Pixel 7-9 family, exact model unspecified)",data/e19_smartphone_benchmark/real/e19_real_phone_007_wa.jpeg
E19 Smartphone Benchmark,e19_real_phone_008_wa,Real,0.540039,0.013023,0,0.422119,0,0.381210,0,0.381209,0,Blend,0.013023,0,E20,both_correct,E20_correct__E23_correct,E21_correct__E23_correct,None (Camera ISP),"Google Pixel (Pixel 7-9 family, exact model unspecified)",data/e19_smartphone_benchmark/real/e19_real_phone_008_wa.jpeg
E19 Smartphone Benchmark,e19_real_phone_009_wa,Real,0.941406,0.005535,0,0.708496,1,0.638200,1,0.638200,1,Blend,0.708496,1,E21,E20_correct__E21_wrong,E20_correct__E23_wrong,E21_wrong__E23_wrong,None (Camera ISP),"Google Pixel (Pixel 7-9 family, exact model unspecified)",data/e19_smartphone_benchmark/real/e19_real_phone_009_wa.jpeg
E19 Smartphone Benchmark,e19_real_phone_010_wa,Real,0.974609,0.000804,0,0.932617,1,0.839436,1,0.839436,1,Blend,0.932617,1,E21,E20_correct__E21_wrong,E20_correct__E23_wrong,E21_wrong__E23_wrong,None (Camera ISP),"Google Pixel (Pixel 7-9 family, exact model unspecified)",data/e19_smartphone_benchmark/real/e19_real_phone_010_wa.jpeg
E19 Smartphone Benchmark,e19_real_phone_011_wa,Real,0.001720,0.144775,0,0.675781,1,0.622681,1,0.622680,1,Blend,0.675781,1,E21,E20_correct__E21_wrong,E20_correct__E23_wrong,E21_wrong__E23_wrong,None (Camera ISP),"Google Pixel (Pixel 7-9 family, exact model unspecified)",data/e19_smartphone_benchmark/real/e19_real_phone_011_wa.jpeg
E19 Smartphone Benchmark,e19_real_phone_012_wa,Real,0.051941,0.004593,0,0.011246,0,0.010580,0,0.010581,0,Blend,0.004593,0,E20,both_correct,E20_correct__E23_correct,E21_correct__E23_correct,None (Camera ISP),"Google Pixel (Pixel 7-9 family, exact model unspecified)",data/e19_smartphone_benchmark/real/e19_real_phone_012_wa.jpeg
E19 Smartphone Benchmark,e19_real_phone_013_wa,Real,0.921875,0.006512,0,0.970703,1,0.874284,1,0.874284,1,Blend,0.970703,1,E21,E20_correct__E21_wrong,E20_correct__E23_wrong,E21_wrong__E23_wrong,None (Camera ISP),"Google Pixel (Pixel 7-9 family, exact model unspecified)",data/e19_smartphone_benchmark/real/e19_real_phone_013_wa.jpeg
E19 Smartphone Benchmark,e19_real_phone_014_wa,Real,0.005119,0.013222,0,0.000019,0,0.001340,0,0.001339,0,Blend,0.013222,0,E20,both_correct,E20_correct__E23_correct,E21_correct__E23_correct,None (Camera ISP),"Google Pixel (Pixel 7-9 family, exact model unspecified)",data/e19_smartphone_benchmark/real/e19_real_phone_014_wa.jpeg
E19 Smartphone Benchmark,e19_real_phone_015_wa,Real,0.034607,0.008614,0,0.527832,1,0.475910,0,0.475910,0,Blend,0.527832,1,E21,E20_correct__E21_wrong,E20_correct__E23_correct,E21_wrong__E23_correct,None (Camera ISP),"Google Pixel (Pixel 7-9 family, exact model unspecified)",data/e19_smartphone_benchmark/real/e19_real_phone_015_wa.jpeg
E19 Smartphone Benchmark,e19_real_phone_016_wa,Real,0.561523,0.031555,0,0.973633,1,0.879425,1,0.879425,1,Blend,0.973633,1,E21,E20_correct__E21_wrong,E20_correct__E23_wrong,E21_wrong__E23_wrong,None (Camera ISP),"Google Pixel (Pixel 7-9 family, exact model unspecified)",data/e19_smartphone_benchmark/real/e19_real_phone_016_wa.jpeg
E19 Smartphone Benchmark,e19_real_phone_017_wa,Real,0.940918,0.005344,0,0.325928,0,0.293869,0,0.293870,0,Blend,0.005344,0,E20,both_correct,E20_correct__E23_correct,E21_correct__E23_correct,None (Camera ISP),"Google Pixel (Pixel 7-9 family, exact model unspecified)",data/e19_smartphone_benchmark/real/e19_real_phone_017_wa.jpeg
E19 Smartphone Benchmark,e19_real_phone_018_wa,Real,0.347656,0.005730,0,0.014008,0,0.013180,0,0.013180,0,Blend,0.005730,0,E20,both_correct,E20_correct__E23_correct,E21_correct__E23_correct,None (Camera ISP),"Google Pixel (Pixel 7-9 family, exact model unspecified)",data/e19_smartphone_benchmark/real/e19_real_phone_018_wa.jpeg
E19 Smartphone Benchmark,e19_real_phone_019_wa,Real,0.218018,0.018372,0,0.684570,1,0.617950,1,0.617950,1,Blend,0.684570,1,E21,E20_correct__E21_wrong,E20_correct__E23_wrong,E21_wrong__E23_wrong,None (Camera ISP),"Google Pixel (Pixel 7-9 family, exact model unspecified)",data/e19_smartphone_benchmark/real/e19_real_phone_019_wa.jpeg
E19 Smartphone Benchmark,e19_real_phone_020_wa,Real,0.947266,0.005081,0,0.840332,1,0.756807,1,0.756807,1,Blend,0.840332,1,E21,E20_correct__E21_wrong,E20_correct__E23_wrong,E21_wrong__E23_wrong,None (Camera ISP),"Google Pixel (Pixel 7-9 family, exact model unspecified)",data/e19_smartphone_benchmark/real/e19_real_phone_020_wa.jpeg
E19 Smartphone Benchmark,e19_real_phone_021_wa,Real,0.362549,0.078918,0,0.734375,1,0.668829,1,0.668829,1,Blend,0.734375,1,E21,E20_correct__E21_wrong,E20_correct__E23_wrong,E21_wrong__E23_wrong,None (Camera ISP),"Google Pixel (Pixel 7-9 family, exact model unspecified)",data/e19_smartphone_benchmark/real/e19_real_phone_021_wa.jpeg
E19 Smartphone Benchmark,e19_real_phone_022_wa,Real,0.257324,0.006340,0,0.339111,0,0.305834,0,0.305834,0,Blend,0.006340,0,E20,both_correct,E20_correct__E23_correct,E21_correct__E23_correct,None (Camera ISP),"Google Pixel (Pixel 7-9 family, exact model unspecified)",data/e19_smartphone_benchmark/real/e19_real_phone_022_wa.jpeg
E19 Smartphone Benchmark,e19_real_phone_023_wa,Real,0.218140,0.173096,0,0.455078,0,0.426880,0,0.426880,0,Blend,0.173096,0,E20,both_correct,E20_correct__E23_correct,E21_correct__E23_correct,None (Camera ISP),"Google Pixel (Pixel 7-9 family, exact model unspecified)",data/e19_smartphone_benchmark/real/e19_real_phone_023_wa.jpeg
E19 Smartphone Benchmark,e19_real_phone_024_wa,Real,0.982422,0.002693,0,0.906250,1,0.815894,1,0.815894,1,Blend,0.906250,1,E21,E20_correct__E21_wrong,E20_correct__E23_wrong,E21_wrong__E23_wrong,None (Camera ISP),"Google Pixel (Pixel 7-9 family, exact model unspecified)",data/e19_smartphone_benchmark/real/e19_real_phone_024_wa.jpeg
E19 Smartphone Benchmark,e19_real_phone_025_wa,Real,0.884766,0.000634,0,0.808105,1,0.727358,1,0.727358,1,Blend,0.808105,1,E21,E20_correct__E21_wrong,E20_correct__E23_wrong,E21_wrong__E23_wrong,None (Camera ISP),"Google Pixel (Pixel 7-9 family, exact model unspecified)",data/e19_smartphone_benchmark/real/e19_real_phone_025_wa.jpeg
E19 Smartphone Benchmark,e19_real_phone_026_wa,Real,0.095154,0.320801,0,0.680664,1,0.644678,1,0.644678,1,Blend,0.680664,1,E21,E20_correct__E21_wrong,E20_correct__E23_wrong,E21_wrong__E23_wrong,None (Camera ISP),"Google Pixel (Pixel 7-9 family, exact model unspecified)",data/e19_smartphone_benchmark/real/e19_real_phone_026_wa.jpeg
E19 Smartphone Benchmark,e19_real_phone_027_wa,Real,0.995605,0.004200,0,0.945801,1,0.851641,1,0.851641,1,Blend,0.945801,1,E21,E20_correct__E21_wrong,E20_correct__E23_wrong,E21_wrong__E23_wrong,None (Camera ISP),"Google Pixel (Pixel 7-9 family, exact model unspecified)",data/e19_smartphone_benchmark/real/e19_real_phone_027_wa.jpeg
E19 Smartphone Benchmark,e19_real_phone_028_wa,Real,0.047089,0.016663,0,0.036896,0,0.034872,0,0.034873,0,Blend,0.016663,0,E20,both_correct,E20_correct__E23_correct,E21_correct__E23_correct,None (Camera ISP),"Google Pixel (Pixel 7-9 family, exact model unspecified)",data/e19_smartphone_benchmark/real/e19_real_phone_028_wa.jpeg
E19 Smartphone Benchmark,e19_real_phone_029_wa,Real,0.979004,0.002541,0,0.979492,1,0.881797,1,0.881797,1,Blend,0.979492,1,E21,E20_correct__E21_wrong,E20_correct__E23_wrong,E21_wrong__E23_wrong,None (Camera ISP),"Google Pixel (Pixel 7-9 family, exact model unspecified)",data/e19_smartphone_benchmark/real/e19_real_phone_029_wa.jpeg
E19 Smartphone Benchmark,e19_real_phone_030_wa,Real,0.033081,0.081360,0,0.937500,1,0.851886,1,0.851886,1,Blend,0.937500,1,E21,E20_correct__E21_wrong,E20_correct__E23_wrong,E21_wrong__E23_wrong,None (Camera ISP),"Google Pixel (Pixel 7-9 family, exact model unspecified)",data/e19_smartphone_benchmark/real/e19_real_phone_030_wa.jpeg
E19 Smartphone Benchmark,e19_real_phone_031_raw,Real,0.179443,0.005138,0,0.747559,1,0.673317,1,0.673317,1,Blend,0.747559,1,E21,E20_correct__E21_wrong,E20_correct__E23_wrong,E21_wrong__E23_wrong,None (Camera ISP),Apple iPhone (iPhone X),data/e19_smartphone_benchmark/real/e19_real_phone_031_raw.png
E19 Smartphone Benchmark,e19_real_phone_032_raw,Real,0.003172,0.002481,0,0.011116,0,0.010253,0,0.010252,0,Blend,0.002481,0,E20,both_correct,E20_correct__E23_correct,E21_correct__E23_correct,None (Camera ISP),Apple iPhone (iPhone X),data/e19_smartphone_benchmark/real/e19_real_phone_032_raw.png
E19 Smartphone Benchmark,e19_real_phone_033_raw,Real,0.000269,0.004593,0,0.002108,0,0.002356,0,0.002357,0,Blend,0.004593,0,E20,both_correct,E20_correct__E23_correct,E21_correct__E23_correct,None (Camera ISP),Apple iPhone (iPhone X),data/e19_smartphone_benchmark/real/e19_real_phone_033_raw.png
E19 Smartphone Benchmark,e19_real_phone_034_raw,Real,0.000021,0.000568,0,0.000207,0,0.000243,0,0.000243,0,Blend,0.000568,0,E20,both_correct,E20_correct__E23_correct,E21_correct__E23_correct,None (Camera ISP),Apple iPhone (iPhone X),data/e19_smartphone_benchmark/real/e19_real_phone_034_raw.png
E19 Smartphone Benchmark,e19_real_phone_035_raw,Real,0.004505,0.001211,0,0.009377,0,0.008560,0,0.008560,0,Blend,0.001211,0,E20,both_correct,E20_correct__E23_correct,E21_correct__E23_correct,None (Camera ISP),Apple iPhone (iPhone X),data/e19_smartphone_benchmark/real/e19_real_phone_035_raw.png
E19 Smartphone Benchmark,e19_real_phone_036_raw,Real,0.000225,0.004398,0,0.006241,0,0.006057,0,0.006057,0,Blend,0.004398,0,E20,both_correct,E20_correct__E23_correct,E21_correct__E23_correct,None (Camera ISP),Apple iPhone (iPhone X),data/e19_smartphone_benchmark/real/e19_real_phone_036_raw.png
E19 Smartphone Benchmark,e19_real_phone_037_raw,Real,0.161743,0.001741,0,0.643066,1,0.578934,1,0.578933,1,Blend,0.643066,1,E21,E20_correct__E21_wrong,E20_correct__E23_wrong,E21_wrong__E23_wrong,None (Camera ISP),Apple iPhone (iPhone X),data/e19_smartphone_benchmark/real/e19_real_phone_037_raw.png
E19 Smartphone Benchmark,e19_real_phone_038_raw,Real,0.670410,0.000542,0,0.006340,0,0.005760,0,0.005760,0,Blend,0.000542,0,E20,both_correct,E20_correct__E23_correct,E21_correct__E23_correct,None (Camera ISP),Apple iPhone (iPhone X),data/e19_smartphone_benchmark/real/e19_real_phone_038_raw.png
E19 Smartphone Benchmark,e19_real_phone_039_raw,Real,0.002050,0.000546,0,0.001655,0,0.001544,0,0.001544,0,Blend,0.000546,0,E20,both_correct,E20_correct__E23_correct,E21_correct__E23_correct,None (Camera ISP),Apple iPhone (iPhone X),data/e19_smartphone_benchmark/real/e19_real_phone_039_raw.png
E19 Smartphone Benchmark,e19_real_phone_040_raw,Real,0.004086,0.004738,0,0.011963,0,0.011240,0,0.011241,0,Blend,0.004738,0,E20,both_correct,E20_correct__E23_correct,E21_correct__E23_correct,None (Camera ISP),Apple iPhone (iPhone X),data/e19_smartphone_benchmark/real/e19_real_phone_040_raw.png
E19 Smartphone Benchmark,e19_real_phone_041_raw,Real,0.000978,0.000524,0,0.002947,0,0.002705,0,0.002705,0,Blend,0.000524,0,E20,both_correct,E20_correct__E23_correct,E21_correct__E23_correct,None (Camera ISP),Apple iPhone (iPhone X),data/e19_smartphone_benchmark/real/e19_real_phone_041_raw.png
E19 Smartphone Benchmark,e19_real_phone_042_raw,Real,0.001269,0.001265,0,0.000401,0,0.000488,0,0.000487,0,Blend,0.001265,0,E20,both_correct,E20_correct__E23_correct,E21_correct__E23_correct,None (Camera ISP),Apple iPhone (iPhone X),data/e19_smartphone_benchmark/real/e19_real_phone_042_raw.png
E19 Smartphone Benchmark,e19_real_phone_043_raw,Real,0.005322,0.001531,0,0.140503,0,0.126606,0,0.126606,0,Blend,0.001531,0,E20,both_correct,E20_correct__E23_correct,E21_correct__E23_correct,None (Camera ISP),Apple iPhone (iPhone X),data/e19_smartphone_benchmark/real/e19_real_phone_043_raw.png
E19 Smartphone Benchmark,e19_real_phone_044_raw,Real,0.051453,0.003708,0,0.009270,0,0.008714,0,0.008714,0,Blend,0.003708,0,E20,both_correct,E20_correct__E23_correct,E21_correct__E23_correct,None (Camera ISP),Apple iPhone (iPhone X),data/e19_smartphone_benchmark/real/e19_real_phone_044_raw.png
E19 Smartphone Benchmark,e19_real_phone_045_raw,Real,0.003016,0.007843,0,0.017441,0,0.016481,0,0.016481,0,Blend,0.007843,0,E20,both_correct,E20_correct__E23_correct,E21_correct__E23_correct,None (Camera ISP),Apple iPhone (iPhone X),data/e19_smartphone_benchmark/real/e19_real_phone_045_raw.png
E19 Smartphone Benchmark,e19_real_phone_046_raw,Real,0.281250,0.000157,0,0.087280,0,0.078568,0,0.078568,0,Blend,0.000157,0,E20,both_correct,E20_correct__E23_correct,E21_correct__E23_correct,None (Camera ISP),Apple iPhone (iPhone X),data/e19_smartphone_benchmark/real/e19_real_phone_046_raw.png
E19 Smartphone Benchmark,e19_real_phone_047_raw,Real,0.000947,0.002035,0,0.009125,0,0.008416,0,0.008416,0,Blend,0.002035,0,E20,both_correct,E20_correct__E23_correct,E21_correct__E23_correct,None (Camera ISP),Apple iPhone (iPhone X),data/e19_smartphone_benchmark/real/e19_real_phone_047_raw.png
E19 Smartphone Benchmark,e19_real_phone_048_raw,Real,0.000451,0.000051,0,0.000140,0,0.000131,0,0.000131,0,Blend,0.000051,0,E20,both_correct,E20_correct__E23_correct,E21_correct__E23_correct,None (Camera ISP),Apple iPhone (iPhone X),data/e19_smartphone_benchmark/real/e19_real_phone_048_raw.png
E19 Smartphone Benchmark,e19_real_phone_049_raw,Real,0.000484,0.000970,0,0.001362,0,0.001323,0,0.001323,0,Blend,0.000970,0,E20,both_correct,E20_correct__E23_correct,E21_correct__E23_correct,None (Camera ISP),Apple iPhone (iPhone X),data/e19_smartphone_benchmark/real/e19_real_phone_049_raw.png
E19 Smartphone Benchmark,e19_real_phone_050_raw,Real,0.020721,0.004608,0,0.252197,0,0.227438,0,0.227438,0,Blend,0.004608,0,E20,both_correct,E20_correct__E23_correct,E21_correct__E23_correct,None (Camera ISP),Apple iPhone (iPhone X),data/e19_smartphone_benchmark/real/e19_real_phone_050_raw.png
E19 Smartphone Benchmark,e19_real_phone_051_raw,Real,0.000131,0.024231,0,0.033203,0,0.032306,0,0.032306,0,Blend,0.024231,0,E20,both_correct,E20_correct__E23_correct,E21_correct__E23_correct,None (Camera ISP),Apple iPhone (iPhone X),data/e19_smartphone_benchmark/real/e19_real_phone_051_raw.png
E19 Smartphone Benchmark,e19_real_phone_052_raw,Real,0.011826,0.000370,0,0.000688,0,0.000656,0,0.000656,0,Blend,0.000370,0,E20,both_correct,E20_correct__E23_correct,E21_correct__E23_correct,None (Camera ISP),Apple iPhone (iPhone X),data/e19_smartphone_benchmark/real/e19_real_phone_052_raw.png
E19 Smartphone Benchmark,e19_real_phone_053_raw,Real,0.003147,0.004025,0,0.059875,0,0.054290,0,0.054290,0,Blend,0.004025,0,E20,both_correct,E20_correct__E23_correct,E21_correct__E23_correct,None (Camera ISP),Apple iPhone (iPhone X),data/e19_smartphone_benchmark/real/e19_real_phone_053_raw.png
E19 Smartphone Benchmark,e19_real_phone_054_raw,Real,0.000026,0.001315,0,0.040771,0,0.036826,0,0.036825,0,Blend,0.001315,0,E20,both_correct,E20_correct__E23_correct,E21_correct__E23_correct,None (Camera ISP),Apple iPhone (iPhone X),data/e19_smartphone_benchmark/real/e19_real_phone_054_raw.png
E19 Smartphone Benchmark,e19_real_phone_055_raw,Real,0.044861,0.000121,0,0.011070,0,0.009975,0,0.009975,0,Blend,0.000121,0,E20,both_correct,E20_correct__E23_correct,E21_correct__E23_correct,None (Camera ISP),Apple iPhone (iPhone X),data/e19_smartphone_benchmark/real/e19_real_phone_055_raw.png
E19 Smartphone Benchmark,e19_real_phone_056_raw,Real,0.818359,0.000315,0,0.007175,0,0.006489,0,0.006489,0,Blend,0.000315,0,E20,both_correct,E20_correct__E23_correct,E21_correct__E23_correct,None (Camera ISP),Apple iPhone (iPhone X),data/e19_smartphone_benchmark/real/e19_real_phone_056_raw.png
E19 Smartphone Benchmark,e19_real_phone_057_raw,Real,0.000985,0.002165,0,0.006096,0,0.005703,0,0.005703,0,Blend,0.002165,0,E20,both_correct,E20_correct__E23_correct,E21_correct__E23_correct,None (Camera ISP),Apple iPhone (iPhone X),data/e19_smartphone_benchmark/real/e19_real_phone_057_raw.png
E19 Smartphone Benchmark,e19_real_phone_058_raw,Real,0.000789,0.001478,0,0.001694,0,0.001672,0,0.001672,0,Blend,0.001478,0,E20,both_correct,E20_correct__E23_correct,E21_correct__E23_correct,None (Camera ISP),Apple iPhone (iPhone X),data/e19_smartphone_benchmark/real/e19_real_phone_058_raw.png
E19 Smartphone Benchmark,e19_real_phone_059_raw,Real,0.000169,0.000330,0,0.000400,0,0.000393,0,0.000393,0,Blend,0.000330,0,E20,both_correct,E20_correct__E23_correct,E21_correct__E23_correct,None (Camera ISP),Apple iPhone (iPhone X),data/e19_smartphone_benchmark/real/e19_real_phone_059_raw.png
E19 Smartphone Benchmark,e19_real_phone_060_raw,Real,0.040771,0.000085,0,0.005260,0,0.004743,0,0.004743,0,Blend,0.000085,0,E20,both_correct,E20_correct__E23_correct,E21_correct__E23_correct,None (Camera ISP),Apple iPhone (iPhone X),data/e19_smartphone_benchmark/real/e19_real_phone_060_raw.png
E19 Smartphone Benchmark,e19_real_phone_061_raw,Real,0.009193,0.000069,0,0.041840,0,0.037663,0,0.037663,0,Blend,0.000069,0,E20,both_correct,E20_correct__E23_correct,E21_correct__E23_correct,None (Camera ISP),Apple iPhone (iPhone X),data/e19_smartphone_benchmark/real/e19_real_phone_061_raw.png
E19 Smartphone Benchmark,e19_real_phone_062_raw,Real,0.017044,0.058136,0,0.026505,0,0.029668,0,0.029668,0,Blend,0.058136,0,E20,both_correct,E20_correct__E23_correct,E21_correct__E23_correct,None (Camera ISP),Apple iPhone (iPhone X),data/e19_smartphone_benchmark/real/e19_real_phone_062_raw.png
E19 Smartphone Benchmark,e19_real_phone_063_raw,Real,0.019272,0.000785,0,0.107788,0,0.097088,0,0.097088,0,Blend,0.000785,0,E20,both_correct,E20_correct__E23_correct,E21_correct__E23_correct,None (Camera ISP),Apple iPhone (iPhone X),data/e19_smartphone_benchmark/real/e19_real_phone_063_raw.png
E19 Smartphone Benchmark,e19_real_phone_064_raw,Real,0.000929,0.000866,0,0.000349,0,0.000401,0,0.000401,0,Blend,0.000866,0,E20,both_correct,E20_correct__E23_correct,E21_correct__E23_correct,None (Camera ISP),Apple iPhone (iPhone X),data/e19_smartphone_benchmark/real/e19_real_phone_064_raw.png
E19 Smartphone Benchmark,e19_real_phone_065_raw,Real,0.002388,0.000335,0,0.008675,0,0.007841,0,0.007841,0,Blend,0.000335,0,E20,both_correct,E20_correct__E23_correct,E21_correct__E23_correct,None (Camera ISP),Apple iPhone (iPhone X),data/e19_smartphone_benchmark/real/e19_real_phone_065_raw.png
E19 Smartphone Benchmark,e19_real_phone_066_raw,Real,0.009972,0.016724,0,0.051361,0,0.047897,0,0.047897,0,Blend,0.016724,0,E20,both_correct,E20_correct__E23_correct,E21_correct__E23_correct,None (Camera ISP),Samsung Galaxy (Galaxy S9),data/e19_smartphone_benchmark/real/e19_real_phone_066_raw.png
E19 Smartphone Benchmark,e19_real_phone_067_raw,Real,0.000276,0.009453,0,0.112976,0,0.102624,0,0.102624,0,Blend,0.009453,0,E20,both_correct,E20_correct__E23_correct,E21_correct__E23_correct,None (Camera ISP),Samsung Galaxy (Galaxy S9),data/e19_smartphone_benchmark/real/e19_real_phone_067_raw.png
E19 Smartphone Benchmark,e19_real_phone_068_raw,Real,0.010780,0.001372,0,0.000978,0,0.001017,0,0.001017,0,Blend,0.001372,0,E20,both_correct,E20_correct__E23_correct,E21_correct__E23_correct,None (Camera ISP),Samsung Galaxy (Galaxy S9),data/e19_smartphone_benchmark/real/e19_real_phone_068_raw.png
E19 Smartphone Benchmark,e19_real_phone_069_raw,Real,0.014671,0.000106,0,0.005642,0,0.005088,0,0.005088,0,Blend,0.000106,0,E20,both_correct,E20_correct__E23_correct,E21_correct__E23_correct,None (Camera ISP),Samsung Galaxy (Galaxy S9),data/e19_smartphone_benchmark/real/e19_real_phone_069_raw.png
E19 Smartphone Benchmark,e19_real_phone_070_raw,Real,0.211792,0.000151,0,0.144775,0,0.130313,0,0.130313,0,Blend,0.000151,0,E20,both_correct,E20_correct__E23_correct,E21_correct__E23_correct,None (Camera ISP),Samsung Galaxy (Galaxy S9),data/e19_smartphone_benchmark/real/e19_real_phone_070_raw.png
E19 Smartphone Benchmark,e19_real_phone_071_raw,Real,0.023026,0.011688,0,0.064880,0,0.059561,0,0.059561,0,Blend,0.011688,0,E20,both_correct,E20_correct__E23_correct,E21_correct__E23_correct,None (Camera ISP),Samsung Galaxy (Galaxy S9),data/e19_smartphone_benchmark/real/e19_real_phone_071_raw.png
E19 Smartphone Benchmark,e19_real_phone_072_raw,Real,0.032043,0.000350,0,0.570801,1,0.513756,1,0.513756,1,Blend,0.570801,1,E21,E20_correct__E21_wrong,E20_correct__E23_wrong,E21_wrong__E23_wrong,None (Camera ISP),Samsung Galaxy (Galaxy S9),data/e19_smartphone_benchmark/real/e19_real_phone_072_raw.png
E19 Smartphone Benchmark,e19_real_phone_073_raw,Real,0.006439,0.002758,0,0.319092,0,0.287458,0,0.287459,0,Blend,0.002758,0,E20,both_correct,E20_correct__E23_correct,E21_correct__E23_correct,None (Camera ISP),Samsung Galaxy (Galaxy S9),data/e19_smartphone_benchmark/real/e19_real_phone_073_raw.png
E19 Smartphone Benchmark,e19_real_phone_074_raw,Real,0.080505,0.020599,0,0.043518,0,0.041226,0,0.041226,0,Blend,0.020599,0,E20,both_correct,E20_correct__E23_correct,E21_correct__E23_correct,None (Camera ISP),Samsung Galaxy (Galaxy S9),data/e19_smartphone_benchmark/real/e19_real_phone_074_raw.png
E19 Smartphone Benchmark,e19_real_phone_075_raw,Real,0.001824,0.003796,0,0.005798,0,0.005598,0,0.005598,0,Blend,0.003796,0,E20,both_correct,E20_correct__E23_correct,E21_correct__E23_correct,None (Camera ISP),Samsung Galaxy (Galaxy S9),data/e19_smartphone_benchmark/real/e19_real_phone_075_raw.png
E19 Smartphone Benchmark,e19_real_phone_076_raw,Real,0.045959,0.002182,0,0.002068,0,0.002079,0,0.002079,0,Blend,0.002182,0,E20,both_correct,E20_correct__E23_correct,E21_correct__E23_correct,None (Camera ISP),Samsung Galaxy (Galaxy S9),data/e19_smartphone_benchmark/real/e19_real_phone_076_raw.png
E19 Smartphone Benchmark,e19_real_phone_077_raw,Real,0.009781,0.000305,0,0.017853,0,0.016098,0,0.016098,0,Blend,0.000305,0,E20,both_correct,E20_correct__E23_correct,E21_correct__E23_correct,None (Camera ISP),Samsung Galaxy (Galaxy S9),data/e19_smartphone_benchmark/real/e19_real_phone_077_raw.png
E19 Smartphone Benchmark,e19_real_phone_078_raw,Real,0.013954,0.010246,0,0.048676,0,0.044833,0,0.044833,0,Blend,0.010246,0,E20,both_correct,E20_correct__E23_correct,E21_correct__E23_correct,None (Camera ISP),Samsung Galaxy (Galaxy S9),data/e19_smartphone_benchmark/real/e19_real_phone_078_raw.png
E19 Smartphone Benchmark,e19_real_phone_079_raw,Real,0.042084,0.004520,0,0.378906,0,0.341468,0,0.341467,0,Blend,0.004520,0,E20,both_correct,E20_correct__E23_correct,E21_correct__E23_correct,None (Camera ISP),Samsung Galaxy (Galaxy S9),data/e19_smartphone_benchmark/real/e19_real_phone_079_raw.png
E19 Smartphone Benchmark,e19_real_phone_080_raw,Real,0.058990,0.165039,0,0.842773,1,0.775000,1,0.775000,1,Blend,0.842773,1,E21,E20_correct__E21_wrong,E20_correct__E23_wrong,E21_wrong__E23_wrong,None (Camera ISP),Samsung Galaxy (Galaxy S9),data/e19_smartphone_benchmark/real/e19_real_phone_080_raw.png
E19 Smartphone Benchmark,e19_real_phone_081_raw,Real,0.069153,0.000776,0,0.952148,1,0.857011,1,0.857011,1,Blend,0.952148,1,E21,E20_correct__E21_wrong,E20_correct__E23_wrong,E21_wrong__E23_wrong,None (Camera ISP),Samsung Galaxy (Galaxy S9),data/e19_smartphone_benchmark/real/e19_real_phone_081_raw.png
E19 Smartphone Benchmark,e19_real_phone_082_raw,Real,0.254883,0.000078,0,0.001184,0,0.001073,0,0.001073,0,Blend,0.000078,0,E20,both_correct,E20_correct__E23_correct,E21_correct__E23_correct,None (Camera ISP),Samsung Galaxy (Galaxy S9),data/e19_smartphone_benchmark/real/e19_real_phone_082_raw.png
E19 Smartphone Benchmark,e19_real_phone_083_raw,Real,0.002434,0.002083,0,0.009377,0,0.008647,0,0.008648,0,Blend,0.002083,0,E20,both_correct,E20_correct__E23_correct,E21_correct__E23_correct,None (Camera ISP),Samsung Galaxy (Galaxy S9),data/e19_smartphone_benchmark/real/e19_real_phone_083_raw.png
E19 Smartphone Benchmark,e19_real_phone_084_raw,Real,0.025955,0.001574,0,0.000466,0,0.000576,0,0.000577,0,Blend,0.001574,0,E20,both_correct,E20_correct__E23_correct,E21_correct__E23_correct,None (Camera ISP),Samsung Galaxy (Galaxy S9),data/e19_smartphone_benchmark/real/e19_real_phone_084_raw.png
E19 Smartphone Benchmark,e19_real_phone_085_raw,Real,0.158203,0.000165,0,0.949219,1,0.854313,1,0.854314,1,Blend,0.949219,1,E21,E20_correct__E21_wrong,E20_correct__E23_wrong,E21_wrong__E23_wrong,None (Camera ISP),Samsung Galaxy (Galaxy S9),data/e19_smartphone_benchmark/real/e19_real_phone_085_raw.png
E19 Smartphone Benchmark,e19_real_phone_086_raw,Real,0.575684,0.020493,0,0.083313,0,0.077031,0,0.077031,0,Blend,0.020493,0,E20,both_correct,E20_correct__E23_correct,E21_correct__E23_correct,None (Camera ISP),Samsung Galaxy (Galaxy S9),data/e19_smartphone_benchmark/real/e19_real_phone_086_raw.png
E19 Smartphone Benchmark,e19_real_phone_087_raw,Real,0.000040,0.000057,0,0.000403,0,0.000368,0,0.000368,0,Blend,0.000057,0,E20,both_correct,E20_correct__E23_correct,E21_correct__E23_correct,None (Camera ISP),Samsung Galaxy (Galaxy S9),data/e19_smartphone_benchmark/real/e19_real_phone_087_raw.png
E19 Smartphone Benchmark,e19_real_phone_088_raw,Real,0.011871,0.000238,0,0.000347,0,0.000336,0,0.000336,0,Blend,0.000238,0,E20,both_correct,E20_correct__E23_correct,E21_correct__E23_correct,None (Camera ISP),Samsung Galaxy (Galaxy S9),data/e19_smartphone_benchmark/real/e19_real_phone_088_raw.png
E19 Smartphone Benchmark,e19_real_phone_089_raw,Real,0.000582,0.000263,0,0.000328,0,0.000321,0,0.000322,0,Blend,0.000263,0,E20,both_correct,E20_correct__E23_correct,E21_correct__E23_correct,None (Camera ISP),Samsung Galaxy (Galaxy S9),data/e19_smartphone_benchmark/real/e19_real_phone_089_raw.png
E19 Smartphone Benchmark,e19_real_phone_090_raw,Real,0.180054,0.291504,0,0.508301,1,0.486621,0,0.486621,0,Blend,0.508301,1,E21,E20_correct__E21_wrong,E20_correct__E23_correct,E21_wrong__E23_correct,None (Camera ISP),Samsung Galaxy (Galaxy S9),data/e19_smartphone_benchmark/real/e19_real_phone_090_raw.png
E19 Smartphone Benchmark,e19_real_phone_091_raw,Real,0.080383,0.000160,0,0.047516,0,0.042780,0,0.042780,0,Blend,0.000160,0,E20,both_correct,E20_correct__E23_correct,E21_correct__E23_correct,None (Camera ISP),Samsung Galaxy (Galaxy S9),data/e19_smartphone_benchmark/real/e19_real_phone_091_raw.png
E19 Smartphone Benchmark,e19_real_phone_092_raw,Real,0.013023,0.003016,0,0.001661,0,0.001797,0,0.001796,0,Blend,0.003016,0,E20,both_correct,E20_correct__E23_correct,E21_correct__E23_correct,None (Camera ISP),Samsung Galaxy (Galaxy S9),data/e19_smartphone_benchmark/real/e19_real_phone_092_raw.png
E19 Smartphone Benchmark,e19_real_phone_093_raw,Real,0.003469,0.005081,0,0.111023,0,0.100429,0,0.100429,0,Blend,0.005081,0,E20,both_correct,E20_correct__E23_correct,E21_correct__E23_correct,None (Camera ISP),Samsung Galaxy (Galaxy S9),data/e19_smartphone_benchmark/real/e19_real_phone_093_raw.png
E19 Smartphone Benchmark,e19_real_phone_094_raw,Real,0.000128,0.000876,0,0.023422,0,0.021168,0,0.021167,0,Blend,0.000876,0,E20,both_correct,E20_correct__E23_correct,E21_correct__E23_correct,None (Camera ISP),Samsung Galaxy (Galaxy S9),data/e19_smartphone_benchmark/real/e19_real_phone_094_raw.png
E19 Smartphone Benchmark,e19_real_phone_095_raw,Real,0.026260,0.000573,0,0.088684,0,0.079873,0,0.079873,0,Blend,0.000573,0,E20,both_correct,E20_correct__E23_correct,E21_correct__E23_correct,None (Camera ISP),Samsung Galaxy (Galaxy S9),data/e19_smartphone_benchmark/real/e19_real_phone_095_raw.png
E19 Smartphone Benchmark,e19_real_phone_096_raw,Real,0.147095,0.001225,0,0.698242,1,0.628541,1,0.628540,1,Blend,0.698242,1,E21,E20_correct__E21_wrong,E20_correct__E23_wrong,E21_wrong__E23_wrong,None (Camera ISP),Samsung Galaxy (Galaxy S9),data/e19_smartphone_benchmark/real/e19_real_phone_096_raw.png
E19 Smartphone Benchmark,e19_real_phone_097_raw,Real,0.173584,0.020447,0,0.045349,0,0.042859,0,0.042859,0,Blend,0.020447,0,E20,both_correct,E20_correct__E23_correct,E21_correct__E23_correct,None (Camera ISP),Samsung Galaxy (Galaxy S9),data/e19_smartphone_benchmark/real/e19_real_phone_097_raw.png
E19 Smartphone Benchmark,e19_real_phone_098_raw,Real,0.457275,0.034485,0,0.528320,1,0.478937,0,0.478937,0,Blend,0.528320,1,E21,E20_correct__E21_wrong,E20_correct__E23_correct,E21_wrong__E23_correct,None (Camera ISP),Samsung Galaxy (Galaxy S9),data/e19_smartphone_benchmark/real/e19_real_phone_098_raw.png
E19 Smartphone Benchmark,e19_real_phone_099_raw,Real,0.088318,0.006641,0,0.033783,0,0.031069,0,0.031069,0,Blend,0.006641,0,E20,both_correct,E20_correct__E23_correct,E21_correct__E23_correct,None (Camera ISP),Samsung Galaxy (Galaxy S9),data/e19_smartphone_benchmark/real/e19_real_phone_099_raw.png
E19 Smartphone Benchmark,e19_real_phone_100_raw,Real,0.071716,0.000525,0,0.001980,0,0.001834,0,0.001834,0,Blend,0.000525,0,E20,both_correct,E20_correct__E23_correct,E21_correct__E23_correct,None (Camera ISP),Samsung Galaxy (Galaxy S9),data/e19_smartphone_benchmark/real/e19_real_phone_100_raw.png
E19 Smartphone Benchmark,e19_ai_001_wa,AI,0.004314,0.923340,1,0.984863,1,0.978711,1,0.978711,1,Blend,0.923340,1,E20,both_correct,E20_correct__E23_correct,E21_correct__E23_correct,"FLUX (Flux LoRA Synthetic Corpus, exact engine unspecified)",Synthetic (None),data/e19_smartphone_benchmark/ai/e19_ai_001_wa.jpeg
E19 Smartphone Benchmark,e19_ai_002_wa,AI,0.341797,0.734375,1,0.954590,1,0.932568,1,0.932569,1,Blend,0.734375,1,E20,both_correct,E20_correct__E23_correct,E21_correct__E23_correct,"FLUX (Flux LoRA Synthetic Corpus, exact engine unspecified)",Synthetic (None),data/e19_smartphone_benchmark/ai/e19_ai_002_wa.jpeg
E19 Smartphone Benchmark,e19_ai_003_wa,AI,0.292969,0.027328,0,0.522949,1,0.473387,0,0.473387,0,Blend,0.522949,1,E21,E20_wrong__E21_correct,E20_wrong__E23_wrong,E21_correct__E23_wrong,"FLUX (Flux LoRA Synthetic Corpus, exact engine unspecified)",Synthetic (None),data/e19_smartphone_benchmark/ai/e19_ai_003_wa.jpeg
E19 Smartphone Benchmark,e19_ai_004_wa,AI,0.024094,0.243042,0,0.635742,1,0.596472,1,0.596472,1,Blend,0.635742,1,E21,E20_wrong__E21_correct,E20_wrong__E23_correct,E21_correct__E23_correct,"FLUX (Flux LoRA Synthetic Corpus, exact engine unspecified)",Synthetic (None),data/e19_smartphone_benchmark/ai/e19_ai_004_wa.jpeg
E19 Smartphone Benchmark,e19_ai_005_wa,AI,0.020020,0.488770,0,0.953613,1,0.907129,1,0.907129,1,Blend,0.953613,1,E21,E20_wrong__E21_correct,E20_wrong__E23_correct,E21_correct__E23_correct,"FLUX (Flux LoRA Synthetic Corpus, exact engine unspecified)",Synthetic (None),data/e19_smartphone_benchmark/ai/e19_ai_005_wa.jpeg
E19 Smartphone Benchmark,e19_ai_006_wa,AI,0.171631,0.022110,0,0.334717,0,0.303456,0,0.303456,0,Blend,0.022110,0,E20,both_wrong,E20_wrong__E23_wrong,E21_wrong__E23_wrong,"FLUX (Flux LoRA Synthetic Corpus, exact engine unspecified)",Synthetic (None),data/e19_smartphone_benchmark/ai/e19_ai_006_wa.jpeg
E19 Smartphone Benchmark,e19_ai_007_wa,AI,0.024048,0.031982,0,0.633301,1,0.573169,1,0.573169,1,Blend,0.633301,1,E21,E20_wrong__E21_correct,E20_wrong__E23_correct,E21_correct__E23_correct,"FLUX (Flux LoRA Synthetic Corpus, exact engine unspecified)",Synthetic (None),data/e19_smartphone_benchmark/ai/e19_ai_007_wa.jpeg
E19 Smartphone Benchmark,e19_ai_008_wa,AI,0.001017,0.704590,1,0.966309,1,0.940137,1,0.940137,1,Blend,0.704590,1,E20,both_correct,E20_correct__E23_correct,E21_correct__E23_correct,"FLUX (Flux LoRA Synthetic Corpus, exact engine unspecified)",Synthetic (None),data/e19_smartphone_benchmark/ai/e19_ai_008_wa.jpeg
E19 Smartphone Benchmark,e19_ai_009_wa,AI,0.009018,0.846680,1,0.966797,1,0.954785,1,0.954785,1,Blend,0.846680,1,E20,both_correct,E20_correct__E23_correct,E21_correct__E23_correct,"FLUX (Flux LoRA Synthetic Corpus, exact engine unspecified)",Synthetic (None),data/e19_smartphone_benchmark/ai/e19_ai_009_wa.jpeg
E19 Smartphone Benchmark,e19_ai_010_wa,AI,0.032959,0.149048,0,0.830078,1,0.761975,1,0.761975,1,Blend,0.830078,1,E21,E20_wrong__E21_correct,E20_wrong__E23_correct,E21_correct__E23_correct,"FLUX (Flux LoRA Synthetic Corpus, exact engine unspecified)",Synthetic (None),data/e19_smartphone_benchmark/ai/e19_ai_010_wa.jpeg
E19 Smartphone Benchmark,e19_ai_011_wa,AI,0.024567,0.013069,0,0.543457,1,0.490418,0,0.490418,0,Blend,0.543457,1,E21,E20_wrong__E21_correct,E20_wrong__E23_wrong,E21_correct__E23_wrong,"FLUX (Flux LoRA Synthetic Corpus, exact engine unspecified)",Synthetic (None),data/e19_smartphone_benchmark/ai/e19_ai_011_wa.jpeg
E19 Smartphone Benchmark,e19_ai_012_wa,AI,0.604004,0.187866,0,0.566406,1,0.528552,1,0.528552,1,Blend,0.566406,1,E21,E20_wrong__E21_correct,E20_wrong__E23_correct,E21_correct__E23_correct,"FLUX (Flux LoRA Synthetic Corpus, exact engine unspecified)",Synthetic (None),data/e19_smartphone_benchmark/ai/e19_ai_012_wa.jpeg
E19 Smartphone Benchmark,e19_ai_013_wa,AI,0.070068,0.006123,0,0.544922,1,0.491042,0,0.491042,0,Blend,0.544922,1,E21,E20_wrong__E21_correct,E20_wrong__E23_wrong,E21_correct__E23_wrong,"FLUX (Flux LoRA Synthetic Corpus, exact engine unspecified)",Synthetic (None),data/e19_smartphone_benchmark/ai/e19_ai_013_wa.jpeg
E19 Smartphone Benchmark,e19_ai_014_wa,AI,0.042572,0.036346,0,0.505371,1,0.458469,0,0.458469,0,Blend,0.505371,1,E21,E20_wrong__E21_correct,E20_wrong__E23_wrong,E21_correct__E23_wrong,"FLUX (Flux LoRA Synthetic Corpus, exact engine unspecified)",Synthetic (None),data/e19_smartphone_benchmark/ai/e19_ai_014_wa.jpeg
E19 Smartphone Benchmark,e19_ai_015_wa,AI,0.110291,0.417480,0,0.640625,1,0.618311,1,0.618310,1,Blend,0.640625,1,E21,E20_wrong__E21_correct,E20_wrong__E23_correct,E21_correct__E23_correct,"FLUX (Flux LoRA Synthetic Corpus, exact engine unspecified)",Synthetic (None),data/e19_smartphone_benchmark/ai/e19_ai_015_wa.jpeg
E19 Smartphone Benchmark,e19_ai_016_wa,AI,0.570312,0.536621,1,0.980957,1,0.936523,1,0.936523,1,Blend,0.536621,1,E20,both_correct,E20_correct__E23_correct,E21_correct__E23_correct,"FLUX (Flux LoRA Synthetic Corpus, exact engine unspecified)",Synthetic (None),data/e19_smartphone_benchmark/ai/e19_ai_016_wa.jpeg
E19 Smartphone Benchmark,e19_ai_017_wa,AI,0.023819,0.572266,1,0.411621,0,0.427686,0,0.427686,0,Blend,0.411621,0,E21,E20_correct__E21_wrong,E20_correct__E23_wrong,E21_wrong__E23_wrong,"FLUX (Flux LoRA Synthetic Corpus, exact engine unspecified)",Synthetic (None),data/e19_smartphone_benchmark/ai/e19_ai_017_wa.jpeg
E19 Smartphone Benchmark,e19_ai_018_wa,AI,0.062561,0.074341,0,0.700684,1,0.638049,1,0.638050,1,Blend,0.700684,1,E21,E20_wrong__E21_correct,E20_wrong__E23_correct,E21_correct__E23_correct,"FLUX (Flux LoRA Synthetic Corpus, exact engine unspecified)",Synthetic (None),data/e19_smartphone_benchmark/ai/e19_ai_018_wa.jpeg
E19 Smartphone Benchmark,e19_ai_019_wa,AI,0.014450,0.484863,0,0.825684,1,0.791602,1,0.791602,1,Blend,0.825684,1,E21,E20_wrong__E21_correct,E20_wrong__E23_correct,E21_correct__E23_correct,"FLUX (Flux LoRA Synthetic Corpus, exact engine unspecified)",Synthetic (None),data/e19_smartphone_benchmark/ai/e19_ai_019_wa.jpeg
E19 Smartphone Benchmark,e19_ai_020_wa,AI,0.157837,0.906250,1,0.978516,1,0.971289,1,0.971289,1,Blend,0.906250,1,E20,both_correct,E20_correct__E23_correct,E21_correct__E23_correct,"FLUX (Flux LoRA Synthetic Corpus, exact engine unspecified)",Synthetic (None),data/e19_smartphone_benchmark/ai/e19_ai_020_wa.jpeg
E19 Smartphone Benchmark,e19_ai_021_wa,AI,0.545898,0.497559,0,0.964355,1,0.917676,1,0.917675,1,Blend,0.964355,1,E21,E20_wrong__E21_correct,E20_wrong__E23_correct,E21_correct__E23_correct,Google Gemini (exact underlying model unspecified),Synthetic (None),data/e19_smartphone_benchmark/ai/e19_ai_021_wa.jpeg
E19 Smartphone Benchmark,e19_ai_022_wa,AI,0.473145,0.993164,1,0.998535,1,0.997998,1,0.997998,1,Blend,0.993164,1,E20,both_correct,E20_correct__E23_correct,E21_correct__E23_correct,Google Gemini (exact underlying model unspecified),Synthetic (None),data/e19_smartphone_benchmark/ai/e19_ai_022_wa.jpeg
E19 Smartphone Benchmark,e19_ai_023_wa,AI,0.717773,0.916504,1,0.909668,1,0.910352,1,0.910352,1,Blend,0.916504,1,E20,both_correct,E20_correct__E23_correct,E21_correct__E23_correct,Google Gemini (exact underlying model unspecified),Synthetic (None),data/e19_smartphone_benchmark/ai/e19_ai_023_wa.jpeg
E19 Smartphone Benchmark,e19_ai_024_wa,AI,0.018372,0.763184,1,0.705566,1,0.711328,1,0.711328,1,Blend,0.763184,1,E20,both_correct,E20_correct__E23_correct,E21_correct__E23_correct,Google Gemini (exact underlying model unspecified),Synthetic (None),data/e19_smartphone_benchmark/ai/e19_ai_024_wa.jpeg
E19 Smartphone Benchmark,e19_ai_025_wa,AI,0.068787,0.904297,1,0.691895,1,0.713135,1,0.713135,1,Blend,0.904297,1,E20,both_correct,E20_correct__E23_correct,E21_correct__E23_correct,Google Gemini (exact underlying model unspecified),Synthetic (None),data/e19_smartphone_benchmark/ai/e19_ai_025_wa.jpeg
E19 Smartphone Benchmark,e19_ai_026_wa,AI,0.013123,0.479004,0,0.656250,1,0.638525,1,0.638525,1,Blend,0.656250,1,E21,E20_wrong__E21_correct,E20_wrong__E23_correct,E21_correct__E23_correct,Google Gemini (exact underlying model unspecified),Synthetic (None),data/e19_smartphone_benchmark/ai/e19_ai_026_wa.jpeg
E19 Smartphone Benchmark,e19_ai_027_wa,AI,0.221802,0.856445,1,0.976562,1,0.964551,1,0.964550,1,Blend,0.856445,1,E20,both_correct,E20_correct__E23_correct,E21_correct__E23_correct,Google Gemini (exact underlying model unspecified),Synthetic (None),data/e19_smartphone_benchmark/ai/e19_ai_027_wa.jpeg
E19 Smartphone Benchmark,e19_ai_028_wa,AI,0.111633,0.892090,1,0.000000,0,0.089209,0,0.089209,0,Blend,0.000000,0,E21,E20_correct__E21_wrong,E20_correct__E23_wrong,E21_wrong__E23_wrong,Google Gemini (exact underlying model unspecified),Synthetic (None),data/e19_smartphone_benchmark/ai/e19_ai_028_wa.jpeg
E19 Smartphone Benchmark,e19_ai_029_wa,AI,0.803223,0.710938,1,0.974609,1,0.948242,1,0.948242,1,Blend,0.710938,1,E20,both_correct,E20_correct__E23_correct,E21_correct__E23_correct,Google Gemini (exact underlying model unspecified),Synthetic (None),data/e19_smartphone_benchmark/ai/e19_ai_029_wa.jpeg
E19 Smartphone Benchmark,e19_ai_030_wa,AI,0.016983,0.537109,1,0.815918,1,0.788037,1,0.788037,1,Blend,0.537109,1,E20,both_correct,E20_correct__E23_correct,E21_correct__E23_correct,Google Gemini (exact underlying model unspecified),Synthetic (None),data/e19_smartphone_benchmark/ai/e19_ai_030_wa.jpeg
E19 Smartphone Benchmark,e19_ai_031_raw,AI,0.856934,0.814453,1,0.923828,1,0.912891,1,0.912891,1,Blend,0.814453,1,E20,both_correct,E20_correct__E23_correct,E21_correct__E23_correct,Google Gemini (exact underlying model unspecified),Synthetic (None),data/e19_smartphone_benchmark/ai/e19_ai_031_raw.png
E19 Smartphone Benchmark,e19_ai_032_raw,AI,0.027908,0.903320,1,0.545410,1,0.581201,1,0.581201,1,Blend,0.903320,1,E20,both_correct,E20_correct__E23_correct,E21_correct__E23_correct,Google Gemini (exact underlying model unspecified),Synthetic (None),data/e19_smartphone_benchmark/ai/e19_ai_032_raw.png
E19 Smartphone Benchmark,e19_ai_033_raw,AI,0.995605,0.998047,1,0.998535,1,0.998486,1,0.998486,1,Blend,0.998047,1,E20,both_correct,E20_correct__E23_correct,E21_correct__E23_correct,Google Gemini (exact underlying model unspecified),Synthetic (None),data/e19_smartphone_benchmark/ai/e19_ai_033_raw.png
E19 Smartphone Benchmark,e19_ai_034_raw,AI,0.286621,0.354492,0,0.951172,1,0.891504,1,0.891504,1,Blend,0.951172,1,E21,E20_wrong__E21_correct,E20_wrong__E23_correct,E21_correct__E23_correct,Google Gemini (exact underlying model unspecified),Synthetic (None),data/e19_smartphone_benchmark/ai/e19_ai_034_raw.png
E19 Smartphone Benchmark,e19_ai_035_raw,AI,0.026459,0.266602,0,0.168823,0,0.178601,0,0.178601,0,Blend,0.266602,0,E20,both_wrong,E20_wrong__E23_wrong,E21_wrong__E23_wrong,Google Gemini (exact underlying model unspecified),Synthetic (None),data/e19_smartphone_benchmark/ai/e19_ai_035_raw.png
E19 Smartphone Benchmark,e19_ai_036_raw,AI,0.000054,0.001004,0,0.000155,0,0.000240,0,0.000240,0,Blend,0.001004,0,E20,both_wrong,E20_wrong__E23_wrong,E21_wrong__E23_wrong,Google Gemini (exact underlying model unspecified),Synthetic (None),data/e19_smartphone_benchmark/ai/e19_ai_036_raw.jpg
E19 Smartphone Benchmark,e19_ai_037_raw,AI,0.744629,0.753418,1,0.973145,1,0.951172,1,0.951172,1,Blend,0.753418,1,E20,both_correct,E20_correct__E23_correct,E21_correct__E23_correct,Google Gemini (exact underlying model unspecified),Synthetic (None),data/e19_smartphone_benchmark/ai/e19_ai_037_raw.png
E19 Smartphone Benchmark,e19_ai_038_raw,AI,0.061646,0.943359,1,0.994141,1,0.989063,1,0.989063,1,Blend,0.943359,1,E20,both_correct,E20_correct__E23_correct,E21_correct__E23_correct,Google Gemini (exact underlying model unspecified),Synthetic (None),data/e19_smartphone_benchmark/ai/e19_ai_038_raw.png
E19 Smartphone Benchmark,e19_ai_039_raw,AI,0.083008,0.262207,0,0.090576,0,0.107739,0,0.107739,0,Blend,0.262207,0,E20,both_wrong,E20_wrong__E23_wrong,E21_wrong__E23_wrong,Google Gemini (exact underlying model unspecified),Synthetic (None),data/e19_smartphone_benchmark/ai/e19_ai_039_raw.png
E19 Smartphone Benchmark,e19_ai_040_raw,AI,0.181396,0.868652,1,0.405762,0,0.452051,0,0.452051,0,Blend,0.405762,0,E21,E20_correct__E21_wrong,E20_correct__E23_wrong,E21_wrong__E23_wrong,Google Gemini (exact underlying model unspecified),Synthetic (None),data/e19_smartphone_benchmark/ai/e19_ai_040_raw.png
E19 Smartphone Benchmark,e19_ai_041_raw,AI,0.999023,0.996582,1,1.000000,1,0.999658,1,0.999658,1,Blend,0.996582,1,E20,both_correct,E20_correct__E23_correct,E21_correct__E23_correct,Midjourney (exact version unspecified),Synthetic (None),data/e19_smartphone_benchmark/ai/e19_ai_041_raw.jpg
E19 Smartphone Benchmark,e19_ai_042_raw,AI,0.999512,0.998535,1,0.999512,1,0.999414,1,0.999414,1,Blend,0.998535,1,E20,both_correct,E20_correct__E23_correct,E21_correct__E23_correct,Midjourney (exact version unspecified),Synthetic (None),data/e19_smartphone_benchmark/ai/e19_ai_042_raw.jpg
E19 Smartphone Benchmark,e19_ai_043_raw,AI,0.992188,0.944824,1,0.993652,1,0.988770,1,0.988769,1,Blend,0.944824,1,E20,both_correct,E20_correct__E23_correct,E21_correct__E23_correct,Midjourney (exact version unspecified),Synthetic (None),data/e19_smartphone_benchmark/ai/e19_ai_043_raw.jpg
E19 Smartphone Benchmark,e19_ai_044_raw,AI,0.999023,0.999512,1,0.997559,1,0.997754,1,0.997754,1,Blend,0.999512,1,E20,both_correct,E20_correct__E23_correct,E21_correct__E23_correct,Midjourney (exact version unspecified),Synthetic (None),data/e19_smartphone_benchmark/ai/e19_ai_044_raw.png
E19 Smartphone Benchmark,e19_ai_045_raw,AI,0.935547,0.974121,1,0.969238,1,0.969727,1,0.969726,1,Blend,0.974121,1,E20,both_correct,E20_correct__E23_correct,E21_correct__E23_correct,Midjourney (exact version unspecified),Synthetic (None),data/e19_smartphone_benchmark/ai/e19_ai_045_raw.jpg
E19 Smartphone Benchmark,e19_ai_046_raw,AI,0.999023,0.999512,1,0.998535,1,0.998633,1,0.998633,1,Blend,0.999512,1,E20,both_correct,E20_correct__E23_correct,E21_correct__E23_correct,Midjourney (exact version unspecified),Synthetic (None),data/e19_smartphone_benchmark/ai/e19_ai_046_raw.png
E19 Smartphone Benchmark,e19_ai_047_raw,AI,0.096375,0.451904,0,0.822754,1,0.785669,1,0.785669,1,Blend,0.822754,1,E21,E20_wrong__E21_correct,E20_wrong__E23_correct,E21_correct__E23_correct,Midjourney (exact version unspecified),Synthetic (None),data/e19_smartphone_benchmark/ai/e19_ai_047_raw.jpg
E19 Smartphone Benchmark,e19_ai_048_raw,AI,0.948730,0.991699,1,0.982422,1,0.983350,1,0.983350,1,Blend,0.991699,1,E20,both_correct,E20_correct__E23_correct,E21_correct__E23_correct,Midjourney (exact version unspecified),Synthetic (None),data/e19_smartphone_benchmark/ai/e19_ai_048_raw.png
E19 Smartphone Benchmark,e19_ai_049_raw,AI,0.447510,0.194946,0,0.967285,1,0.890051,1,0.890051,1,Blend,0.967285,1,E21,E20_wrong__E21_correct,E20_wrong__E23_correct,E21_correct__E23_correct,Midjourney (exact version unspecified),Synthetic (None),data/e19_smartphone_benchmark/ai/e19_ai_049_raw.png
E19 Smartphone Benchmark,e19_ai_050_raw,AI,0.831543,0.985840,1,0.998047,1,0.996826,1,0.996826,1,Blend,0.985840,1,E20,both_correct,E20_correct__E23_correct,E21_correct__E23_correct,Midjourney (exact version unspecified),Synthetic (None),data/e19_smartphone_benchmark/ai/e19_ai_050_raw.png
E19 Smartphone Benchmark,e19_ai_051_raw,AI,0.922852,0.998535,1,0.999512,1,0.999414,1,0.999414,1,Blend,0.998535,1,E20,both_correct,E20_correct__E23_correct,E21_correct__E23_correct,Midjourney (exact version unspecified),Synthetic (None),data/e19_smartphone_benchmark/ai/e19_ai_051_raw.png
E19 Smartphone Benchmark,e19_ai_052_raw,AI,0.999023,1.000000,1,0.999512,1,0.999561,1,0.999561,1,Blend,1.000000,1,E20,both_correct,E20_correct__E23_correct,E21_correct__E23_correct,Midjourney (exact version unspecified),Synthetic (None),data/e19_smartphone_benchmark/ai/e19_ai_052_raw.png
E19 Smartphone Benchmark,e19_ai_053_raw,AI,0.910645,0.972168,1,0.939453,1,0.942725,1,0.942724,1,Blend,0.972168,1,E20,both_correct,E20_correct__E23_correct,E21_correct__E23_correct,Midjourney (exact version unspecified),Synthetic (None),data/e19_smartphone_benchmark/ai/e19_ai_053_raw.jpg
E19 Smartphone Benchmark,e19_ai_054_raw,AI,0.979492,0.939453,1,0.998047,1,0.992188,1,0.992188,1,Blend,0.939453,1,E20,both_correct,E20_correct__E23_correct,E21_correct__E23_correct,Midjourney (exact version unspecified),Synthetic (None),data/e19_smartphone_benchmark/ai/e19_ai_054_raw.jpg
E19 Smartphone Benchmark,e19_ai_055_raw,AI,0.980469,0.935547,1,0.994141,1,0.988281,1,0.988282,1,Blend,0.935547,1,E20,both_correct,E20_correct__E23_correct,E21_correct__E23_correct,Midjourney (exact version unspecified),Synthetic (None),data/e19_smartphone_benchmark/ai/e19_ai_055_raw.png
E19 Smartphone Benchmark,e19_ai_056_raw,AI,0.994141,0.969727,1,0.988770,1,0.986865,1,0.986866,1,Blend,0.969727,1,E20,both_correct,E20_correct__E23_correct,E21_correct__E23_correct,Midjourney (exact version unspecified),Synthetic (None),data/e19_smartphone_benchmark/ai/e19_ai_056_raw.png
E19 Smartphone Benchmark,e19_ai_057_raw,AI,0.982910,0.981445,1,0.979004,1,0.979248,1,0.979248,1,Blend,0.981445,1,E20,both_correct,E20_correct__E23_correct,E21_correct__E23_correct,Midjourney (exact version unspecified),Synthetic (None),data/e19_smartphone_benchmark/ai/e19_ai_057_raw.png
E19 Smartphone Benchmark,e19_ai_058_raw,AI,0.944336,0.987793,1,1.000000,1,0.998779,1,0.998779,1,Blend,0.987793,1,E20,both_correct,E20_correct__E23_correct,E21_correct__E23_correct,Midjourney (exact version unspecified),Synthetic (None),data/e19_smartphone_benchmark/ai/e19_ai_058_raw.png
E19 Smartphone Benchmark,e19_ai_059_raw,AI,0.344238,0.347168,0,0.996582,1,0.931641,1,0.931641,1,Blend,0.996582,1,E21,E20_wrong__E21_correct,E20_wrong__E23_correct,E21_correct__E23_correct,Midjourney (exact version unspecified),Synthetic (None),data/e19_smartphone_benchmark/ai/e19_ai_059_raw.png
E19 Smartphone Benchmark,e19_ai_060_raw,AI,0.917480,0.796875,1,0.998047,1,0.977930,1,0.977930,1,Blend,0.796875,1,E20,both_correct,E20_correct__E23_correct,E21_correct__E23_correct,Midjourney (exact version unspecified),Synthetic (None),data/e19_smartphone_benchmark/ai/e19_ai_060_raw.png
E19 Smartphone Benchmark,e19_ai_061_raw,AI,0.986328,0.921387,1,0.917969,1,0.918311,1,0.918311,1,Blend,0.921387,1,E20,both_correct,E20_correct__E23_correct,E21_correct__E23_correct,OpenAI DALL-E (DALL-E 3),Synthetic (None),data/e19_smartphone_benchmark/ai/e19_ai_061_raw.png
E19 Smartphone Benchmark,e19_ai_062_raw,AI,0.990723,0.974609,1,0.922852,1,0.928027,1,0.928028,1,Blend,0.974609,1,E20,both_correct,E20_correct__E23_correct,E21_correct__E23_correct,OpenAI DALL-E (DALL-E 3),Synthetic (None),data/e19_smartphone_benchmark/ai/e19_ai_062_raw.png
E19 Smartphone Benchmark,e19_ai_063_raw,AI,0.983398,0.991211,1,0.922363,1,0.929248,1,0.929248,1,Blend,0.991211,1,E20,both_correct,E20_correct__E23_correct,E21_correct__E23_correct,OpenAI DALL-E (DALL-E 3),Synthetic (None),data/e19_smartphone_benchmark/ai/e19_ai_063_raw.jpg
E19 Smartphone Benchmark,e19_ai_064_raw,AI,0.758301,0.981445,1,0.971191,1,0.972217,1,0.972216,1,Blend,0.981445,1,E20,both_correct,E20_correct__E23_correct,E21_correct__E23_correct,OpenAI DALL-E (DALL-E 3),Synthetic (None),data/e19_smartphone_benchmark/ai/e19_ai_064_raw.webp
E19 Smartphone Benchmark,e19_ai_065_raw,AI,0.904297,1.000000,1,1.000000,1,1.000000,1,1.000000,1,Blend,1.000000,1,E20,both_correct,E20_correct__E23_correct,E21_correct__E23_correct,OpenAI DALL-E (DALL-E 3),Synthetic (None),data/e19_smartphone_benchmark/ai/e19_ai_065_raw.png
E19 Smartphone Benchmark,e19_ai_066_raw,AI,0.975586,0.911133,1,0.981445,1,0.974414,1,0.974414,1,Blend,0.911133,1,E20,both_correct,E20_correct__E23_correct,E21_correct__E23_correct,OpenAI DALL-E (DALL-E 3),Synthetic (None),data/e19_smartphone_benchmark/ai/e19_ai_066_raw.png
E19 Smartphone Benchmark,e19_ai_067_raw,AI,0.232544,0.378174,0,0.799316,1,0.757202,1,0.757202,1,Blend,0.799316,1,E21,E20_wrong__E21_correct,E20_wrong__E23_correct,E21_correct__E23_correct,OpenAI DALL-E (DALL-E 3),Synthetic (None),data/e19_smartphone_benchmark/ai/e19_ai_067_raw.jpg
E19 Smartphone Benchmark,e19_ai_068_raw,AI,0.950195,0.978516,1,0.986816,1,0.985986,1,0.985986,1,Blend,0.978516,1,E20,both_correct,E20_correct__E23_correct,E21_correct__E23_correct,OpenAI DALL-E (DALL-E 3),Synthetic (None),data/e19_smartphone_benchmark/ai/e19_ai_068_raw.jpg
E19 Smartphone Benchmark,e19_ai_069_raw,AI,0.988770,0.979492,1,0.997559,1,0.995752,1,0.995752,1,Blend,0.979492,1,E20,both_correct,E20_correct__E23_correct,E21_correct__E23_correct,OpenAI DALL-E (DALL-E 3),Synthetic (None),data/e19_smartphone_benchmark/ai/e19_ai_069_raw.jpg
E19 Smartphone Benchmark,e19_ai_070_raw,AI,0.777832,0.857422,1,0.798340,1,0.804248,1,0.804248,1,Blend,0.857422,1,E20,both_correct,E20_correct__E23_correct,E21_correct__E23_correct,OpenAI DALL-E (DALL-E 3),Synthetic (None),data/e19_smartphone_benchmark/ai/e19_ai_070_raw.jpg
E19 Smartphone Benchmark,e19_ai_071_raw,AI,0.192871,0.986328,1,0.927734,1,0.933594,1,0.933593,1,Blend,0.986328,1,E20,both_correct,E20_correct__E23_correct,E21_correct__E23_correct,OpenAI DALL-E (DALL-E 3),Synthetic (None),data/e19_smartphone_benchmark/ai/e19_ai_071_raw.jpg
E19 Smartphone Benchmark,e19_ai_072_raw,AI,0.213013,0.985352,1,0.000000,0,0.098535,0,0.098535,0,Blend,0.000000,0,E21,E20_correct__E21_wrong,E20_correct__E23_wrong,E21_wrong__E23_wrong,OpenAI DALL-E (DALL-E 3),Synthetic (None),data/e19_smartphone_benchmark/ai/e19_ai_072_raw.png
E19 Smartphone Benchmark,e19_ai_073_raw,AI,0.983398,0.890137,1,0.999023,1,0.988135,1,0.988134,1,Blend,0.890137,1,E20,both_correct,E20_correct__E23_correct,E21_correct__E23_correct,OpenAI DALL-E (DALL-E 3),Synthetic (None),data/e19_smartphone_benchmark/ai/e19_ai_073_raw.png
E19 Smartphone Benchmark,e19_ai_074_raw,AI,0.906738,0.997070,1,0.998535,1,0.998389,1,0.998389,1,Blend,0.997070,1,E20,both_correct,E20_correct__E23_correct,E21_correct__E23_correct,OpenAI DALL-E (DALL-E 3),Synthetic (None),data/e19_smartphone_benchmark/ai/e19_ai_074_raw.jpg
E19 Smartphone Benchmark,e19_ai_075_raw,AI,0.117371,0.937500,1,0.940430,1,0.940137,1,0.940137,1,Blend,0.937500,1,E20,both_correct,E20_correct__E23_correct,E21_correct__E23_correct,OpenAI DALL-E (DALL-E 3),Synthetic (None),data/e19_smartphone_benchmark/ai/e19_ai_075_raw.jpg
E19 Smartphone Benchmark,e19_ai_076_raw,AI,0.012726,0.967285,1,0.914551,1,0.919824,1,0.919824,1,Blend,0.967285,1,E20,both_correct,E20_correct__E23_correct,E21_correct__E23_correct,OpenAI DALL-E (DALL-E 3),Synthetic (None),data/e19_smartphone_benchmark/ai/e19_ai_076_raw.jpg
E19 Smartphone Benchmark,e19_ai_077_raw,AI,0.994141,0.854492,1,0.763184,1,0.772314,1,0.772315,1,Blend,0.854492,1,E20,both_correct,E20_correct__E23_correct,E21_correct__E23_correct,OpenAI DALL-E (DALL-E 3),Synthetic (None),data/e19_smartphone_benchmark/ai/e19_ai_077_raw.png
E19 Smartphone Benchmark,e19_ai_078_raw,AI,0.598633,0.932617,1,0.854004,1,0.861865,1,0.861865,1,Blend,0.932617,1,E20,both_correct,E20_correct__E23_correct,E21_correct__E23_correct,OpenAI DALL-E (DALL-E 3),Synthetic (None),data/e19_smartphone_benchmark/ai/e19_ai_078_raw.webp
E19 Smartphone Benchmark,e19_ai_079_raw,AI,0.983398,0.631348,1,0.909180,1,0.881396,1,0.881397,1,Blend,0.631348,1,E20,both_correct,E20_correct__E23_correct,E21_correct__E23_correct,OpenAI DALL-E (DALL-E 3),Synthetic (None),data/e19_smartphone_benchmark/ai/e19_ai_079_raw.png
E19 Smartphone Benchmark,e19_ai_080_raw,AI,0.192139,0.799805,1,0.741211,1,0.747070,1,0.747070,1,Blend,0.799805,1,E20,both_correct,E20_correct__E23_correct,E21_correct__E23_correct,OpenAI DALL-E (DALL-E 3),Synthetic (None),data/e19_smartphone_benchmark/ai/e19_ai_080_raw.jpg
E19 Smartphone Benchmark,e19_ai_081_raw,AI,0.999023,0.974609,1,0.999512,1,0.997021,1,0.997022,1,Blend,0.974609,1,E20,both_correct,E20_correct__E23_correct,E21_correct__E23_correct,Stability AI Stable Diffusion (exact version unspecified),Synthetic (None),data/e19_smartphone_benchmark/ai/e19_ai_081_raw.png
E19 Smartphone Benchmark,e19_ai_082_raw,AI,0.934082,0.951660,1,0.978516,1,0.975830,1,0.975830,1,Blend,0.951660,1,E20,both_correct,E20_correct__E23_correct,E21_correct__E23_correct,Stability AI Stable Diffusion (exact version unspecified),Synthetic (None),data/e19_smartphone_benchmark/ai/e19_ai_082_raw.png
E19 Smartphone Benchmark,e19_ai_083_raw,AI,0.823730,0.946289,1,0.306885,0,0.370825,0,0.370825,0,Blend,0.306885,0,E21,E20_correct__E21_wrong,E20_correct__E23_wrong,E21_wrong__E23_wrong,Stability AI Stable Diffusion (exact version unspecified),Synthetic (None),data/e19_smartphone_benchmark/ai/e19_ai_083_raw.png
E19 Smartphone Benchmark,e19_ai_084_raw,AI,0.835938,0.945801,1,0.992676,1,0.987988,1,0.987988,1,Blend,0.945801,1,E20,both_correct,E20_correct__E23_correct,E21_correct__E23_correct,Stability AI Stable Diffusion (exact version unspecified),Synthetic (None),data/e19_smartphone_benchmark/ai/e19_ai_084_raw.jpg
E19 Smartphone Benchmark,e19_ai_085_raw,AI,0.673828,0.361328,0,0.770508,1,0.729590,1,0.729590,1,Blend,0.770508,1,E21,E20_wrong__E21_correct,E20_wrong__E23_correct,E21_correct__E23_correct,Stability AI Stable Diffusion (exact version unspecified),Synthetic (None),data/e19_smartphone_benchmark/ai/e19_ai_085_raw.jpg
E19 Smartphone Benchmark,e19_ai_086_raw,AI,0.975098,0.983887,1,0.919922,1,0.926318,1,0.926319,1,Blend,0.983887,1,E20,both_correct,E20_correct__E23_correct,E21_correct__E23_correct,Stability AI Stable Diffusion (exact version unspecified),Synthetic (None),data/e19_smartphone_benchmark/ai/e19_ai_086_raw.jpg
E19 Smartphone Benchmark,e19_ai_087_raw,AI,0.162231,0.992188,1,0.967285,1,0.969775,1,0.969775,1,Blend,0.992188,1,E20,both_correct,E20_correct__E23_correct,E21_correct__E23_correct,Stability AI Stable Diffusion (exact version unspecified),Synthetic (None),data/e19_smartphone_benchmark/ai/e19_ai_087_raw.png
E19 Smartphone Benchmark,e19_ai_088_raw,AI,0.674805,0.937988,1,0.993164,1,0.987646,1,0.987646,1,Blend,0.937988,1,E20,both_correct,E20_correct__E23_correct,E21_correct__E23_correct,Stability AI Stable Diffusion (exact version unspecified),Synthetic (None),data/e19_smartphone_benchmark/ai/e19_ai_088_raw.jpg
E19 Smartphone Benchmark,e19_ai_089_raw,AI,0.840820,0.673828,1,0.994629,1,0.962549,1,0.962549,1,Blend,0.673828,1,E20,both_correct,E20_correct__E23_correct,E21_correct__E23_correct,Stability AI Stable Diffusion (exact version unspecified),Synthetic (None),data/e19_smartphone_benchmark/ai/e19_ai_089_raw.jpg
E19 Smartphone Benchmark,e19_ai_090_raw,AI,0.998535,0.992188,1,0.999023,1,0.998340,1,0.998339,1,Blend,0.992188,1,E20,both_correct,E20_correct__E23_correct,E21_correct__E23_correct,Stability AI Stable Diffusion (exact version unspecified),Synthetic (None),data/e19_smartphone_benchmark/ai/e19_ai_090_raw.jpg
E19 Smartphone Benchmark,e19_ai_091_raw,AI,0.750977,0.964355,1,0.663086,1,0.693213,1,0.693213,1,Blend,0.964355,1,E20,both_correct,E20_correct__E23_correct,E21_correct__E23_correct,Stability AI Stable Diffusion (exact version unspecified),Synthetic (None),data/e19_smartphone_benchmark/ai/e19_ai_091_raw.png
E19 Smartphone Benchmark,e19_ai_092_raw,AI,0.998535,0.997070,1,0.999512,1,0.999268,1,0.999268,1,Blend,0.997070,1,E20,both_correct,E20_correct__E23_correct,E21_correct__E23_correct,Stability AI Stable Diffusion (exact version unspecified),Synthetic (None),data/e19_smartphone_benchmark/ai/e19_ai_092_raw.png
E19 Smartphone Benchmark,e19_ai_093_raw,AI,0.420654,0.940918,1,0.967285,1,0.964648,1,0.964648,1,Blend,0.940918,1,E20,both_correct,E20_correct__E23_correct,E21_correct__E23_correct,Stability AI Stable Diffusion (exact version unspecified),Synthetic (None),data/e19_smartphone_benchmark/ai/e19_ai_093_raw.jpg
E19 Smartphone Benchmark,e19_ai_094_raw,AI,0.991211,0.985352,1,0.996582,1,0.995459,1,0.995459,1,Blend,0.985352,1,E20,both_correct,E20_correct__E23_correct,E21_correct__E23_correct,Stability AI Stable Diffusion (exact version unspecified),Synthetic (None),data/e19_smartphone_benchmark/ai/e19_ai_094_raw.jpg
E19 Smartphone Benchmark,e19_ai_095_raw,AI,0.997559,0.981934,1,0.999023,1,0.997314,1,0.997314,1,Blend,0.981934,1,E20,both_correct,E20_correct__E23_correct,E21_correct__E23_correct,Stability AI Stable Diffusion (exact version unspecified),Synthetic (None),data/e19_smartphone_benchmark/ai/e19_ai_095_raw.png
E19 Smartphone Benchmark,e19_ai_096_raw,AI,0.212402,0.992188,1,0.986816,1,0.987354,1,0.987353,1,Blend,0.992188,1,E20,both_correct,E20_correct__E23_correct,E21_correct__E23_correct,Stability AI Stable Diffusion (exact version unspecified),Synthetic (None),data/e19_smartphone_benchmark/ai/e19_ai_096_raw.jpg
E19 Smartphone Benchmark,e19_ai_097_raw,AI,0.073853,0.435303,0,0.177368,0,0.203162,0,0.203161,0,Blend,0.435303,0,E20,both_wrong,E20_wrong__E23_wrong,E21_wrong__E23_wrong,Stability AI Stable Diffusion (exact version unspecified),Synthetic (None),data/e19_smartphone_benchmark/ai/e19_ai_097_raw.png
E19 Smartphone Benchmark,e19_ai_098_raw,AI,0.974121,0.352539,0,0.967285,1,0.905811,1,0.905810,1,Blend,0.967285,1,E21,E20_wrong__E21_correct,E20_wrong__E23_correct,E21_correct__E23_correct,Stability AI Stable Diffusion (exact version unspecified),Synthetic (None),data/e19_smartphone_benchmark/ai/e19_ai_098_raw.png
E19 Smartphone Benchmark,e19_ai_099_raw,AI,0.993652,0.999023,1,1.000000,1,0.999902,1,0.999902,1,Blend,0.999023,1,E20,both_correct,E20_correct__E23_correct,E21_correct__E23_correct,Stability AI Stable Diffusion (exact version unspecified),Synthetic (None),data/e19_smartphone_benchmark/ai/e19_ai_099_raw.jpg
E19 Smartphone Benchmark,e19_ai_100_raw,AI,0.761719,0.950684,1,0.995117,1,0.990674,1,0.990674,1,Blend,0.950684,1,E20,both_correct,E20_correct__E23_correct,E21_correct__E23_correct,Stability AI Stable Diffusion (exact version unspecified),Synthetic (None),data/e19_smartphone_benchmark/ai/e19_ai_100_raw.jpg
E19 WhatsApp Subset,e19_real_phone_001_wa,Real,0.001143,0.091858,0,0.171875,0,0.163873,0,0.163873,0,Blend,0.091858,0,E20,both_correct,E20_correct__E23_correct,E21_correct__E23_correct,None (Camera ISP),"Google Pixel (Pixel 7-9 family, exact model unspecified)",data/e19_smartphone_benchmark/real/e19_real_phone_001_wa.jpeg
E19 WhatsApp Subset,e19_real_phone_002_wa,Real,0.988281,0.007175,0,0.920410,1,0.829087,1,0.829087,1,Blend,0.920410,1,E21,E20_correct__E21_wrong,E20_correct__E23_wrong,E21_wrong__E23_wrong,None (Camera ISP),"Google Pixel (Pixel 7-9 family, exact model unspecified)",data/e19_smartphone_benchmark/real/e19_real_phone_002_wa.jpeg
E19 WhatsApp Subset,e19_real_phone_003_wa,Real,0.581543,0.037201,0,0.939453,1,0.849228,1,0.849228,1,Blend,0.939453,1,E21,E20_correct__E21_wrong,E20_correct__E23_wrong,E21_wrong__E23_wrong,None (Camera ISP),"Google Pixel (Pixel 7-9 family, exact model unspecified)",data/e19_smartphone_benchmark/real/e19_real_phone_003_wa.jpeg
E19 WhatsApp Subset,e19_real_phone_004_wa,Real,0.487305,0.013374,0,0.863281,1,0.778291,1,0.778290,1,Blend,0.863281,1,E21,E20_correct__E21_wrong,E20_correct__E23_wrong,E21_wrong__E23_wrong,None (Camera ISP),"Google Pixel (Pixel 7-9 family, exact model unspecified)",data/e19_smartphone_benchmark/real/e19_real_phone_004_wa.jpeg
E19 WhatsApp Subset,e19_real_phone_005_wa,Real,0.102844,0.011871,0,0.580078,1,0.523257,1,0.523257,1,Blend,0.580078,1,E21,E20_correct__E21_wrong,E20_correct__E23_wrong,E21_wrong__E23_wrong,None (Camera ISP),"Google Pixel (Pixel 7-9 family, exact model unspecified)",data/e19_smartphone_benchmark/real/e19_real_phone_005_wa.jpeg
E19 WhatsApp Subset,e19_real_phone_006_wa,Real,0.151978,0.606445,1,0.626465,1,0.624463,1,0.624463,1,Blend,0.606445,1,E20,both_wrong,E20_wrong__E23_wrong,E21_wrong__E23_wrong,None (Camera ISP),"Google Pixel (Pixel 7-9 family, exact model unspecified)",data/e19_smartphone_benchmark/real/e19_real_phone_006_wa.jpeg
E19 WhatsApp Subset,e19_real_phone_007_wa,Real,0.000343,0.322266,0,0.469482,0,0.454761,0,0.454760,0,Blend,0.322266,0,E20,both_correct,E20_correct__E23_correct,E21_correct__E23_correct,None (Camera ISP),"Google Pixel (Pixel 7-9 family, exact model unspecified)",data/e19_smartphone_benchmark/real/e19_real_phone_007_wa.jpeg
E19 WhatsApp Subset,e19_real_phone_008_wa,Real,0.540039,0.013023,0,0.422119,0,0.381210,0,0.381209,0,Blend,0.013023,0,E20,both_correct,E20_correct__E23_correct,E21_correct__E23_correct,None (Camera ISP),"Google Pixel (Pixel 7-9 family, exact model unspecified)",data/e19_smartphone_benchmark/real/e19_real_phone_008_wa.jpeg
E19 WhatsApp Subset,e19_real_phone_009_wa,Real,0.941406,0.005535,0,0.708496,1,0.638200,1,0.638200,1,Blend,0.708496,1,E21,E20_correct__E21_wrong,E20_correct__E23_wrong,E21_wrong__E23_wrong,None (Camera ISP),"Google Pixel (Pixel 7-9 family, exact model unspecified)",data/e19_smartphone_benchmark/real/e19_real_phone_009_wa.jpeg
E19 WhatsApp Subset,e19_real_phone_010_wa,Real,0.974609,0.000804,0,0.932617,1,0.839436,1,0.839436,1,Blend,0.932617,1,E21,E20_correct__E21_wrong,E20_correct__E23_wrong,E21_wrong__E23_wrong,None (Camera ISP),"Google Pixel (Pixel 7-9 family, exact model unspecified)",data/e19_smartphone_benchmark/real/e19_real_phone_010_wa.jpeg
E19 WhatsApp Subset,e19_real_phone_011_wa,Real,0.001720,0.144775,0,0.675781,1,0.622681,1,0.622680,1,Blend,0.675781,1,E21,E20_correct__E21_wrong,E20_correct__E23_wrong,E21_wrong__E23_wrong,None (Camera ISP),"Google Pixel (Pixel 7-9 family, exact model unspecified)",data/e19_smartphone_benchmark/real/e19_real_phone_011_wa.jpeg
E19 WhatsApp Subset,e19_real_phone_012_wa,Real,0.051941,0.004593,0,0.011246,0,0.010580,0,0.010581,0,Blend,0.004593,0,E20,both_correct,E20_correct__E23_correct,E21_correct__E23_correct,None (Camera ISP),"Google Pixel (Pixel 7-9 family, exact model unspecified)",data/e19_smartphone_benchmark/real/e19_real_phone_012_wa.jpeg
E19 WhatsApp Subset,e19_real_phone_013_wa,Real,0.921875,0.006512,0,0.970703,1,0.874284,1,0.874284,1,Blend,0.970703,1,E21,E20_correct__E21_wrong,E20_correct__E23_wrong,E21_wrong__E23_wrong,None (Camera ISP),"Google Pixel (Pixel 7-9 family, exact model unspecified)",data/e19_smartphone_benchmark/real/e19_real_phone_013_wa.jpeg
E19 WhatsApp Subset,e19_real_phone_014_wa,Real,0.005119,0.013222,0,0.000019,0,0.001340,0,0.001339,0,Blend,0.013222,0,E20,both_correct,E20_correct__E23_correct,E21_correct__E23_correct,None (Camera ISP),"Google Pixel (Pixel 7-9 family, exact model unspecified)",data/e19_smartphone_benchmark/real/e19_real_phone_014_wa.jpeg
E19 WhatsApp Subset,e19_real_phone_015_wa,Real,0.034607,0.008614,0,0.527832,1,0.475910,0,0.475910,0,Blend,0.527832,1,E21,E20_correct__E21_wrong,E20_correct__E23_correct,E21_wrong__E23_correct,None (Camera ISP),"Google Pixel (Pixel 7-9 family, exact model unspecified)",data/e19_smartphone_benchmark/real/e19_real_phone_015_wa.jpeg
E19 WhatsApp Subset,e19_real_phone_016_wa,Real,0.561523,0.031555,0,0.973633,1,0.879425,1,0.879425,1,Blend,0.973633,1,E21,E20_correct__E21_wrong,E20_correct__E23_wrong,E21_wrong__E23_wrong,None (Camera ISP),"Google Pixel (Pixel 7-9 family, exact model unspecified)",data/e19_smartphone_benchmark/real/e19_real_phone_016_wa.jpeg
E19 WhatsApp Subset,e19_real_phone_017_wa,Real,0.940918,0.005344,0,0.325928,0,0.293869,0,0.293870,0,Blend,0.005344,0,E20,both_correct,E20_correct__E23_correct,E21_correct__E23_correct,None (Camera ISP),"Google Pixel (Pixel 7-9 family, exact model unspecified)",data/e19_smartphone_benchmark/real/e19_real_phone_017_wa.jpeg
E19 WhatsApp Subset,e19_real_phone_018_wa,Real,0.347656,0.005730,0,0.014008,0,0.013180,0,0.013180,0,Blend,0.005730,0,E20,both_correct,E20_correct__E23_correct,E21_correct__E23_correct,None (Camera ISP),"Google Pixel (Pixel 7-9 family, exact model unspecified)",data/e19_smartphone_benchmark/real/e19_real_phone_018_wa.jpeg
E19 WhatsApp Subset,e19_real_phone_019_wa,Real,0.218018,0.018372,0,0.684570,1,0.617950,1,0.617950,1,Blend,0.684570,1,E21,E20_correct__E21_wrong,E20_correct__E23_wrong,E21_wrong__E23_wrong,None (Camera ISP),"Google Pixel (Pixel 7-9 family, exact model unspecified)",data/e19_smartphone_benchmark/real/e19_real_phone_019_wa.jpeg
E19 WhatsApp Subset,e19_real_phone_020_wa,Real,0.947266,0.005081,0,0.840332,1,0.756807,1,0.756807,1,Blend,0.840332,1,E21,E20_correct__E21_wrong,E20_correct__E23_wrong,E21_wrong__E23_wrong,None (Camera ISP),"Google Pixel (Pixel 7-9 family, exact model unspecified)",data/e19_smartphone_benchmark/real/e19_real_phone_020_wa.jpeg
E19 WhatsApp Subset,e19_real_phone_021_wa,Real,0.362549,0.078918,0,0.734375,1,0.668829,1,0.668829,1,Blend,0.734375,1,E21,E20_correct__E21_wrong,E20_correct__E23_wrong,E21_wrong__E23_wrong,None (Camera ISP),"Google Pixel (Pixel 7-9 family, exact model unspecified)",data/e19_smartphone_benchmark/real/e19_real_phone_021_wa.jpeg
E19 WhatsApp Subset,e19_real_phone_022_wa,Real,0.257324,0.006340,0,0.339111,0,0.305834,0,0.305834,0,Blend,0.006340,0,E20,both_correct,E20_correct__E23_correct,E21_correct__E23_correct,None (Camera ISP),"Google Pixel (Pixel 7-9 family, exact model unspecified)",data/e19_smartphone_benchmark/real/e19_real_phone_022_wa.jpeg
E19 WhatsApp Subset,e19_real_phone_023_wa,Real,0.218140,0.173096,0,0.455078,0,0.426880,0,0.426880,0,Blend,0.173096,0,E20,both_correct,E20_correct__E23_correct,E21_correct__E23_correct,None (Camera ISP),"Google Pixel (Pixel 7-9 family, exact model unspecified)",data/e19_smartphone_benchmark/real/e19_real_phone_023_wa.jpeg
E19 WhatsApp Subset,e19_real_phone_024_wa,Real,0.982422,0.002693,0,0.906250,1,0.815894,1,0.815894,1,Blend,0.906250,1,E21,E20_correct__E21_wrong,E20_correct__E23_wrong,E21_wrong__E23_wrong,None (Camera ISP),"Google Pixel (Pixel 7-9 family, exact model unspecified)",data/e19_smartphone_benchmark/real/e19_real_phone_024_wa.jpeg
E19 WhatsApp Subset,e19_real_phone_025_wa,Real,0.884766,0.000634,0,0.808105,1,0.727358,1,0.727358,1,Blend,0.808105,1,E21,E20_correct__E21_wrong,E20_correct__E23_wrong,E21_wrong__E23_wrong,None (Camera ISP),"Google Pixel (Pixel 7-9 family, exact model unspecified)",data/e19_smartphone_benchmark/real/e19_real_phone_025_wa.jpeg
E19 WhatsApp Subset,e19_real_phone_026_wa,Real,0.095154,0.320801,0,0.680664,1,0.644678,1,0.644678,1,Blend,0.680664,1,E21,E20_correct__E21_wrong,E20_correct__E23_wrong,E21_wrong__E23_wrong,None (Camera ISP),"Google Pixel (Pixel 7-9 family, exact model unspecified)",data/e19_smartphone_benchmark/real/e19_real_phone_026_wa.jpeg
E19 WhatsApp Subset,e19_real_phone_027_wa,Real,0.995605,0.004200,0,0.945801,1,0.851641,1,0.851641,1,Blend,0.945801,1,E21,E20_correct__E21_wrong,E20_correct__E23_wrong,E21_wrong__E23_wrong,None (Camera ISP),"Google Pixel (Pixel 7-9 family, exact model unspecified)",data/e19_smartphone_benchmark/real/e19_real_phone_027_wa.jpeg
E19 WhatsApp Subset,e19_real_phone_028_wa,Real,0.047089,0.016663,0,0.036896,0,0.034872,0,0.034873,0,Blend,0.016663,0,E20,both_correct,E20_correct__E23_correct,E21_correct__E23_correct,None (Camera ISP),"Google Pixel (Pixel 7-9 family, exact model unspecified)",data/e19_smartphone_benchmark/real/e19_real_phone_028_wa.jpeg
E19 WhatsApp Subset,e19_real_phone_029_wa,Real,0.979004,0.002541,0,0.979492,1,0.881797,1,0.881797,1,Blend,0.979492,1,E21,E20_correct__E21_wrong,E20_correct__E23_wrong,E21_wrong__E23_wrong,None (Camera ISP),"Google Pixel (Pixel 7-9 family, exact model unspecified)",data/e19_smartphone_benchmark/real/e19_real_phone_029_wa.jpeg
E19 WhatsApp Subset,e19_real_phone_030_wa,Real,0.033081,0.081360,0,0.937500,1,0.851886,1,0.851886,1,Blend,0.937500,1,E21,E20_correct__E21_wrong,E20_correct__E23_wrong,E21_wrong__E23_wrong,None (Camera ISP),"Google Pixel (Pixel 7-9 family, exact model unspecified)",data/e19_smartphone_benchmark/real/e19_real_phone_030_wa.jpeg
E19 WhatsApp Subset,e19_ai_001_wa,AI,0.004314,0.923340,1,0.984863,1,0.978711,1,0.978711,1,Blend,0.923340,1,E20,both_correct,E20_correct__E23_correct,E21_correct__E23_correct,"FLUX (Flux LoRA Synthetic Corpus, exact engine unspecified)",Synthetic (None),data/e19_smartphone_benchmark/ai/e19_ai_001_wa.jpeg
E19 WhatsApp Subset,e19_ai_002_wa,AI,0.341797,0.734375,1,0.954590,1,0.932568,1,0.932569,1,Blend,0.734375,1,E20,both_correct,E20_correct__E23_correct,E21_correct__E23_correct,"FLUX (Flux LoRA Synthetic Corpus, exact engine unspecified)",Synthetic (None),data/e19_smartphone_benchmark/ai/e19_ai_002_wa.jpeg
E19 WhatsApp Subset,e19_ai_003_wa,AI,0.292969,0.027328,0,0.522949,1,0.473387,0,0.473387,0,Blend,0.522949,1,E21,E20_wrong__E21_correct,E20_wrong__E23_wrong,E21_correct__E23_wrong,"FLUX (Flux LoRA Synthetic Corpus, exact engine unspecified)",Synthetic (None),data/e19_smartphone_benchmark/ai/e19_ai_003_wa.jpeg
E19 WhatsApp Subset,e19_ai_004_wa,AI,0.024094,0.243042,0,0.635742,1,0.596472,1,0.596472,1,Blend,0.635742,1,E21,E20_wrong__E21_correct,E20_wrong__E23_correct,E21_correct__E23_correct,"FLUX (Flux LoRA Synthetic Corpus, exact engine unspecified)",Synthetic (None),data/e19_smartphone_benchmark/ai/e19_ai_004_wa.jpeg
E19 WhatsApp Subset,e19_ai_005_wa,AI,0.020020,0.488770,0,0.953613,1,0.907129,1,0.907129,1,Blend,0.953613,1,E21,E20_wrong__E21_correct,E20_wrong__E23_correct,E21_correct__E23_correct,"FLUX (Flux LoRA Synthetic Corpus, exact engine unspecified)",Synthetic (None),data/e19_smartphone_benchmark/ai/e19_ai_005_wa.jpeg
E19 WhatsApp Subset,e19_ai_006_wa,AI,0.171631,0.022110,0,0.334717,0,0.303456,0,0.303456,0,Blend,0.022110,0,E20,both_wrong,E20_wrong__E23_wrong,E21_wrong__E23_wrong,"FLUX (Flux LoRA Synthetic Corpus, exact engine unspecified)",Synthetic (None),data/e19_smartphone_benchmark/ai/e19_ai_006_wa.jpeg
E19 WhatsApp Subset,e19_ai_007_wa,AI,0.024048,0.031982,0,0.633301,1,0.573169,1,0.573169,1,Blend,0.633301,1,E21,E20_wrong__E21_correct,E20_wrong__E23_correct,E21_correct__E23_correct,"FLUX (Flux LoRA Synthetic Corpus, exact engine unspecified)",Synthetic (None),data/e19_smartphone_benchmark/ai/e19_ai_007_wa.jpeg
E19 WhatsApp Subset,e19_ai_008_wa,AI,0.001017,0.704590,1,0.966309,1,0.940137,1,0.940137,1,Blend,0.704590,1,E20,both_correct,E20_correct__E23_correct,E21_correct__E23_correct,"FLUX (Flux LoRA Synthetic Corpus, exact engine unspecified)",Synthetic (None),data/e19_smartphone_benchmark/ai/e19_ai_008_wa.jpeg
E19 WhatsApp Subset,e19_ai_009_wa,AI,0.009018,0.846680,1,0.966797,1,0.954785,1,0.954785,1,Blend,0.846680,1,E20,both_correct,E20_correct__E23_correct,E21_correct__E23_correct,"FLUX (Flux LoRA Synthetic Corpus, exact engine unspecified)",Synthetic (None),data/e19_smartphone_benchmark/ai/e19_ai_009_wa.jpeg
E19 WhatsApp Subset,e19_ai_010_wa,AI,0.032959,0.149048,0,0.830078,1,0.761975,1,0.761975,1,Blend,0.830078,1,E21,E20_wrong__E21_correct,E20_wrong__E23_correct,E21_correct__E23_correct,"FLUX (Flux LoRA Synthetic Corpus, exact engine unspecified)",Synthetic (None),data/e19_smartphone_benchmark/ai/e19_ai_010_wa.jpeg
E19 WhatsApp Subset,e19_ai_011_wa,AI,0.024567,0.013069,0,0.543457,1,0.490418,0,0.490418,0,Blend,0.543457,1,E21,E20_wrong__E21_correct,E20_wrong__E23_wrong,E21_correct__E23_wrong,"FLUX (Flux LoRA Synthetic Corpus, exact engine unspecified)",Synthetic (None),data/e19_smartphone_benchmark/ai/e19_ai_011_wa.jpeg
E19 WhatsApp Subset,e19_ai_012_wa,AI,0.604004,0.187866,0,0.566406,1,0.528552,1,0.528552,1,Blend,0.566406,1,E21,E20_wrong__E21_correct,E20_wrong__E23_correct,E21_correct__E23_correct,"FLUX (Flux LoRA Synthetic Corpus, exact engine unspecified)",Synthetic (None),data/e19_smartphone_benchmark/ai/e19_ai_012_wa.jpeg
E19 WhatsApp Subset,e19_ai_013_wa,AI,0.070068,0.006123,0,0.544922,1,0.491042,0,0.491042,0,Blend,0.544922,1,E21,E20_wrong__E21_correct,E20_wrong__E23_wrong,E21_correct__E23_wrong,"FLUX (Flux LoRA Synthetic Corpus, exact engine unspecified)",Synthetic (None),data/e19_smartphone_benchmark/ai/e19_ai_013_wa.jpeg
E19 WhatsApp Subset,e19_ai_014_wa,AI,0.042572,0.036346,0,0.505371,1,0.458469,0,0.458469,0,Blend,0.505371,1,E21,E20_wrong__E21_correct,E20_wrong__E23_wrong,E21_correct__E23_wrong,"FLUX (Flux LoRA Synthetic Corpus, exact engine unspecified)",Synthetic (None),data/e19_smartphone_benchmark/ai/e19_ai_014_wa.jpeg
E19 WhatsApp Subset,e19_ai_015_wa,AI,0.110291,0.417480,0,0.640625,1,0.618311,1,0.618310,1,Blend,0.640625,1,E21,E20_wrong__E21_correct,E20_wrong__E23_correct,E21_correct__E23_correct,"FLUX (Flux LoRA Synthetic Corpus, exact engine unspecified)",Synthetic (None),data/e19_smartphone_benchmark/ai/e19_ai_015_wa.jpeg
E19 WhatsApp Subset,e19_ai_016_wa,AI,0.570312,0.536621,1,0.980957,1,0.936523,1,0.936523,1,Blend,0.536621,1,E20,both_correct,E20_correct__E23_correct,E21_correct__E23_correct,"FLUX (Flux LoRA Synthetic Corpus, exact engine unspecified)",Synthetic (None),data/e19_smartphone_benchmark/ai/e19_ai_016_wa.jpeg
E19 WhatsApp Subset,e19_ai_017_wa,AI,0.023819,0.572266,1,0.411621,0,0.427686,0,0.427686,0,Blend,0.411621,0,E21,E20_correct__E21_wrong,E20_correct__E23_wrong,E21_wrong__E23_wrong,"FLUX (Flux LoRA Synthetic Corpus, exact engine unspecified)",Synthetic (None),data/e19_smartphone_benchmark/ai/e19_ai_017_wa.jpeg
E19 WhatsApp Subset,e19_ai_018_wa,AI,0.062561,0.074341,0,0.700684,1,0.638049,1,0.638050,1,Blend,0.700684,1,E21,E20_wrong__E21_correct,E20_wrong__E23_correct,E21_correct__E23_correct,"FLUX (Flux LoRA Synthetic Corpus, exact engine unspecified)",Synthetic (None),data/e19_smartphone_benchmark/ai/e19_ai_018_wa.jpeg
E19 WhatsApp Subset,e19_ai_019_wa,AI,0.014450,0.484863,0,0.825684,1,0.791602,1,0.791602,1,Blend,0.825684,1,E21,E20_wrong__E21_correct,E20_wrong__E23_correct,E21_correct__E23_correct,"FLUX (Flux LoRA Synthetic Corpus, exact engine unspecified)",Synthetic (None),data/e19_smartphone_benchmark/ai/e19_ai_019_wa.jpeg
E19 WhatsApp Subset,e19_ai_020_wa,AI,0.157837,0.906250,1,0.978516,1,0.971289,1,0.971289,1,Blend,0.906250,1,E20,both_correct,E20_correct__E23_correct,E21_correct__E23_correct,"FLUX (Flux LoRA Synthetic Corpus, exact engine unspecified)",Synthetic (None),data/e19_smartphone_benchmark/ai/e19_ai_020_wa.jpeg
E19 WhatsApp Subset,e19_ai_021_wa,AI,0.545898,0.497559,0,0.964355,1,0.917676,1,0.917675,1,Blend,0.964355,1,E21,E20_wrong__E21_correct,E20_wrong__E23_correct,E21_correct__E23_correct,Google Gemini (exact underlying model unspecified),Synthetic (None),data/e19_smartphone_benchmark/ai/e19_ai_021_wa.jpeg
E19 WhatsApp Subset,e19_ai_022_wa,AI,0.473145,0.993164,1,0.998535,1,0.997998,1,0.997998,1,Blend,0.993164,1,E20,both_correct,E20_correct__E23_correct,E21_correct__E23_correct,Google Gemini (exact underlying model unspecified),Synthetic (None),data/e19_smartphone_benchmark/ai/e19_ai_022_wa.jpeg
E19 WhatsApp Subset,e19_ai_023_wa,AI,0.717773,0.916504,1,0.909668,1,0.910352,1,0.910352,1,Blend,0.916504,1,E20,both_correct,E20_correct__E23_correct,E21_correct__E23_correct,Google Gemini (exact underlying model unspecified),Synthetic (None),data/e19_smartphone_benchmark/ai/e19_ai_023_wa.jpeg
E19 WhatsApp Subset,e19_ai_024_wa,AI,0.018372,0.763184,1,0.705566,1,0.711328,1,0.711328,1,Blend,0.763184,1,E20,both_correct,E20_correct__E23_correct,E21_correct__E23_correct,Google Gemini (exact underlying model unspecified),Synthetic (None),data/e19_smartphone_benchmark/ai/e19_ai_024_wa.jpeg
E19 WhatsApp Subset,e19_ai_025_wa,AI,0.068787,0.904297,1,0.691895,1,0.713135,1,0.713135,1,Blend,0.904297,1,E20,both_correct,E20_correct__E23_correct,E21_correct__E23_correct,Google Gemini (exact underlying model unspecified),Synthetic (None),data/e19_smartphone_benchmark/ai/e19_ai_025_wa.jpeg
E19 WhatsApp Subset,e19_ai_026_wa,AI,0.013123,0.479004,0,0.656250,1,0.638525,1,0.638525,1,Blend,0.656250,1,E21,E20_wrong__E21_correct,E20_wrong__E23_correct,E21_correct__E23_correct,Google Gemini (exact underlying model unspecified),Synthetic (None),data/e19_smartphone_benchmark/ai/e19_ai_026_wa.jpeg
E19 WhatsApp Subset,e19_ai_027_wa,AI,0.221680,0.855957,1,0.976562,1,0.964502,1,0.964502,1,Blend,0.855957,1,E20,both_correct,E20_correct__E23_correct,E21_correct__E23_correct,Google Gemini (exact underlying model unspecified),Synthetic (None),data/e19_smartphone_benchmark/ai/e19_ai_027_wa.jpeg
E19 WhatsApp Subset,e19_ai_028_wa,AI,0.111816,0.892090,1,0.000000,0,0.089209,0,0.089209,0,Blend,0.000000,0,E21,E20_correct__E21_wrong,E20_correct__E23_wrong,E21_wrong__E23_wrong,Google Gemini (exact underlying model unspecified),Synthetic (None),data/e19_smartphone_benchmark/ai/e19_ai_028_wa.jpeg
E19 WhatsApp Subset,e19_ai_029_wa,AI,0.803223,0.710938,1,0.974609,1,0.948242,1,0.948242,1,Blend,0.710938,1,E20,both_correct,E20_correct__E23_correct,E21_correct__E23_correct,Google Gemini (exact underlying model unspecified),Synthetic (None),data/e19_smartphone_benchmark/ai/e19_ai_029_wa.jpeg
E19 WhatsApp Subset,e19_ai_030_wa,AI,0.016983,0.537598,1,0.815918,1,0.788086,1,0.788086,1,Blend,0.537598,1,E20,both_correct,E20_correct__E23_correct,E21_correct__E23_correct,Google Gemini (exact underlying model unspecified),Synthetic (None),data/e19_smartphone_benchmark/ai/e19_ai_030_wa.jpeg
WhatsApp N=67 Benchmark,WhatsApp Image 2026-09-17 at 3.38.18 PM (1),Real,0.537109,0.039703,0,0.753418,1,0.682047,1,0.682046,1,Blend,0.753418,1,E21,E20_correct__E21_wrong,E20_correct__E23_wrong,E21_wrong__E23_wrong,none,smartphone_unknown,D:\DeepVision-Forensics\data\whatsapp_robustness_test\real\WhatsApp Image 2026-09-17 at 3.38.18 PM (1).jpeg
WhatsApp N=67 Benchmark,WhatsApp Image 2026-09-17 at 3.38.18 PM (2),Real,0.024429,0.473145,0,0.742188,1,0.715283,1,0.715284,1,Blend,0.742188,1,E21,E20_correct__E21_wrong,E20_correct__E23_wrong,E21_wrong__E23_wrong,none,smartphone_unknown,D:\DeepVision-Forensics\data\whatsapp_robustness_test\real\WhatsApp Image 2026-09-17 at 3.38.18 PM (2).jpeg
WhatsApp N=67 Benchmark,WhatsApp Image 2026-09-17 at 3.38.18 PM,Real,0.000005,0.978516,1,0.415771,0,0.472046,0,0.472046,0,Blend,0.415771,0,E21,E20_wrong__E21_correct,E20_wrong__E23_correct,E21_correct__E23_correct,none,smartphone_unknown,D:\DeepVision-Forensics\data\whatsapp_robustness_test\real\WhatsApp Image 2026-09-17 at 3.38.18 PM.jpeg
WhatsApp N=67 Benchmark,WhatsApp Image 2026-09-17 at 3.38.19 PM (1),Real,0.046539,0.857910,1,0.921875,1,0.915479,1,0.915479,1,Blend,0.857910,1,E20,both_wrong,E20_wrong__E23_wrong,E21_wrong__E23_wrong,none,smartphone_unknown,D:\DeepVision-Forensics\data\whatsapp_robustness_test\real\WhatsApp Image 2026-09-17 at 3.38.19 PM (1).jpeg
WhatsApp N=67 Benchmark,WhatsApp Image 2026-09-17 at 3.38.19 PM (2),Real,0.009300,0.494141,0,0.181519,0,0.212781,0,0.212781,0,Blend,0.494141,0,E20,both_correct,E20_correct__E23_correct,E21_correct__E23_correct,none,smartphone_unknown,D:\DeepVision-Forensics\data\whatsapp_robustness_test\real\WhatsApp Image 2026-09-17 at 3.38.19 PM (2).jpeg
WhatsApp N=67 Benchmark,WhatsApp Image 2026-09-17 at 3.38.19 PM,Real,0.000222,0.586914,1,0.050232,0,0.103900,0,0.103900,0,Blend,0.050232,0,E21,E20_wrong__E21_correct,E20_wrong__E23_correct,E21_correct__E23_correct,none,smartphone_unknown,D:\DeepVision-Forensics\data\whatsapp_robustness_test\real\WhatsApp Image 2026-09-17 at 3.38.19 PM.jpeg
WhatsApp N=67 Benchmark,WhatsApp Image 2026-09-17 at 3.38.21 PM (1),Real,0.006004,0.411133,0,0.894531,1,0.846191,1,0.846191,1,Blend,0.894531,1,E21,E20_correct__E21_wrong,E20_correct__E23_wrong,E21_wrong__E23_wrong,none,smartphone_unknown,D:\DeepVision-Forensics\data\whatsapp_robustness_test\real\WhatsApp Image 2026-09-17 at 3.38.21 PM (1).jpeg
WhatsApp N=67 Benchmark,WhatsApp Image 2026-09-17 at 3.38.21 PM (2),Real,0.055115,0.971191,1,0.579102,1,0.618311,1,0.618311,1,Blend,0.971191,1,E20,both_wrong,E20_wrong__E23_wrong,E21_wrong__E23_wrong,none,smartphone_unknown,D:\DeepVision-Forensics\data\whatsapp_robustness_test\real\WhatsApp Image 2026-09-17 at 3.38.21 PM (2).jpeg
WhatsApp N=67 Benchmark,WhatsApp Image 2026-09-17 at 3.38.21 PM,Real,0.005386,0.241699,0,0.549805,1,0.518994,1,0.518994,1,Blend,0.549805,1,E21,E20_correct__E21_wrong,E20_correct__E23_wrong,E21_wrong__E23_wrong,none,smartphone_unknown,D:\DeepVision-Forensics\data\whatsapp_robustness_test\real\WhatsApp Image 2026-09-17 at 3.38.21 PM.jpeg
WhatsApp N=67 Benchmark,WhatsApp Image 2026-09-17 at 3.38.22 PM (1),Real,0.331299,0.165405,0,0.557617,1,0.518396,1,0.518396,1,Blend,0.557617,1,E21,E20_correct__E21_wrong,E20_correct__E23_wrong,E21_wrong__E23_wrong,none,smartphone_unknown,D:\DeepVision-Forensics\data\whatsapp_robustness_test\real\WhatsApp Image 2026-09-17 at 3.38.22 PM (1).jpeg
WhatsApp N=67 Benchmark,WhatsApp Image 2026-09-17 at 3.38.22 PM (2),Real,0.000112,0.911133,1,0.796387,1,0.807861,1,0.807862,1,Blend,0.911133,1,E20,both_wrong,E20_wrong__E23_wrong,E21_wrong__E23_wrong,none,smartphone_unknown,D:\DeepVision-Forensics\data\whatsapp_robustness_test\real\WhatsApp Image 2026-09-17 at 3.38.22 PM (2).jpeg
WhatsApp N=67 Benchmark,WhatsApp Image 2026-09-17 at 3.38.22 PM (3),Real,0.181274,0.670898,1,0.811523,1,0.797461,1,0.797461,1,Blend,0.670898,1,E20,both_wrong,E20_wrong__E23_wrong,E21_wrong__E23_wrong,none,smartphone_unknown,D:\DeepVision-Forensics\data\whatsapp_robustness_test\real\WhatsApp Image 2026-09-17 at 3.38.22 PM (3).jpeg
WhatsApp N=67 Benchmark,WhatsApp Image 2026-09-17 at 3.38.22 PM,Real,0.070312,0.054199,0,0.810059,1,0.734473,1,0.734473,1,Blend,0.810059,1,E21,E20_correct__E21_wrong,E20_correct__E23_wrong,E21_wrong__E23_wrong,none,smartphone_unknown,D:\DeepVision-Forensics\data\whatsapp_robustness_test\real\WhatsApp Image 2026-09-17 at 3.38.22 PM.jpeg
WhatsApp N=67 Benchmark,WhatsApp Image 2026-09-17 at 3.40.06 PM (1),Real,0.031555,0.979980,1,0.930664,1,0.935596,1,0.935596,1,Blend,0.979980,1,E20,both_wrong,E20_wrong__E23_wrong,E21_wrong__E23_wrong,none,smartphone_unknown,D:\DeepVision-Forensics\data\whatsapp_robustness_test\real\WhatsApp Image 2026-09-17 at 3.40.06 PM (1).jpeg
WhatsApp N=67 Benchmark,WhatsApp Image 2026-09-17 at 3.40.06 PM,Real,0.012825,0.633301,1,0.648926,1,0.647363,1,0.647363,1,Blend,0.633301,1,E20,both_wrong,E20_wrong__E23_wrong,E21_wrong__E23_wrong,none,smartphone_unknown,D:\DeepVision-Forensics\data\whatsapp_robustness_test\real\WhatsApp Image 2026-09-17 at 3.40.06 PM.jpeg
WhatsApp N=67 Benchmark,WhatsApp Image 2026-09-17 at 3.44.10 PM (1),Real,0.013954,0.061188,0,0.103760,0,0.099503,0,0.099503,0,Blend,0.061188,0,E20,both_correct,E20_correct__E23_correct,E21_correct__E23_correct,none,smartphone_unknown,D:\DeepVision-Forensics\data\whatsapp_robustness_test\real\WhatsApp Image 2026-09-17 at 3.44.10 PM (1).jpeg
WhatsApp N=67 Benchmark,WhatsApp Image 2026-09-17 at 3.44.10 PM (2),Real,0.003796,0.447266,0,0.188354,0,0.214246,0,0.214245,0,Blend,0.447266,0,E20,both_correct,E20_correct__E23_correct,E21_correct__E23_correct,none,smartphone_unknown,D:\DeepVision-Forensics\data\whatsapp_robustness_test\real\WhatsApp Image 2026-09-17 at 3.44.10 PM (2).jpeg
WhatsApp N=67 Benchmark,WhatsApp Image 2026-09-17 at 3.44.10 PM (3),Real,0.047089,0.013222,0,0.497314,0,0.448905,0,0.448905,0,Blend,0.013222,0,E20,both_correct,E20_correct__E23_correct,E21_correct__E23_correct,none,smartphone_unknown,D:\DeepVision-Forensics\data\whatsapp_robustness_test\real\WhatsApp Image 2026-09-17 at 3.44.10 PM (3).jpeg
WhatsApp N=67 Benchmark,WhatsApp Image 2026-09-17 at 3.44.10 PM (4),Real,0.046204,0.043121,0,0.700684,1,0.634927,1,0.634928,1,Blend,0.700684,1,E21,E20_correct__E21_wrong,E20_correct__E23_wrong,E21_wrong__E23_wrong,none,smartphone_unknown,D:\DeepVision-Forensics\data\whatsapp_robustness_test\real\WhatsApp Image 2026-09-17 at 3.44.10 PM (4).jpeg
WhatsApp N=67 Benchmark,WhatsApp Image 2026-09-17 at 3.44.10 PM (7),Real,0.000497,0.127563,0,0.127808,0,0.127783,0,0.127784,0,Blend,0.127563,0,E20,both_correct,E20_correct__E23_correct,E21_correct__E23_correct,none,smartphone_unknown,D:\DeepVision-Forensics\data\whatsapp_robustness_test\real\WhatsApp Image 2026-09-17 at 3.44.10 PM (7).jpeg
WhatsApp N=67 Benchmark,WhatsApp Image 2026-09-17 at 3.44.11 PM (1),Real,0.044098,0.255615,0,0.119019,0,0.132678,0,0.132679,0,Blend,0.255615,0,E20,both_correct,E20_correct__E23_correct,E21_correct__E23_correct,none,smartphone_unknown,D:\DeepVision-Forensics\data\whatsapp_robustness_test\real\WhatsApp Image 2026-09-17 at 3.44.11 PM (1).jpeg
WhatsApp N=67 Benchmark,WhatsApp Image 2026-09-17 at 3.44.11 PM (10),Real,0.316650,0.435547,0,0.599609,1,0.583203,1,0.583203,1,Blend,0.599609,1,E21,E20_correct__E21_wrong,E20_correct__E23_wrong,E21_wrong__E23_wrong,none,smartphone_unknown,D:\DeepVision-Forensics\data\whatsapp_robustness_test\real\WhatsApp Image 2026-09-17 at 3.44.11 PM (10).jpeg
WhatsApp N=67 Benchmark,WhatsApp Image 2026-09-17 at 3.44.11 PM (11),Real,0.063049,0.508789,1,0.370117,0,0.383984,0,0.383984,0,Blend,0.370117,0,E21,E20_wrong__E21_correct,E20_wrong__E23_correct,E21_correct__E23_correct,none,smartphone_unknown,D:\DeepVision-Forensics\data\whatsapp_robustness_test\real\WhatsApp Image 2026-09-17 at 3.44.11 PM (11).jpeg
WhatsApp N=67 Benchmark,WhatsApp Image 2026-09-17 at 3.44.11 PM (12),Real,0.415283,0.537109,1,0.491699,0,0.496240,0,0.496240,0,Blend,0.491699,0,E21,E20_wrong__E21_correct,E20_wrong__E23_correct,E21_correct__E23_correct,none,smartphone_unknown,D:\DeepVision-Forensics\data\whatsapp_robustness_test\real\WhatsApp Image 2026-09-17 at 3.44.11 PM (12).jpeg
WhatsApp N=67 Benchmark,WhatsApp Image 2026-09-17 at 3.44.11 PM (13),Real,0.348633,0.269531,0,0.540039,1,0.512988,1,0.512988,1,Blend,0.540039,1,E21,E20_correct__E21_wrong,E20_correct__E23_wrong,E21_wrong__E23_wrong,none,smartphone_unknown,D:\DeepVision-Forensics\data\whatsapp_robustness_test\real\WhatsApp Image 2026-09-17 at 3.44.11 PM (13).jpeg
WhatsApp N=67 Benchmark,WhatsApp Image 2026-09-17 at 3.44.11 PM (14),Real,0.150024,0.561523,1,0.753418,1,0.734229,1,0.734229,1,Blend,0.561523,1,E20,both_wrong,E20_wrong__E23_wrong,E21_wrong__E23_wrong,none,smartphone_unknown,D:\DeepVision-Forensics\data\whatsapp_robustness_test\real\WhatsApp Image 2026-09-17 at 3.44.11 PM (14).jpeg
WhatsApp N=67 Benchmark,WhatsApp Image 2026-09-17 at 3.44.11 PM (15),Real,0.164673,0.156860,0,0.895020,1,0.821204,1,0.821204,1,Blend,0.895020,1,E21,E20_correct__E21_wrong,E20_correct__E23_wrong,E21_wrong__E23_wrong,none,smartphone_unknown,D:\DeepVision-Forensics\data\whatsapp_robustness_test\real\WhatsApp Image 2026-09-17 at 3.44.11 PM (15).jpeg
WhatsApp N=67 Benchmark,WhatsApp Image 2026-09-17 at 3.44.11 PM (2),Real,0.000116,0.016922,0,0.022980,0,0.022374,0,0.022374,0,Blend,0.016922,0,E20,both_correct,E20_correct__E23_correct,E21_correct__E23_correct,none,smartphone_unknown,D:\DeepVision-Forensics\data\whatsapp_robustness_test\real\WhatsApp Image 2026-09-17 at 3.44.11 PM (2).jpeg
WhatsApp N=67 Benchmark,WhatsApp Image 2026-09-17 at 3.44.11 PM (3),Real,0.512207,0.034424,0,0.011505,0,0.013797,0,0.013797,0,Blend,0.034424,0,E20,both_correct,E20_correct__E23_correct,E21_correct__E23_correct,none,smartphone_unknown,D:\DeepVision-Forensics\data\whatsapp_robustness_test\real\WhatsApp Image 2026-09-17 at 3.44.11 PM (3).jpeg
WhatsApp N=67 Benchmark,WhatsApp Image 2026-09-17 at 3.44.11 PM (4),Real,0.000004,0.184448,0,0.175537,0,0.176428,0,0.176428,0,Blend,0.184448,0,E20,both_correct,E20_correct__E23_correct,E21_correct__E23_correct,none,smartphone_unknown,D:\DeepVision-Forensics\data\whatsapp_robustness_test\real\WhatsApp Image 2026-09-17 at 3.44.11 PM (4).jpeg
WhatsApp N=67 Benchmark,WhatsApp Image 2026-09-17 at 3.44.11 PM (5),Real,0.172852,0.035278,0,0.375000,0,0.341028,0,0.341028,0,Blend,0.035278,0,E20,both_correct,E20_correct__E23_correct,E21_correct__E23_correct,none,smartphone_unknown,D:\DeepVision-Forensics\data\whatsapp_robustness_test\real\WhatsApp Image 2026-09-17 at 3.44.11 PM (5).jpeg
WhatsApp N=67 Benchmark,WhatsApp Image 2026-09-17 at 3.44.11 PM (7),Real,0.007404,0.166992,0,0.084778,0,0.092999,0,0.092999,0,Blend,0.166992,0,E20,both_correct,E20_correct__E23_correct,E21_correct__E23_correct,none,smartphone_unknown,D:\DeepVision-Forensics\data\whatsapp_robustness_test\real\WhatsApp Image 2026-09-17 at 3.44.11 PM (7).jpeg
WhatsApp N=67 Benchmark,WhatsApp Image 2026-09-17 at 3.44.11 PM (8),Real,0.046539,0.766602,1,0.869141,1,0.858887,1,0.858887,1,Blend,0.766602,1,E20,both_wrong,E20_wrong__E23_wrong,E21_wrong__E23_wrong,none,smartphone_unknown,D:\DeepVision-Forensics\data\whatsapp_robustness_test\real\WhatsApp Image 2026-09-17 at 3.44.11 PM (8).jpeg
WhatsApp N=67 Benchmark,WhatsApp Image 2026-09-17 at 3.44.11 PM,Real,0.007290,0.350342,0,0.668945,1,0.637085,1,0.637085,1,Blend,0.668945,1,E21,E20_correct__E21_wrong,E20_correct__E23_wrong,E21_wrong__E23_wrong,none,smartphone_unknown,D:\DeepVision-Forensics\data\whatsapp_robustness_test\real\WhatsApp Image 2026-09-17 at 3.44.11 PM.jpeg
WhatsApp N=67 Benchmark,WhatsApp Image 2026-09-17 at 3.50.51 PM,AI,0.239136,0.108765,0,0.892578,1,0.814197,1,0.814197,1,Blend,0.892578,1,E21,E20_wrong__E21_correct,E20_wrong__E23_correct,E21_correct__E23_correct,generator_unknown,none,D:\DeepVision-Forensics\data\whatsapp_robustness_test\ai\WhatsApp Image 2026-09-17 at 3.50.51 PM.jpeg
WhatsApp N=67 Benchmark,WhatsApp Image 2026-09-17 at 3.56.02 PM (1),AI,0.068665,0.424316,0,0.805664,1,0.767529,1,0.767529,1,Blend,0.805664,1,E21,E20_wrong__E21_correct,E20_wrong__E23_correct,E21_correct__E23_correct,generator_unknown,none,D:\DeepVision-Forensics\data\whatsapp_robustness_test\ai\WhatsApp Image 2026-09-17 at 3.56.02 PM (1).jpeg
WhatsApp N=67 Benchmark,WhatsApp Image 2026-09-17 at 3.56.02 PM (2),AI,0.180054,0.383301,0,0.342285,0,0.346387,0,0.346387,0,Blend,0.383301,0,E20,both_wrong,E20_wrong__E23_wrong,E21_wrong__E23_wrong,generator_unknown,none,D:\DeepVision-Forensics\data\whatsapp_robustness_test\ai\WhatsApp Image 2026-09-17 at 3.56.02 PM (2).jpeg
WhatsApp N=67 Benchmark,WhatsApp Image 2026-09-17 at 3.56.02 PM (3),AI,0.732910,0.144165,0,0.577637,1,0.534290,1,0.534290,1,Blend,0.577637,1,E21,E20_wrong__E21_correct,E20_wrong__E23_correct,E21_correct__E23_correct,generator_unknown,none,D:\DeepVision-Forensics\data\whatsapp_robustness_test\ai\WhatsApp Image 2026-09-17 at 3.56.02 PM (3).jpeg
WhatsApp N=67 Benchmark,WhatsApp Image 2026-09-17 at 3.56.02 PM,AI,0.077942,0.581055,1,0.680664,1,0.670703,1,0.670703,1,Blend,0.581055,1,E20,both_correct,E20_correct__E23_correct,E21_correct__E23_correct,generator_unknown,none,D:\DeepVision-Forensics\data\whatsapp_robustness_test\ai\WhatsApp Image 2026-09-17 at 3.56.02 PM.jpeg
WhatsApp N=67 Benchmark,WhatsApp Image 2026-09-17 at 4.13.17 PM (1),AI,0.002890,0.005020,0,0.084473,0,0.076527,0,0.076528,0,Blend,0.005020,0,E20,both_wrong,E20_wrong__E23_wrong,E21_wrong__E23_wrong,generator_unknown,none,D:\DeepVision-Forensics\data\whatsapp_robustness_test\ai\WhatsApp Image 2026-09-17 at 4.13.17 PM (1).jpeg
WhatsApp N=67 Benchmark,WhatsApp Image 2026-09-17 at 4.13.17 PM (2),AI,0.803711,0.274658,0,0.060303,0,0.081738,0,0.081739,0,Blend,0.274658,0,E20,both_wrong,E20_wrong__E23_wrong,E21_wrong__E23_wrong,generator_unknown,none,D:\DeepVision-Forensics\data\whatsapp_robustness_test\ai\WhatsApp Image 2026-09-17 at 4.13.17 PM (2).jpeg
WhatsApp N=67 Benchmark,WhatsApp Image 2026-09-17 at 4.13.17 PM (3),AI,0.731934,0.141724,0,0.571777,1,0.528772,1,0.528772,1,Blend,0.571777,1,E21,E20_wrong__E21_correct,E20_wrong__E23_correct,E21_correct__E23_correct,generator_unknown,none,D:\DeepVision-Forensics\data\whatsapp_robustness_test\ai\WhatsApp Image 2026-09-17 at 4.13.17 PM (3).jpeg
WhatsApp N=67 Benchmark,WhatsApp Image 2026-09-17 at 4.13.17 PM (4),AI,0.169312,0.800293,1,0.799805,1,0.799854,1,0.799854,1,Blend,0.800293,1,E20,both_correct,E20_correct__E23_correct,E21_correct__E23_correct,generator_unknown,none,D:\DeepVision-Forensics\data\whatsapp_robustness_test\ai\WhatsApp Image 2026-09-17 at 4.13.17 PM (4).jpeg
WhatsApp N=67 Benchmark,WhatsApp Image 2026-09-17 at 4.13.17 PM (5),AI,0.554199,0.654785,1,0.445801,0,0.466699,0,0.466699,0,Blend,0.445801,0,E21,E20_correct__E21_wrong,E20_correct__E23_wrong,E21_wrong__E23_wrong,generator_unknown,none,D:\DeepVision-Forensics\data\whatsapp_robustness_test\ai\WhatsApp Image 2026-09-17 at 4.13.17 PM (5).jpeg
WhatsApp N=67 Benchmark,WhatsApp Image 2026-09-17 at 4.13.17 PM,AI,0.000148,0.015015,0,0.016022,0,0.015921,0,0.015921,0,Blend,0.015015,0,E20,both_wrong,E20_wrong__E23_wrong,E21_wrong__E23_wrong,generator_unknown,none,D:\DeepVision-Forensics\data\whatsapp_robustness_test\ai\WhatsApp Image 2026-09-17 at 4.13.17 PM.jpeg
WhatsApp N=67 Benchmark,WhatsApp Image 2026-09-17 at 4.13.18 PM (1),AI,0.678223,0.081360,0,0.778320,1,0.708624,1,0.708624,1,Blend,0.778320,1,E21,E20_wrong__E21_correct,E20_wrong__E23_correct,E21_correct__E23_correct,generator_unknown,none,D:\DeepVision-Forensics\data\whatsapp_robustness_test\ai\WhatsApp Image 2026-09-17 at 4.13.18 PM (1).jpeg
WhatsApp N=67 Benchmark,WhatsApp Image 2026-09-17 at 4.13.18 PM (2),AI,0.163940,0.958008,1,0.889648,1,0.896484,1,0.896484,1,Blend,0.958008,1,E20,both_correct,E20_correct__E23_correct,E21_correct__E23_correct,generator_unknown,none,D:\DeepVision-Forensics\data\whatsapp_robustness_test\ai\WhatsApp Image 2026-09-17 at 4.13.18 PM (2).jpeg
WhatsApp N=67 Benchmark,WhatsApp Image 2026-09-17 at 4.13.18 PM (3),AI,0.277588,0.085571,0,0.759766,1,0.692346,1,0.692347,1,Blend,0.759766,1,E21,E20_wrong__E21_correct,E20_wrong__E23_correct,E21_correct__E23_correct,generator_unknown,none,D:\DeepVision-Forensics\data\whatsapp_robustness_test\ai\WhatsApp Image 2026-09-17 at 4.13.18 PM (3).jpeg
WhatsApp N=67 Benchmark,WhatsApp Image 2026-09-17 at 4.13.18 PM (4),AI,0.056122,0.459473,0,0.546387,1,0.537695,1,0.537696,1,Blend,0.546387,1,E21,E20_wrong__E21_correct,E20_wrong__E23_correct,E21_correct__E23_correct,generator_unknown,none,D:\DeepVision-Forensics\data\whatsapp_robustness_test\ai\WhatsApp Image 2026-09-17 at 4.13.18 PM (4).jpeg
WhatsApp N=67 Benchmark,WhatsApp Image 2026-09-17 at 4.13.18 PM (5),AI,0.924316,0.669922,1,0.980469,1,0.949414,1,0.949414,1,Blend,0.669922,1,E20,both_correct,E20_correct__E23_correct,E21_correct__E23_correct,generator_unknown,none,D:\DeepVision-Forensics\data\whatsapp_robustness_test\ai\WhatsApp Image 2026-09-17 at 4.13.18 PM (5).jpeg
WhatsApp N=67 Benchmark,WhatsApp Image 2026-09-17 at 4.13.18 PM (6),AI,0.619141,0.248047,0,0.167358,0,0.175427,0,0.175427,0,Blend,0.248047,0,E20,both_wrong,E20_wrong__E23_wrong,E21_wrong__E23_wrong,generator_unknown,none,D:\DeepVision-Forensics\data\whatsapp_robustness_test\ai\WhatsApp Image 2026-09-17 at 4.13.18 PM (6).jpeg
WhatsApp N=67 Benchmark,WhatsApp Image 2026-09-17 at 4.13.18 PM,AI,0.477051,0.865234,1,0.902832,1,0.899072,1,0.899072,1,Blend,0.865234,1,E20,both_correct,E20_correct__E23_correct,E21_correct__E23_correct,generator_unknown,none,D:\DeepVision-Forensics\data\whatsapp_robustness_test\ai\WhatsApp Image 2026-09-17 at 4.13.18 PM.jpeg
WhatsApp N=67 Benchmark,WhatsApp Image 2026-09-17 at 4.28.11 PM (1),AI,0.571777,0.062683,0,0.547852,1,0.499335,0,0.499335,0,Blend,0.547852,1,E21,E20_wrong__E21_correct,E20_wrong__E23_wrong,E21_correct__E23_wrong,generator_unknown,none,D:\DeepVision-Forensics\data\whatsapp_robustness_test\ai\WhatsApp Image 2026-09-17 at 4.28.11 PM (1).jpeg
WhatsApp N=67 Benchmark,WhatsApp Image 2026-09-17 at 4.28.11 PM (2),AI,0.004772,0.983887,1,0.976074,1,0.976855,1,0.976855,1,Blend,0.983887,1,E20,both_correct,E20_correct__E23_correct,E21_correct__E23_correct,generator_unknown,none,D:\DeepVision-Forensics\data\whatsapp_robustness_test\ai\WhatsApp Image 2026-09-17 at 4.28.11 PM (2).jpeg
WhatsApp N=67 Benchmark,WhatsApp Image 2026-09-17 at 4.28.11 PM (3),AI,0.001604,0.319336,0,0.721680,1,0.681445,1,0.681446,1,Blend,0.721680,1,E21,E20_wrong__E21_correct,E20_wrong__E23_correct,E21_correct__E23_correct,generator_unknown,none,D:\DeepVision-Forensics\data\whatsapp_robustness_test\ai\WhatsApp Image 2026-09-17 at 4.28.11 PM (3).jpeg
WhatsApp N=67 Benchmark,WhatsApp Image 2026-09-17 at 4.28.11 PM (4),AI,0.002003,0.005730,0,0.003901,0,0.004083,0,0.004084,0,Blend,0.005730,0,E20,both_wrong,E20_wrong__E23_wrong,E21_wrong__E23_wrong,generator_unknown,none,D:\DeepVision-Forensics\data\whatsapp_robustness_test\ai\WhatsApp Image 2026-09-17 at 4.28.11 PM (4).jpeg
WhatsApp N=67 Benchmark,WhatsApp Image 2026-09-17 at 4.28.11 PM (5),AI,0.084778,0.842285,1,0.254150,0,0.312964,0,0.312964,0,Blend,0.254150,0,E21,E20_correct__E21_wrong,E20_correct__E23_wrong,E21_wrong__E23_wrong,generator_unknown,none,D:\DeepVision-Forensics\data\whatsapp_robustness_test\ai\WhatsApp Image 2026-09-17 at 4.28.11 PM (5).jpeg
WhatsApp N=67 Benchmark,WhatsApp Image 2026-09-17 at 4.28.11 PM (6),AI,0.323975,0.214966,0,0.769043,1,0.713635,1,0.713635,1,Blend,0.769043,1,E21,E20_wrong__E21_correct,E20_wrong__E23_correct,E21_correct__E23_correct,generator_unknown,none,D:\DeepVision-Forensics\data\whatsapp_robustness_test\ai\WhatsApp Image 2026-09-17 at 4.28.11 PM (6).jpeg
WhatsApp N=67 Benchmark,WhatsApp Image 2026-09-17 at 4.28.11 PM (7),AI,0.006050,0.292236,0,0.552246,1,0.526245,1,0.526245,1,Blend,0.552246,1,E21,E20_wrong__E21_correct,E20_wrong__E23_correct,E21_correct__E23_correct,generator_unknown,none,D:\DeepVision-Forensics\data\whatsapp_robustness_test\ai\WhatsApp Image 2026-09-17 at 4.28.11 PM (7).jpeg
WhatsApp N=67 Benchmark,WhatsApp Image 2026-09-17 at 4.28.11 PM,AI,0.014618,0.724609,1,0.199585,0,0.252087,0,0.252087,0,Blend,0.199585,0,E21,E20_correct__E21_wrong,E20_correct__E23_wrong,E21_wrong__E23_wrong,generator_unknown,none,D:\DeepVision-Forensics\data\whatsapp_robustness_test\ai\WhatsApp Image 2026-09-17 at 4.28.11 PM.jpeg
WhatsApp N=67 Benchmark,WhatsApp Image 2026-09-17 at 4.31.09 PM,AI,0.107971,0.980469,1,0.747070,1,0.770410,1,0.770410,1,Blend,0.980469,1,E20,both_correct,E20_correct__E23_correct,E21_correct__E23_correct,generator_unknown,none,D:\DeepVision-Forensics\data\whatsapp_robustness_test\ai\WhatsApp Image 2026-09-17 at 4.31.09 PM.jpeg
WhatsApp N=67 Benchmark,WhatsApp Image 2026-09-17 at 4.37.12 PM (1),AI,0.002287,0.982910,1,0.865723,1,0.877441,1,0.877442,1,Blend,0.982910,1,E20,both_correct,E20_correct__E23_correct,E21_correct__E23_correct,generator_unknown,none,D:\DeepVision-Forensics\data\whatsapp_robustness_test\ai\WhatsApp Image 2026-09-17 at 4.37.12 PM (1).jpeg
WhatsApp N=67 Benchmark,WhatsApp Image 2026-09-17 at 4.37.12 PM (2),AI,0.373535,0.123474,0,0.800781,1,0.733051,1,0.733050,1,Blend,0.800781,1,E21,E20_wrong__E21_correct,E20_wrong__E23_correct,E21_correct__E23_correct,generator_unknown,none,D:\DeepVision-Forensics\data\whatsapp_robustness_test\ai\WhatsApp Image 2026-09-17 at 4.37.12 PM (2).jpeg
WhatsApp N=67 Benchmark,WhatsApp Image 2026-09-17 at 4.37.12 PM (3),AI,0.001965,0.879395,1,0.365479,0,0.416870,0,0.416871,0,Blend,0.365479,0,E21,E20_correct__E21_wrong,E20_correct__E23_wrong,E21_wrong__E23_wrong,generator_unknown,none,D:\DeepVision-Forensics\data\whatsapp_robustness_test\ai\WhatsApp Image 2026-09-17 at 4.37.12 PM (3).jpeg
WhatsApp N=67 Benchmark,WhatsApp Image 2026-09-17 at 4.37.12 PM,AI,0.000661,0.017380,0,0.201538,0,0.183122,0,0.183122,0,Blend,0.017380,0,E20,both_wrong,E20_wrong__E23_wrong,E21_wrong__E23_wrong,generator_unknown,none,D:\DeepVision-Forensics\data\whatsapp_robustness_test\ai\WhatsApp Image 2026-09-17 at 4.37.12 PM.jpeg
WhatsApp N=67 Benchmark,WhatsApp Image 2026-09-17 at 4.39.57 PM (1),AI,0.871582,0.636719,1,0.943359,1,0.912695,1,0.912695,1,Blend,0.636719,1,E20,both_correct,E20_correct__E23_correct,E21_correct__E23_correct,generator_unknown,none,D:\DeepVision-Forensics\data\whatsapp_robustness_test\ai\WhatsApp Image 2026-09-17 at 4.39.57 PM (1).jpeg
WhatsApp N=67 Benchmark,WhatsApp Image 2026-09-17 at 4.39.57 PM,AI,0.039185,0.476562,0,0.607422,1,0.594336,1,0.594336,1,Blend,0.607422,1,E21,E20_wrong__E21_correct,E20_wrong__E23_correct,E21_correct__E23_correct,generator_unknown,none,D:\DeepVision-Forensics\data\whatsapp_robustness_test\ai\WhatsApp Image 2026-09-17 at 4.39.57 PM.jpeg
