image_id,label,prob_e6c,pred_e6c,prob_e20,pred_e20,prob_e21,pred_e21,e20_vs_e21_transition,e6c_vs_e21_transition,generator,device_family,degradation_type,filepath
real_raise_135_r11850456t_test_whatsapp_q75,Real,0.877930,1,0.027695,0,0.831543,1,PREV_correct__CURR_wrong,PREV_wrong__CURR_wrong,camera,unknown,"WhatsApp-tier JPEG (L1280, Q75, 4:2:0)",data/final_external_pool/final_test_degraded/real_raise_135_r11850456t_test_whatsapp_q75.jpg
real_raise_135_r11850456t_test_resize_q80,Real,0.892578,1,0.026810,0,0.858887,1,PREV_correct__CURR_wrong,PREV_wrong__CURR_wrong,camera,unknown,Resize (L1080) + JPEG Q80 (4:2:0),data/final_external_pool/final_test_degraded/real_raise_135_r11850456t_test_resize_q80.jpg
real_raise_135_r11850456t_test_double_jpeg,Real,0.227417,0,0.020721,0,0.764648,1,PREV_correct__CURR_wrong,PREV_correct__CURR_wrong,camera,unknown,"Double JPEG (L1280, Q80->Q70, 4:2:0)",data/final_external_pool/final_test_degraded/real_raise_135_r11850456t_test_double_jpeg.jpg
real_raise_122_r0fbe1b0ft_test_whatsapp_q75,Real,0.001536,0,0.416260,0,0.995605,1,PREV_correct__CURR_wrong,PREV_correct__CURR_wrong,camera,unknown,"WhatsApp-tier JPEG (L1280, Q75, 4:2:0)",data/final_external_pool/final_test_degraded/real_raise_122_r0fbe1b0ft_test_whatsapp_q75.jpg
real_raise_122_r0fbe1b0ft_test_resize_q80,Real,0.002226,0,0.923828,1,1.000000,1,PREV_wrong__CURR_wrong,PREV_correct__CURR_wrong,camera,unknown,Resize (L1080) + JPEG Q80 (4:2:0),data/final_external_pool/final_test_degraded/real_raise_122_r0fbe1b0ft_test_resize_q80.jpg
real_raise_122_r0fbe1b0ft_test_double_jpeg,Real,0.000989,0,0.376953,0,0.875000,1,PREV_correct__CURR_wrong,PREV_correct__CURR_wrong,camera,unknown,"Double JPEG (L1280, Q80->Q70, 4:2:0)",data/final_external_pool/final_test_degraded/real_raise_122_r0fbe1b0ft_test_double_jpeg.jpg
real_raise_supp_026_r0dd6e8f4t_test_whatsapp_q75,Real,0.767578,1,0.012383,0,0.978027,1,PREV_correct__CURR_wrong,PREV_wrong__CURR_wrong,camera,unknown,"WhatsApp-tier JPEG (L1280, Q75, 4:2:0)",data/final_external_pool/final_test_degraded/real_raise_supp_026_r0dd6e8f4t_test_whatsapp_q75.jpg
real_raise_supp_026_r0dd6e8f4t_test_resize_q80,Real,0.752930,1,0.012054,0,0.976074,1,PREV_correct__CURR_wrong,PREV_wrong__CURR_wrong,camera,unknown,Resize (L1080) + JPEG Q80 (4:2:0),data/final_external_pool/final_test_degraded/real_raise_supp_026_r0dd6e8f4t_test_resize_q80.jpg
real_raise_supp_026_r0dd6e8f4t_test_double_jpeg,Real,0.768555,1,0.011963,0,0.976562,1,PREV_correct__CURR_wrong,PREV_wrong__CURR_wrong,camera,unknown,"Double JPEG (L1280, Q80->Q70, 4:2:0)",data/final_external_pool/final_test_degraded/real_raise_supp_026_r0dd6e8f4t_test_double_jpeg.jpg
ai_sb_stable-diffusion-1-3_154_r0372042dt_test_whatsapp_q75,AI,0.315430,0,0.419678,0,0.980957,1,PREV_wrong__CURR_correct,PREV_wrong__CURR_correct,stable-diffusion-1-3,unknown,"WhatsApp-tier JPEG (L1280, Q75, 4:2:0)",data/final_external_pool/final_test_degraded/ai_sb_stable-diffusion-1-3_154_r0372042dt_test_whatsapp_q75.jpg
ai_sb_stable-diffusion-1-3_154_r0372042dt_test_resize_q80,AI,0.447998,0,0.401855,0,0.981445,1,PREV_wrong__CURR_correct,PREV_wrong__CURR_correct,stable-diffusion-1-3,unknown,Resize (L1080) + JPEG Q80 (4:2:0),data/final_external_pool/final_test_degraded/ai_sb_stable-diffusion-1-3_154_r0372042dt_test_resize_q80.jpg
ai_sb_stable-diffusion-1-3_154_r0372042dt_test_double_jpeg,AI,0.038910,0,0.467041,0,0.981445,1,PREV_wrong__CURR_correct,PREV_wrong__CURR_correct,stable-diffusion-1-3,unknown,"Double JPEG (L1280, Q80->Q70, 4:2:0)",data/final_external_pool/final_test_degraded/ai_sb_stable-diffusion-1-3_154_r0372042dt_test_double_jpeg.jpg
ai_sb_firefly_065_r045be2act_test_whatsapp_q75,AI,0.031204,0,0.004166,0,0.604492,1,PREV_wrong__CURR_correct,PREV_wrong__CURR_correct,firefly,unknown,"WhatsApp-tier JPEG (L1280, Q75, 4:2:0)",data/final_external_pool/final_test_degraded/ai_sb_firefly_065_r045be2act_test_whatsapp_q75.jpg
ai_sb_firefly_065_r045be2act_test_resize_q80,AI,0.038025,0,0.003944,0,0.553711,1,PREV_wrong__CURR_correct,PREV_wrong__CURR_correct,firefly,unknown,Resize (L1080) + JPEG Q80 (4:2:0),data/final_external_pool/final_test_degraded/ai_sb_firefly_065_r045be2act_test_resize_q80.jpg
ai_sb_firefly_065_r045be2act_test_double_jpeg,AI,0.006290,0,0.003185,0,0.474609,0,PREV_wrong__CURR_wrong,PREV_wrong__CURR_wrong,firefly,unknown,"Double JPEG (L1280, Q80->Q70, 4:2:0)",data/final_external_pool/final_test_degraded/ai_sb_firefly_065_r045be2act_test_double_jpeg.jpg
ai_sb_stable-diffusion-1-3_161_r0a9384b1t_test_whatsapp_q75,AI,0.945801,1,0.020798,0,0.961914,1,PREV_wrong__CURR_correct,PREV_correct__CURR_correct,stable-diffusion-1-3,unknown,"WhatsApp-tier JPEG (L1280, Q75, 4:2:0)",data/final_external_pool/final_test_degraded/ai_sb_stable-diffusion-1-3_161_r0a9384b1t_test_whatsapp_q75.jpg
ai_sb_stable-diffusion-1-3_161_r0a9384b1t_test_resize_q80,AI,0.942871,1,0.019791,0,0.953125,1,PREV_wrong__CURR_correct,PREV_correct__CURR_correct,stable-diffusion-1-3,unknown,Resize (L1080) + JPEG Q80 (4:2:0),data/final_external_pool/final_test_degraded/ai_sb_stable-diffusion-1-3_161_r0a9384b1t_test_resize_q80.jpg
ai_sb_stable-diffusion-1-3_161_r0a9384b1t_test_double_jpeg,AI,0.527344,1,0.014954,0,0.638184,1,PREV_wrong__CURR_correct,PREV_correct__CURR_correct,stable-diffusion-1-3,unknown,"Double JPEG (L1280, Q80->Q70, 4:2:0)",data/final_external_pool/final_test_degraded/ai_sb_stable-diffusion-1-3_161_r0a9384b1t_test_double_jpeg.jpg
ai_sb_firefly_064_r0372042dt_test_whatsapp_q75,AI,0.880371,1,0.694824,1,0.987305,1,PREV_correct__CURR_correct,PREV_correct__CURR_correct,firefly,unknown,"WhatsApp-tier JPEG (L1280, Q75, 4:2:0)",data/final_external_pool/final_test_degraded/ai_sb_firefly_064_r0372042dt_test_whatsapp_q75.jpg
ai_sb_firefly_064_r0372042dt_test_resize_q80,AI,0.899902,1,0.692383,1,0.989746,1,PREV_correct__CURR_correct,PREV_correct__CURR_correct,firefly,unknown,Resize (L1080) + JPEG Q80 (4:2:0),data/final_external_pool/final_test_degraded/ai_sb_firefly_064_r0372042dt_test_resize_q80.jpg
ai_sb_firefly_064_r0372042dt_test_double_jpeg,AI,0.815918,1,0.642090,1,0.974121,1,PREV_correct__CURR_correct,PREV_correct__CURR_correct,firefly,unknown,"Double JPEG (L1280, Q80->Q70, 4:2:0)",data/final_external_pool/final_test_degraded/ai_sb_firefly_064_r0372042dt_test_double_jpeg.jpg
real_raise_053_r06b161adt_test_whatsapp_q75,Real,0.003593,0,0.041840,0,0.723145,1,PREV_correct__CURR_wrong,PREV_correct__CURR_wrong,camera,unknown,"WhatsApp-tier JPEG (L1280, Q75, 4:2:0)",data/final_external_pool/final_test_degraded/real_raise_053_r06b161adt_test_whatsapp_q75.jpg
real_raise_053_r06b161adt_test_resize_q80,Real,0.002846,0,0.034546,0,0.675781,1,PREV_correct__CURR_wrong,PREV_correct__CURR_wrong,camera,unknown,Resize (L1080) + JPEG Q80 (4:2:0),data/final_external_pool/final_test_degraded/real_raise_053_r06b161adt_test_resize_q80.jpg
real_raise_053_r06b161adt_test_double_jpeg,Real,0.002359,0,0.037537,0,0.685547,1,PREV_correct__CURR_wrong,PREV_correct__CURR_wrong,camera,unknown,"Double JPEG (L1280, Q80->Q70, 4:2:0)",data/final_external_pool/final_test_degraded/real_raise_053_r06b161adt_test_double_jpeg.jpg
ai_sb_stable-diffusion-1-4_188_r07cfb432t_test_whatsapp_q75,AI,0.995117,1,0.198853,0,0.876953,1,PREV_wrong__CURR_correct,PREV_correct__CURR_correct,stable-diffusion-1-4,unknown,"WhatsApp-tier JPEG (L1280, Q75, 4:2:0)",data/final_external_pool/final_test_degraded/ai_sb_stable-diffusion-1-4_188_r07cfb432t_test_whatsapp_q75.jpg
ai_sb_stable-diffusion-1-4_188_r07cfb432t_test_resize_q80,AI,0.994629,1,0.174438,0,0.856934,1,PREV_wrong__CURR_correct,PREV_correct__CURR_correct,stable-diffusion-1-4,unknown,Resize (L1080) + JPEG Q80 (4:2:0),data/final_external_pool/final_test_degraded/ai_sb_stable-diffusion-1-4_188_r07cfb432t_test_resize_q80.jpg
ai_sb_stable-diffusion-1-4_188_r07cfb432t_test_double_jpeg,AI,0.972656,1,0.113403,0,0.694824,1,PREV_wrong__CURR_correct,PREV_correct__CURR_correct,stable-diffusion-1-4,unknown,"Double JPEG (L1280, Q80->Q70, 4:2:0)",data/final_external_pool/final_test_degraded/ai_sb_stable-diffusion-1-4_188_r07cfb432t_test_double_jpeg.jpg
real_raise_115_r0f24ca4dt_test_whatsapp_q75,Real,0.526855,1,0.028381,0,0.682617,1,PREV_correct__CURR_wrong,PREV_wrong__CURR_wrong,camera,unknown,"WhatsApp-tier JPEG (L1280, Q75, 4:2:0)",data/final_external_pool/final_test_degraded/real_raise_115_r0f24ca4dt_test_whatsapp_q75.jpg
real_raise_115_r0f24ca4dt_test_resize_q80,Real,0.705566,1,0.025131,0,0.695312,1,PREV_correct__CURR_wrong,PREV_wrong__CURR_wrong,camera,unknown,Resize (L1080) + JPEG Q80 (4:2:0),data/final_external_pool/final_test_degraded/real_raise_115_r0f24ca4dt_test_resize_q80.jpg
real_raise_115_r0f24ca4dt_test_double_jpeg,Real,0.150391,0,0.014008,0,0.687012,1,PREV_correct__CURR_wrong,PREV_correct__CURR_wrong,camera,unknown,"Double JPEG (L1280, Q80->Q70, 4:2:0)",data/final_external_pool/final_test_degraded/real_raise_115_r0f24ca4dt_test_double_jpeg.jpg
ai_sb_supp_stable-diffusion-1-4_019_r001d260dt_test_whatsapp_q75,AI,0.944824,1,0.840820,1,0.856934,1,PREV_correct__CURR_correct,PREV_correct__CURR_correct,stable-diffusion-1-4,unknown,"WhatsApp-tier JPEG (L1280, Q75, 4:2:0)",data/final_external_pool/final_test_degraded/ai_sb_supp_stable-diffusion-1-4_019_r001d260dt_test_whatsapp_q75.jpg
ai_sb_supp_stable-diffusion-1-4_019_r001d260dt_test_resize_q80,AI,0.950195,1,0.796387,1,0.810059,1,PREV_correct__CURR_correct,PREV_correct__CURR_correct,stable-diffusion-1-4,unknown,Resize (L1080) + JPEG Q80 (4:2:0),data/final_external_pool/final_test_degraded/ai_sb_supp_stable-diffusion-1-4_019_r001d260dt_test_resize_q80.jpg
ai_sb_supp_stable-diffusion-1-4_019_r001d260dt_test_double_jpeg,AI,0.630859,1,0.774902,1,0.373047,0,PREV_correct__CURR_wrong,PREV_correct__CURR_wrong,stable-diffusion-1-4,unknown,"Double JPEG (L1280, Q80->Q70, 4:2:0)",data/final_external_pool/final_test_degraded/ai_sb_supp_stable-diffusion-1-4_019_r001d260dt_test_double_jpeg.jpg
real_raise_150_r1378de81t_test_whatsapp_q75,Real,0.016983,0,0.004383,0,0.603027,1,PREV_correct__CURR_wrong,PREV_correct__CURR_wrong,camera,unknown,"WhatsApp-tier JPEG (L1280, Q75, 4:2:0)",data/final_external_pool/final_test_degraded/real_raise_150_r1378de81t_test_whatsapp_q75.jpg
real_raise_150_r1378de81t_test_resize_q80,Real,0.020416,0,0.005100,0,0.457031,0,PREV_correct__CURR_correct,PREV_correct__CURR_correct,camera,unknown,Resize (L1080) + JPEG Q80 (4:2:0),data/final_external_pool/final_test_degraded/real_raise_150_r1378de81t_test_resize_q80.jpg
real_raise_150_r1378de81t_test_double_jpeg,Real,0.001484,0,0.004364,0,0.625977,1,PREV_correct__CURR_wrong,PREV_correct__CURR_wrong,camera,unknown,"Double JPEG (L1280, Q80->Q70, 4:2:0)",data/final_external_pool/final_test_degraded/real_raise_150_r1378de81t_test_double_jpeg.jpg
ai_sb_stable-diffusion-1-3_166_r102b4aa4t_test_whatsapp_q75,AI,0.435059,0,0.033661,0,0.974609,1,PREV_wrong__CURR_correct,PREV_wrong__CURR_correct,stable-diffusion-1-3,unknown,"WhatsApp-tier JPEG (L1280, Q75, 4:2:0)",data/final_external_pool/final_test_degraded/ai_sb_stable-diffusion-1-3_166_r102b4aa4t_test_whatsapp_q75.jpg
ai_sb_stable-diffusion-1-3_166_r102b4aa4t_test_resize_q80,AI,0.574707,1,0.027267,0,0.977051,1,PREV_wrong__CURR_correct,PREV_correct__CURR_correct,stable-diffusion-1-3,unknown,Resize (L1080) + JPEG Q80 (4:2:0),data/final_external_pool/final_test_degraded/ai_sb_stable-diffusion-1-3_166_r102b4aa4t_test_resize_q80.jpg
ai_sb_stable-diffusion-1-3_166_r102b4aa4t_test_double_jpeg,AI,0.353516,0,0.020142,0,0.867676,1,PREV_wrong__CURR_correct,PREV_wrong__CURR_correct,stable-diffusion-1-3,unknown,"Double JPEG (L1280, Q80->Q70, 4:2:0)",data/final_external_pool/final_test_degraded/ai_sb_stable-diffusion-1-3_166_r102b4aa4t_test_double_jpeg.jpg
real_raise_036_r04989a70t_test_whatsapp_q75,Real,0.000092,0,0.005512,0,0.121399,0,PREV_correct__CURR_correct,PREV_correct__CURR_correct,camera,unknown,"WhatsApp-tier JPEG (L1280, Q75, 4:2:0)",data/final_external_pool/final_test_degraded/real_raise_036_r04989a70t_test_whatsapp_q75.jpg
real_raise_036_r04989a70t_test_resize_q80,Real,0.000096,0,0.005062,0,0.120422,0,PREV_correct__CURR_correct,PREV_correct__CURR_correct,camera,unknown,Resize (L1080) + JPEG Q80 (4:2:0),data/final_external_pool/final_test_degraded/real_raise_036_r04989a70t_test_resize_q80.jpg
real_raise_036_r04989a70t_test_double_jpeg,Real,0.000053,0,0.005280,0,0.117371,0,PREV_correct__CURR_correct,PREV_correct__CURR_correct,camera,unknown,"Double JPEG (L1280, Q80->Q70, 4:2:0)",data/final_external_pool/final_test_degraded/real_raise_036_r04989a70t_test_double_jpeg.jpg
ai_sb_dalle2_029_r1d9a31fct_test_whatsapp_q75,AI,0.033142,0,0.053101,0,0.644043,1,PREV_wrong__CURR_correct,PREV_wrong__CURR_correct,dalle2,unknown,"WhatsApp-tier JPEG (L1280, Q75, 4:2:0)",data/final_external_pool/final_test_degraded/ai_sb_dalle2_029_r1d9a31fct_test_whatsapp_q75.jpg
ai_sb_dalle2_029_r1d9a31fct_test_resize_q80,AI,0.037598,0,0.037537,0,0.639648,1,PREV_wrong__CURR_correct,PREV_wrong__CURR_correct,dalle2,unknown,Resize (L1080) + JPEG Q80 (4:2:0),data/final_external_pool/final_test_degraded/ai_sb_dalle2_029_r1d9a31fct_test_resize_q80.jpg
ai_sb_dalle2_029_r1d9a31fct_test_double_jpeg,AI,0.022156,0,0.037750,0,0.513672,1,PREV_wrong__CURR_correct,PREV_wrong__CURR_correct,dalle2,unknown,"Double JPEG (L1280, Q80->Q70, 4:2:0)",data/final_external_pool/final_test_degraded/ai_sb_dalle2_029_r1d9a31fct_test_double_jpeg.jpg
real_raise_supp_005_r02513d19t_test_whatsapp_q75,Real,0.007233,0,0.001432,0,0.138916,0,PREV_correct__CURR_correct,PREV_correct__CURR_correct,camera,unknown,"WhatsApp-tier JPEG (L1280, Q75, 4:2:0)",data/final_external_pool/final_test_degraded/real_raise_supp_005_r02513d19t_test_whatsapp_q75.jpg
real_raise_supp_005_r02513d19t_test_resize_q80,Real,0.007149,0,0.001554,0,0.142944,0,PREV_correct__CURR_correct,PREV_correct__CURR_correct,camera,unknown,Resize (L1080) + JPEG Q80 (4:2:0),data/final_external_pool/final_test_degraded/real_raise_supp_005_r02513d19t_test_resize_q80.jpg
real_raise_supp_005_r02513d19t_test_double_jpeg,Real,0.006744,0,0.001255,0,0.135986,0,PREV_correct__CURR_correct,PREV_correct__CURR_correct,camera,unknown,"Double JPEG (L1280, Q80->Q70, 4:2:0)",data/final_external_pool/final_test_degraded/real_raise_supp_005_r02513d19t_test_double_jpeg.jpg
ai_sb_firefly_087_r1bdb6385t_test_whatsapp_q75,AI,0.831543,1,0.022202,0,0.954102,1,PREV_wrong__CURR_correct,PREV_correct__CURR_correct,firefly,unknown,"WhatsApp-tier JPEG (L1280, Q75, 4:2:0)",data/final_external_pool/final_test_degraded/ai_sb_firefly_087_r1bdb6385t_test_whatsapp_q75.jpg
ai_sb_firefly_087_r1bdb6385t_test_resize_q80,AI,0.811035,1,0.024704,0,0.970215,1,PREV_wrong__CURR_correct,PREV_correct__CURR_correct,firefly,unknown,Resize (L1080) + JPEG Q80 (4:2:0),data/final_external_pool/final_test_degraded/ai_sb_firefly_087_r1bdb6385t_test_resize_q80.jpg
ai_sb_firefly_087_r1bdb6385t_test_double_jpeg,AI,0.799316,1,0.027954,0,0.958496,1,PREV_wrong__CURR_correct,PREV_correct__CURR_correct,firefly,unknown,"Double JPEG (L1280, Q80->Q70, 4:2:0)",data/final_external_pool/final_test_degraded/ai_sb_firefly_087_r1bdb6385t_test_double_jpeg.jpg
real_raise_250_r1f4a44a7t_test_whatsapp_q75,Real,0.173828,0,0.002260,0,0.587891,1,PREV_correct__CURR_wrong,PREV_correct__CURR_wrong,camera,unknown,"WhatsApp-tier JPEG (L1280, Q75, 4:2:0)",data/final_external_pool/final_test_degraded/real_raise_250_r1f4a44a7t_test_whatsapp_q75.jpg
real_raise_250_r1f4a44a7t_test_resize_q80,Real,0.139771,0,0.002726,0,0.557129,1,PREV_correct__CURR_wrong,PREV_correct__CURR_wrong,camera,unknown,Resize (L1080) + JPEG Q80 (4:2:0),data/final_external_pool/final_test_degraded/real_raise_250_r1f4a44a7t_test_resize_q80.jpg
real_raise_250_r1f4a44a7t_test_double_jpeg,Real,0.110107,0,0.001942,0,0.593262,1,PREV_correct__CURR_wrong,PREV_correct__CURR_wrong,camera,unknown,"Double JPEG (L1280, Q80->Q70, 4:2:0)",data/final_external_pool/final_test_degraded/real_raise_250_r1f4a44a7t_test_double_jpeg.jpg
ai_sb_midjourney-v5_147_r1bdb6385t_test_whatsapp_q75,AI,0.566895,1,0.099304,0,0.864258,1,PREV_wrong__CURR_correct,PREV_correct__CURR_correct,midjourney-v5,unknown,"WhatsApp-tier JPEG (L1280, Q75, 4:2:0)",data/final_external_pool/final_test_degraded/ai_sb_midjourney-v5_147_r1bdb6385t_test_whatsapp_q75.jpg
ai_sb_midjourney-v5_147_r1bdb6385t_test_resize_q80,AI,0.540527,1,0.107239,0,0.860840,1,PREV_wrong__CURR_correct,PREV_correct__CURR_correct,midjourney-v5,unknown,Resize (L1080) + JPEG Q80 (4:2:0),data/final_external_pool/final_test_degraded/ai_sb_midjourney-v5_147_r1bdb6385t_test_resize_q80.jpg
ai_sb_midjourney-v5_147_r1bdb6385t_test_double_jpeg,AI,0.126099,0,0.050812,0,0.748535,1,PREV_wrong__CURR_correct,PREV_wrong__CURR_correct,midjourney-v5,unknown,"Double JPEG (L1280, Q80->Q70, 4:2:0)",data/final_external_pool/final_test_degraded/ai_sb_midjourney-v5_147_r1bdb6385t_test_double_jpeg.jpg
real_raise_043_r057282fet_test_whatsapp_q75,Real,0.960938,1,0.437500,0,0.989258,1,PREV_correct__CURR_wrong,PREV_wrong__CURR_wrong,camera,unknown,"WhatsApp-tier JPEG (L1280, Q75, 4:2:0)",data/final_external_pool/final_test_degraded/real_raise_043_r057282fet_test_whatsapp_q75.jpg
real_raise_043_r057282fet_test_resize_q80,Real,0.956055,1,0.404541,0,0.986328,1,PREV_correct__CURR_wrong,PREV_wrong__CURR_wrong,camera,unknown,Resize (L1080) + JPEG Q80 (4:2:0),data/final_external_pool/final_test_degraded/real_raise_043_r057282fet_test_resize_q80.jpg
real_raise_043_r057282fet_test_double_jpeg,Real,0.887207,1,0.319336,0,0.987793,1,PREV_correct__CURR_wrong,PREV_wrong__CURR_wrong,camera,unknown,"Double JPEG (L1280, Q80->Q70, 4:2:0)",data/final_external_pool/final_test_degraded/real_raise_043_r057282fet_test_double_jpeg.jpg
real_raise_092_r0b755540t_test_whatsapp_q75,Real,0.166870,0,0.148315,0,0.726074,1,PREV_correct__CURR_wrong,PREV_correct__CURR_wrong,camera,unknown,"WhatsApp-tier JPEG (L1280, Q75, 4:2:0)",data/final_external_pool/final_test_degraded/real_raise_092_r0b755540t_test_whatsapp_q75.jpg
real_raise_092_r0b755540t_test_resize_q80,Real,0.168701,0,0.144653,0,0.730469,1,PREV_correct__CURR_wrong,PREV_correct__CURR_wrong,camera,unknown,Resize (L1080) + JPEG Q80 (4:2:0),data/final_external_pool/final_test_degraded/real_raise_092_r0b755540t_test_resize_q80.jpg
real_raise_092_r0b755540t_test_double_jpeg,Real,0.122437,0,0.113586,0,0.707031,1,PREV_correct__CURR_wrong,PREV_correct__CURR_wrong,camera,unknown,"Double JPEG (L1280, Q80->Q70, 4:2:0)",data/final_external_pool/final_test_degraded/real_raise_092_r0b755540t_test_double_jpeg.jpg
real_raise_supp_035_r12cbfb1et_test_whatsapp_q75,Real,0.562012,1,0.011871,0,0.610840,1,PREV_correct__CURR_wrong,PREV_wrong__CURR_wrong,camera,unknown,"WhatsApp-tier JPEG (L1280, Q75, 4:2:0)",data/final_external_pool/final_test_degraded/real_raise_supp_035_r12cbfb1et_test_whatsapp_q75.jpg
real_raise_supp_035_r12cbfb1et_test_resize_q80,Real,0.490479,0,0.008987,0,0.568359,1,PREV_correct__CURR_wrong,PREV_correct__CURR_wrong,camera,unknown,Resize (L1080) + JPEG Q80 (4:2:0),data/final_external_pool/final_test_degraded/real_raise_supp_035_r12cbfb1et_test_resize_q80.jpg
real_raise_supp_035_r12cbfb1et_test_double_jpeg,Real,0.187744,0,0.007233,0,0.428467,0,PREV_correct__CURR_correct,PREV_correct__CURR_correct,camera,unknown,"Double JPEG (L1280, Q80->Q70, 4:2:0)",data/final_external_pool/final_test_degraded/real_raise_supp_035_r12cbfb1et_test_double_jpeg.jpg
ai_sb_stable-diffusion-1-3_160_r09a60f63t_test_whatsapp_q75,AI,0.354736,0,0.680664,1,0.735352,1,PREV_correct__CURR_correct,PREV_wrong__CURR_correct,stable-diffusion-1-3,unknown,"WhatsApp-tier JPEG (L1280, Q75, 4:2:0)",data/final_external_pool/final_test_degraded/ai_sb_stable-diffusion-1-3_160_r09a60f63t_test_whatsapp_q75.jpg
ai_sb_stable-diffusion-1-3_160_r09a60f63t_test_resize_q80,AI,0.504883,1,0.720215,1,0.806152,1,PREV_correct__CURR_correct,PREV_correct__CURR_correct,stable-diffusion-1-3,unknown,Resize (L1080) + JPEG Q80 (4:2:0),data/final_external_pool/final_test_degraded/ai_sb_stable-diffusion-1-3_160_r09a60f63t_test_resize_q80.jpg
ai_sb_stable-diffusion-1-3_160_r09a60f63t_test_double_jpeg,AI,0.020294,0,0.543945,1,0.740723,1,PREV_correct__CURR_correct,PREV_wrong__CURR_correct,stable-diffusion-1-3,unknown,"Double JPEG (L1280, Q80->Q70, 4:2:0)",data/final_external_pool/final_test_degraded/ai_sb_stable-diffusion-1-3_160_r09a60f63t_test_double_jpeg.jpg
ai_sb_dalle3_059_r1d9a31fct_test_whatsapp_q75,AI,0.934570,1,0.971191,1,0.998535,1,PREV_correct__CURR_correct,PREV_correct__CURR_correct,dalle3,unknown,"WhatsApp-tier JPEG (L1280, Q75, 4:2:0)",data/final_external_pool/final_test_degraded/ai_sb_dalle3_059_r1d9a31fct_test_whatsapp_q75.jpg
ai_sb_dalle3_059_r1d9a31fct_test_resize_q80,AI,0.958496,1,0.966309,1,0.998535,1,PREV_correct__CURR_correct,PREV_correct__CURR_correct,dalle3,unknown,Resize (L1080) + JPEG Q80 (4:2:0),data/final_external_pool/final_test_degraded/ai_sb_dalle3_059_r1d9a31fct_test_resize_q80.jpg
ai_sb_dalle3_059_r1d9a31fct_test_double_jpeg,AI,0.867676,1,0.945801,1,0.998535,1,PREV_correct__CURR_correct,PREV_correct__CURR_correct,dalle3,unknown,"Double JPEG (L1280, Q80->Q70, 4:2:0)",data/final_external_pool/final_test_degraded/ai_sb_dalle3_059_r1d9a31fct_test_double_jpeg.jpg
ai_sb_glide_091_r000da54ft_test_whatsapp_q75,AI,0.623047,1,0.729492,1,0.796875,1,PREV_correct__CURR_correct,PREV_correct__CURR_correct,glide,unknown,"WhatsApp-tier JPEG (L1280, Q75, 4:2:0)",data/final_external_pool/final_test_degraded/ai_sb_glide_091_r000da54ft_test_whatsapp_q75.jpg
ai_sb_glide_091_r000da54ft_test_resize_q80,AI,0.667969,1,0.719238,1,0.748047,1,PREV_correct__CURR_correct,PREV_correct__CURR_correct,glide,unknown,Resize (L1080) + JPEG Q80 (4:2:0),data/final_external_pool/final_test_degraded/ai_sb_glide_091_r000da54ft_test_resize_q80.jpg
ai_sb_glide_091_r000da54ft_test_double_jpeg,AI,0.028595,0,0.621582,1,0.793945,1,PREV_correct__CURR_correct,PREV_wrong__CURR_correct,glide,unknown,"Double JPEG (L1280, Q80->Q70, 4:2:0)",data/final_external_pool/final_test_degraded/ai_sb_glide_091_r000da54ft_test_double_jpeg.jpg
ai_sb_firefly_068_r07cfb432t_test_whatsapp_q75,AI,0.075867,0,0.059875,0,0.593262,1,PREV_wrong__CURR_correct,PREV_wrong__CURR_correct,firefly,unknown,"WhatsApp-tier JPEG (L1280, Q75, 4:2:0)",data/final_external_pool/final_test_degraded/ai_sb_firefly_068_r07cfb432t_test_whatsapp_q75.jpg
ai_sb_firefly_068_r07cfb432t_test_resize_q80,AI,0.119202,0,0.092712,0,0.684570,1,PREV_wrong__CURR_correct,PREV_wrong__CURR_correct,firefly,unknown,Resize (L1080) + JPEG Q80 (4:2:0),data/final_external_pool/final_test_degraded/ai_sb_firefly_068_r07cfb432t_test_resize_q80.jpg
ai_sb_firefly_068_r07cfb432t_test_double_jpeg,AI,0.014786,0,0.039429,0,0.346924,0,PREV_wrong__CURR_wrong,PREV_wrong__CURR_wrong,firefly,unknown,"Double JPEG (L1280, Q80->Q70, 4:2:0)",data/final_external_pool/final_test_degraded/ai_sb_firefly_068_r07cfb432t_test_double_jpeg.jpg
real_raise_046_r05db7e7ft_test_whatsapp_q75,Real,0.000575,0,0.000651,0,0.296143,0,PREV_correct__CURR_correct,PREV_correct__CURR_correct,camera,unknown,"WhatsApp-tier JPEG (L1280, Q75, 4:2:0)",data/final_external_pool/final_test_degraded/real_raise_046_r05db7e7ft_test_whatsapp_q75.jpg
real_raise_046_r05db7e7ft_test_resize_q80,Real,0.000859,0,0.000534,0,0.249023,0,PREV_correct__CURR_correct,PREV_correct__CURR_correct,camera,unknown,Resize (L1080) + JPEG Q80 (4:2:0),data/final_external_pool/final_test_degraded/real_raise_046_r05db7e7ft_test_resize_q80.jpg
real_raise_046_r05db7e7ft_test_double_jpeg,Real,0.000255,0,0.000586,0,0.277832,0,PREV_correct__CURR_correct,PREV_correct__CURR_correct,camera,unknown,"Double JPEG (L1280, Q80->Q70, 4:2:0)",data/final_external_pool/final_test_degraded/real_raise_046_r05db7e7ft_test_double_jpeg.jpg
ai_sb_firefly_069_r08996953t_test_whatsapp_q75,AI,0.318604,0,0.036621,0,0.936523,1,PREV_wrong__CURR_correct,PREV_wrong__CURR_correct,firefly,unknown,"WhatsApp-tier JPEG (L1280, Q75, 4:2:0)",data/final_external_pool/final_test_degraded/ai_sb_firefly_069_r08996953t_test_whatsapp_q75.jpg
ai_sb_firefly_069_r08996953t_test_resize_q80,AI,0.267334,0,0.053192,0,0.939453,1,PREV_wrong__CURR_correct,PREV_wrong__CURR_correct,firefly,unknown,Resize (L1080) + JPEG Q80 (4:2:0),data/final_external_pool/final_test_degraded/ai_sb_firefly_069_r08996953t_test_resize_q80.jpg
ai_sb_firefly_069_r08996953t_test_double_jpeg,AI,0.137695,0,0.039429,0,0.903809,1,PREV_wrong__CURR_correct,PREV_wrong__CURR_correct,firefly,unknown,"Double JPEG (L1280, Q80->Q70, 4:2:0)",data/final_external_pool/final_test_degraded/ai_sb_firefly_069_r08996953t_test_double_jpeg.jpg
real_raise_supp_004_r01d0b83bt_test_whatsapp_q75,Real,0.015015,0,0.031616,0,0.407471,0,PREV_correct__CURR_correct,PREV_correct__CURR_correct,camera,unknown,"WhatsApp-tier JPEG (L1280, Q75, 4:2:0)",data/final_external_pool/final_test_degraded/real_raise_supp_004_r01d0b83bt_test_whatsapp_q75.jpg
real_raise_supp_004_r01d0b83bt_test_resize_q80,Real,0.021362,0,0.035400,0,0.388184,0,PREV_correct__CURR_correct,PREV_correct__CURR_correct,camera,unknown,Resize (L1080) + JPEG Q80 (4:2:0),data/final_external_pool/final_test_degraded/real_raise_supp_004_r01d0b83bt_test_resize_q80.jpg
real_raise_supp_004_r01d0b83bt_test_double_jpeg,Real,0.005844,0,0.022415,0,0.279297,0,PREV_correct__CURR_correct,PREV_correct__CURR_correct,camera,unknown,"Double JPEG (L1280, Q80->Q70, 4:2:0)",data/final_external_pool/final_test_degraded/real_raise_supp_004_r01d0b83bt_test_double_jpeg.jpg
ai_sb_midjourney-v5_130_r09a60f63t_test_whatsapp_q75,AI,0.809082,1,0.990723,1,0.930176,1,PREV_correct__CURR_correct,PREV_correct__CURR_correct,midjourney-v5,unknown,"WhatsApp-tier JPEG (L1280, Q75, 4:2:0)",data/final_external_pool/final_test_degraded/ai_sb_midjourney-v5_130_r09a60f63t_test_whatsapp_q75.jpg
ai_sb_midjourney-v5_130_r09a60f63t_test_resize_q80,AI,0.833008,1,0.987305,1,0.937500,1,PREV_correct__CURR_correct,PREV_correct__CURR_correct,midjourney-v5,unknown,Resize (L1080) + JPEG Q80 (4:2:0),data/final_external_pool/final_test_degraded/ai_sb_midjourney-v5_130_r09a60f63t_test_resize_q80.jpg
ai_sb_midjourney-v5_130_r09a60f63t_test_double_jpeg,AI,0.754395,1,0.978027,1,0.938477,1,PREV_correct__CURR_correct,PREV_correct__CURR_correct,midjourney-v5,unknown,"Double JPEG (L1280, Q80->Q70, 4:2:0)",data/final_external_pool/final_test_degraded/ai_sb_midjourney-v5_130_r09a60f63t_test_double_jpeg.jpg
real_raise_191_r18d72ab2t_test_whatsapp_q75,Real,0.004005,0,0.003124,0,0.451172,0,PREV_correct__CURR_correct,PREV_correct__CURR_correct,camera,unknown,"WhatsApp-tier JPEG (L1280, Q75, 4:2:0)",data/final_external_pool/final_test_degraded/real_raise_191_r18d72ab2t_test_whatsapp_q75.jpg
real_raise_191_r18d72ab2t_test_resize_q80,Real,0.005161,0,0.005798,0,0.456787,0,PREV_correct__CURR_correct,PREV_correct__CURR_correct,camera,unknown,Resize (L1080) + JPEG Q80 (4:2:0),data/final_external_pool/final_test_degraded/real_raise_191_r18d72ab2t_test_resize_q80.jpg
real_raise_191_r18d72ab2t_test_double_jpeg,Real,0.000422,0,0.004646,0,0.632812,1,PREV_correct__CURR_wrong,PREV_correct__CURR_wrong,camera,unknown,"Double JPEG (L1280, Q80->Q70, 4:2:0)",data/final_external_pool/final_test_degraded/real_raise_191_r18d72ab2t_test_double_jpeg.jpg
real_raise_208_r1aa53167t_test_whatsapp_q75,Real,0.002342,0,0.032227,0,0.403320,0,PREV_correct__CURR_correct,PREV_correct__CURR_correct,camera,unknown,"WhatsApp-tier JPEG (L1280, Q75, 4:2:0)",data/final_external_pool/final_test_degraded/real_raise_208_r1aa53167t_test_whatsapp_q75.jpg
real_raise_208_r1aa53167t_test_resize_q80,Real,0.001889,0,0.034760,0,0.375488,0,PREV_correct__CURR_correct,PREV_correct__CURR_correct,camera,unknown,Resize (L1080) + JPEG Q80 (4:2:0),data/final_external_pool/final_test_degraded/real_raise_208_r1aa53167t_test_resize_q80.jpg
real_raise_208_r1aa53167t_test_double_jpeg,Real,0.001965,0,0.032288,0,0.360596,0,PREV_correct__CURR_correct,PREV_correct__CURR_correct,camera,unknown,"Double JPEG (L1280, Q80->Q70, 4:2:0)",data/final_external_pool/final_test_degraded/real_raise_208_r1aa53167t_test_double_jpeg.jpg
real_raise_202_r1a4651edt_test_whatsapp_q75,Real,0.000049,0,0.008217,0,0.064514,0,PREV_correct__CURR_correct,PREV_correct__CURR_correct,camera,unknown,"WhatsApp-tier JPEG (L1280, Q75, 4:2:0)",data/final_external_pool/final_test_degraded/real_raise_202_r1a4651edt_test_whatsapp_q75.jpg
real_raise_202_r1a4651edt_test_resize_q80,Real,0.000111,0,0.008446,0,0.064270,0,PREV_correct__CURR_correct,PREV_correct__CURR_correct,camera,unknown,Resize (L1080) + JPEG Q80 (4:2:0),data/final_external_pool/final_test_degraded/real_raise_202_r1a4651edt_test_resize_q80.jpg
real_raise_202_r1a4651edt_test_double_jpeg,Real,0.000024,0,0.007317,0,0.059967,0,PREV_correct__CURR_correct,PREV_correct__CURR_correct,camera,unknown,"Double JPEG (L1280, Q80->Q70, 4:2:0)",data/final_external_pool/final_test_degraded/real_raise_202_r1a4651edt_test_double_jpeg.jpg
ai_sb_dalle2_003_r026b5360t_test_whatsapp_q75,AI,0.718262,1,0.292236,0,0.921387,1,PREV_wrong__CURR_correct,PREV_correct__CURR_correct,dalle2,unknown,"WhatsApp-tier JPEG (L1280, Q75, 4:2:0)",data/final_external_pool/final_test_degraded/ai_sb_dalle2_003_r026b5360t_test_whatsapp_q75.jpg
ai_sb_dalle2_003_r026b5360t_test_resize_q80,AI,0.786133,1,0.329102,0,0.923340,1,PREV_wrong__CURR_correct,PREV_correct__CURR_correct,dalle2,unknown,Resize (L1080) + JPEG Q80 (4:2:0),data/final_external_pool/final_test_degraded/ai_sb_dalle2_003_r026b5360t_test_resize_q80.jpg
ai_sb_dalle2_003_r026b5360t_test_double_jpeg,AI,0.410889,0,0.142212,0,0.862305,1,PREV_wrong__CURR_correct,PREV_wrong__CURR_correct,dalle2,unknown,"Double JPEG (L1280, Q80->Q70, 4:2:0)",data/final_external_pool/final_test_degraded/ai_sb_dalle2_003_r026b5360t_test_double_jpeg.jpg
ai_sb_supp_dalle2_002_r002fc3e2t_test_whatsapp_q75,AI,0.419922,0,0.558594,1,0.991699,1,PREV_correct__CURR_correct,PREV_wrong__CURR_correct,dalle2,unknown,"WhatsApp-tier JPEG (L1280, Q75, 4:2:0)",data/final_external_pool/final_test_degraded/ai_sb_supp_dalle2_002_r002fc3e2t_test_whatsapp_q75.jpg
ai_sb_supp_dalle2_002_r002fc3e2t_test_resize_q80,AI,0.432129,0,0.647949,1,0.993652,1,PREV_correct__CURR_correct,PREV_wrong__CURR_correct,dalle2,unknown,Resize (L1080) + JPEG Q80 (4:2:0),data/final_external_pool/final_test_degraded/ai_sb_supp_dalle2_002_r002fc3e2t_test_resize_q80.jpg
ai_sb_supp_dalle2_002_r002fc3e2t_test_double_jpeg,AI,0.185791,0,0.507812,1,0.980957,1,PREV_correct__CURR_correct,PREV_wrong__CURR_correct,dalle2,unknown,"Double JPEG (L1280, Q80->Q70, 4:2:0)",data/final_external_pool/final_test_degraded/ai_sb_supp_dalle2_002_r002fc3e2t_test_double_jpeg.jpg
ai_sb_firefly_075_r0f5beb66t_test_whatsapp_q75,AI,0.007011,0,0.002115,0,0.106140,0,PREV_wrong__CURR_wrong,PREV_wrong__CURR_wrong,firefly,unknown,"WhatsApp-tier JPEG (L1280, Q75, 4:2:0)",data/final_external_pool/final_test_degraded/ai_sb_firefly_075_r0f5beb66t_test_whatsapp_q75.jpg
ai_sb_firefly_075_r0f5beb66t_test_resize_q80,AI,0.004646,0,0.002174,0,0.103760,0,PREV_wrong__CURR_wrong,PREV_wrong__CURR_wrong,firefly,unknown,Resize (L1080) + JPEG Q80 (4:2:0),data/final_external_pool/final_test_degraded/ai_sb_firefly_075_r0f5beb66t_test_resize_q80.jpg
ai_sb_firefly_075_r0f5beb66t_test_double_jpeg,AI,0.001831,0,0.001623,0,0.054199,0,PREV_wrong__CURR_wrong,PREV_wrong__CURR_wrong,firefly,unknown,"Double JPEG (L1280, Q80->Q70, 4:2:0)",data/final_external_pool/final_test_degraded/ai_sb_firefly_075_r0f5beb66t_test_double_jpeg.jpg
ai_sb_midjourney-v5_146_r1ad2de34t_test_whatsapp_q75,AI,0.190063,0,0.033478,0,0.801270,1,PREV_wrong__CURR_correct,PREV_wrong__CURR_correct,midjourney-v5,unknown,"WhatsApp-tier JPEG (L1280, Q75, 4:2:0)",data/final_external_pool/final_test_degraded/ai_sb_midjourney-v5_146_r1ad2de34t_test_whatsapp_q75.jpg
ai_sb_midjourney-v5_146_r1ad2de34t_test_resize_q80,AI,0.225708,0,0.026260,0,0.776855,1,PREV_wrong__CURR_correct,PREV_wrong__CURR_correct,midjourney-v5,unknown,Resize (L1080) + JPEG Q80 (4:2:0),data/final_external_pool/final_test_degraded/ai_sb_midjourney-v5_146_r1ad2de34t_test_resize_q80.jpg
ai_sb_midjourney-v5_146_r1ad2de34t_test_double_jpeg,AI,0.143066,0,0.023514,0,0.780762,1,PREV_wrong__CURR_correct,PREV_wrong__CURR_correct,midjourney-v5,unknown,"Double JPEG (L1280, Q80->Q70, 4:2:0)",data/final_external_pool/final_test_degraded/ai_sb_midjourney-v5_146_r1ad2de34t_test_double_jpeg.jpg
ai_sb_stable-diffusion-2_231_r159d3942t_test_whatsapp_q75,AI,0.005447,0,0.062561,0,0.023376,0,PREV_wrong__CURR_wrong,PREV_wrong__CURR_wrong,stable-diffusion-2,unknown,"WhatsApp-tier JPEG (L1280, Q75, 4:2:0)",data/final_external_pool/final_test_degraded/ai_sb_stable-diffusion-2_231_r159d3942t_test_whatsapp_q75.jpg
ai_sb_stable-diffusion-2_231_r159d3942t_test_resize_q80,AI,0.013222,0,0.057068,0,0.032227,0,PREV_wrong__CURR_wrong,PREV_wrong__CURR_wrong,stable-diffusion-2,unknown,Resize (L1080) + JPEG Q80 (4:2:0),data/final_external_pool/final_test_degraded/ai_sb_stable-diffusion-2_231_r159d3942t_test_resize_q80.jpg
ai_sb_stable-diffusion-2_231_r159d3942t_test_double_jpeg,AI,0.001782,0,0.063599,0,0.015305,0,PREV_wrong__CURR_wrong,PREV_wrong__CURR_wrong,stable-diffusion-2,unknown,"Double JPEG (L1280, Q80->Q70, 4:2:0)",data/final_external_pool/final_test_degraded/ai_sb_stable-diffusion-2_231_r159d3942t_test_double_jpeg.jpg
real_raise_075_r09851aa4t_test_whatsapp_q75,Real,0.004265,0,0.024521,0,0.255615,0,PREV_correct__CURR_correct,PREV_correct__CURR_correct,camera,unknown,"WhatsApp-tier JPEG (L1280, Q75, 4:2:0)",data/final_external_pool/final_test_degraded/real_raise_075_r09851aa4t_test_whatsapp_q75.jpg
real_raise_075_r09851aa4t_test_resize_q80,Real,0.002935,0,0.020767,0,0.198486,0,PREV_correct__CURR_correct,PREV_correct__CURR_correct,camera,unknown,Resize (L1080) + JPEG Q80 (4:2:0),data/final_external_pool/final_test_degraded/real_raise_075_r09851aa4t_test_resize_q80.jpg
real_raise_075_r09851aa4t_test_double_jpeg,Real,0.002035,0,0.017776,0,0.185181,0,PREV_correct__CURR_correct,PREV_correct__CURR_correct,camera,unknown,"Double JPEG (L1280, Q80->Q70, 4:2:0)",data/final_external_pool/final_test_degraded/real_raise_075_r09851aa4t_test_double_jpeg.jpg
real_raise_110_r0ea0825ft_test_whatsapp_q75,Real,0.004250,0,0.732422,1,0.844238,1,PREV_wrong__CURR_wrong,PREV_correct__CURR_wrong,camera,unknown,"WhatsApp-tier JPEG (L1280, Q75, 4:2:0)",data/final_external_pool/final_test_degraded/real_raise_110_r0ea0825ft_test_whatsapp_q75.jpg
real_raise_110_r0ea0825ft_test_resize_q80,Real,0.003235,0,0.640625,1,0.764160,1,PREV_wrong__CURR_wrong,PREV_correct__CURR_wrong,camera,unknown,Resize (L1080) + JPEG Q80 (4:2:0),data/final_external_pool/final_test_degraded/real_raise_110_r0ea0825ft_test_resize_q80.jpg
real_raise_110_r0ea0825ft_test_double_jpeg,Real,0.001216,0,0.682617,1,0.717285,1,PREV_wrong__CURR_wrong,PREV_correct__CURR_wrong,camera,unknown,"Double JPEG (L1280, Q80->Q70, 4:2:0)",data/final_external_pool/final_test_degraded/real_raise_110_r0ea0825ft_test_double_jpeg.jpg
ai_sb_glide_109_r138ad247t_test_whatsapp_q75,AI,0.415527,0,0.278076,0,0.969727,1,PREV_wrong__CURR_correct,PREV_wrong__CURR_correct,glide,unknown,"WhatsApp-tier JPEG (L1280, Q75, 4:2:0)",data/final_external_pool/final_test_degraded/ai_sb_glide_109_r138ad247t_test_whatsapp_q75.jpg
ai_sb_glide_109_r138ad247t_test_resize_q80,AI,0.451904,0,0.286621,0,0.977539,1,PREV_wrong__CURR_correct,PREV_wrong__CURR_correct,glide,unknown,Resize (L1080) + JPEG Q80 (4:2:0),data/final_external_pool/final_test_degraded/ai_sb_glide_109_r138ad247t_test_resize_q80.jpg
ai_sb_glide_109_r138ad247t_test_double_jpeg,AI,0.347412,0,0.254395,0,0.962891,1,PREV_wrong__CURR_correct,PREV_wrong__CURR_correct,glide,unknown,"Double JPEG (L1280, Q80->Q70, 4:2:0)",data/final_external_pool/final_test_degraded/ai_sb_glide_109_r138ad247t_test_double_jpeg.jpg
ai_sb_stable-diffusion-1-4_192_r0b7b1156t_test_whatsapp_q75,AI,0.828125,1,0.264404,0,0.951660,1,PREV_wrong__CURR_correct,PREV_correct__CURR_correct,stable-diffusion-1-4,unknown,"WhatsApp-tier JPEG (L1280, Q75, 4:2:0)",data/final_external_pool/final_test_degraded/ai_sb_stable-diffusion-1-4_192_r0b7b1156t_test_whatsapp_q75.jpg
ai_sb_stable-diffusion-1-4_192_r0b7b1156t_test_resize_q80,AI,0.789062,1,0.261230,0,0.923828,1,PREV_wrong__CURR_correct,PREV_correct__CURR_correct,stable-diffusion-1-4,unknown,Resize (L1080) + JPEG Q80 (4:2:0),data/final_external_pool/final_test_degraded/ai_sb_stable-diffusion-1-4_192_r0b7b1156t_test_resize_q80.jpg
ai_sb_stable-diffusion-1-4_192_r0b7b1156t_test_double_jpeg,AI,0.408691,0,0.113403,0,0.646484,1,PREV_wrong__CURR_correct,PREV_wrong__CURR_correct,stable-diffusion-1-4,unknown,"Double JPEG (L1280, Q80->Q70, 4:2:0)",data/final_external_pool/final_test_degraded/ai_sb_stable-diffusion-1-4_192_r0b7b1156t_test_double_jpeg.jpg
real_raise_230_r1d00d8ect_test_whatsapp_q75,Real,0.788574,1,0.019424,0,0.863770,1,PREV_correct__CURR_wrong,PREV_wrong__CURR_wrong,camera,unknown,"WhatsApp-tier JPEG (L1280, Q75, 4:2:0)",data/final_external_pool/final_test_degraded/real_raise_230_r1d00d8ect_test_whatsapp_q75.jpg
real_raise_230_r1d00d8ect_test_resize_q80,Real,0.769531,1,0.017242,0,0.844727,1,PREV_correct__CURR_wrong,PREV_wrong__CURR_wrong,camera,unknown,Resize (L1080) + JPEG Q80 (4:2:0),data/final_external_pool/final_test_degraded/real_raise_230_r1d00d8ect_test_resize_q80.jpg
real_raise_230_r1d00d8ect_test_double_jpeg,Real,0.618164,1,0.005775,0,0.823242,1,PREV_correct__CURR_wrong,PREV_wrong__CURR_wrong,camera,unknown,"Double JPEG (L1280, Q80->Q70, 4:2:0)",data/final_external_pool/final_test_degraded/real_raise_230_r1d00d8ect_test_double_jpeg.jpg
ai_sb_dalle3_056_r1ad2de34t_test_whatsapp_q75,AI,0.992676,1,0.576172,1,0.998535,1,PREV_correct__CURR_correct,PREV_correct__CURR_correct,dalle3,unknown,"WhatsApp-tier JPEG (L1280, Q75, 4:2:0)",data/final_external_pool/final_test_degraded/ai_sb_dalle3_056_r1ad2de34t_test_whatsapp_q75.jpg
ai_sb_dalle3_056_r1ad2de34t_test_resize_q80,AI,0.991699,1,0.564453,1,0.998047,1,PREV_correct__CURR_correct,PREV_correct__CURR_correct,dalle3,unknown,Resize (L1080) + JPEG Q80 (4:2:0),data/final_external_pool/final_test_degraded/ai_sb_dalle3_056_r1ad2de34t_test_resize_q80.jpg
ai_sb_dalle3_056_r1ad2de34t_test_double_jpeg,AI,0.972168,1,0.329102,0,0.995605,1,PREV_wrong__CURR_correct,PREV_correct__CURR_correct,dalle3,unknown,"Double JPEG (L1280, Q80->Q70, 4:2:0)",data/final_external_pool/final_test_degraded/ai_sb_dalle3_056_r1ad2de34t_test_double_jpeg.jpg
real_raise_072_r09445479t_test_whatsapp_q75,Real,0.013275,0,0.014503,0,0.877930,1,PREV_correct__CURR_wrong,PREV_correct__CURR_wrong,camera,unknown,"WhatsApp-tier JPEG (L1280, Q75, 4:2:0)",data/final_external_pool/final_test_degraded/real_raise_072_r09445479t_test_whatsapp_q75.jpg
real_raise_072_r09445479t_test_resize_q80,Real,0.019424,0,0.013123,0,0.884277,1,PREV_correct__CURR_wrong,PREV_correct__CURR_wrong,camera,unknown,Resize (L1080) + JPEG Q80 (4:2:0),data/final_external_pool/final_test_degraded/real_raise_072_r09445479t_test_resize_q80.jpg
real_raise_072_r09445479t_test_double_jpeg,Real,0.008949,0,0.009712,0,0.879395,1,PREV_correct__CURR_wrong,PREV_correct__CURR_wrong,camera,unknown,"Double JPEG (L1280, Q80->Q70, 4:2:0)",data/final_external_pool/final_test_degraded/real_raise_072_r09445479t_test_double_jpeg.jpg
ai_sb_stable-diffusion-1-3_179_r1d9a31fct_test_whatsapp_q75,AI,0.012100,0,0.003210,0,0.387207,0,PREV_wrong__CURR_wrong,PREV_wrong__CURR_wrong,stable-diffusion-1-3,unknown,"WhatsApp-tier JPEG (L1280, Q75, 4:2:0)",data/final_external_pool/final_test_degraded/ai_sb_stable-diffusion-1-3_179_r1d9a31fct_test_whatsapp_q75.jpg
ai_sb_stable-diffusion-1-3_179_r1d9a31fct_test_resize_q80,AI,0.007347,0,0.002531,0,0.242798,0,PREV_wrong__CURR_wrong,PREV_wrong__CURR_wrong,stable-diffusion-1-3,unknown,Resize (L1080) + JPEG Q80 (4:2:0),data/final_external_pool/final_test_degraded/ai_sb_stable-diffusion-1-3_179_r1d9a31fct_test_resize_q80.jpg
ai_sb_stable-diffusion-1-3_179_r1d9a31fct_test_double_jpeg,AI,0.001147,0,0.003721,0,0.061890,0,PREV_wrong__CURR_wrong,PREV_wrong__CURR_wrong,stable-diffusion-1-3,unknown,"Double JPEG (L1280, Q80->Q70, 4:2:0)",data/final_external_pool/final_test_degraded/ai_sb_stable-diffusion-1-3_179_r1d9a31fct_test_double_jpeg.jpg
ai_sb_dalle2_010_r09a60f63t_test_whatsapp_q75,AI,0.966797,1,0.994629,1,0.989746,1,PREV_correct__CURR_correct,PREV_correct__CURR_correct,dalle2,unknown,"WhatsApp-tier JPEG (L1280, Q75, 4:2:0)",data/final_external_pool/final_test_degraded/ai_sb_dalle2_010_r09a60f63t_test_whatsapp_q75.jpg
ai_sb_dalle2_010_r09a60f63t_test_resize_q80,AI,0.967285,1,0.992676,1,0.986816,1,PREV_correct__CURR_correct,PREV_correct__CURR_correct,dalle2,unknown,Resize (L1080) + JPEG Q80 (4:2:0),data/final_external_pool/final_test_degraded/ai_sb_dalle2_010_r09a60f63t_test_resize_q80.jpg
ai_sb_dalle2_010_r09a60f63t_test_double_jpeg,AI,0.929199,1,0.991211,1,0.982910,1,PREV_correct__CURR_correct,PREV_correct__CURR_correct,dalle2,unknown,"Double JPEG (L1280, Q80->Q70, 4:2:0)",data/final_external_pool/final_test_degraded/ai_sb_dalle2_010_r09a60f63t_test_double_jpeg.jpg
real_raise_supp_050_r1a8ee526t_test_whatsapp_q75,Real,0.020523,0,0.186279,0,0.942383,1,PREV_correct__CURR_wrong,PREV_correct__CURR_wrong,camera,unknown,"WhatsApp-tier JPEG (L1280, Q75, 4:2:0)",data/final_external_pool/final_test_degraded/real_raise_supp_050_r1a8ee526t_test_whatsapp_q75.jpg
real_raise_supp_050_r1a8ee526t_test_resize_q80,Real,0.051941,0,0.168091,0,0.925293,1,PREV_correct__CURR_wrong,PREV_correct__CURR_wrong,camera,unknown,Resize (L1080) + JPEG Q80 (4:2:0),data/final_external_pool/final_test_degraded/real_raise_supp_050_r1a8ee526t_test_resize_q80.jpg
real_raise_supp_050_r1a8ee526t_test_double_jpeg,Real,0.002462,0,0.054108,0,0.849609,1,PREV_correct__CURR_wrong,PREV_correct__CURR_wrong,camera,unknown,"Double JPEG (L1280, Q80->Q70, 4:2:0)",data/final_external_pool/final_test_degraded/real_raise_supp_050_r1a8ee526t_test_double_jpeg.jpg
real_raise_022_r02f1ba48t_test_whatsapp_q75,Real,0.845215,1,0.025711,0,0.825684,1,PREV_correct__CURR_wrong,PREV_wrong__CURR_wrong,camera,unknown,"WhatsApp-tier JPEG (L1280, Q75, 4:2:0)",data/final_external_pool/final_test_degraded/real_raise_022_r02f1ba48t_test_whatsapp_q75.jpg
real_raise_022_r02f1ba48t_test_resize_q80,Real,0.882812,1,0.025223,0,0.829590,1,PREV_correct__CURR_wrong,PREV_wrong__CURR_wrong,camera,unknown,Resize (L1080) + JPEG Q80 (4:2:0),data/final_external_pool/final_test_degraded/real_raise_022_r02f1ba48t_test_resize_q80.jpg
real_raise_022_r02f1ba48t_test_double_jpeg,Real,0.803711,1,0.024277,0,0.841309,1,PREV_correct__CURR_wrong,PREV_wrong__CURR_wrong,camera,unknown,"Double JPEG (L1280, Q80->Q70, 4:2:0)",data/final_external_pool/final_test_degraded/real_raise_022_r02f1ba48t_test_double_jpeg.jpg
ai_sb_glide_092_r0150031ft_test_whatsapp_q75,AI,0.986328,1,0.197021,0,0.890137,1,PREV_wrong__CURR_correct,PREV_correct__CURR_correct,glide,unknown,"WhatsApp-tier JPEG (L1280, Q75, 4:2:0)",data/final_external_pool/final_test_degraded/ai_sb_glide_092_r0150031ft_test_whatsapp_q75.jpg
ai_sb_glide_092_r0150031ft_test_resize_q80,AI,0.993652,1,0.196167,0,0.918457,1,PREV_wrong__CURR_correct,PREV_correct__CURR_correct,glide,unknown,Resize (L1080) + JPEG Q80 (4:2:0),data/final_external_pool/final_test_degraded/ai_sb_glide_092_r0150031ft_test_resize_q80.jpg
ai_sb_glide_092_r0150031ft_test_double_jpeg,AI,0.865723,1,0.133179,0,0.877441,1,PREV_wrong__CURR_correct,PREV_correct__CURR_correct,glide,unknown,"Double JPEG (L1280, Q80->Q70, 4:2:0)",data/final_external_pool/final_test_degraded/ai_sb_glide_092_r0150031ft_test_double_jpeg.jpg
real_raise_158_r14289905t_test_whatsapp_q75,Real,0.417725,0,0.006588,0,0.764648,1,PREV_correct__CURR_wrong,PREV_correct__CURR_wrong,camera,unknown,"WhatsApp-tier JPEG (L1280, Q75, 4:2:0)",data/final_external_pool/final_test_degraded/real_raise_158_r14289905t_test_whatsapp_q75.jpg
real_raise_158_r14289905t_test_resize_q80,Real,0.396973,0,0.005577,0,0.723145,1,PREV_correct__CURR_wrong,PREV_correct__CURR_wrong,camera,unknown,Resize (L1080) + JPEG Q80 (4:2:0),data/final_external_pool/final_test_degraded/real_raise_158_r14289905t_test_resize_q80.jpg
real_raise_158_r14289905t_test_double_jpeg,Real,0.350830,0,0.005447,0,0.708496,1,PREV_correct__CURR_wrong,PREV_correct__CURR_wrong,camera,unknown,"Double JPEG (L1280, Q80->Q70, 4:2:0)",data/final_external_pool/final_test_degraded/real_raise_158_r14289905t_test_double_jpeg.jpg
real_raise_210_r1ae12b3ft_test_whatsapp_q75,Real,0.001427,0,0.313477,0,0.197876,0,PREV_correct__CURR_correct,PREV_correct__CURR_correct,camera,unknown,"WhatsApp-tier JPEG (L1280, Q75, 4:2:0)",data/final_external_pool/final_test_degraded/real_raise_210_r1ae12b3ft_test_whatsapp_q75.jpg
real_raise_210_r1ae12b3ft_test_resize_q80,Real,0.001611,0,0.344482,0,0.294434,0,PREV_correct__CURR_correct,PREV_correct__CURR_correct,camera,unknown,Resize (L1080) + JPEG Q80 (4:2:0),data/final_external_pool/final_test_degraded/real_raise_210_r1ae12b3ft_test_resize_q80.jpg
real_raise_210_r1ae12b3ft_test_double_jpeg,Real,0.001461,0,0.358398,0,0.188354,0,PREV_correct__CURR_correct,PREV_correct__CURR_correct,camera,unknown,"Double JPEG (L1280, Q80->Q70, 4:2:0)",data/final_external_pool/final_test_degraded/real_raise_210_r1ae12b3ft_test_double_jpeg.jpg
ai_sb_stable-diffusion-1-4_208_r1c9fdcf4t_test_whatsapp_q75,AI,0.000732,0,0.031494,0,0.809570,1,PREV_wrong__CURR_correct,PREV_wrong__CURR_correct,stable-diffusion-1-4,unknown,"WhatsApp-tier JPEG (L1280, Q75, 4:2:0)",data/final_external_pool/final_test_degraded/ai_sb_stable-diffusion-1-4_208_r1c9fdcf4t_test_whatsapp_q75.jpg
ai_sb_stable-diffusion-1-4_208_r1c9fdcf4t_test_resize_q80,AI,0.004135,0,0.034302,0,0.810059,1,PREV_wrong__CURR_correct,PREV_wrong__CURR_correct,stable-diffusion-1-4,unknown,Resize (L1080) + JPEG Q80 (4:2:0),data/final_external_pool/final_test_degraded/ai_sb_stable-diffusion-1-4_208_r1c9fdcf4t_test_resize_q80.jpg
ai_sb_stable-diffusion-1-4_208_r1c9fdcf4t_test_double_jpeg,AI,0.000116,0,0.023468,0,0.613281,1,PREV_wrong__CURR_correct,PREV_wrong__CURR_correct,stable-diffusion-1-4,unknown,"Double JPEG (L1280, Q80->Q70, 4:2:0)",data/final_external_pool/final_test_degraded/ai_sb_stable-diffusion-1-4_208_r1c9fdcf4t_test_double_jpeg.jpg
ai_sb_glide_097_r06743f8ft_test_whatsapp_q75,AI,0.250000,0,0.449463,0,0.529785,1,PREV_wrong__CURR_correct,PREV_wrong__CURR_correct,glide,unknown,"WhatsApp-tier JPEG (L1280, Q75, 4:2:0)",data/final_external_pool/final_test_degraded/ai_sb_glide_097_r06743f8ft_test_whatsapp_q75.jpg
ai_sb_glide_097_r06743f8ft_test_resize_q80,AI,0.530273,1,0.655273,1,0.635742,1,PREV_correct__CURR_correct,PREV_correct__CURR_correct,glide,unknown,Resize (L1080) + JPEG Q80 (4:2:0),data/final_external_pool/final_test_degraded/ai_sb_glide_097_r06743f8ft_test_resize_q80.jpg
ai_sb_glide_097_r06743f8ft_test_double_jpeg,AI,0.046021,0,0.379395,0,0.490967,0,PREV_wrong__CURR_wrong,PREV_wrong__CURR_wrong,glide,unknown,"Double JPEG (L1280, Q80->Q70, 4:2:0)",data/final_external_pool/final_test_degraded/ai_sb_glide_097_r06743f8ft_test_double_jpeg.jpg
ai_sb_stable-diffusion-1-3_151_r000da54ft_test_whatsapp_q75,AI,0.728516,1,0.010529,0,0.942383,1,PREV_wrong__CURR_correct,PREV_correct__CURR_correct,stable-diffusion-1-3,unknown,"WhatsApp-tier JPEG (L1280, Q75, 4:2:0)",data/final_external_pool/final_test_degraded/ai_sb_stable-diffusion-1-3_151_r000da54ft_test_whatsapp_q75.jpg
ai_sb_stable-diffusion-1-3_151_r000da54ft_test_resize_q80,AI,0.695312,1,0.006985,0,0.928223,1,PREV_wrong__CURR_correct,PREV_correct__CURR_correct,stable-diffusion-1-3,unknown,Resize (L1080) + JPEG Q80 (4:2:0),data/final_external_pool/final_test_degraded/ai_sb_stable-diffusion-1-3_151_r000da54ft_test_resize_q80.jpg
ai_sb_stable-diffusion-1-3_151_r000da54ft_test_double_jpeg,AI,0.093994,0,0.005688,0,0.694824,1,PREV_wrong__CURR_correct,PREV_wrong__CURR_correct,stable-diffusion-1-3,unknown,"Double JPEG (L1280, Q80->Q70, 4:2:0)",data/final_external_pool/final_test_degraded/ai_sb_stable-diffusion-1-3_151_r000da54ft_test_double_jpeg.jpg
ai_sb_firefly_070_r09a60f63t_test_whatsapp_q75,AI,0.759277,1,0.989746,1,0.988770,1,PREV_correct__CURR_correct,PREV_correct__CURR_correct,firefly,unknown,"WhatsApp-tier JPEG (L1280, Q75, 4:2:0)",data/final_external_pool/final_test_degraded/ai_sb_firefly_070_r09a60f63t_test_whatsapp_q75.jpg
ai_sb_firefly_070_r09a60f63t_test_resize_q80,AI,0.827148,1,0.985840,1,0.989746,1,PREV_correct__CURR_correct,PREV_correct__CURR_correct,firefly,unknown,Resize (L1080) + JPEG Q80 (4:2:0),data/final_external_pool/final_test_degraded/ai_sb_firefly_070_r09a60f63t_test_resize_q80.jpg
ai_sb_firefly_070_r09a60f63t_test_double_jpeg,AI,0.373779,0,0.978516,1,0.982422,1,PREV_correct__CURR_correct,PREV_wrong__CURR_correct,firefly,unknown,"Double JPEG (L1280, Q80->Q70, 4:2:0)",data/final_external_pool/final_test_degraded/ai_sb_firefly_070_r09a60f63t_test_double_jpeg.jpg
real_raise_189_r187df69ft_test_whatsapp_q75,Real,0.046387,0,0.028702,0,0.841797,1,PREV_correct__CURR_wrong,PREV_correct__CURR_wrong,camera,unknown,"WhatsApp-tier JPEG (L1280, Q75, 4:2:0)",data/final_external_pool/final_test_degraded/real_raise_189_r187df69ft_test_whatsapp_q75.jpg
real_raise_189_r187df69ft_test_resize_q80,Real,0.020691,0,0.021332,0,0.801270,1,PREV_correct__CURR_wrong,PREV_correct__CURR_wrong,camera,unknown,Resize (L1080) + JPEG Q80 (4:2:0),data/final_external_pool/final_test_degraded/real_raise_189_r187df69ft_test_resize_q80.jpg
real_raise_189_r187df69ft_test_double_jpeg,Real,0.009972,0,0.016525,0,0.771484,1,PREV_correct__CURR_wrong,PREV_correct__CURR_wrong,camera,unknown,"Double JPEG (L1280, Q80->Q70, 4:2:0)",data/final_external_pool/final_test_degraded/real_raise_189_r187df69ft_test_double_jpeg.jpg
ai_sb_stable-diffusion-2_234_r1900f7c7t_test_whatsapp_q75,AI,0.015366,0,0.001642,0,0.890625,1,PREV_wrong__CURR_correct,PREV_wrong__CURR_correct,stable-diffusion-2,unknown,"WhatsApp-tier JPEG (L1280, Q75, 4:2:0)",data/final_external_pool/final_test_degraded/ai_sb_stable-diffusion-2_234_r1900f7c7t_test_whatsapp_q75.jpg
ai_sb_stable-diffusion-2_234_r1900f7c7t_test_resize_q80,AI,0.016785,0,0.002653,0,0.901855,1,PREV_wrong__CURR_correct,PREV_wrong__CURR_correct,stable-diffusion-2,unknown,Resize (L1080) + JPEG Q80 (4:2:0),data/final_external_pool/final_test_degraded/ai_sb_stable-diffusion-2_234_r1900f7c7t_test_resize_q80.jpg
ai_sb_stable-diffusion-2_234_r1900f7c7t_test_double_jpeg,AI,0.012009,0,0.001700,0,0.852539,1,PREV_wrong__CURR_correct,PREV_wrong__CURR_correct,stable-diffusion-2,unknown,"Double JPEG (L1280, Q80->Q70, 4:2:0)",data/final_external_pool/final_test_degraded/ai_sb_stable-diffusion-2_234_r1900f7c7t_test_double_jpeg.jpg
ai_sb_firefly_088_r1c9fdcf4t_test_whatsapp_q75,AI,0.108948,0,0.451904,0,0.997559,1,PREV_wrong__CURR_correct,PREV_wrong__CURR_correct,firefly,unknown,"WhatsApp-tier JPEG (L1280, Q75, 4:2:0)",data/final_external_pool/final_test_degraded/ai_sb_firefly_088_r1c9fdcf4t_test_whatsapp_q75.jpg
ai_sb_firefly_088_r1c9fdcf4t_test_resize_q80,AI,0.389648,0,0.376465,0,0.997559,1,PREV_wrong__CURR_correct,PREV_wrong__CURR_correct,firefly,unknown,Resize (L1080) + JPEG Q80 (4:2:0),data/final_external_pool/final_test_degraded/ai_sb_firefly_088_r1c9fdcf4t_test_resize_q80.jpg
ai_sb_firefly_088_r1c9fdcf4t_test_double_jpeg,AI,0.019379,0,0.172119,0,0.996582,1,PREV_wrong__CURR_correct,PREV_wrong__CURR_correct,firefly,unknown,"Double JPEG (L1280, Q80->Q70, 4:2:0)",data/final_external_pool/final_test_degraded/ai_sb_firefly_088_r1c9fdcf4t_test_double_jpeg.jpg
real_raise_180_r173ee7e8t_test_whatsapp_q75,Real,0.002388,0,0.007637,0,0.163452,0,PREV_correct__CURR_correct,PREV_correct__CURR_correct,camera,unknown,"WhatsApp-tier JPEG (L1280, Q75, 4:2:0)",data/final_external_pool/final_test_degraded/real_raise_180_r173ee7e8t_test_whatsapp_q75.jpg
real_raise_180_r173ee7e8t_test_resize_q80,Real,0.003338,0,0.008614,0,0.171631,0,PREV_correct__CURR_correct,PREV_correct__CURR_correct,camera,unknown,Resize (L1080) + JPEG Q80 (4:2:0),data/final_external_pool/final_test_degraded/real_raise_180_r173ee7e8t_test_resize_q80.jpg
real_raise_180_r173ee7e8t_test_double_jpeg,Real,0.002462,0,0.006145,0,0.149780,0,PREV_correct__CURR_correct,PREV_correct__CURR_correct,camera,unknown,"Double JPEG (L1280, Q80->Q70, 4:2:0)",data/final_external_pool/final_test_degraded/real_raise_180_r173ee7e8t_test_double_jpeg.jpg
real_raise_supp_022_r0b3220e1t_test_whatsapp_q75,Real,0.072754,0,0.039948,0,0.943359,1,PREV_correct__CURR_wrong,PREV_correct__CURR_wrong,camera,unknown,"WhatsApp-tier JPEG (L1280, Q75, 4:2:0)",data/final_external_pool/final_test_degraded/real_raise_supp_022_r0b3220e1t_test_whatsapp_q75.jpg
real_raise_supp_022_r0b3220e1t_test_resize_q80,Real,0.066345,0,0.038910,0,0.905273,1,PREV_correct__CURR_wrong,PREV_correct__CURR_wrong,camera,unknown,Resize (L1080) + JPEG Q80 (4:2:0),data/final_external_pool/final_test_degraded/real_raise_supp_022_r0b3220e1t_test_resize_q80.jpg
real_raise_supp_022_r0b3220e1t_test_double_jpeg,Real,0.031738,0,0.036438,0,0.951660,1,PREV_correct__CURR_wrong,PREV_correct__CURR_wrong,camera,unknown,"Double JPEG (L1280, Q80->Q70, 4:2:0)",data/final_external_pool/final_test_degraded/real_raise_supp_022_r0b3220e1t_test_double_jpeg.jpg
ai_sb_stable-diffusion-2_228_r1297fd0bt_test_whatsapp_q75,AI,0.845703,1,0.913086,1,0.991699,1,PREV_correct__CURR_correct,PREV_correct__CURR_correct,stable-diffusion-2,unknown,"WhatsApp-tier JPEG (L1280, Q75, 4:2:0)",data/final_external_pool/final_test_degraded/ai_sb_stable-diffusion-2_228_r1297fd0bt_test_whatsapp_q75.jpg
ai_sb_stable-diffusion-2_228_r1297fd0bt_test_resize_q80,AI,0.903320,1,0.930664,1,0.991211,1,PREV_correct__CURR_correct,PREV_correct__CURR_correct,stable-diffusion-2,unknown,Resize (L1080) + JPEG Q80 (4:2:0),data/final_external_pool/final_test_degraded/ai_sb_stable-diffusion-2_228_r1297fd0bt_test_resize_q80.jpg
ai_sb_stable-diffusion-2_228_r1297fd0bt_test_double_jpeg,AI,0.743652,1,0.877441,1,0.989746,1,PREV_correct__CURR_correct,PREV_correct__CURR_correct,stable-diffusion-2,unknown,"Double JPEG (L1280, Q80->Q70, 4:2:0)",data/final_external_pool/final_test_degraded/ai_sb_stable-diffusion-2_228_r1297fd0bt_test_double_jpeg.jpg
ai_sb_stable-diffusion-2_219_r08996953t_test_whatsapp_q75,AI,0.918945,1,0.072083,0,0.997070,1,PREV_wrong__CURR_correct,PREV_correct__CURR_correct,stable-diffusion-2,unknown,"WhatsApp-tier JPEG (L1280, Q75, 4:2:0)",data/final_external_pool/final_test_degraded/ai_sb_stable-diffusion-2_219_r08996953t_test_whatsapp_q75.jpg
ai_sb_stable-diffusion-2_219_r08996953t_test_resize_q80,AI,0.925781,1,0.077637,0,0.996582,1,PREV_wrong__CURR_correct,PREV_correct__CURR_correct,stable-diffusion-2,unknown,Resize (L1080) + JPEG Q80 (4:2:0),data/final_external_pool/final_test_degraded/ai_sb_stable-diffusion-2_219_r08996953t_test_resize_q80.jpg
ai_sb_stable-diffusion-2_219_r08996953t_test_double_jpeg,AI,0.673828,1,0.027847,0,0.990234,1,PREV_wrong__CURR_correct,PREV_correct__CURR_correct,stable-diffusion-2,unknown,"Double JPEG (L1280, Q80->Q70, 4:2:0)",data/final_external_pool/final_test_degraded/ai_sb_stable-diffusion-2_219_r08996953t_test_double_jpeg.jpg
ai_sb_stable-diffusion-1-3_171_r159d3942t_test_whatsapp_q75,AI,0.100342,0,0.003403,0,0.726074,1,PREV_wrong__CURR_correct,PREV_wrong__CURR_correct,stable-diffusion-1-3,unknown,"WhatsApp-tier JPEG (L1280, Q75, 4:2:0)",data/final_external_pool/final_test_degraded/ai_sb_stable-diffusion-1-3_171_r159d3942t_test_whatsapp_q75.jpg
ai_sb_stable-diffusion-1-3_171_r159d3942t_test_resize_q80,AI,0.096375,0,0.003693,0,0.680176,1,PREV_wrong__CURR_correct,PREV_wrong__CURR_correct,stable-diffusion-1-3,unknown,Resize (L1080) + JPEG Q80 (4:2:0),data/final_external_pool/final_test_degraded/ai_sb_stable-diffusion-1-3_171_r159d3942t_test_resize_q80.jpg
ai_sb_stable-diffusion-1-3_171_r159d3942t_test_double_jpeg,AI,0.003960,0,0.002993,0,0.184326,0,PREV_wrong__CURR_wrong,PREV_wrong__CURR_wrong,stable-diffusion-1-3,unknown,"Double JPEG (L1280, Q80->Q70, 4:2:0)",data/final_external_pool/final_test_degraded/ai_sb_stable-diffusion-1-3_171_r159d3942t_test_double_jpeg.jpg
real_raise_102_r0cfedd72t_test_whatsapp_q75,Real,0.051086,0,0.011200,0,0.298828,0,PREV_correct__CURR_correct,PREV_correct__CURR_correct,camera,unknown,"WhatsApp-tier JPEG (L1280, Q75, 4:2:0)",data/final_external_pool/final_test_degraded/real_raise_102_r0cfedd72t_test_whatsapp_q75.jpg
real_raise_102_r0cfedd72t_test_resize_q80,Real,0.082703,0,0.015190,0,0.344238,0,PREV_correct__CURR_correct,PREV_correct__CURR_correct,camera,unknown,Resize (L1080) + JPEG Q80 (4:2:0),data/final_external_pool/final_test_degraded/real_raise_102_r0cfedd72t_test_resize_q80.jpg
real_raise_102_r0cfedd72t_test_double_jpeg,Real,0.024658,0,0.011597,0,0.289795,0,PREV_correct__CURR_correct,PREV_correct__CURR_correct,camera,unknown,"Double JPEG (L1280, Q80->Q70, 4:2:0)",data/final_external_pool/final_test_degraded/real_raise_102_r0cfedd72t_test_double_jpeg.jpg
ai_sb_stable-diffusion-1-4_193_r0cd4ffb0t_test_whatsapp_q75,AI,0.811035,1,0.331299,0,0.997070,1,PREV_wrong__CURR_correct,PREV_correct__CURR_correct,stable-diffusion-1-4,unknown,"WhatsApp-tier JPEG (L1280, Q75, 4:2:0)",data/final_external_pool/final_test_degraded/ai_sb_stable-diffusion-1-4_193_r0cd4ffb0t_test_whatsapp_q75.jpg
ai_sb_stable-diffusion-1-4_193_r0cd4ffb0t_test_resize_q80,AI,0.934082,1,0.341309,0,0.997559,1,PREV_wrong__CURR_correct,PREV_correct__CURR_correct,stable-diffusion-1-4,unknown,Resize (L1080) + JPEG Q80 (4:2:0),data/final_external_pool/final_test_degraded/ai_sb_stable-diffusion-1-4_193_r0cd4ffb0t_test_resize_q80.jpg
ai_sb_stable-diffusion-1-4_193_r0cd4ffb0t_test_double_jpeg,AI,0.081787,0,0.297119,0,0.977051,1,PREV_wrong__CURR_correct,PREV_wrong__CURR_correct,stable-diffusion-1-4,unknown,"Double JPEG (L1280, Q80->Q70, 4:2:0)",data/final_external_pool/final_test_degraded/ai_sb_stable-diffusion-1-4_193_r0cd4ffb0t_test_double_jpeg.jpg
real_raise_170_r15f16465t_test_whatsapp_q75,Real,0.028442,0,0.003197,0,0.417480,0,PREV_correct__CURR_correct,PREV_correct__CURR_correct,camera,unknown,"WhatsApp-tier JPEG (L1280, Q75, 4:2:0)",data/final_external_pool/final_test_degraded/real_raise_170_r15f16465t_test_whatsapp_q75.jpg
real_raise_170_r15f16465t_test_resize_q80,Real,0.056641,0,0.006363,0,0.415527,0,PREV_correct__CURR_correct,PREV_correct__CURR_correct,camera,unknown,Resize (L1080) + JPEG Q80 (4:2:0),data/final_external_pool/final_test_degraded/real_raise_170_r15f16465t_test_resize_q80.jpg
real_raise_170_r15f16465t_test_double_jpeg,Real,0.001942,0,0.002058,0,0.279785,0,PREV_correct__CURR_correct,PREV_correct__CURR_correct,camera,unknown,"Double JPEG (L1280, Q80->Q70, 4:2:0)",data/final_external_pool/final_test_degraded/real_raise_170_r15f16465t_test_double_jpeg.jpg
ai_sb_glide_118_r1c9fdcf4t_test_whatsapp_q75,AI,0.708008,1,0.579590,1,0.896973,1,PREV_correct__CURR_correct,PREV_correct__CURR_correct,glide,unknown,"WhatsApp-tier JPEG (L1280, Q75, 4:2:0)",data/final_external_pool/final_test_degraded/ai_sb_glide_118_r1c9fdcf4t_test_whatsapp_q75.jpg
ai_sb_glide_118_r1c9fdcf4t_test_resize_q80,AI,0.817383,1,0.589844,1,0.919434,1,PREV_correct__CURR_correct,PREV_correct__CURR_correct,glide,unknown,Resize (L1080) + JPEG Q80 (4:2:0),data/final_external_pool/final_test_degraded/ai_sb_glide_118_r1c9fdcf4t_test_resize_q80.jpg
ai_sb_glide_118_r1c9fdcf4t_test_double_jpeg,AI,0.022583,0,0.268311,0,0.709961,1,PREV_wrong__CURR_correct,PREV_wrong__CURR_correct,glide,unknown,"Double JPEG (L1280, Q80->Q70, 4:2:0)",data/final_external_pool/final_test_degraded/ai_sb_glide_118_r1c9fdcf4t_test_double_jpeg.jpg
real_raise_097_r0c1f588dt_test_whatsapp_q75,Real,0.160645,0,0.004135,0,0.711426,1,PREV_correct__CURR_wrong,PREV_correct__CURR_wrong,camera,unknown,"WhatsApp-tier JPEG (L1280, Q75, 4:2:0)",data/final_external_pool/final_test_degraded/real_raise_097_r0c1f588dt_test_whatsapp_q75.jpg
real_raise_097_r0c1f588dt_test_resize_q80,Real,0.139893,0,0.004944,0,0.677246,1,PREV_correct__CURR_wrong,PREV_correct__CURR_wrong,camera,unknown,Resize (L1080) + JPEG Q80 (4:2:0),data/final_external_pool/final_test_degraded/real_raise_097_r0c1f588dt_test_resize_q80.jpg
real_raise_097_r0c1f588dt_test_double_jpeg,Real,0.013168,0,0.002226,0,0.565430,1,PREV_correct__CURR_wrong,PREV_correct__CURR_wrong,camera,unknown,"Double JPEG (L1280, Q80->Q70, 4:2:0)",data/final_external_pool/final_test_degraded/real_raise_097_r0c1f588dt_test_double_jpeg.jpg
real_raise_121_r0faffef3t_test_whatsapp_q75,Real,0.271240,0,0.059204,0,0.812500,1,PREV_correct__CURR_wrong,PREV_correct__CURR_wrong,camera,unknown,"WhatsApp-tier JPEG (L1280, Q75, 4:2:0)",data/final_external_pool/final_test_degraded/real_raise_121_r0faffef3t_test_whatsapp_q75.jpg
real_raise_121_r0faffef3t_test_resize_q80,Real,0.265137,0,0.050720,0,0.799316,1,PREV_correct__CURR_wrong,PREV_correct__CURR_wrong,camera,unknown,Resize (L1080) + JPEG Q80 (4:2:0),data/final_external_pool/final_test_degraded/real_raise_121_r0faffef3t_test_resize_q80.jpg
real_raise_121_r0faffef3t_test_double_jpeg,Real,0.131958,0,0.023605,0,0.723145,1,PREV_correct__CURR_wrong,PREV_correct__CURR_wrong,camera,unknown,"Double JPEG (L1280, Q80->Q70, 4:2:0)",data/final_external_pool/final_test_degraded/real_raise_121_r0faffef3t_test_double_jpeg.jpg
ai_sb_midjourney-v5_138_r1297fd0bt_test_whatsapp_q75,AI,0.687012,1,0.439453,0,0.511719,1,PREV_wrong__CURR_correct,PREV_correct__CURR_correct,midjourney-v5,unknown,"WhatsApp-tier JPEG (L1280, Q75, 4:2:0)",data/final_external_pool/final_test_degraded/ai_sb_midjourney-v5_138_r1297fd0bt_test_whatsapp_q75.jpg
ai_sb_midjourney-v5_138_r1297fd0bt_test_resize_q80,AI,0.734863,1,0.444092,0,0.514160,1,PREV_wrong__CURR_correct,PREV_correct__CURR_correct,midjourney-v5,unknown,Resize (L1080) + JPEG Q80 (4:2:0),data/final_external_pool/final_test_degraded/ai_sb_midjourney-v5_138_r1297fd0bt_test_resize_q80.jpg
ai_sb_midjourney-v5_138_r1297fd0bt_test_double_jpeg,AI,0.339600,0,0.226440,0,0.469238,0,PREV_wrong__CURR_wrong,PREV_wrong__CURR_wrong,midjourney-v5,unknown,"Double JPEG (L1280, Q80->Q70, 4:2:0)",data/final_external_pool/final_test_degraded/ai_sb_midjourney-v5_138_r1297fd0bt_test_double_jpeg.jpg
real_raise_026_r0372042dt_test_whatsapp_q75,Real,0.199341,0,0.281494,0,0.817383,1,PREV_correct__CURR_wrong,PREV_correct__CURR_wrong,camera,unknown,"WhatsApp-tier JPEG (L1280, Q75, 4:2:0)",data/final_external_pool/final_test_degraded/real_raise_026_r0372042dt_test_whatsapp_q75.jpg
real_raise_026_r0372042dt_test_resize_q80,Real,0.409424,0,0.334961,0,0.872559,1,PREV_correct__CURR_wrong,PREV_correct__CURR_wrong,camera,unknown,Resize (L1080) + JPEG Q80 (4:2:0),data/final_external_pool/final_test_degraded/real_raise_026_r0372042dt_test_resize_q80.jpg
real_raise_026_r0372042dt_test_double_jpeg,Real,0.044098,0,0.169312,0,0.740723,1,PREV_correct__CURR_wrong,PREV_correct__CURR_wrong,camera,unknown,"Double JPEG (L1280, Q80->Q70, 4:2:0)",data/final_external_pool/final_test_degraded/real_raise_026_r0372042dt_test_double_jpeg.jpg
ai_sb_midjourney-v5_133_r0cd4ffb0t_test_whatsapp_q75,AI,0.433105,0,0.547363,1,0.918457,1,PREV_correct__CURR_correct,PREV_wrong__CURR_correct,midjourney-v5,unknown,"WhatsApp-tier JPEG (L1280, Q75, 4:2:0)",data/final_external_pool/final_test_degraded/ai_sb_midjourney-v5_133_r0cd4ffb0t_test_whatsapp_q75.jpg
ai_sb_midjourney-v5_133_r0cd4ffb0t_test_resize_q80,AI,0.277832,0,0.468018,0,0.885254,1,PREV_wrong__CURR_correct,PREV_wrong__CURR_correct,midjourney-v5,unknown,Resize (L1080) + JPEG Q80 (4:2:0),data/final_external_pool/final_test_degraded/ai_sb_midjourney-v5_133_r0cd4ffb0t_test_resize_q80.jpg
ai_sb_midjourney-v5_133_r0cd4ffb0t_test_double_jpeg,AI,0.204468,0,0.501465,1,0.906250,1,PREV_correct__CURR_correct,PREV_wrong__CURR_correct,midjourney-v5,unknown,"Double JPEG (L1280, Q80->Q70, 4:2:0)",data/final_external_pool/final_test_degraded/ai_sb_midjourney-v5_133_r0cd4ffb0t_test_double_jpeg.jpg
real_raise_185_r180bcbd7t_test_whatsapp_q75,Real,0.000507,0,0.001934,0,0.630371,1,PREV_correct__CURR_wrong,PREV_correct__CURR_wrong,camera,unknown,"WhatsApp-tier JPEG (L1280, Q75, 4:2:0)",data/final_external_pool/final_test_degraded/real_raise_185_r180bcbd7t_test_whatsapp_q75.jpg
real_raise_185_r180bcbd7t_test_resize_q80,Real,0.000525,0,0.001472,0,0.650391,1,PREV_correct__CURR_wrong,PREV_correct__CURR_wrong,camera,unknown,Resize (L1080) + JPEG Q80 (4:2:0),data/final_external_pool/final_test_degraded/real_raise_185_r180bcbd7t_test_resize_q80.jpg
real_raise_185_r180bcbd7t_test_double_jpeg,Real,0.000261,0,0.002590,0,0.522949,1,PREV_correct__CURR_wrong,PREV_correct__CURR_wrong,camera,unknown,"Double JPEG (L1280, Q80->Q70, 4:2:0)",data/final_external_pool/final_test_degraded/real_raise_185_r180bcbd7t_test_double_jpeg.jpg
real_raise_080_r0a19cb85t_test_whatsapp_q75,Real,0.000373,0,0.000367,0,0.025864,0,PREV_correct__CURR_correct,PREV_correct__CURR_correct,camera,unknown,"WhatsApp-tier JPEG (L1280, Q75, 4:2:0)",data/final_external_pool/final_test_degraded/real_raise_080_r0a19cb85t_test_whatsapp_q75.jpg
real_raise_080_r0a19cb85t_test_resize_q80,Real,0.000434,0,0.000328,0,0.020691,0,PREV_correct__CURR_correct,PREV_correct__CURR_correct,camera,unknown,Resize (L1080) + JPEG Q80 (4:2:0),data/final_external_pool/final_test_degraded/real_raise_080_r0a19cb85t_test_resize_q80.jpg
real_raise_080_r0a19cb85t_test_double_jpeg,Real,0.000041,0,0.000521,0,0.016846,0,PREV_correct__CURR_correct,PREV_correct__CURR_correct,camera,unknown,"Double JPEG (L1280, Q80->Q70, 4:2:0)",data/final_external_pool/final_test_degraded/real_raise_080_r0a19cb85t_test_double_jpeg.jpg
ai_sb_stable-diffusion-1-4_187_r06743f8ft_test_whatsapp_q75,AI,0.471191,0,0.689941,1,0.957520,1,PREV_correct__CURR_correct,PREV_wrong__CURR_correct,stable-diffusion-1-4,unknown,"WhatsApp-tier JPEG (L1280, Q75, 4:2:0)",data/final_external_pool/final_test_degraded/ai_sb_stable-diffusion-1-4_187_r06743f8ft_test_whatsapp_q75.jpg
ai_sb_stable-diffusion-1-4_187_r06743f8ft_test_resize_q80,AI,0.574219,1,0.738281,1,0.976074,1,PREV_correct__CURR_correct,PREV_correct__CURR_correct,stable-diffusion-1-4,unknown,Resize (L1080) + JPEG Q80 (4:2:0),data/final_external_pool/final_test_degraded/ai_sb_stable-diffusion-1-4_187_r06743f8ft_test_resize_q80.jpg
ai_sb_stable-diffusion-1-4_187_r06743f8ft_test_double_jpeg,AI,0.250000,0,0.679199,1,0.924316,1,PREV_correct__CURR_correct,PREV_wrong__CURR_correct,stable-diffusion-1-4,unknown,"Double JPEG (L1280, Q80->Q70, 4:2:0)",data/final_external_pool/final_test_degraded/ai_sb_stable-diffusion-1-4_187_r06743f8ft_test_double_jpeg.jpg
real_raise_123_r0fdfc4f0t_test_whatsapp_q75,Real,0.026810,0,0.049042,0,0.651367,1,PREV_correct__CURR_wrong,PREV_correct__CURR_wrong,camera,unknown,"WhatsApp-tier JPEG (L1280, Q75, 4:2:0)",data/final_external_pool/final_test_degraded/real_raise_123_r0fdfc4f0t_test_whatsapp_q75.jpg
real_raise_123_r0fdfc4f0t_test_resize_q80,Real,0.037750,0,0.028168,0,0.589844,1,PREV_correct__CURR_wrong,PREV_correct__CURR_wrong,camera,unknown,Resize (L1080) + JPEG Q80 (4:2:0),data/final_external_pool/final_test_degraded/real_raise_123_r0fdfc4f0t_test_resize_q80.jpg
real_raise_123_r0fdfc4f0t_test_double_jpeg,Real,0.001853,0,0.014954,0,0.440918,0,PREV_correct__CURR_correct,PREV_correct__CURR_correct,camera,unknown,"Double JPEG (L1280, Q80->Q70, 4:2:0)",data/final_external_pool/final_test_degraded/real_raise_123_r0fdfc4f0t_test_double_jpeg.jpg
ai_sb_glide_107_r116825e2t_test_whatsapp_q75,AI,0.957031,1,0.476318,0,0.926270,1,PREV_wrong__CURR_correct,PREV_correct__CURR_correct,glide,unknown,"WhatsApp-tier JPEG (L1280, Q75, 4:2:0)",data/final_external_pool/final_test_degraded/ai_sb_glide_107_r116825e2t_test_whatsapp_q75.jpg
ai_sb_glide_107_r116825e2t_test_resize_q80,AI,0.973633,1,0.339111,0,0.942383,1,PREV_wrong__CURR_correct,PREV_correct__CURR_correct,glide,unknown,Resize (L1080) + JPEG Q80 (4:2:0),data/final_external_pool/final_test_degraded/ai_sb_glide_107_r116825e2t_test_resize_q80.jpg
ai_sb_glide_107_r116825e2t_test_double_jpeg,AI,0.442871,0,0.194580,0,0.911133,1,PREV_wrong__CURR_correct,PREV_wrong__CURR_correct,glide,unknown,"Double JPEG (L1280, Q80->Q70, 4:2:0)",data/final_external_pool/final_test_degraded/ai_sb_glide_107_r116825e2t_test_double_jpeg.jpg
real_raise_045_r05bf2f53t_test_whatsapp_q75,Real,0.295410,0,0.345215,0,0.647461,1,PREV_correct__CURR_wrong,PREV_correct__CURR_wrong,camera,unknown,"WhatsApp-tier JPEG (L1280, Q75, 4:2:0)",data/final_external_pool/final_test_degraded/real_raise_045_r05bf2f53t_test_whatsapp_q75.jpg
real_raise_045_r05bf2f53t_test_resize_q80,Real,0.406982,0,0.390625,0,0.727051,1,PREV_correct__CURR_wrong,PREV_correct__CURR_wrong,camera,unknown,Resize (L1080) + JPEG Q80 (4:2:0),data/final_external_pool/final_test_degraded/real_raise_045_r05bf2f53t_test_resize_q80.jpg
real_raise_045_r05bf2f53t_test_double_jpeg,Real,0.226929,0,0.285889,0,0.688477,1,PREV_correct__CURR_wrong,PREV_correct__CURR_wrong,camera,unknown,"Double JPEG (L1280, Q80->Q70, 4:2:0)",data/final_external_pool/final_test_degraded/real_raise_045_r05bf2f53t_test_double_jpeg.jpg
ai_sb_dalle3_053_r17fe8532t_test_whatsapp_q75,AI,0.485840,0,0.478027,0,0.977051,1,PREV_wrong__CURR_correct,PREV_wrong__CURR_correct,dalle3,unknown,"WhatsApp-tier JPEG (L1280, Q75, 4:2:0)",data/final_external_pool/final_test_degraded/ai_sb_dalle3_053_r17fe8532t_test_whatsapp_q75.jpg
ai_sb_dalle3_053_r17fe8532t_test_resize_q80,AI,0.375488,0,0.490479,0,0.973633,1,PREV_wrong__CURR_correct,PREV_wrong__CURR_correct,dalle3,unknown,Resize (L1080) + JPEG Q80 (4:2:0),data/final_external_pool/final_test_degraded/ai_sb_dalle3_053_r17fe8532t_test_resize_q80.jpg
ai_sb_dalle3_053_r17fe8532t_test_double_jpeg,AI,0.016724,0,0.365723,0,0.966309,1,PREV_wrong__CURR_correct,PREV_wrong__CURR_correct,dalle3,unknown,"Double JPEG (L1280, Q80->Q70, 4:2:0)",data/final_external_pool/final_test_degraded/ai_sb_dalle3_053_r17fe8532t_test_double_jpeg.jpg
ai_sb_stable-diffusion-2_213_r026b5360t_test_whatsapp_q75,AI,0.132935,0,0.617188,1,0.961914,1,PREV_correct__CURR_correct,PREV_wrong__CURR_correct,stable-diffusion-2,unknown,"WhatsApp-tier JPEG (L1280, Q75, 4:2:0)",data/final_external_pool/final_test_degraded/ai_sb_stable-diffusion-2_213_r026b5360t_test_whatsapp_q75.jpg
ai_sb_stable-diffusion-2_213_r026b5360t_test_resize_q80,AI,0.210938,0,0.801270,1,0.983887,1,PREV_correct__CURR_correct,PREV_wrong__CURR_correct,stable-diffusion-2,unknown,Resize (L1080) + JPEG Q80 (4:2:0),data/final_external_pool/final_test_degraded/ai_sb_stable-diffusion-2_213_r026b5360t_test_resize_q80.jpg
ai_sb_stable-diffusion-2_213_r026b5360t_test_double_jpeg,AI,0.045441,0,0.874023,1,0.971191,1,PREV_correct__CURR_correct,PREV_wrong__CURR_correct,stable-diffusion-2,unknown,"Double JPEG (L1280, Q80->Q70, 4:2:0)",data/final_external_pool/final_test_degraded/ai_sb_stable-diffusion-2_213_r026b5360t_test_double_jpeg.jpg
real_raise_018_r0279b17bt_test_whatsapp_q75,Real,0.008545,0,0.013428,0,0.194580,0,PREV_correct__CURR_correct,PREV_correct__CURR_correct,camera,unknown,"WhatsApp-tier JPEG (L1280, Q75, 4:2:0)",data/final_external_pool/final_test_degraded/real_raise_018_r0279b17bt_test_whatsapp_q75.jpg
real_raise_018_r0279b17bt_test_resize_q80,Real,0.008064,0,0.019302,0,0.216553,0,PREV_correct__CURR_correct,PREV_correct__CURR_correct,camera,unknown,Resize (L1080) + JPEG Q80 (4:2:0),data/final_external_pool/final_test_degraded/real_raise_018_r0279b17bt_test_resize_q80.jpg
real_raise_018_r0279b17bt_test_double_jpeg,Real,0.007290,0,0.016922,0,0.197876,0,PREV_correct__CURR_correct,PREV_correct__CURR_correct,camera,unknown,"Double JPEG (L1280, Q80->Q70, 4:2:0)",data/final_external_pool/final_test_degraded/real_raise_018_r0279b17bt_test_double_jpeg.jpg
real_raise_055_r0703243bt_test_whatsapp_q75,Real,0.136353,0,0.001883,0,0.846680,1,PREV_correct__CURR_wrong,PREV_correct__CURR_wrong,camera,unknown,"WhatsApp-tier JPEG (L1280, Q75, 4:2:0)",data/final_external_pool/final_test_degraded/real_raise_055_r0703243bt_test_whatsapp_q75.jpg
real_raise_055_r0703243bt_test_resize_q80,Real,0.117798,0,0.001904,0,0.827637,1,PREV_correct__CURR_wrong,PREV_correct__CURR_wrong,camera,unknown,Resize (L1080) + JPEG Q80 (4:2:0),data/final_external_pool/final_test_degraded/real_raise_055_r0703243bt_test_resize_q80.jpg
real_raise_055_r0703243bt_test_double_jpeg,Real,0.066345,0,0.001661,0,0.798828,1,PREV_correct__CURR_wrong,PREV_correct__CURR_wrong,camera,unknown,"Double JPEG (L1280, Q80->Q70, 4:2:0)",data/final_external_pool/final_test_degraded/real_raise_055_r0703243bt_test_double_jpeg.jpg
ai_sb_firefly_079_r138ad247t_test_whatsapp_q75,AI,0.060974,0,0.023865,0,0.818359,1,PREV_wrong__CURR_correct,PREV_wrong__CURR_correct,firefly,unknown,"WhatsApp-tier JPEG (L1280, Q75, 4:2:0)",data/final_external_pool/final_test_degraded/ai_sb_firefly_079_r138ad247t_test_whatsapp_q75.jpg
ai_sb_firefly_079_r138ad247t_test_resize_q80,AI,0.066345,0,0.021118,0,0.825195,1,PREV_wrong__CURR_correct,PREV_wrong__CURR_correct,firefly,unknown,Resize (L1080) + JPEG Q80 (4:2:0),data/final_external_pool/final_test_degraded/ai_sb_firefly_079_r138ad247t_test_resize_q80.jpg
ai_sb_firefly_079_r138ad247t_test_double_jpeg,AI,0.054688,0,0.017776,0,0.797363,1,PREV_wrong__CURR_correct,PREV_wrong__CURR_correct,firefly,unknown,"Double JPEG (L1280, Q80->Q70, 4:2:0)",data/final_external_pool/final_test_degraded/ai_sb_firefly_079_r138ad247t_test_double_jpeg.jpg
ai_sb_firefly_090_r1e9082f9t_test_whatsapp_q75,AI,0.078064,0,0.013634,0,0.791992,1,PREV_wrong__CURR_correct,PREV_wrong__CURR_correct,firefly,unknown,"WhatsApp-tier JPEG (L1280, Q75, 4:2:0)",data/final_external_pool/final_test_degraded/ai_sb_firefly_090_r1e9082f9t_test_whatsapp_q75.jpg
ai_sb_firefly_090_r1e9082f9t_test_resize_q80,AI,0.045776,0,0.011963,0,0.773438,1,PREV_wrong__CURR_correct,PREV_wrong__CURR_correct,firefly,unknown,Resize (L1080) + JPEG Q80 (4:2:0),data/final_external_pool/final_test_degraded/ai_sb_firefly_090_r1e9082f9t_test_resize_q80.jpg
ai_sb_firefly_090_r1e9082f9t_test_double_jpeg,AI,0.010651,0,0.013329,0,0.813965,1,PREV_wrong__CURR_correct,PREV_wrong__CURR_correct,firefly,unknown,"Double JPEG (L1280, Q80->Q70, 4:2:0)",data/final_external_pool/final_test_degraded/ai_sb_firefly_090_r1e9082f9t_test_double_jpeg.jpg
ai_sb_stable-diffusion-2_225_r0f5beb66t_test_whatsapp_q75,AI,0.916992,1,0.211426,0,0.972168,1,PREV_wrong__CURR_correct,PREV_correct__CURR_correct,stable-diffusion-2,unknown,"WhatsApp-tier JPEG (L1280, Q75, 4:2:0)",data/final_external_pool/final_test_degraded/ai_sb_stable-diffusion-2_225_r0f5beb66t_test_whatsapp_q75.jpg
ai_sb_stable-diffusion-2_225_r0f5beb66t_test_resize_q80,AI,0.869141,1,0.225952,0,0.961914,1,PREV_wrong__CURR_correct,PREV_correct__CURR_correct,stable-diffusion-2,unknown,Resize (L1080) + JPEG Q80 (4:2:0),data/final_external_pool/final_test_degraded/ai_sb_stable-diffusion-2_225_r0f5beb66t_test_resize_q80.jpg
ai_sb_stable-diffusion-2_225_r0f5beb66t_test_double_jpeg,AI,0.780762,1,0.263672,0,0.950684,1,PREV_wrong__CURR_correct,PREV_correct__CURR_correct,stable-diffusion-2,unknown,"Double JPEG (L1280, Q80->Q70, 4:2:0)",data/final_external_pool/final_test_degraded/ai_sb_stable-diffusion-2_225_r0f5beb66t_test_double_jpeg.jpg
ai_sb_supp_stable-diffusion-1-4_020_r002fc3e2t_test_whatsapp_q75,AI,0.896484,1,0.046631,0,0.829590,1,PREV_wrong__CURR_correct,PREV_correct__CURR_correct,stable-diffusion-1-4,unknown,"WhatsApp-tier JPEG (L1280, Q75, 4:2:0)",data/final_external_pool/final_test_degraded/ai_sb_supp_stable-diffusion-1-4_020_r002fc3e2t_test_whatsapp_q75.jpg
ai_sb_supp_stable-diffusion-1-4_020_r002fc3e2t_test_resize_q80,AI,0.841309,1,0.042480,0,0.858398,1,PREV_wrong__CURR_correct,PREV_correct__CURR_correct,stable-diffusion-1-4,unknown,Resize (L1080) + JPEG Q80 (4:2:0),data/final_external_pool/final_test_degraded/ai_sb_supp_stable-diffusion-1-4_020_r002fc3e2t_test_resize_q80.jpg
ai_sb_supp_stable-diffusion-1-4_020_r002fc3e2t_test_double_jpeg,AI,0.119629,0,0.040253,0,0.468018,0,PREV_wrong__CURR_wrong,PREV_wrong__CURR_wrong,stable-diffusion-1-4,unknown,"Double JPEG (L1280, Q80->Q70, 4:2:0)",data/final_external_pool/final_test_degraded/ai_sb_supp_stable-diffusion-1-4_020_r002fc3e2t_test_double_jpeg.jpg
real_raise_206_r1a8fe570t_test_whatsapp_q75,Real,0.004086,0,0.001554,0,0.154175,0,PREV_correct__CURR_correct,PREV_correct__CURR_correct,camera,unknown,"WhatsApp-tier JPEG (L1280, Q75, 4:2:0)",data/final_external_pool/final_test_degraded/real_raise_206_r1a8fe570t_test_whatsapp_q75.jpg
real_raise_206_r1a8fe570t_test_resize_q80,Real,0.004070,0,0.001346,0,0.131226,0,PREV_correct__CURR_correct,PREV_correct__CURR_correct,camera,unknown,Resize (L1080) + JPEG Q80 (4:2:0),data/final_external_pool/final_test_degraded/real_raise_206_r1a8fe570t_test_resize_q80.jpg
real_raise_206_r1a8fe570t_test_double_jpeg,Real,0.001346,0,0.000933,0,0.086914,0,PREV_correct__CURR_correct,PREV_correct__CURR_correct,camera,unknown,"Double JPEG (L1280, Q80->Q70, 4:2:0)",data/final_external_pool/final_test_degraded/real_raise_206_r1a8fe570t_test_double_jpeg.jpg
real_raise_058_r079d086et_test_whatsapp_q75,Real,0.003990,0,0.000040,0,0.276611,0,PREV_correct__CURR_correct,PREV_correct__CURR_correct,camera,unknown,"WhatsApp-tier JPEG (L1280, Q75, 4:2:0)",data/final_external_pool/final_test_degraded/real_raise_058_r079d086et_test_whatsapp_q75.jpg
real_raise_058_r079d086et_test_resize_q80,Real,0.004520,0,0.000034,0,0.225952,0,PREV_correct__CURR_correct,PREV_correct__CURR_correct,camera,unknown,Resize (L1080) + JPEG Q80 (4:2:0),data/final_external_pool/final_test_degraded/real_raise_058_r079d086et_test_resize_q80.jpg
real_raise_058_r079d086et_test_double_jpeg,Real,0.000672,0,0.000038,0,0.139893,0,PREV_correct__CURR_correct,PREV_correct__CURR_correct,camera,unknown,"Double JPEG (L1280, Q80->Q70, 4:2:0)",data/final_external_pool/final_test_degraded/real_raise_058_r079d086et_test_double_jpeg.jpg
ai_sb_glide_101_r0a9384b1t_test_whatsapp_q75,AI,0.288086,0,0.437012,0,0.521484,1,PREV_wrong__CURR_correct,PREV_wrong__CURR_correct,glide,unknown,"WhatsApp-tier JPEG (L1280, Q75, 4:2:0)",data/final_external_pool/final_test_degraded/ai_sb_glide_101_r0a9384b1t_test_whatsapp_q75.jpg
ai_sb_glide_101_r0a9384b1t_test_resize_q80,AI,0.350830,0,0.408936,0,0.674316,1,PREV_wrong__CURR_correct,PREV_wrong__CURR_correct,glide,unknown,Resize (L1080) + JPEG Q80 (4:2:0),data/final_external_pool/final_test_degraded/ai_sb_glide_101_r0a9384b1t_test_resize_q80.jpg
ai_sb_glide_101_r0a9384b1t_test_double_jpeg,AI,0.036621,0,0.349121,0,0.411377,0,PREV_wrong__CURR_wrong,PREV_wrong__CURR_wrong,glide,unknown,"Double JPEG (L1280, Q80->Q70, 4:2:0)",data/final_external_pool/final_test_degraded/ai_sb_glide_101_r0a9384b1t_test_double_jpeg.jpg
real_raise_supp_041_r15efd876t_test_whatsapp_q75,Real,0.460449,0,0.138916,0,0.911133,1,PREV_correct__CURR_wrong,PREV_correct__CURR_wrong,camera,unknown,"WhatsApp-tier JPEG (L1280, Q75, 4:2:0)",data/final_external_pool/final_test_degraded/real_raise_supp_041_r15efd876t_test_whatsapp_q75.jpg
real_raise_supp_041_r15efd876t_test_resize_q80,Real,0.437012,0,0.165039,0,0.913574,1,PREV_correct__CURR_wrong,PREV_correct__CURR_wrong,camera,unknown,Resize (L1080) + JPEG Q80 (4:2:0),data/final_external_pool/final_test_degraded/real_raise_supp_041_r15efd876t_test_resize_q80.jpg
real_raise_supp_041_r15efd876t_test_double_jpeg,Real,0.413330,0,0.124512,0,0.922852,1,PREV_correct__CURR_wrong,PREV_correct__CURR_wrong,camera,unknown,"Double JPEG (L1280, Q80->Q70, 4:2:0)",data/final_external_pool/final_test_degraded/real_raise_supp_041_r15efd876t_test_double_jpeg.jpg
real_raise_supp_009_r04395e54t_test_whatsapp_q75,Real,0.051178,0,0.009743,0,0.605469,1,PREV_correct__CURR_wrong,PREV_correct__CURR_wrong,camera,unknown,"WhatsApp-tier JPEG (L1280, Q75, 4:2:0)",data/final_external_pool/final_test_degraded/real_raise_supp_009_r04395e54t_test_whatsapp_q75.jpg
real_raise_supp_009_r04395e54t_test_resize_q80,Real,0.043274,0,0.011162,0,0.625000,1,PREV_correct__CURR_wrong,PREV_correct__CURR_wrong,camera,unknown,Resize (L1080) + JPEG Q80 (4:2:0),data/final_external_pool/final_test_degraded/real_raise_supp_009_r04395e54t_test_resize_q80.jpg
real_raise_supp_009_r04395e54t_test_double_jpeg,Real,0.032288,0,0.007576,0,0.583008,1,PREV_correct__CURR_wrong,PREV_correct__CURR_wrong,camera,unknown,"Double JPEG (L1280, Q80->Q70, 4:2:0)",data/final_external_pool/final_test_degraded/real_raise_supp_009_r04395e54t_test_double_jpeg.jpg
real_raise_152_r13934dc7t_test_whatsapp_q75,Real,0.002453,0,0.001861,0,0.986328,1,PREV_correct__CURR_wrong,PREV_correct__CURR_wrong,camera,unknown,"WhatsApp-tier JPEG (L1280, Q75, 4:2:0)",data/final_external_pool/final_test_degraded/real_raise_152_r13934dc7t_test_whatsapp_q75.jpg
real_raise_152_r13934dc7t_test_resize_q80,Real,0.001525,0,0.001351,0,0.480957,0,PREV_correct__CURR_correct,PREV_correct__CURR_correct,camera,unknown,Resize (L1080) + JPEG Q80 (4:2:0),data/final_external_pool/final_test_degraded/real_raise_152_r13934dc7t_test_resize_q80.jpg
real_raise_152_r13934dc7t_test_double_jpeg,Real,0.001116,0,0.001216,0,0.826660,1,PREV_correct__CURR_wrong,PREV_correct__CURR_wrong,camera,unknown,"Double JPEG (L1280, Q80->Q70, 4:2:0)",data/final_external_pool/final_test_degraded/real_raise_152_r13934dc7t_test_double_jpeg.jpg
real_raise_supp_028_r0f25b326t_test_whatsapp_q75,Real,0.271484,0,0.032166,0,0.902344,1,PREV_correct__CURR_wrong,PREV_correct__CURR_wrong,camera,unknown,"WhatsApp-tier JPEG (L1280, Q75, 4:2:0)",data/final_external_pool/final_test_degraded/real_raise_supp_028_r0f25b326t_test_whatsapp_q75.jpg
real_raise_supp_028_r0f25b326t_test_resize_q80,Real,0.371338,0,0.040253,0,0.912109,1,PREV_correct__CURR_wrong,PREV_correct__CURR_wrong,camera,unknown,Resize (L1080) + JPEG Q80 (4:2:0),data/final_external_pool/final_test_degraded/real_raise_supp_028_r0f25b326t_test_resize_q80.jpg
real_raise_supp_028_r0f25b326t_test_double_jpeg,Real,0.151245,0,0.031738,0,0.902832,1,PREV_correct__CURR_wrong,PREV_correct__CURR_wrong,camera,unknown,"Double JPEG (L1280, Q80->Q70, 4:2:0)",data/final_external_pool/final_test_degraded/real_raise_supp_028_r0f25b326t_test_double_jpeg.jpg
real_raise_supp_014_r070a874ct_test_whatsapp_q75,Real,0.077209,0,0.008812,0,0.506836,1,PREV_correct__CURR_wrong,PREV_correct__CURR_wrong,camera,unknown,"WhatsApp-tier JPEG (L1280, Q75, 4:2:0)",data/final_external_pool/final_test_degraded/real_raise_supp_014_r070a874ct_test_whatsapp_q75.jpg
real_raise_supp_014_r070a874ct_test_resize_q80,Real,0.053009,0,0.009521,0,0.477539,0,PREV_correct__CURR_correct,PREV_correct__CURR_correct,camera,unknown,Resize (L1080) + JPEG Q80 (4:2:0),data/final_external_pool/final_test_degraded/real_raise_supp_014_r070a874ct_test_resize_q80.jpg
real_raise_supp_014_r070a874ct_test_double_jpeg,Real,0.048950,0,0.010490,0,0.449219,0,PREV_correct__CURR_correct,PREV_correct__CURR_correct,camera,unknown,"Double JPEG (L1280, Q80->Q70, 4:2:0)",data/final_external_pool/final_test_degraded/real_raise_supp_014_r070a874ct_test_double_jpeg.jpg
real_raise_supp_006_r02d732f8t_test_whatsapp_q75,Real,0.001831,0,0.002590,0,0.085388,0,PREV_correct__CURR_correct,PREV_correct__CURR_correct,camera,unknown,"WhatsApp-tier JPEG (L1280, Q75, 4:2:0)",data/final_external_pool/final_test_degraded/real_raise_supp_006_r02d732f8t_test_whatsapp_q75.jpg
real_raise_supp_006_r02d732f8t_test_resize_q80,Real,0.003325,0,0.003197,0,0.082520,0,PREV_correct__CURR_correct,PREV_correct__CURR_correct,camera,unknown,Resize (L1080) + JPEG Q80 (4:2:0),data/final_external_pool/final_test_degraded/real_raise_supp_006_r02d732f8t_test_resize_q80.jpg
real_raise_supp_006_r02d732f8t_test_double_jpeg,Real,0.000354,0,0.003325,0,0.083008,0,PREV_correct__CURR_correct,PREV_correct__CURR_correct,camera,unknown,"Double JPEG (L1280, Q80->Q70, 4:2:0)",data/final_external_pool/final_test_degraded/real_raise_supp_006_r02d732f8t_test_double_jpeg.jpg
ai_sb_dalle2_022_r169c7350t_test_whatsapp_q75,AI,0.426758,0,0.204346,0,0.957520,1,PREV_wrong__CURR_correct,PREV_wrong__CURR_correct,dalle2,unknown,"WhatsApp-tier JPEG (L1280, Q75, 4:2:0)",data/final_external_pool/final_test_degraded/ai_sb_dalle2_022_r169c7350t_test_whatsapp_q75.jpg
ai_sb_dalle2_022_r169c7350t_test_resize_q80,AI,0.494385,0,0.216064,0,0.960938,1,PREV_wrong__CURR_correct,PREV_wrong__CURR_correct,dalle2,unknown,Resize (L1080) + JPEG Q80 (4:2:0),data/final_external_pool/final_test_degraded/ai_sb_dalle2_022_r169c7350t_test_resize_q80.jpg
ai_sb_dalle2_022_r169c7350t_test_double_jpeg,AI,0.306885,0,0.222534,0,0.944336,1,PREV_wrong__CURR_correct,PREV_wrong__CURR_correct,dalle2,unknown,"Double JPEG (L1280, Q80->Q70, 4:2:0)",data/final_external_pool/final_test_degraded/ai_sb_dalle2_022_r169c7350t_test_double_jpeg.jpg
real_raise_supp_025_r0cea5432t_test_whatsapp_q75,Real,0.005642,0,0.279053,0,0.674316,1,PREV_correct__CURR_wrong,PREV_correct__CURR_wrong,camera,unknown,"WhatsApp-tier JPEG (L1280, Q75, 4:2:0)",data/final_external_pool/final_test_degraded/real_raise_supp_025_r0cea5432t_test_whatsapp_q75.jpg
real_raise_supp_025_r0cea5432t_test_resize_q80,Real,0.005577,0,0.193604,0,0.689941,1,PREV_correct__CURR_wrong,PREV_correct__CURR_wrong,camera,unknown,Resize (L1080) + JPEG Q80 (4:2:0),data/final_external_pool/final_test_degraded/real_raise_supp_025_r0cea5432t_test_resize_q80.jpg
real_raise_supp_025_r0cea5432t_test_double_jpeg,Real,0.002090,0,0.255615,0,0.671875,1,PREV_correct__CURR_wrong,PREV_correct__CURR_wrong,camera,unknown,"Double JPEG (L1280, Q80->Q70, 4:2:0)",data/final_external_pool/final_test_degraded/real_raise_supp_025_r0cea5432t_test_double_jpeg.jpg
real_raise_242_r1e8acc5ct_test_whatsapp_q75,Real,0.004681,0,0.004738,0,0.133179,0,PREV_correct__CURR_correct,PREV_correct__CURR_correct,camera,unknown,"WhatsApp-tier JPEG (L1280, Q75, 4:2:0)",data/final_external_pool/final_test_degraded/real_raise_242_r1e8acc5ct_test_whatsapp_q75.jpg
real_raise_242_r1e8acc5ct_test_resize_q80,Real,0.008064,0,0.003664,0,0.118164,0,PREV_correct__CURR_correct,PREV_correct__CURR_correct,camera,unknown,Resize (L1080) + JPEG Q80 (4:2:0),data/final_external_pool/final_test_degraded/real_raise_242_r1e8acc5ct_test_resize_q80.jpg
real_raise_242_r1e8acc5ct_test_double_jpeg,Real,0.001554,0,0.003525,0,0.105408,0,PREV_correct__CURR_correct,PREV_correct__CURR_correct,camera,unknown,"Double JPEG (L1280, Q80->Q70, 4:2:0)",data/final_external_pool/final_test_degraded/real_raise_242_r1e8acc5ct_test_double_jpeg.jpg
ai_sb_midjourney-v5_126_r056f233bt_test_whatsapp_q75,AI,0.145142,0,0.697266,1,0.551758,1,PREV_correct__CURR_correct,PREV_wrong__CURR_correct,midjourney-v5,unknown,"WhatsApp-tier JPEG (L1280, Q75, 4:2:0)",data/final_external_pool/final_test_degraded/ai_sb_midjourney-v5_126_r056f233bt_test_whatsapp_q75.jpg
ai_sb_midjourney-v5_126_r056f233bt_test_resize_q80,AI,0.248169,0,0.663574,1,0.545898,1,PREV_correct__CURR_correct,PREV_wrong__CURR_correct,midjourney-v5,unknown,Resize (L1080) + JPEG Q80 (4:2:0),data/final_external_pool/final_test_degraded/ai_sb_midjourney-v5_126_r056f233bt_test_resize_q80.jpg
ai_sb_midjourney-v5_126_r056f233bt_test_double_jpeg,AI,0.022537,0,0.583008,1,0.416016,0,PREV_correct__CURR_wrong,PREV_wrong__CURR_wrong,midjourney-v5,unknown,"Double JPEG (L1280, Q80->Q70, 4:2:0)",data/final_external_pool/final_test_degraded/ai_sb_midjourney-v5_126_r056f233bt_test_double_jpeg.jpg
real_raise_035_r047aa954t_test_whatsapp_q75,Real,0.076660,0,0.067688,0,0.388428,0,PREV_correct__CURR_correct,PREV_correct__CURR_correct,camera,unknown,"WhatsApp-tier JPEG (L1280, Q75, 4:2:0)",data/final_external_pool/final_test_degraded/real_raise_035_r047aa954t_test_whatsapp_q75.jpg
real_raise_035_r047aa954t_test_resize_q80,Real,0.076294,0,0.067444,0,0.399414,0,PREV_correct__CURR_correct,PREV_correct__CURR_correct,camera,unknown,Resize (L1080) + JPEG Q80 (4:2:0),data/final_external_pool/final_test_degraded/real_raise_035_r047aa954t_test_resize_q80.jpg
real_raise_035_r047aa954t_test_double_jpeg,Real,0.025131,0,0.029312,0,0.269775,0,PREV_correct__CURR_correct,PREV_correct__CURR_correct,camera,unknown,"Double JPEG (L1280, Q80->Q70, 4:2:0)",data/final_external_pool/final_test_degraded/real_raise_035_r047aa954t_test_double_jpeg.jpg
ai_sb_dalle2_012_r0b7b1156t_test_whatsapp_q75,AI,0.091553,0,0.102478,0,0.804688,1,PREV_wrong__CURR_correct,PREV_wrong__CURR_correct,dalle2,unknown,"WhatsApp-tier JPEG (L1280, Q75, 4:2:0)",data/final_external_pool/final_test_degraded/ai_sb_dalle2_012_r0b7b1156t_test_whatsapp_q75.jpg
ai_sb_dalle2_012_r0b7b1156t_test_resize_q80,AI,0.101440,0,0.114746,0,0.810547,1,PREV_wrong__CURR_correct,PREV_wrong__CURR_correct,dalle2,unknown,Resize (L1080) + JPEG Q80 (4:2:0),data/final_external_pool/final_test_degraded/ai_sb_dalle2_012_r0b7b1156t_test_resize_q80.jpg
ai_sb_dalle2_012_r0b7b1156t_test_double_jpeg,AI,0.028107,0,0.057495,0,0.741211,1,PREV_wrong__CURR_correct,PREV_wrong__CURR_correct,dalle2,unknown,"Double JPEG (L1280, Q80->Q70, 4:2:0)",data/final_external_pool/final_test_degraded/ai_sb_dalle2_012_r0b7b1156t_test_double_jpeg.jpg
real_raise_184_r17f60607t_test_whatsapp_q75,Real,0.005959,0,0.008743,0,0.391846,0,PREV_correct__CURR_correct,PREV_correct__CURR_correct,camera,unknown,"WhatsApp-tier JPEG (L1280, Q75, 4:2:0)",data/final_external_pool/final_test_degraded/real_raise_184_r17f60607t_test_whatsapp_q75.jpg
real_raise_184_r17f60607t_test_resize_q80,Real,0.006123,0,0.005981,0,0.347656,0,PREV_correct__CURR_correct,PREV_correct__CURR_correct,camera,unknown,Resize (L1080) + JPEG Q80 (4:2:0),data/final_external_pool/final_test_degraded/real_raise_184_r17f60607t_test_resize_q80.jpg
real_raise_184_r17f60607t_test_double_jpeg,Real,0.006218,0,0.004925,0,0.354492,0,PREV_correct__CURR_correct,PREV_correct__CURR_correct,camera,unknown,"Double JPEG (L1280, Q80->Q70, 4:2:0)",data/final_external_pool/final_test_degraded/real_raise_184_r17f60607t_test_double_jpeg.jpg
real_raise_127_r1070b804t_test_whatsapp_q75,Real,0.206421,0,0.162231,0,0.849121,1,PREV_correct__CURR_wrong,PREV_correct__CURR_wrong,camera,unknown,"WhatsApp-tier JPEG (L1280, Q75, 4:2:0)",data/final_external_pool/final_test_degraded/real_raise_127_r1070b804t_test_whatsapp_q75.jpg
real_raise_127_r1070b804t_test_resize_q80,Real,0.196655,0,0.146484,0,0.810059,1,PREV_correct__CURR_wrong,PREV_correct__CURR_wrong,camera,unknown,Resize (L1080) + JPEG Q80 (4:2:0),data/final_external_pool/final_test_degraded/real_raise_127_r1070b804t_test_resize_q80.jpg
real_raise_127_r1070b804t_test_double_jpeg,Real,0.096008,0,0.099792,0,0.811035,1,PREV_correct__CURR_wrong,PREV_correct__CURR_wrong,camera,unknown,"Double JPEG (L1280, Q80->Q70, 4:2:0)",data/final_external_pool/final_test_degraded/real_raise_127_r1070b804t_test_double_jpeg.jpg
ai_sb_stable-diffusion-1-3_176_r1ad2de34t_test_whatsapp_q75,AI,0.850098,1,0.183838,0,0.976074,1,PREV_wrong__CURR_correct,PREV_correct__CURR_correct,stable-diffusion-1-3,unknown,"WhatsApp-tier JPEG (L1280, Q75, 4:2:0)",data/final_external_pool/final_test_degraded/ai_sb_stable-diffusion-1-3_176_r1ad2de34t_test_whatsapp_q75.jpg
ai_sb_stable-diffusion-1-3_176_r1ad2de34t_test_resize_q80,AI,0.845703,1,0.144653,0,0.969727,1,PREV_wrong__CURR_correct,PREV_correct__CURR_correct,stable-diffusion-1-3,unknown,Resize (L1080) + JPEG Q80 (4:2:0),data/final_external_pool/final_test_degraded/ai_sb_stable-diffusion-1-3_176_r1ad2de34t_test_resize_q80.jpg
ai_sb_stable-diffusion-1-3_176_r1ad2de34t_test_double_jpeg,AI,0.216675,0,0.089111,0,0.812988,1,PREV_wrong__CURR_correct,PREV_wrong__CURR_correct,stable-diffusion-1-3,unknown,"Double JPEG (L1280, Q80->Q70, 4:2:0)",data/final_external_pool/final_test_degraded/ai_sb_stable-diffusion-1-3_176_r1ad2de34t_test_double_jpeg.jpg
ai_sb_firefly_076_r102b4aa4t_test_whatsapp_q75,AI,0.026917,0,0.022537,0,0.713867,1,PREV_wrong__CURR_correct,PREV_wrong__CURR_correct,firefly,unknown,"WhatsApp-tier JPEG (L1280, Q75, 4:2:0)",data/final_external_pool/final_test_degraded/ai_sb_firefly_076_r102b4aa4t_test_whatsapp_q75.jpg
ai_sb_firefly_076_r102b4aa4t_test_resize_q80,AI,0.029648,0,0.020569,0,0.717285,1,PREV_wrong__CURR_correct,PREV_wrong__CURR_correct,firefly,unknown,Resize (L1080) + JPEG Q80 (4:2:0),data/final_external_pool/final_test_degraded/ai_sb_firefly_076_r102b4aa4t_test_resize_q80.jpg
ai_sb_firefly_076_r102b4aa4t_test_double_jpeg,AI,0.008575,0,0.011330,0,0.601074,1,PREV_wrong__CURR_correct,PREV_wrong__CURR_correct,firefly,unknown,"Double JPEG (L1280, Q80->Q70, 4:2:0)",data/final_external_pool/final_test_degraded/ai_sb_firefly_076_r102b4aa4t_test_double_jpeg.jpg
ai_sb_supp_stable-diffusion-2_024_r00444b95t_test_whatsapp_q75,AI,0.942871,1,0.012627,0,0.992676,1,PREV_wrong__CURR_correct,PREV_correct__CURR_correct,stable-diffusion-2,unknown,"WhatsApp-tier JPEG (L1280, Q75, 4:2:0)",data/final_external_pool/final_test_degraded/ai_sb_supp_stable-diffusion-2_024_r00444b95t_test_whatsapp_q75.jpg
ai_sb_supp_stable-diffusion-2_024_r00444b95t_test_resize_q80,AI,0.930664,1,0.011375,0,0.989258,1,PREV_wrong__CURR_correct,PREV_correct__CURR_correct,stable-diffusion-2,unknown,Resize (L1080) + JPEG Q80 (4:2:0),data/final_external_pool/final_test_degraded/ai_sb_supp_stable-diffusion-2_024_r00444b95t_test_resize_q80.jpg
ai_sb_supp_stable-diffusion-2_024_r00444b95t_test_double_jpeg,AI,0.892578,1,0.005405,0,0.988770,1,PREV_wrong__CURR_correct,PREV_correct__CURR_correct,stable-diffusion-2,unknown,"Double JPEG (L1280, Q80->Q70, 4:2:0)",data/final_external_pool/final_test_degraded/ai_sb_supp_stable-diffusion-2_024_r00444b95t_test_double_jpeg.jpg
ai_sb_stable-diffusion-2_215_r045be2act_test_whatsapp_q75,AI,0.968750,1,0.414551,0,0.998047,1,PREV_wrong__CURR_correct,PREV_correct__CURR_correct,stable-diffusion-2,unknown,"WhatsApp-tier JPEG (L1280, Q75, 4:2:0)",data/final_external_pool/final_test_degraded/ai_sb_stable-diffusion-2_215_r045be2act_test_whatsapp_q75.jpg
ai_sb_stable-diffusion-2_215_r045be2act_test_resize_q80,AI,0.967285,1,0.303223,0,0.996582,1,PREV_wrong__CURR_correct,PREV_correct__CURR_correct,stable-diffusion-2,unknown,Resize (L1080) + JPEG Q80 (4:2:0),data/final_external_pool/final_test_degraded/ai_sb_stable-diffusion-2_215_r045be2act_test_resize_q80.jpg
ai_sb_stable-diffusion-2_215_r045be2act_test_double_jpeg,AI,0.866211,1,0.094849,0,0.996094,1,PREV_wrong__CURR_correct,PREV_correct__CURR_correct,stable-diffusion-2,unknown,"Double JPEG (L1280, Q80->Q70, 4:2:0)",data/final_external_pool/final_test_degraded/ai_sb_stable-diffusion-2_215_r045be2act_test_double_jpeg.jpg
ai_sb_stable-diffusion-1-3_177_r1bdb6385t_test_whatsapp_q75,AI,0.259766,0,0.044678,0,0.983398,1,PREV_wrong__CURR_correct,PREV_wrong__CURR_correct,stable-diffusion-1-3,unknown,"WhatsApp-tier JPEG (L1280, Q75, 4:2:0)",data/final_external_pool/final_test_degraded/ai_sb_stable-diffusion-1-3_177_r1bdb6385t_test_whatsapp_q75.jpg
ai_sb_stable-diffusion-1-3_177_r1bdb6385t_test_resize_q80,AI,0.461670,0,0.027908,0,0.982422,1,PREV_wrong__CURR_correct,PREV_wrong__CURR_correct,stable-diffusion-1-3,unknown,Resize (L1080) + JPEG Q80 (4:2:0),data/final_external_pool/final_test_degraded/ai_sb_stable-diffusion-1-3_177_r1bdb6385t_test_resize_q80.jpg
ai_sb_stable-diffusion-1-3_177_r1bdb6385t_test_double_jpeg,AI,0.094177,0,0.036560,0,0.962402,1,PREV_wrong__CURR_correct,PREV_wrong__CURR_correct,stable-diffusion-1-3,unknown,"Double JPEG (L1280, Q80->Q70, 4:2:0)",data/final_external_pool/final_test_degraded/ai_sb_stable-diffusion-1-3_177_r1bdb6385t_test_double_jpeg.jpg
ai_sb_stable-diffusion-2_212_r0150031ft_test_whatsapp_q75,AI,0.427979,0,0.007488,0,0.949707,1,PREV_wrong__CURR_correct,PREV_wrong__CURR_correct,stable-diffusion-2,unknown,"WhatsApp-tier JPEG (L1280, Q75, 4:2:0)",data/final_external_pool/final_test_degraded/ai_sb_stable-diffusion-2_212_r0150031ft_test_whatsapp_q75.jpg
ai_sb_stable-diffusion-2_212_r0150031ft_test_resize_q80,AI,0.352539,0,0.014839,0,0.952637,1,PREV_wrong__CURR_correct,PREV_wrong__CURR_correct,stable-diffusion-2,unknown,Resize (L1080) + JPEG Q80 (4:2:0),data/final_external_pool/final_test_degraded/ai_sb_stable-diffusion-2_212_r0150031ft_test_resize_q80.jpg
ai_sb_stable-diffusion-2_212_r0150031ft_test_double_jpeg,AI,0.255371,0,0.005428,0,0.920898,1,PREV_wrong__CURR_correct,PREV_wrong__CURR_correct,stable-diffusion-2,unknown,"Double JPEG (L1280, Q80->Q70, 4:2:0)",data/final_external_pool/final_test_degraded/ai_sb_stable-diffusion-2_212_r0150031ft_test_double_jpeg.jpg
real_raise_supp_039_r14902ba4t_test_whatsapp_q75,Real,0.002541,0,0.084778,0,0.631836,1,PREV_correct__CURR_wrong,PREV_correct__CURR_wrong,camera,unknown,"WhatsApp-tier JPEG (L1280, Q75, 4:2:0)",data/final_external_pool/final_test_degraded/real_raise_supp_039_r14902ba4t_test_whatsapp_q75.jpg
real_raise_supp_039_r14902ba4t_test_resize_q80,Real,0.003273,0,0.105774,0,0.607422,1,PREV_correct__CURR_wrong,PREV_correct__CURR_wrong,camera,unknown,Resize (L1080) + JPEG Q80 (4:2:0),data/final_external_pool/final_test_degraded/real_raise_supp_039_r14902ba4t_test_resize_q80.jpg
real_raise_supp_039_r14902ba4t_test_double_jpeg,Real,0.002003,0,0.076294,0,0.600586,1,PREV_correct__CURR_wrong,PREV_correct__CURR_wrong,camera,unknown,"Double JPEG (L1280, Q80->Q70, 4:2:0)",data/final_external_pool/final_test_degraded/real_raise_supp_039_r14902ba4t_test_double_jpeg.jpg
real_raise_070_r08d2b4dat_test_whatsapp_q75,Real,0.032166,0,0.000536,0,0.136841,0,PREV_correct__CURR_correct,PREV_correct__CURR_correct,camera,unknown,"WhatsApp-tier JPEG (L1280, Q75, 4:2:0)",data/final_external_pool/final_test_degraded/real_raise_070_r08d2b4dat_test_whatsapp_q75.jpg
real_raise_070_r08d2b4dat_test_resize_q80,Real,0.037201,0,0.000624,0,0.140137,0,PREV_correct__CURR_correct,PREV_correct__CURR_correct,camera,unknown,Resize (L1080) + JPEG Q80 (4:2:0),data/final_external_pool/final_test_degraded/real_raise_070_r08d2b4dat_test_resize_q80.jpg
real_raise_070_r08d2b4dat_test_double_jpeg,Real,0.023560,0,0.000527,0,0.094177,0,PREV_correct__CURR_correct,PREV_correct__CURR_correct,camera,unknown,"Double JPEG (L1280, Q80->Q70, 4:2:0)",data/final_external_pool/final_test_degraded/real_raise_070_r08d2b4dat_test_double_jpeg.jpg
ai_sb_dalle2_001_r000da54ft_test_whatsapp_q75,AI,0.348877,0,0.015541,0,0.895996,1,PREV_wrong__CURR_correct,PREV_wrong__CURR_correct,dalle2,unknown,"WhatsApp-tier JPEG (L1280, Q75, 4:2:0)",data/final_external_pool/final_test_degraded/ai_sb_dalle2_001_r000da54ft_test_whatsapp_q75.jpg
ai_sb_dalle2_001_r000da54ft_test_resize_q80,AI,0.395020,0,0.016586,0,0.897461,1,PREV_wrong__CURR_correct,PREV_wrong__CURR_correct,dalle2,unknown,Resize (L1080) + JPEG Q80 (4:2:0),data/final_external_pool/final_test_degraded/ai_sb_dalle2_001_r000da54ft_test_resize_q80.jpg
ai_sb_dalle2_001_r000da54ft_test_double_jpeg,AI,0.191650,0,0.011917,0,0.847656,1,PREV_wrong__CURR_correct,PREV_wrong__CURR_correct,dalle2,unknown,"Double JPEG (L1280, Q80->Q70, 4:2:0)",data/final_external_pool/final_test_degraded/ai_sb_dalle2_001_r000da54ft_test_double_jpeg.jpg
real_raise_114_r0f137652t_test_whatsapp_q75,Real,0.517090,1,0.852051,1,0.974609,1,PREV_wrong__CURR_wrong,PREV_wrong__CURR_wrong,camera,unknown,"WhatsApp-tier JPEG (L1280, Q75, 4:2:0)",data/final_external_pool/final_test_degraded/real_raise_114_r0f137652t_test_whatsapp_q75.jpg
real_raise_114_r0f137652t_test_resize_q80,Real,0.405273,0,0.830078,1,0.976074,1,PREV_wrong__CURR_wrong,PREV_correct__CURR_wrong,camera,unknown,Resize (L1080) + JPEG Q80 (4:2:0),data/final_external_pool/final_test_degraded/real_raise_114_r0f137652t_test_resize_q80.jpg
real_raise_114_r0f137652t_test_double_jpeg,Real,0.079773,0,0.632812,1,0.946777,1,PREV_wrong__CURR_wrong,PREV_correct__CURR_wrong,camera,unknown,"Double JPEG (L1280, Q80->Q70, 4:2:0)",data/final_external_pool/final_test_degraded/real_raise_114_r0f137652t_test_double_jpeg.jpg
ai_sb_supp_midjourney-v5_013_r001d260dt_test_whatsapp_q75,AI,0.580566,1,0.906250,1,0.918457,1,PREV_correct__CURR_correct,PREV_correct__CURR_correct,midjourney-v5,unknown,"WhatsApp-tier JPEG (L1280, Q75, 4:2:0)",data/final_external_pool/final_test_degraded/ai_sb_supp_midjourney-v5_013_r001d260dt_test_whatsapp_q75.jpg
ai_sb_supp_midjourney-v5_013_r001d260dt_test_resize_q80,AI,0.552734,1,0.923828,1,0.933594,1,PREV_correct__CURR_correct,PREV_correct__CURR_correct,midjourney-v5,unknown,Resize (L1080) + JPEG Q80 (4:2:0),data/final_external_pool/final_test_degraded/ai_sb_supp_midjourney-v5_013_r001d260dt_test_resize_q80.jpg
ai_sb_supp_midjourney-v5_013_r001d260dt_test_double_jpeg,AI,0.560059,1,0.875000,1,0.903809,1,PREV_correct__CURR_correct,PREV_correct__CURR_correct,midjourney-v5,unknown,"Double JPEG (L1280, Q80->Q70, 4:2:0)",data/final_external_pool/final_test_degraded/ai_sb_supp_midjourney-v5_013_r001d260dt_test_double_jpeg.jpg
real_raise_supp_001_r001d260dt_test_whatsapp_q75,Real,0.846680,1,0.093506,0,0.969727,1,PREV_correct__CURR_wrong,PREV_wrong__CURR_wrong,camera,unknown,"WhatsApp-tier JPEG (L1280, Q75, 4:2:0)",data/final_external_pool/final_test_degraded/real_raise_supp_001_r001d260dt_test_whatsapp_q75.jpg
real_raise_supp_001_r001d260dt_test_resize_q80,Real,0.850098,1,0.101929,0,0.968262,1,PREV_correct__CURR_wrong,PREV_wrong__CURR_wrong,camera,unknown,Resize (L1080) + JPEG Q80 (4:2:0),data/final_external_pool/final_test_degraded/real_raise_supp_001_r001d260dt_test_resize_q80.jpg
real_raise_supp_001_r001d260dt_test_double_jpeg,Real,0.810547,1,0.085999,0,0.965332,1,PREV_correct__CURR_wrong,PREV_wrong__CURR_wrong,camera,unknown,"Double JPEG (L1280, Q80->Q70, 4:2:0)",data/final_external_pool/final_test_degraded/real_raise_supp_001_r001d260dt_test_double_jpeg.jpg
real_raise_212_r1b1c1019t_test_whatsapp_q75,Real,0.018692,0,0.001335,0,0.830566,1,PREV_correct__CURR_wrong,PREV_correct__CURR_wrong,camera,unknown,"WhatsApp-tier JPEG (L1280, Q75, 4:2:0)",data/final_external_pool/final_test_degraded/real_raise_212_r1b1c1019t_test_whatsapp_q75.jpg
real_raise_212_r1b1c1019t_test_resize_q80,Real,0.039856,0,0.001687,0,0.865723,1,PREV_correct__CURR_wrong,PREV_correct__CURR_wrong,camera,unknown,Resize (L1080) + JPEG Q80 (4:2:0),data/final_external_pool/final_test_degraded/real_raise_212_r1b1c1019t_test_resize_q80.jpg
real_raise_212_r1b1c1019t_test_double_jpeg,Real,0.012146,0,0.002174,0,0.834961,1,PREV_correct__CURR_wrong,PREV_correct__CURR_wrong,camera,unknown,"Double JPEG (L1280, Q80->Q70, 4:2:0)",data/final_external_pool/final_test_degraded/real_raise_212_r1b1c1019t_test_double_jpeg.jpg
ai_sb_stable-diffusion-1-3_170_r145221d9t_test_whatsapp_q75,AI,0.477051,0,0.016281,0,0.749023,1,PREV_wrong__CURR_correct,PREV_wrong__CURR_correct,stable-diffusion-1-3,unknown,"WhatsApp-tier JPEG (L1280, Q75, 4:2:0)",data/final_external_pool/final_test_degraded/ai_sb_stable-diffusion-1-3_170_r145221d9t_test_whatsapp_q75.jpg
ai_sb_stable-diffusion-1-3_170_r145221d9t_test_resize_q80,AI,0.382568,0,0.020065,0,0.752441,1,PREV_wrong__CURR_correct,PREV_wrong__CURR_correct,stable-diffusion-1-3,unknown,Resize (L1080) + JPEG Q80 (4:2:0),data/final_external_pool/final_test_degraded/ai_sb_stable-diffusion-1-3_170_r145221d9t_test_resize_q80.jpg
ai_sb_stable-diffusion-1-3_170_r145221d9t_test_double_jpeg,AI,0.023376,0,0.009674,0,0.082825,0,PREV_wrong__CURR_wrong,PREV_wrong__CURR_wrong,stable-diffusion-1-3,unknown,"Double JPEG (L1280, Q80->Q70, 4:2:0)",data/final_external_pool/final_test_degraded/ai_sb_stable-diffusion-1-3_170_r145221d9t_test_double_jpeg.jpg
ai_sb_glide_094_r0372042dt_test_whatsapp_q75,AI,0.163940,0,0.315430,0,0.735840,1,PREV_wrong__CURR_correct,PREV_wrong__CURR_correct,glide,unknown,"WhatsApp-tier JPEG (L1280, Q75, 4:2:0)",data/final_external_pool/final_test_degraded/ai_sb_glide_094_r0372042dt_test_whatsapp_q75.jpg
ai_sb_glide_094_r0372042dt_test_resize_q80,AI,0.274414,0,0.350098,0,0.880859,1,PREV_wrong__CURR_correct,PREV_wrong__CURR_correct,glide,unknown,Resize (L1080) + JPEG Q80 (4:2:0),data/final_external_pool/final_test_degraded/ai_sb_glide_094_r0372042dt_test_resize_q80.jpg
ai_sb_glide_094_r0372042dt_test_double_jpeg,AI,0.006123,0,0.231079,0,0.529785,1,PREV_wrong__CURR_correct,PREV_wrong__CURR_correct,glide,unknown,"Double JPEG (L1280, Q80->Q70, 4:2:0)",data/final_external_pool/final_test_degraded/ai_sb_glide_094_r0372042dt_test_double_jpeg.jpg
real_raise_218_r1be2a3d5t_test_whatsapp_q75,Real,0.022583,0,0.028168,0,0.845215,1,PREV_correct__CURR_wrong,PREV_correct__CURR_wrong,camera,unknown,"WhatsApp-tier JPEG (L1280, Q75, 4:2:0)",data/final_external_pool/final_test_degraded/real_raise_218_r1be2a3d5t_test_whatsapp_q75.jpg
real_raise_218_r1be2a3d5t_test_resize_q80,Real,0.047089,0,0.017715,0,0.811035,1,PREV_correct__CURR_wrong,PREV_correct__CURR_wrong,camera,unknown,Resize (L1080) + JPEG Q80 (4:2:0),data/final_external_pool/final_test_degraded/real_raise_218_r1be2a3d5t_test_resize_q80.jpg
real_raise_218_r1be2a3d5t_test_double_jpeg,Real,0.003929,0,0.007347,0,0.795410,1,PREV_correct__CURR_wrong,PREV_correct__CURR_wrong,camera,unknown,"Double JPEG (L1280, Q80->Q70, 4:2:0)",data/final_external_pool/final_test_degraded/real_raise_218_r1be2a3d5t_test_double_jpeg.jpg
real_raise_supp_034_r1267fa5bt_test_whatsapp_q75,Real,0.031738,0,0.337646,0,0.835449,1,PREV_correct__CURR_wrong,PREV_correct__CURR_wrong,camera,unknown,"WhatsApp-tier JPEG (L1280, Q75, 4:2:0)",data/final_external_pool/final_test_degraded/real_raise_supp_034_r1267fa5bt_test_whatsapp_q75.jpg
real_raise_supp_034_r1267fa5bt_test_resize_q80,Real,0.054810,0,0.233765,0,0.838867,1,PREV_correct__CURR_wrong,PREV_correct__CURR_wrong,camera,unknown,Resize (L1080) + JPEG Q80 (4:2:0),data/final_external_pool/final_test_degraded/real_raise_supp_034_r1267fa5bt_test_resize_q80.jpg
real_raise_supp_034_r1267fa5bt_test_double_jpeg,Real,0.023956,0,0.360596,0,0.813965,1,PREV_correct__CURR_wrong,PREV_correct__CURR_wrong,camera,unknown,"Double JPEG (L1280, Q80->Q70, 4:2:0)",data/final_external_pool/final_test_degraded/real_raise_supp_034_r1267fa5bt_test_double_jpeg.jpg
real_raise_120_r0f98115dt_test_whatsapp_q75,Real,0.015541,0,0.065002,0,0.691895,1,PREV_correct__CURR_wrong,PREV_correct__CURR_wrong,camera,unknown,"WhatsApp-tier JPEG (L1280, Q75, 4:2:0)",data/final_external_pool/final_test_degraded/real_raise_120_r0f98115dt_test_whatsapp_q75.jpg
real_raise_120_r0f98115dt_test_resize_q80,Real,0.020966,0,0.060089,0,0.675781,1,PREV_correct__CURR_wrong,PREV_correct__CURR_wrong,camera,unknown,Resize (L1080) + JPEG Q80 (4:2:0),data/final_external_pool/final_test_degraded/real_raise_120_r0f98115dt_test_resize_q80.jpg
real_raise_120_r0f98115dt_test_double_jpeg,Real,0.006588,0,0.054810,0,0.614746,1,PREV_correct__CURR_wrong,PREV_correct__CURR_wrong,camera,unknown,"Double JPEG (L1280, Q80->Q70, 4:2:0)",data/final_external_pool/final_test_degraded/real_raise_120_r0f98115dt_test_double_jpeg.jpg
real_raise_173_r1645a09ct_test_whatsapp_q75,Real,0.001129,0,0.001255,0,0.178101,0,PREV_correct__CURR_correct,PREV_correct__CURR_correct,camera,unknown,"WhatsApp-tier JPEG (L1280, Q75, 4:2:0)",data/final_external_pool/final_test_degraded/real_raise_173_r1645a09ct_test_whatsapp_q75.jpg
real_raise_173_r1645a09ct_test_resize_q80,Real,0.001099,0,0.001169,0,0.139038,0,PREV_correct__CURR_correct,PREV_correct__CURR_correct,camera,unknown,Resize (L1080) + JPEG Q80 (4:2:0),data/final_external_pool/final_test_degraded/real_raise_173_r1645a09ct_test_resize_q80.jpg
real_raise_173_r1645a09ct_test_double_jpeg,Real,0.001269,0,0.001325,0,0.173462,0,PREV_correct__CURR_correct,PREV_correct__CURR_correct,camera,unknown,"Double JPEG (L1280, Q80->Q70, 4:2:0)",data/final_external_pool/final_test_degraded/real_raise_173_r1645a09ct_test_double_jpeg.jpg
real_raise_002_r005f3e70t_test_whatsapp_q75,Real,0.105042,0,0.064270,0,0.664551,1,PREV_correct__CURR_wrong,PREV_correct__CURR_wrong,camera,unknown,"WhatsApp-tier JPEG (L1280, Q75, 4:2:0)",data/final_external_pool/final_test_degraded/real_raise_002_r005f3e70t_test_whatsapp_q75.jpg
real_raise_002_r005f3e70t_test_resize_q80,Real,0.054810,0,0.079468,0,0.615723,1,PREV_correct__CURR_wrong,PREV_correct__CURR_wrong,camera,unknown,Resize (L1080) + JPEG Q80 (4:2:0),data/final_external_pool/final_test_degraded/real_raise_002_r005f3e70t_test_resize_q80.jpg
real_raise_002_r005f3e70t_test_double_jpeg,Real,0.055939,0,0.041382,0,0.578613,1,PREV_correct__CURR_wrong,PREV_correct__CURR_wrong,camera,unknown,"Double JPEG (L1280, Q80->Q70, 4:2:0)",data/final_external_pool/final_test_degraded/real_raise_002_r005f3e70t_test_double_jpeg.jpg
real_raise_221_r1c23e440t_test_whatsapp_q75,Real,0.093689,0,0.046997,0,0.539551,1,PREV_correct__CURR_wrong,PREV_correct__CURR_wrong,camera,unknown,"WhatsApp-tier JPEG (L1280, Q75, 4:2:0)",data/final_external_pool/final_test_degraded/real_raise_221_r1c23e440t_test_whatsapp_q75.jpg
real_raise_221_r1c23e440t_test_resize_q80,Real,0.134033,0,0.051666,0,0.564941,1,PREV_correct__CURR_wrong,PREV_correct__CURR_wrong,camera,unknown,Resize (L1080) + JPEG Q80 (4:2:0),data/final_external_pool/final_test_degraded/real_raise_221_r1c23e440t_test_resize_q80.jpg
real_raise_221_r1c23e440t_test_double_jpeg,Real,0.003708,0,0.020523,0,0.351318,0,PREV_correct__CURR_correct,PREV_correct__CURR_correct,camera,unknown,"Double JPEG (L1280, Q80->Q70, 4:2:0)",data/final_external_pool/final_test_degraded/real_raise_221_r1c23e440t_test_double_jpeg.jpg
real_raise_167_r15919202t_test_whatsapp_q75,Real,0.679199,1,0.047241,0,0.645020,1,PREV_correct__CURR_wrong,PREV_wrong__CURR_wrong,camera,unknown,"WhatsApp-tier JPEG (L1280, Q75, 4:2:0)",data/final_external_pool/final_test_degraded/real_raise_167_r15919202t_test_whatsapp_q75.jpg
real_raise_167_r15919202t_test_resize_q80,Real,0.699219,1,0.057709,0,0.647461,1,PREV_correct__CURR_wrong,PREV_wrong__CURR_wrong,camera,unknown,Resize (L1080) + JPEG Q80 (4:2:0),data/final_external_pool/final_test_degraded/real_raise_167_r15919202t_test_resize_q80.jpg
real_raise_167_r15919202t_test_double_jpeg,Real,0.380615,0,0.023819,0,0.524414,1,PREV_correct__CURR_wrong,PREV_correct__CURR_wrong,camera,unknown,"Double JPEG (L1280, Q80->Q70, 4:2:0)",data/final_external_pool/final_test_degraded/real_raise_167_r15919202t_test_double_jpeg.jpg
real_raise_111_r0eb8dfb5t_test_whatsapp_q75,Real,0.007404,0,0.001372,0,0.530273,1,PREV_correct__CURR_wrong,PREV_correct__CURR_wrong,camera,unknown,"WhatsApp-tier JPEG (L1280, Q75, 4:2:0)",data/final_external_pool/final_test_degraded/real_raise_111_r0eb8dfb5t_test_whatsapp_q75.jpg
real_raise_111_r0eb8dfb5t_test_resize_q80,Real,0.006264,0,0.001761,0,0.498047,0,PREV_correct__CURR_correct,PREV_correct__CURR_correct,camera,unknown,Resize (L1080) + JPEG Q80 (4:2:0),data/final_external_pool/final_test_degraded/real_raise_111_r0eb8dfb5t_test_resize_q80.jpg
real_raise_111_r0eb8dfb5t_test_double_jpeg,Real,0.004215,0,0.001024,0,0.456055,0,PREV_correct__CURR_correct,PREV_correct__CURR_correct,camera,unknown,"Double JPEG (L1280, Q80->Q70, 4:2:0)",data/final_external_pool/final_test_degraded/real_raise_111_r0eb8dfb5t_test_double_jpeg.jpg
real_raise_028_r03aa5df1t_test_whatsapp_q75,Real,0.133179,0,0.036499,0,0.723145,1,PREV_correct__CURR_wrong,PREV_correct__CURR_wrong,camera,unknown,"WhatsApp-tier JPEG (L1280, Q75, 4:2:0)",data/final_external_pool/final_test_degraded/real_raise_028_r03aa5df1t_test_whatsapp_q75.jpg
real_raise_028_r03aa5df1t_test_resize_q80,Real,0.220337,0,0.050323,0,0.643555,1,PREV_correct__CURR_wrong,PREV_correct__CURR_wrong,camera,unknown,Resize (L1080) + JPEG Q80 (4:2:0),data/final_external_pool/final_test_degraded/real_raise_028_r03aa5df1t_test_resize_q80.jpg
real_raise_028_r03aa5df1t_test_double_jpeg,Real,0.017105,0,0.017105,0,0.790039,1,PREV_correct__CURR_wrong,PREV_correct__CURR_wrong,camera,unknown,"Double JPEG (L1280, Q80->Q70, 4:2:0)",data/final_external_pool/final_test_degraded/real_raise_028_r03aa5df1t_test_double_jpeg.jpg
ai_sb_stable-diffusion-2_214_r0372042dt_test_whatsapp_q75,AI,0.019424,0,0.583496,1,0.893066,1,PREV_correct__CURR_correct,PREV_wrong__CURR_correct,stable-diffusion-2,unknown,"WhatsApp-tier JPEG (L1280, Q75, 4:2:0)",data/final_external_pool/final_test_degraded/ai_sb_stable-diffusion-2_214_r0372042dt_test_whatsapp_q75.jpg
ai_sb_stable-diffusion-2_214_r0372042dt_test_resize_q80,AI,0.090088,0,0.824219,1,0.925293,1,PREV_correct__CURR_correct,PREV_wrong__CURR_correct,stable-diffusion-2,unknown,Resize (L1080) + JPEG Q80 (4:2:0),data/final_external_pool/final_test_degraded/ai_sb_stable-diffusion-2_214_r0372042dt_test_resize_q80.jpg
ai_sb_stable-diffusion-2_214_r0372042dt_test_double_jpeg,AI,0.003496,0,0.616699,1,0.863770,1,PREV_correct__CURR_correct,PREV_wrong__CURR_correct,stable-diffusion-2,unknown,"Double JPEG (L1280, Q80->Q70, 4:2:0)",data/final_external_pool/final_test_degraded/ai_sb_stable-diffusion-2_214_r0372042dt_test_double_jpeg.jpg
real_raise_supp_060_r1f06581bt_test_whatsapp_q75,Real,0.521484,1,0.065613,0,0.938965,1,PREV_correct__CURR_wrong,PREV_wrong__CURR_wrong,camera,unknown,"WhatsApp-tier JPEG (L1280, Q75, 4:2:0)",data/final_external_pool/final_test_degraded/real_raise_supp_060_r1f06581bt_test_whatsapp_q75.jpg
real_raise_supp_060_r1f06581bt_test_resize_q80,Real,0.512695,1,0.063477,0,0.939941,1,PREV_correct__CURR_wrong,PREV_wrong__CURR_wrong,camera,unknown,Resize (L1080) + JPEG Q80 (4:2:0),data/final_external_pool/final_test_degraded/real_raise_supp_060_r1f06581bt_test_resize_q80.jpg
real_raise_supp_060_r1f06581bt_test_double_jpeg,Real,0.214722,0,0.049866,0,0.902344,1,PREV_correct__CURR_wrong,PREV_correct__CURR_wrong,camera,unknown,"Double JPEG (L1280, Q80->Q70, 4:2:0)",data/final_external_pool/final_test_degraded/real_raise_supp_060_r1f06581bt_test_double_jpeg.jpg
real_raise_030_r03f70ccdt_test_whatsapp_q75,Real,0.014336,0,0.029419,0,0.570312,1,PREV_correct__CURR_wrong,PREV_correct__CURR_wrong,camera,unknown,"WhatsApp-tier JPEG (L1280, Q75, 4:2:0)",data/final_external_pool/final_test_degraded/real_raise_030_r03f70ccdt_test_whatsapp_q75.jpg
real_raise_030_r03f70ccdt_test_resize_q80,Real,0.015076,0,0.039429,0,0.560547,1,PREV_correct__CURR_wrong,PREV_correct__CURR_wrong,camera,unknown,Resize (L1080) + JPEG Q80 (4:2:0),data/final_external_pool/final_test_degraded/real_raise_030_r03f70ccdt_test_resize_q80.jpg
real_raise_030_r03f70ccdt_test_double_jpeg,Real,0.005062,0,0.017639,0,0.527344,1,PREV_correct__CURR_wrong,PREV_correct__CURR_wrong,camera,unknown,"Double JPEG (L1280, Q80->Q70, 4:2:0)",data/final_external_pool/final_test_degraded/real_raise_030_r03f70ccdt_test_double_jpeg.jpg
ai_sb_stable-diffusion-1-3_162_r0b7b1156t_test_whatsapp_q75,AI,0.942871,1,0.094360,0,0.919434,1,PREV_wrong__CURR_correct,PREV_correct__CURR_correct,stable-diffusion-1-3,unknown,"WhatsApp-tier JPEG (L1280, Q75, 4:2:0)",data/final_external_pool/final_test_degraded/ai_sb_stable-diffusion-1-3_162_r0b7b1156t_test_whatsapp_q75.jpg
ai_sb_stable-diffusion-1-3_162_r0b7b1156t_test_resize_q80,AI,0.927246,1,0.048676,0,0.873535,1,PREV_wrong__CURR_correct,PREV_correct__CURR_correct,stable-diffusion-1-3,unknown,Resize (L1080) + JPEG Q80 (4:2:0),data/final_external_pool/final_test_degraded/ai_sb_stable-diffusion-1-3_162_r0b7b1156t_test_resize_q80.jpg
ai_sb_stable-diffusion-1-3_162_r0b7b1156t_test_double_jpeg,AI,0.470947,0,0.045593,0,0.617188,1,PREV_wrong__CURR_correct,PREV_wrong__CURR_correct,stable-diffusion-1-3,unknown,"Double JPEG (L1280, Q80->Q70, 4:2:0)",data/final_external_pool/final_test_degraded/ai_sb_stable-diffusion-1-3_162_r0b7b1156t_test_double_jpeg.jpg
real_raise_171_r1618da9dt_test_whatsapp_q75,Real,0.008881,0,0.006824,0,0.503418,1,PREV_correct__CURR_wrong,PREV_correct__CURR_wrong,camera,unknown,"WhatsApp-tier JPEG (L1280, Q75, 4:2:0)",data/final_external_pool/final_test_degraded/real_raise_171_r1618da9dt_test_whatsapp_q75.jpg
real_raise_171_r1618da9dt_test_resize_q80,Real,0.008713,0,0.006985,0,0.554688,1,PREV_correct__CURR_wrong,PREV_correct__CURR_wrong,camera,unknown,Resize (L1080) + JPEG Q80 (4:2:0),data/final_external_pool/final_test_degraded/real_raise_171_r1618da9dt_test_resize_q80.jpg
real_raise_171_r1618da9dt_test_double_jpeg,Real,0.002234,0,0.007317,0,0.317871,0,PREV_correct__CURR_correct,PREV_correct__CURR_correct,camera,unknown,"Double JPEG (L1280, Q80->Q70, 4:2:0)",data/final_external_pool/final_test_degraded/real_raise_171_r1618da9dt_test_double_jpeg.jpg
real_raise_238_r1de76a54t_test_whatsapp_q75,Real,0.011734,0,0.001536,0,0.559082,1,PREV_correct__CURR_wrong,PREV_correct__CURR_wrong,camera,unknown,"WhatsApp-tier JPEG (L1280, Q75, 4:2:0)",data/final_external_pool/final_test_degraded/real_raise_238_r1de76a54t_test_whatsapp_q75.jpg
real_raise_238_r1de76a54t_test_resize_q80,Real,0.012726,0,0.001289,0,0.509766,1,PREV_correct__CURR_wrong,PREV_correct__CURR_wrong,camera,unknown,Resize (L1080) + JPEG Q80 (4:2:0),data/final_external_pool/final_test_degraded/real_raise_238_r1de76a54t_test_resize_q80.jpg
real_raise_238_r1de76a54t_test_double_jpeg,Real,0.008949,0,0.001245,0,0.504395,1,PREV_correct__CURR_wrong,PREV_correct__CURR_wrong,camera,unknown,"Double JPEG (L1280, Q80->Q70, 4:2:0)",data/final_external_pool/final_test_degraded/real_raise_238_r1de76a54t_test_double_jpeg.jpg
real_raise_197_r19b49f2ct_test_whatsapp_q75,Real,0.250732,0,0.068298,0,0.470703,0,PREV_correct__CURR_correct,PREV_correct__CURR_correct,camera,unknown,"WhatsApp-tier JPEG (L1280, Q75, 4:2:0)",data/final_external_pool/final_test_degraded/real_raise_197_r19b49f2ct_test_whatsapp_q75.jpg
real_raise_197_r19b49f2ct_test_resize_q80,Real,0.198242,0,0.076660,0,0.460938,0,PREV_correct__CURR_correct,PREV_correct__CURR_correct,camera,unknown,Resize (L1080) + JPEG Q80 (4:2:0),data/final_external_pool/final_test_degraded/real_raise_197_r19b49f2ct_test_resize_q80.jpg
real_raise_197_r19b49f2ct_test_double_jpeg,Real,0.047699,0,0.050812,0,0.352051,0,PREV_correct__CURR_correct,PREV_correct__CURR_correct,camera,unknown,"Double JPEG (L1280, Q80->Q70, 4:2:0)",data/final_external_pool/final_test_degraded/real_raise_197_r19b49f2ct_test_double_jpeg.jpg
real_raise_078_r09d7cd4et_test_whatsapp_q75,Real,0.772461,1,0.504395,1,0.979492,1,PREV_wrong__CURR_wrong,PREV_wrong__CURR_wrong,camera,unknown,"WhatsApp-tier JPEG (L1280, Q75, 4:2:0)",data/final_external_pool/final_test_degraded/real_raise_078_r09d7cd4et_test_whatsapp_q75.jpg
real_raise_078_r09d7cd4et_test_resize_q80,Real,0.780762,1,0.538574,1,0.979492,1,PREV_wrong__CURR_wrong,PREV_wrong__CURR_wrong,camera,unknown,Resize (L1080) + JPEG Q80 (4:2:0),data/final_external_pool/final_test_degraded/real_raise_078_r09d7cd4et_test_resize_q80.jpg
real_raise_078_r09d7cd4et_test_double_jpeg,Real,0.611328,1,0.436035,0,0.975098,1,PREV_correct__CURR_wrong,PREV_wrong__CURR_wrong,camera,unknown,"Double JPEG (L1280, Q80->Q70, 4:2:0)",data/final_external_pool/final_test_degraded/real_raise_078_r09d7cd4et_test_double_jpeg.jpg
real_raise_085_r0aaa70c3t_test_whatsapp_q75,Real,0.764160,1,0.062561,0,0.819336,1,PREV_correct__CURR_wrong,PREV_wrong__CURR_wrong,camera,unknown,"WhatsApp-tier JPEG (L1280, Q75, 4:2:0)",data/final_external_pool/final_test_degraded/real_raise_085_r0aaa70c3t_test_whatsapp_q75.jpg
real_raise_085_r0aaa70c3t_test_resize_q80,Real,0.730469,1,0.055725,0,0.784668,1,PREV_correct__CURR_wrong,PREV_wrong__CURR_wrong,camera,unknown,Resize (L1080) + JPEG Q80 (4:2:0),data/final_external_pool/final_test_degraded/real_raise_085_r0aaa70c3t_test_resize_q80.jpg
real_raise_085_r0aaa70c3t_test_double_jpeg,Real,0.316406,0,0.022324,0,0.769043,1,PREV_correct__CURR_wrong,PREV_correct__CURR_wrong,camera,unknown,"Double JPEG (L1280, Q80->Q70, 4:2:0)",data/final_external_pool/final_test_degraded/real_raise_085_r0aaa70c3t_test_double_jpeg.jpg
real_raise_216_r1bc3dd23t_test_whatsapp_q75,Real,0.000467,0,0.000330,0,0.011421,0,PREV_correct__CURR_correct,PREV_correct__CURR_correct,camera,unknown,"WhatsApp-tier JPEG (L1280, Q75, 4:2:0)",data/final_external_pool/final_test_degraded/real_raise_216_r1bc3dd23t_test_whatsapp_q75.jpg
real_raise_216_r1bc3dd23t_test_resize_q80,Real,0.000519,0,0.000218,0,0.010056,0,PREV_correct__CURR_correct,PREV_correct__CURR_correct,camera,unknown,Resize (L1080) + JPEG Q80 (4:2:0),data/final_external_pool/final_test_degraded/real_raise_216_r1bc3dd23t_test_resize_q80.jpg
real_raise_216_r1bc3dd23t_test_double_jpeg,Real,0.000089,0,0.000439,0,0.009377,0,PREV_correct__CURR_correct,PREV_correct__CURR_correct,camera,unknown,"Double JPEG (L1280, Q80->Q70, 4:2:0)",data/final_external_pool/final_test_degraded/real_raise_216_r1bc3dd23t_test_double_jpeg.jpg
ai_sb_firefly_081_r159d3942t_test_whatsapp_q75,AI,0.000499,0,0.014671,0,0.127686,0,PREV_wrong__CURR_wrong,PREV_wrong__CURR_wrong,firefly,unknown,"WhatsApp-tier JPEG (L1280, Q75, 4:2:0)",data/final_external_pool/final_test_degraded/ai_sb_firefly_081_r159d3942t_test_whatsapp_q75.jpg
ai_sb_firefly_081_r159d3942t_test_resize_q80,AI,0.000426,0,0.012238,0,0.077393,0,PREV_wrong__CURR_wrong,PREV_wrong__CURR_wrong,firefly,unknown,Resize (L1080) + JPEG Q80 (4:2:0),data/final_external_pool/final_test_degraded/ai_sb_firefly_081_r159d3942t_test_resize_q80.jpg
ai_sb_firefly_081_r159d3942t_test_double_jpeg,AI,0.000236,0,0.012428,0,0.090881,0,PREV_wrong__CURR_wrong,PREV_wrong__CURR_wrong,firefly,unknown,"Double JPEG (L1280, Q80->Q70, 4:2:0)",data/final_external_pool/final_test_degraded/ai_sb_firefly_081_r159d3942t_test_double_jpeg.jpg
real_raise_196_r1986e42bt_test_whatsapp_q75,Real,0.129639,0,0.005489,0,0.533203,1,PREV_correct__CURR_wrong,PREV_correct__CURR_wrong,camera,unknown,"WhatsApp-tier JPEG (L1280, Q75, 4:2:0)",data/final_external_pool/final_test_degraded/real_raise_196_r1986e42bt_test_whatsapp_q75.jpg
real_raise_196_r1986e42bt_test_resize_q80,Real,0.097717,0,0.005775,0,0.601074,1,PREV_correct__CURR_wrong,PREV_correct__CURR_wrong,camera,unknown,Resize (L1080) + JPEG Q80 (4:2:0),data/final_external_pool/final_test_degraded/real_raise_196_r1986e42bt_test_resize_q80.jpg
real_raise_196_r1986e42bt_test_double_jpeg,Real,0.028809,0,0.003750,0,0.532227,1,PREV_correct__CURR_wrong,PREV_correct__CURR_wrong,camera,unknown,"Double JPEG (L1280, Q80->Q70, 4:2:0)",data/final_external_pool/final_test_degraded/real_raise_196_r1986e42bt_test_double_jpeg.jpg
real_raise_126_r102b4aa4t_test_whatsapp_q75,Real,0.061646,0,0.017715,0,0.796875,1,PREV_correct__CURR_wrong,PREV_correct__CURR_wrong,camera,unknown,"WhatsApp-tier JPEG (L1280, Q75, 4:2:0)",data/final_external_pool/final_test_degraded/real_raise_126_r102b4aa4t_test_whatsapp_q75.jpg
real_raise_126_r102b4aa4t_test_resize_q80,Real,0.074524,0,0.015076,0,0.725586,1,PREV_correct__CURR_wrong,PREV_correct__CURR_wrong,camera,unknown,Resize (L1080) + JPEG Q80 (4:2:0),data/final_external_pool/final_test_degraded/real_raise_126_r102b4aa4t_test_resize_q80.jpg
real_raise_126_r102b4aa4t_test_double_jpeg,Real,0.013428,0,0.012527,0,0.821777,1,PREV_correct__CURR_wrong,PREV_correct__CURR_wrong,camera,unknown,"Double JPEG (L1280, Q80->Q70, 4:2:0)",data/final_external_pool/final_test_degraded/real_raise_126_r102b4aa4t_test_double_jpeg.jpg
ai_sb_stable-diffusion-1-4_203_r17fe8532t_test_whatsapp_q75,AI,0.001147,0,0.824219,1,0.976074,1,PREV_correct__CURR_correct,PREV_wrong__CURR_correct,stable-diffusion-1-4,unknown,"WhatsApp-tier JPEG (L1280, Q75, 4:2:0)",data/final_external_pool/final_test_degraded/ai_sb_stable-diffusion-1-4_203_r17fe8532t_test_whatsapp_q75.jpg
ai_sb_stable-diffusion-1-4_203_r17fe8532t_test_resize_q80,AI,0.002068,0,0.875000,1,0.979492,1,PREV_correct__CURR_correct,PREV_wrong__CURR_correct,stable-diffusion-1-4,unknown,Resize (L1080) + JPEG Q80 (4:2:0),data/final_external_pool/final_test_degraded/ai_sb_stable-diffusion-1-4_203_r17fe8532t_test_resize_q80.jpg
ai_sb_stable-diffusion-1-4_203_r17fe8532t_test_double_jpeg,AI,0.000038,0,0.951172,1,0.940430,1,PREV_correct__CURR_correct,PREV_wrong__CURR_correct,stable-diffusion-1-4,unknown,"Double JPEG (L1280, Q80->Q70, 4:2:0)",data/final_external_pool/final_test_degraded/ai_sb_stable-diffusion-1-4_203_r17fe8532t_test_double_jpeg.jpg
real_raise_117_r0f4ece9bt_test_whatsapp_q75,Real,0.084351,0,0.023773,0,0.802246,1,PREV_correct__CURR_wrong,PREV_correct__CURR_wrong,camera,unknown,"WhatsApp-tier JPEG (L1280, Q75, 4:2:0)",data/final_external_pool/final_test_degraded/real_raise_117_r0f4ece9bt_test_whatsapp_q75.jpg
real_raise_117_r0f4ece9bt_test_resize_q80,Real,0.065735,0,0.023026,0,0.783203,1,PREV_correct__CURR_wrong,PREV_correct__CURR_wrong,camera,unknown,Resize (L1080) + JPEG Q80 (4:2:0),data/final_external_pool/final_test_degraded/real_raise_117_r0f4ece9bt_test_resize_q80.jpg
real_raise_117_r0f4ece9bt_test_double_jpeg,Real,0.068909,0,0.012970,0,0.803711,1,PREV_correct__CURR_wrong,PREV_correct__CURR_wrong,camera,unknown,"Double JPEG (L1280, Q80->Q70, 4:2:0)",data/final_external_pool/final_test_degraded/real_raise_117_r0f4ece9bt_test_double_jpeg.jpg
ai_sb_stable-diffusion-2_236_r1ad2de34t_test_whatsapp_q75,AI,0.990234,1,0.471191,0,0.999023,1,PREV_wrong__CURR_correct,PREV_correct__CURR_correct,stable-diffusion-2,unknown,"WhatsApp-tier JPEG (L1280, Q75, 4:2:0)",data/final_external_pool/final_test_degraded/ai_sb_stable-diffusion-2_236_r1ad2de34t_test_whatsapp_q75.jpg
ai_sb_stable-diffusion-2_236_r1ad2de34t_test_resize_q80,AI,0.992188,1,0.417969,0,0.999023,1,PREV_wrong__CURR_correct,PREV_correct__CURR_correct,stable-diffusion-2,unknown,Resize (L1080) + JPEG Q80 (4:2:0),data/final_external_pool/final_test_degraded/ai_sb_stable-diffusion-2_236_r1ad2de34t_test_resize_q80.jpg
ai_sb_stable-diffusion-2_236_r1ad2de34t_test_double_jpeg,AI,0.987305,1,0.281982,0,0.998047,1,PREV_wrong__CURR_correct,PREV_correct__CURR_correct,stable-diffusion-2,unknown,"Double JPEG (L1280, Q80->Q70, 4:2:0)",data/final_external_pool/final_test_degraded/ai_sb_stable-diffusion-2_236_r1ad2de34t_test_double_jpeg.jpg
ai_sb_stable-diffusion-1-3_153_r026b5360t_test_whatsapp_q75,AI,0.001495,0,0.205444,0,0.872559,1,PREV_wrong__CURR_correct,PREV_wrong__CURR_correct,stable-diffusion-1-3,unknown,"WhatsApp-tier JPEG (L1280, Q75, 4:2:0)",data/final_external_pool/final_test_degraded/ai_sb_stable-diffusion-1-3_153_r026b5360t_test_whatsapp_q75.jpg
ai_sb_stable-diffusion-1-3_153_r026b5360t_test_resize_q80,AI,0.001057,0,0.132935,0,0.809570,1,PREV_wrong__CURR_correct,PREV_wrong__CURR_correct,stable-diffusion-1-3,unknown,Resize (L1080) + JPEG Q80 (4:2:0),data/final_external_pool/final_test_degraded/ai_sb_stable-diffusion-1-3_153_r026b5360t_test_resize_q80.jpg
ai_sb_stable-diffusion-1-3_153_r026b5360t_test_double_jpeg,AI,0.000090,0,0.322754,0,0.363037,0,PREV_wrong__CURR_wrong,PREV_wrong__CURR_wrong,stable-diffusion-1-3,unknown,"Double JPEG (L1280, Q80->Q70, 4:2:0)",data/final_external_pool/final_test_degraded/ai_sb_stable-diffusion-1-3_153_r026b5360t_test_double_jpeg.jpg
ai_sb_midjourney-v5_142_r169c7350t_test_whatsapp_q75,AI,0.574707,1,0.102478,0,0.940918,1,PREV_wrong__CURR_correct,PREV_correct__CURR_correct,midjourney-v5,unknown,"WhatsApp-tier JPEG (L1280, Q75, 4:2:0)",data/final_external_pool/final_test_degraded/ai_sb_midjourney-v5_142_r169c7350t_test_whatsapp_q75.jpg
ai_sb_midjourney-v5_142_r169c7350t_test_resize_q80,AI,0.655273,1,0.125977,0,0.935059,1,PREV_wrong__CURR_correct,PREV_correct__CURR_correct,midjourney-v5,unknown,Resize (L1080) + JPEG Q80 (4:2:0),data/final_external_pool/final_test_degraded/ai_sb_midjourney-v5_142_r169c7350t_test_resize_q80.jpg
ai_sb_midjourney-v5_142_r169c7350t_test_double_jpeg,AI,0.280518,0,0.079041,0,0.934082,1,PREV_wrong__CURR_correct,PREV_wrong__CURR_correct,midjourney-v5,unknown,"Double JPEG (L1280, Q80->Q70, 4:2:0)",data/final_external_pool/final_test_degraded/ai_sb_midjourney-v5_142_r169c7350t_test_double_jpeg.jpg
ai_sb_dalle3_057_r1bdb6385t_test_whatsapp_q75,AI,0.946289,1,0.541016,1,0.997559,1,PREV_correct__CURR_correct,PREV_correct__CURR_correct,dalle3,unknown,"WhatsApp-tier JPEG (L1280, Q75, 4:2:0)",data/final_external_pool/final_test_degraded/ai_sb_dalle3_057_r1bdb6385t_test_whatsapp_q75.jpg
ai_sb_dalle3_057_r1bdb6385t_test_resize_q80,AI,0.953613,1,0.572754,1,0.998047,1,PREV_correct__CURR_correct,PREV_correct__CURR_correct,dalle3,unknown,Resize (L1080) + JPEG Q80 (4:2:0),data/final_external_pool/final_test_degraded/ai_sb_dalle3_057_r1bdb6385t_test_resize_q80.jpg
ai_sb_dalle3_057_r1bdb6385t_test_double_jpeg,AI,0.867676,1,0.469971,0,0.996582,1,PREV_wrong__CURR_correct,PREV_correct__CURR_correct,dalle3,unknown,"Double JPEG (L1280, Q80->Q70, 4:2:0)",data/final_external_pool/final_test_degraded/ai_sb_dalle3_057_r1bdb6385t_test_double_jpeg.jpg
real_raise_233_r1d679eaet_test_whatsapp_q75,Real,0.002398,0,0.002209,0,0.229492,0,PREV_correct__CURR_correct,PREV_correct__CURR_correct,camera,unknown,"WhatsApp-tier JPEG (L1280, Q75, 4:2:0)",data/final_external_pool/final_test_degraded/real_raise_233_r1d679eaet_test_whatsapp_q75.jpg
real_raise_233_r1d679eaet_test_resize_q80,Real,0.002602,0,0.002369,0,0.223877,0,PREV_correct__CURR_correct,PREV_correct__CURR_correct,camera,unknown,Resize (L1080) + JPEG Q80 (4:2:0),data/final_external_pool/final_test_degraded/real_raise_233_r1d679eaet_test_resize_q80.jpg
real_raise_233_r1d679eaet_test_double_jpeg,Real,0.001121,0,0.002834,0,0.205444,0,PREV_correct__CURR_correct,PREV_correct__CURR_correct,camera,unknown,"Double JPEG (L1280, Q80->Q70, 4:2:0)",data/final_external_pool/final_test_degraded/real_raise_233_r1d679eaet_test_double_jpeg.jpg
real_raise_249_r1f3e6681t_test_whatsapp_q75,Real,0.071838,0,0.006218,0,0.513672,1,PREV_correct__CURR_wrong,PREV_correct__CURR_wrong,camera,unknown,"WhatsApp-tier JPEG (L1280, Q75, 4:2:0)",data/final_external_pool/final_test_degraded/real_raise_249_r1f3e6681t_test_whatsapp_q75.jpg
real_raise_249_r1f3e6681t_test_resize_q80,Real,0.093994,0,0.006668,0,0.447021,0,PREV_correct__CURR_correct,PREV_correct__CURR_correct,camera,unknown,Resize (L1080) + JPEG Q80 (4:2:0),data/final_external_pool/final_test_degraded/real_raise_249_r1f3e6681t_test_resize_q80.jpg
real_raise_249_r1f3e6681t_test_double_jpeg,Real,0.013901,0,0.004383,0,0.387451,0,PREV_correct__CURR_correct,PREV_correct__CURR_correct,camera,unknown,"Double JPEG (L1280, Q80->Q70, 4:2:0)",data/final_external_pool/final_test_degraded/real_raise_249_r1f3e6681t_test_double_jpeg.jpg
ai_sb_stable-diffusion-2_240_r1e9082f9t_test_whatsapp_q75,AI,0.987793,1,0.896484,1,0.993652,1,PREV_correct__CURR_correct,PREV_correct__CURR_correct,stable-diffusion-2,unknown,"WhatsApp-tier JPEG (L1280, Q75, 4:2:0)",data/final_external_pool/final_test_degraded/ai_sb_stable-diffusion-2_240_r1e9082f9t_test_whatsapp_q75.jpg
ai_sb_stable-diffusion-2_240_r1e9082f9t_test_resize_q80,AI,0.989746,1,0.870605,1,0.993652,1,PREV_correct__CURR_correct,PREV_correct__CURR_correct,stable-diffusion-2,unknown,Resize (L1080) + JPEG Q80 (4:2:0),data/final_external_pool/final_test_degraded/ai_sb_stable-diffusion-2_240_r1e9082f9t_test_resize_q80.jpg
ai_sb_stable-diffusion-2_240_r1e9082f9t_test_double_jpeg,AI,0.985840,1,0.738281,1,0.990723,1,PREV_correct__CURR_correct,PREV_correct__CURR_correct,stable-diffusion-2,unknown,"Double JPEG (L1280, Q80->Q70, 4:2:0)",data/final_external_pool/final_test_degraded/ai_sb_stable-diffusion-2_240_r1e9082f9t_test_double_jpeg.jpg
real_raise_181_r17754c77t_test_whatsapp_q75,Real,0.038818,0,0.234619,0,0.538086,1,PREV_correct__CURR_wrong,PREV_correct__CURR_wrong,camera,unknown,"WhatsApp-tier JPEG (L1280, Q75, 4:2:0)",data/final_external_pool/final_test_degraded/real_raise_181_r17754c77t_test_whatsapp_q75.jpg
real_raise_181_r17754c77t_test_resize_q80,Real,0.017715,0,0.229248,0,0.528809,1,PREV_correct__CURR_wrong,PREV_correct__CURR_wrong,camera,unknown,Resize (L1080) + JPEG Q80 (4:2:0),data/final_external_pool/final_test_degraded/real_raise_181_r17754c77t_test_resize_q80.jpg
real_raise_181_r17754c77t_test_double_jpeg,Real,0.010208,0,0.179077,0,0.463623,0,PREV_correct__CURR_correct,PREV_correct__CURR_correct,camera,unknown,"Double JPEG (L1280, Q80->Q70, 4:2:0)",data/final_external_pool/final_test_degraded/real_raise_181_r17754c77t_test_double_jpeg.jpg
real_raise_supp_019_r098cf7aet_test_whatsapp_q75,Real,0.008415,0,0.004452,0,0.363525,0,PREV_correct__CURR_correct,PREV_correct__CURR_correct,camera,unknown,"WhatsApp-tier JPEG (L1280, Q75, 4:2:0)",data/final_external_pool/final_test_degraded/real_raise_supp_019_r098cf7aet_test_whatsapp_q75.jpg
real_raise_supp_019_r098cf7aet_test_resize_q80,Real,0.016281,0,0.004772,0,0.310059,0,PREV_correct__CURR_correct,PREV_correct__CURR_correct,camera,unknown,Resize (L1080) + JPEG Q80 (4:2:0),data/final_external_pool/final_test_degraded/real_raise_supp_019_r098cf7aet_test_resize_q80.jpg
real_raise_supp_019_r098cf7aet_test_double_jpeg,Real,0.001032,0,0.005344,0,0.348633,0,PREV_correct__CURR_correct,PREV_correct__CURR_correct,camera,unknown,"Double JPEG (L1280, Q80->Q70, 4:2:0)",data/final_external_pool/final_test_degraded/real_raise_supp_019_r098cf7aet_test_double_jpeg.jpg
real_raise_156_r140f3432t_test_whatsapp_q75,Real,0.000455,0,0.023285,0,0.274170,0,PREV_correct__CURR_correct,PREV_correct__CURR_correct,camera,unknown,"WhatsApp-tier JPEG (L1280, Q75, 4:2:0)",data/final_external_pool/final_test_degraded/real_raise_156_r140f3432t_test_whatsapp_q75.jpg
real_raise_156_r140f3432t_test_resize_q80,Real,0.000294,0,0.017181,0,0.213745,0,PREV_correct__CURR_correct,PREV_correct__CURR_correct,camera,unknown,Resize (L1080) + JPEG Q80 (4:2:0),data/final_external_pool/final_test_degraded/real_raise_156_r140f3432t_test_resize_q80.jpg
real_raise_156_r140f3432t_test_double_jpeg,Real,0.000075,0,0.021286,0,0.200439,0,PREV_correct__CURR_correct,PREV_correct__CURR_correct,camera,unknown,"Double JPEG (L1280, Q80->Q70, 4:2:0)",data/final_external_pool/final_test_degraded/real_raise_156_r140f3432t_test_double_jpeg.jpg
ai_sb_dalle3_051_r159d3942t_test_whatsapp_q75,AI,0.987305,1,0.991211,1,1.000000,1,PREV_correct__CURR_correct,PREV_correct__CURR_correct,dalle3,unknown,"WhatsApp-tier JPEG (L1280, Q75, 4:2:0)",data/final_external_pool/final_test_degraded/ai_sb_dalle3_051_r159d3942t_test_whatsapp_q75.jpg
ai_sb_dalle3_051_r159d3942t_test_resize_q80,AI,0.989746,1,0.991699,1,1.000000,1,PREV_correct__CURR_correct,PREV_correct__CURR_correct,dalle3,unknown,Resize (L1080) + JPEG Q80 (4:2:0),data/final_external_pool/final_test_degraded/ai_sb_dalle3_051_r159d3942t_test_resize_q80.jpg
ai_sb_dalle3_051_r159d3942t_test_double_jpeg,AI,0.966309,1,0.987305,1,0.999512,1,PREV_correct__CURR_correct,PREV_correct__CURR_correct,dalle3,unknown,"Double JPEG (L1280, Q80->Q70, 4:2:0)",data/final_external_pool/final_test_degraded/ai_sb_dalle3_051_r159d3942t_test_double_jpeg.jpg
real_raise_159_r145215fft_test_whatsapp_q75,Real,0.261230,0,0.000817,0,0.882812,1,PREV_correct__CURR_wrong,PREV_correct__CURR_wrong,camera,unknown,"WhatsApp-tier JPEG (L1280, Q75, 4:2:0)",data/final_external_pool/final_test_degraded/real_raise_159_r145215fft_test_whatsapp_q75.jpg
real_raise_159_r145215fft_test_resize_q80,Real,0.267578,0,0.000817,0,0.885254,1,PREV_correct__CURR_wrong,PREV_correct__CURR_wrong,camera,unknown,Resize (L1080) + JPEG Q80 (4:2:0),data/final_external_pool/final_test_degraded/real_raise_159_r145215fft_test_resize_q80.jpg
real_raise_159_r145215fft_test_double_jpeg,Real,0.207520,0,0.000853,0,0.879883,1,PREV_correct__CURR_wrong,PREV_correct__CURR_wrong,camera,unknown,"Double JPEG (L1280, Q80->Q70, 4:2:0)",data/final_external_pool/final_test_degraded/real_raise_159_r145215fft_test_double_jpeg.jpg
ai_sb_dalle2_002_r0150031ft_test_whatsapp_q75,AI,0.188599,0,0.089600,0,0.832520,1,PREV_wrong__CURR_correct,PREV_wrong__CURR_correct,dalle2,unknown,"WhatsApp-tier JPEG (L1280, Q75, 4:2:0)",data/final_external_pool/final_test_degraded/ai_sb_dalle2_002_r0150031ft_test_whatsapp_q75.jpg
ai_sb_dalle2_002_r0150031ft_test_resize_q80,AI,0.168213,0,0.098755,0,0.886230,1,PREV_wrong__CURR_correct,PREV_wrong__CURR_correct,dalle2,unknown,Resize (L1080) + JPEG Q80 (4:2:0),data/final_external_pool/final_test_degraded/ai_sb_dalle2_002_r0150031ft_test_resize_q80.jpg
ai_sb_dalle2_002_r0150031ft_test_double_jpeg,AI,0.082092,0,0.072876,0,0.825684,1,PREV_wrong__CURR_correct,PREV_wrong__CURR_correct,dalle2,unknown,"Double JPEG (L1280, Q80->Q70, 4:2:0)",data/final_external_pool/final_test_degraded/ai_sb_dalle2_002_r0150031ft_test_double_jpeg.jpg
real_raise_038_r04cfa379t_test_whatsapp_q75,Real,0.049500,0,0.090576,0,0.649902,1,PREV_correct__CURR_wrong,PREV_correct__CURR_wrong,camera,unknown,"WhatsApp-tier JPEG (L1280, Q75, 4:2:0)",data/final_external_pool/final_test_degraded/real_raise_038_r04cfa379t_test_whatsapp_q75.jpg
real_raise_038_r04cfa379t_test_resize_q80,Real,0.078491,0,0.117554,0,0.670410,1,PREV_correct__CURR_wrong,PREV_correct__CURR_wrong,camera,unknown,Resize (L1080) + JPEG Q80 (4:2:0),data/final_external_pool/final_test_degraded/real_raise_038_r04cfa379t_test_resize_q80.jpg
real_raise_038_r04cfa379t_test_double_jpeg,Real,0.011421,0,0.060211,0,0.575195,1,PREV_correct__CURR_wrong,PREV_correct__CURR_wrong,camera,unknown,"Double JPEG (L1280, Q80->Q70, 4:2:0)",data/final_external_pool/final_test_degraded/real_raise_038_r04cfa379t_test_double_jpeg.jpg
ai_sb_stable-diffusion-1-3_157_r06743f8ft_test_whatsapp_q75,AI,0.473877,0,0.711426,1,0.953613,1,PREV_correct__CURR_correct,PREV_wrong__CURR_correct,stable-diffusion-1-3,unknown,"WhatsApp-tier JPEG (L1280, Q75, 4:2:0)",data/final_external_pool/final_test_degraded/ai_sb_stable-diffusion-1-3_157_r06743f8ft_test_whatsapp_q75.jpg
ai_sb_stable-diffusion-1-3_157_r06743f8ft_test_resize_q80,AI,0.626953,1,0.663574,1,0.961914,1,PREV_correct__CURR_correct,PREV_correct__CURR_correct,stable-diffusion-1-3,unknown,Resize (L1080) + JPEG Q80 (4:2:0),data/final_external_pool/final_test_degraded/ai_sb_stable-diffusion-1-3_157_r06743f8ft_test_resize_q80.jpg
ai_sb_stable-diffusion-1-3_157_r06743f8ft_test_double_jpeg,AI,0.325928,0,0.636230,1,0.876953,1,PREV_correct__CURR_correct,PREV_wrong__CURR_correct,stable-diffusion-1-3,unknown,"Double JPEG (L1280, Q80->Q70, 4:2:0)",data/final_external_pool/final_test_degraded/ai_sb_stable-diffusion-1-3_157_r06743f8ft_test_double_jpeg.jpg
ai_sb_supp_glide_010_r001d260dt_test_whatsapp_q75,AI,0.422607,0,0.831055,1,0.994141,1,PREV_correct__CURR_correct,PREV_wrong__CURR_correct,glide,unknown,"WhatsApp-tier JPEG (L1280, Q75, 4:2:0)",data/final_external_pool/final_test_degraded/ai_sb_supp_glide_010_r001d260dt_test_whatsapp_q75.jpg
ai_sb_supp_glide_010_r001d260dt_test_resize_q80,AI,0.752441,1,0.811523,1,0.995117,1,PREV_correct__CURR_correct,PREV_correct__CURR_correct,glide,unknown,Resize (L1080) + JPEG Q80 (4:2:0),data/final_external_pool/final_test_degraded/ai_sb_supp_glide_010_r001d260dt_test_resize_q80.jpg
ai_sb_supp_glide_010_r001d260dt_test_double_jpeg,AI,0.120850,0,0.824707,1,0.986328,1,PREV_correct__CURR_correct,PREV_wrong__CURR_correct,glide,unknown,"Double JPEG (L1280, Q80->Q70, 4:2:0)",data/final_external_pool/final_test_degraded/ai_sb_supp_glide_010_r001d260dt_test_double_jpeg.jpg
ai_sb_midjourney-v5_127_r06743f8ft_test_whatsapp_q75,AI,0.963379,1,0.968262,1,0.978027,1,PREV_correct__CURR_correct,PREV_correct__CURR_correct,midjourney-v5,unknown,"WhatsApp-tier JPEG (L1280, Q75, 4:2:0)",data/final_external_pool/final_test_degraded/ai_sb_midjourney-v5_127_r06743f8ft_test_whatsapp_q75.jpg
ai_sb_midjourney-v5_127_r06743f8ft_test_resize_q80,AI,0.979492,1,0.960449,1,0.974609,1,PREV_correct__CURR_correct,PREV_correct__CURR_correct,midjourney-v5,unknown,Resize (L1080) + JPEG Q80 (4:2:0),data/final_external_pool/final_test_degraded/ai_sb_midjourney-v5_127_r06743f8ft_test_resize_q80.jpg
ai_sb_midjourney-v5_127_r06743f8ft_test_double_jpeg,AI,0.902344,1,0.976074,1,0.971191,1,PREV_correct__CURR_correct,PREV_correct__CURR_correct,midjourney-v5,unknown,"Double JPEG (L1280, Q80->Q70, 4:2:0)",data/final_external_pool/final_test_degraded/ai_sb_midjourney-v5_127_r06743f8ft_test_double_jpeg.jpg
ai_sb_dalle2_021_r159d3942t_test_whatsapp_q75,AI,0.008415,0,0.068909,0,0.764648,1,PREV_wrong__CURR_correct,PREV_wrong__CURR_correct,dalle2,unknown,"WhatsApp-tier JPEG (L1280, Q75, 4:2:0)",data/final_external_pool/final_test_degraded/ai_sb_dalle2_021_r159d3942t_test_whatsapp_q75.jpg
ai_sb_dalle2_021_r159d3942t_test_resize_q80,AI,0.012970,0,0.049408,0,0.776367,1,PREV_wrong__CURR_correct,PREV_wrong__CURR_correct,dalle2,unknown,Resize (L1080) + JPEG Q80 (4:2:0),data/final_external_pool/final_test_degraded/ai_sb_dalle2_021_r159d3942t_test_resize_q80.jpg
ai_sb_dalle2_021_r159d3942t_test_double_jpeg,AI,0.004150,0,0.058228,0,0.738281,1,PREV_wrong__CURR_correct,PREV_wrong__CURR_correct,dalle2,unknown,"Double JPEG (L1280, Q80->Q70, 4:2:0)",data/final_external_pool/final_test_degraded/ai_sb_dalle2_021_r159d3942t_test_double_jpeg.jpg
real_raise_229_r1ceba29dt_test_whatsapp_q75,Real,0.068176,0,0.006264,0,0.625000,1,PREV_correct__CURR_wrong,PREV_correct__CURR_wrong,camera,unknown,"WhatsApp-tier JPEG (L1280, Q75, 4:2:0)",data/final_external_pool/final_test_degraded/real_raise_229_r1ceba29dt_test_whatsapp_q75.jpg
real_raise_229_r1ceba29dt_test_resize_q80,Real,0.054291,0,0.006218,0,0.592773,1,PREV_correct__CURR_wrong,PREV_correct__CURR_wrong,camera,unknown,Resize (L1080) + JPEG Q80 (4:2:0),data/final_external_pool/final_test_degraded/real_raise_229_r1ceba29dt_test_resize_q80.jpg
real_raise_229_r1ceba29dt_test_double_jpeg,Real,0.041473,0,0.005344,0,0.617188,1,PREV_correct__CURR_wrong,PREV_correct__CURR_wrong,camera,unknown,"Double JPEG (L1280, Q80->Q70, 4:2:0)",data/final_external_pool/final_test_degraded/real_raise_229_r1ceba29dt_test_double_jpeg.jpg
ai_sb_glide_095_r045be2act_test_whatsapp_q75,AI,0.210571,0,0.166992,0,0.846191,1,PREV_wrong__CURR_correct,PREV_wrong__CURR_correct,glide,unknown,"WhatsApp-tier JPEG (L1280, Q75, 4:2:0)",data/final_external_pool/final_test_degraded/ai_sb_glide_095_r045be2act_test_whatsapp_q75.jpg
ai_sb_glide_095_r045be2act_test_resize_q80,AI,0.643066,1,0.056335,0,0.915527,1,PREV_wrong__CURR_correct,PREV_correct__CURR_correct,glide,unknown,Resize (L1080) + JPEG Q80 (4:2:0),data/final_external_pool/final_test_degraded/ai_sb_glide_095_r045be2act_test_resize_q80.jpg
ai_sb_glide_095_r045be2act_test_double_jpeg,AI,0.003551,0,0.058563,0,0.731934,1,PREV_wrong__CURR_correct,PREV_wrong__CURR_correct,glide,unknown,"Double JPEG (L1280, Q80->Q70, 4:2:0)",data/final_external_pool/final_test_degraded/ai_sb_glide_095_r045be2act_test_double_jpeg.jpg
ai_sb_stable-diffusion-1-3_169_r138ad247t_test_whatsapp_q75,AI,0.045959,0,0.028702,0,0.500488,1,PREV_wrong__CURR_correct,PREV_wrong__CURR_correct,stable-diffusion-1-3,unknown,"WhatsApp-tier JPEG (L1280, Q75, 4:2:0)",data/final_external_pool/final_test_degraded/ai_sb_stable-diffusion-1-3_169_r138ad247t_test_whatsapp_q75.jpg
ai_sb_stable-diffusion-1-3_169_r138ad247t_test_resize_q80,AI,0.038116,0,0.026459,0,0.482910,0,PREV_wrong__CURR_wrong,PREV_wrong__CURR_wrong,stable-diffusion-1-3,unknown,Resize (L1080) + JPEG Q80 (4:2:0),data/final_external_pool/final_test_degraded/ai_sb_stable-diffusion-1-3_169_r138ad247t_test_resize_q80.jpg
ai_sb_stable-diffusion-1-3_169_r138ad247t_test_double_jpeg,AI,0.007607,0,0.074341,0,0.170410,0,PREV_wrong__CURR_wrong,PREV_wrong__CURR_wrong,stable-diffusion-1-3,unknown,"Double JPEG (L1280, Q80->Q70, 4:2:0)",data/final_external_pool/final_test_degraded/ai_sb_stable-diffusion-1-3_169_r138ad247t_test_double_jpeg.jpg
real_raise_093_r0b841e5at_test_whatsapp_q75,Real,0.833008,1,0.304932,0,0.908203,1,PREV_correct__CURR_wrong,PREV_wrong__CURR_wrong,camera,unknown,"WhatsApp-tier JPEG (L1280, Q75, 4:2:0)",data/final_external_pool/final_test_degraded/real_raise_093_r0b841e5at_test_whatsapp_q75.jpg
real_raise_093_r0b841e5at_test_resize_q80,Real,0.757812,1,0.354736,0,0.912598,1,PREV_correct__CURR_wrong,PREV_wrong__CURR_wrong,camera,unknown,Resize (L1080) + JPEG Q80 (4:2:0),data/final_external_pool/final_test_degraded/real_raise_093_r0b841e5at_test_resize_q80.jpg
real_raise_093_r0b841e5at_test_double_jpeg,Real,0.676758,1,0.284668,0,0.906250,1,PREV_correct__CURR_wrong,PREV_wrong__CURR_wrong,camera,unknown,"Double JPEG (L1280, Q80->Q70, 4:2:0)",data/final_external_pool/final_test_degraded/real_raise_093_r0b841e5at_test_double_jpeg.jpg
ai_sb_stable-diffusion-2_216_r056f233bt_test_whatsapp_q75,AI,0.226562,0,0.291992,0,0.588379,1,PREV_wrong__CURR_correct,PREV_wrong__CURR_correct,stable-diffusion-2,unknown,"WhatsApp-tier JPEG (L1280, Q75, 4:2:0)",data/final_external_pool/final_test_degraded/ai_sb_stable-diffusion-2_216_r056f233bt_test_whatsapp_q75.jpg
ai_sb_stable-diffusion-2_216_r056f233bt_test_resize_q80,AI,0.235840,0,0.454346,0,0.561523,1,PREV_wrong__CURR_correct,PREV_wrong__CURR_correct,stable-diffusion-2,unknown,Resize (L1080) + JPEG Q80 (4:2:0),data/final_external_pool/final_test_degraded/ai_sb_stable-diffusion-2_216_r056f233bt_test_resize_q80.jpg
ai_sb_stable-diffusion-2_216_r056f233bt_test_double_jpeg,AI,0.140625,0,0.281494,0,0.559570,1,PREV_wrong__CURR_correct,PREV_wrong__CURR_correct,stable-diffusion-2,unknown,"Double JPEG (L1280, Q80->Q70, 4:2:0)",data/final_external_pool/final_test_degraded/ai_sb_stable-diffusion-2_216_r056f233bt_test_double_jpeg.jpg
real_raise_119_r0f8e5907t_test_whatsapp_q75,Real,0.427734,0,0.006668,0,0.888184,1,PREV_correct__CURR_wrong,PREV_correct__CURR_wrong,camera,unknown,"WhatsApp-tier JPEG (L1280, Q75, 4:2:0)",data/final_external_pool/final_test_degraded/real_raise_119_r0f8e5907t_test_whatsapp_q75.jpg
real_raise_119_r0f8e5907t_test_resize_q80,Real,0.412842,0,0.007149,0,0.881348,1,PREV_correct__CURR_wrong,PREV_correct__CURR_wrong,camera,unknown,Resize (L1080) + JPEG Q80 (4:2:0),data/final_external_pool/final_test_degraded/real_raise_119_r0f8e5907t_test_resize_q80.jpg
real_raise_119_r0f8e5907t_test_double_jpeg,Real,0.099121,0,0.007233,0,0.839355,1,PREV_correct__CURR_wrong,PREV_correct__CURR_wrong,camera,unknown,"Double JPEG (L1280, Q80->Q70, 4:2:0)",data/final_external_pool/final_test_degraded/real_raise_119_r0f8e5907t_test_double_jpeg.jpg
ai_sb_dalle2_018_r1297fd0bt_test_whatsapp_q75,AI,0.229248,0,0.001611,0,0.842773,1,PREV_wrong__CURR_correct,PREV_wrong__CURR_correct,dalle2,unknown,"WhatsApp-tier JPEG (L1280, Q75, 4:2:0)",data/final_external_pool/final_test_degraded/ai_sb_dalle2_018_r1297fd0bt_test_whatsapp_q75.jpg
ai_sb_dalle2_018_r1297fd0bt_test_resize_q80,AI,0.270264,0,0.001206,0,0.867676,1,PREV_wrong__CURR_correct,PREV_wrong__CURR_correct,dalle2,unknown,Resize (L1080) + JPEG Q80 (4:2:0),data/final_external_pool/final_test_degraded/ai_sb_dalle2_018_r1297fd0bt_test_resize_q80.jpg
ai_sb_dalle2_018_r1297fd0bt_test_double_jpeg,AI,0.045013,0,0.001245,0,0.761230,1,PREV_wrong__CURR_correct,PREV_wrong__CURR_correct,dalle2,unknown,"Double JPEG (L1280, Q80->Q70, 4:2:0)",data/final_external_pool/final_test_degraded/ai_sb_dalle2_018_r1297fd0bt_test_double_jpeg.jpg
real_raise_096_r0bf7f938t_test_whatsapp_q75,Real,0.025467,0,0.013588,0,0.946777,1,PREV_correct__CURR_wrong,PREV_correct__CURR_wrong,camera,unknown,"WhatsApp-tier JPEG (L1280, Q75, 4:2:0)",data/final_external_pool/final_test_degraded/real_raise_096_r0bf7f938t_test_whatsapp_q75.jpg
real_raise_096_r0bf7f938t_test_resize_q80,Real,0.032654,0,0.012238,0,0.953613,1,PREV_correct__CURR_wrong,PREV_correct__CURR_wrong,camera,unknown,Resize (L1080) + JPEG Q80 (4:2:0),data/final_external_pool/final_test_degraded/real_raise_096_r0bf7f938t_test_resize_q80.jpg
real_raise_096_r0bf7f938t_test_double_jpeg,Real,0.019791,0,0.009895,0,0.948242,1,PREV_correct__CURR_wrong,PREV_correct__CURR_wrong,camera,unknown,"Double JPEG (L1280, Q80->Q70, 4:2:0)",data/final_external_pool/final_test_degraded/real_raise_096_r0bf7f938t_test_double_jpeg.jpg
ai_sb_supp_stable-diffusion-1-4_021_r00444b95t_test_whatsapp_q75,AI,0.991211,1,0.024277,0,0.805176,1,PREV_wrong__CURR_correct,PREV_correct__CURR_correct,stable-diffusion-1-4,unknown,"WhatsApp-tier JPEG (L1280, Q75, 4:2:0)",data/final_external_pool/final_test_degraded/ai_sb_supp_stable-diffusion-1-4_021_r00444b95t_test_whatsapp_q75.jpg
ai_sb_supp_stable-diffusion-1-4_021_r00444b95t_test_resize_q80,AI,0.987793,1,0.028214,0,0.748535,1,PREV_wrong__CURR_correct,PREV_correct__CURR_correct,stable-diffusion-1-4,unknown,Resize (L1080) + JPEG Q80 (4:2:0),data/final_external_pool/final_test_degraded/ai_sb_supp_stable-diffusion-1-4_021_r00444b95t_test_resize_q80.jpg
ai_sb_supp_stable-diffusion-1-4_021_r00444b95t_test_double_jpeg,AI,0.733398,1,0.035339,0,0.377686,0,PREV_wrong__CURR_wrong,PREV_correct__CURR_wrong,stable-diffusion-1-4,unknown,"Double JPEG (L1280, Q80->Q70, 4:2:0)",data/final_external_pool/final_test_degraded/ai_sb_supp_stable-diffusion-1-4_021_r00444b95t_test_double_jpeg.jpg
real_raise_213_r1b4e82c4t_test_whatsapp_q75,Real,0.928711,1,0.115540,0,0.909668,1,PREV_correct__CURR_wrong,PREV_wrong__CURR_wrong,camera,unknown,"WhatsApp-tier JPEG (L1280, Q75, 4:2:0)",data/final_external_pool/final_test_degraded/real_raise_213_r1b4e82c4t_test_whatsapp_q75.jpg
real_raise_213_r1b4e82c4t_test_resize_q80,Real,0.925781,1,0.119324,0,0.912109,1,PREV_correct__CURR_wrong,PREV_wrong__CURR_wrong,camera,unknown,Resize (L1080) + JPEG Q80 (4:2:0),data/final_external_pool/final_test_degraded/real_raise_213_r1b4e82c4t_test_resize_q80.jpg
real_raise_213_r1b4e82c4t_test_double_jpeg,Real,0.750000,1,0.045441,0,0.831543,1,PREV_correct__CURR_wrong,PREV_wrong__CURR_wrong,camera,unknown,"Double JPEG (L1280, Q80->Q70, 4:2:0)",data/final_external_pool/final_test_degraded/real_raise_213_r1b4e82c4t_test_double_jpeg.jpg
ai_sb_stable-diffusion-1-4_196_r102b4aa4t_test_whatsapp_q75,AI,0.972656,1,0.176392,0,0.994629,1,PREV_wrong__CURR_correct,PREV_correct__CURR_correct,stable-diffusion-1-4,unknown,"WhatsApp-tier JPEG (L1280, Q75, 4:2:0)",data/final_external_pool/final_test_degraded/ai_sb_stable-diffusion-1-4_196_r102b4aa4t_test_whatsapp_q75.jpg
ai_sb_stable-diffusion-1-4_196_r102b4aa4t_test_resize_q80,AI,0.975098,1,0.140625,0,0.993652,1,PREV_wrong__CURR_correct,PREV_correct__CURR_correct,stable-diffusion-1-4,unknown,Resize (L1080) + JPEG Q80 (4:2:0),data/final_external_pool/final_test_degraded/ai_sb_stable-diffusion-1-4_196_r102b4aa4t_test_resize_q80.jpg
ai_sb_stable-diffusion-1-4_196_r102b4aa4t_test_double_jpeg,AI,0.939453,1,0.122009,0,0.962402,1,PREV_wrong__CURR_correct,PREV_correct__CURR_correct,stable-diffusion-1-4,unknown,"Double JPEG (L1280, Q80->Q70, 4:2:0)",data/final_external_pool/final_test_degraded/ai_sb_stable-diffusion-1-4_196_r102b4aa4t_test_double_jpeg.jpg
ai_sb_dalle2_026_r1ad2de34t_test_whatsapp_q75,AI,0.050323,0,0.000966,0,0.342285,0,PREV_wrong__CURR_wrong,PREV_wrong__CURR_wrong,dalle2,unknown,"WhatsApp-tier JPEG (L1280, Q75, 4:2:0)",data/final_external_pool/final_test_degraded/ai_sb_dalle2_026_r1ad2de34t_test_whatsapp_q75.jpg
ai_sb_dalle2_026_r1ad2de34t_test_resize_q80,AI,0.120117,0,0.000704,0,0.365234,0,PREV_wrong__CURR_wrong,PREV_wrong__CURR_wrong,dalle2,unknown,Resize (L1080) + JPEG Q80 (4:2:0),data/final_external_pool/final_test_degraded/ai_sb_dalle2_026_r1ad2de34t_test_resize_q80.jpg
ai_sb_dalle2_026_r1ad2de34t_test_double_jpeg,AI,0.022980,0,0.000462,0,0.168823,0,PREV_wrong__CURR_wrong,PREV_wrong__CURR_wrong,dalle2,unknown,"Double JPEG (L1280, Q80->Q70, 4:2:0)",data/final_external_pool/final_test_degraded/ai_sb_dalle2_026_r1ad2de34t_test_double_jpeg.jpg
real_raise_091_r0b61ed37t_test_whatsapp_q75,Real,0.001225,0,0.026154,0,0.532227,1,PREV_correct__CURR_wrong,PREV_correct__CURR_wrong,camera,unknown,"WhatsApp-tier JPEG (L1280, Q75, 4:2:0)",data/final_external_pool/final_test_degraded/real_raise_091_r0b61ed37t_test_whatsapp_q75.jpg
real_raise_091_r0b61ed37t_test_resize_q80,Real,0.003136,0,0.017578,0,0.530273,1,PREV_correct__CURR_wrong,PREV_correct__CURR_wrong,camera,unknown,Resize (L1080) + JPEG Q80 (4:2:0),data/final_external_pool/final_test_degraded/real_raise_091_r0b61ed37t_test_resize_q80.jpg
real_raise_091_r0b61ed37t_test_double_jpeg,Real,0.000285,0,0.026611,0,0.430908,0,PREV_correct__CURR_correct,PREV_correct__CURR_correct,camera,unknown,"Double JPEG (L1280, Q80->Q70, 4:2:0)",data/final_external_pool/final_test_degraded/real_raise_091_r0b61ed37t_test_double_jpeg.jpg
ai_sb_stable-diffusion-1-4_190_r09a60f63t_test_whatsapp_q75,AI,0.919922,1,0.861816,1,0.983398,1,PREV_correct__CURR_correct,PREV_correct__CURR_correct,stable-diffusion-1-4,unknown,"WhatsApp-tier JPEG (L1280, Q75, 4:2:0)",data/final_external_pool/final_test_degraded/ai_sb_stable-diffusion-1-4_190_r09a60f63t_test_whatsapp_q75.jpg
ai_sb_stable-diffusion-1-4_190_r09a60f63t_test_resize_q80,AI,0.912598,1,0.891113,1,0.981445,1,PREV_correct__CURR_correct,PREV_correct__CURR_correct,stable-diffusion-1-4,unknown,Resize (L1080) + JPEG Q80 (4:2:0),data/final_external_pool/final_test_degraded/ai_sb_stable-diffusion-1-4_190_r09a60f63t_test_resize_q80.jpg
ai_sb_stable-diffusion-1-4_190_r09a60f63t_test_double_jpeg,AI,0.744141,1,0.877930,1,0.967773,1,PREV_correct__CURR_correct,PREV_correct__CURR_correct,stable-diffusion-1-4,unknown,"Double JPEG (L1280, Q80->Q70, 4:2:0)",data/final_external_pool/final_test_degraded/ai_sb_stable-diffusion-1-4_190_r09a60f63t_test_double_jpeg.jpg
ai_sb_firefly_067_r06743f8ft_test_whatsapp_q75,AI,0.569336,1,0.598145,1,0.857422,1,PREV_correct__CURR_correct,PREV_correct__CURR_correct,firefly,unknown,"WhatsApp-tier JPEG (L1280, Q75, 4:2:0)",data/final_external_pool/final_test_degraded/ai_sb_firefly_067_r06743f8ft_test_whatsapp_q75.jpg
ai_sb_firefly_067_r06743f8ft_test_resize_q80,AI,0.527344,1,0.561523,1,0.860352,1,PREV_correct__CURR_correct,PREV_correct__CURR_correct,firefly,unknown,Resize (L1080) + JPEG Q80 (4:2:0),data/final_external_pool/final_test_degraded/ai_sb_firefly_067_r06743f8ft_test_resize_q80.jpg
ai_sb_firefly_067_r06743f8ft_test_double_jpeg,AI,0.466553,0,0.546875,1,0.842773,1,PREV_correct__CURR_correct,PREV_wrong__CURR_correct,firefly,unknown,"Double JPEG (L1280, Q80->Q70, 4:2:0)",data/final_external_pool/final_test_degraded/ai_sb_firefly_067_r06743f8ft_test_double_jpeg.jpg
real_raise_069_r08b12799t_test_whatsapp_q75,Real,0.103943,0,0.002472,0,0.816406,1,PREV_correct__CURR_wrong,PREV_correct__CURR_wrong,camera,unknown,"WhatsApp-tier JPEG (L1280, Q75, 4:2:0)",data/final_external_pool/final_test_degraded/real_raise_069_r08b12799t_test_whatsapp_q75.jpg
real_raise_069_r08b12799t_test_resize_q80,Real,0.113403,0,0.002462,0,0.813477,1,PREV_correct__CURR_wrong,PREV_correct__CURR_wrong,camera,unknown,Resize (L1080) + JPEG Q80 (4:2:0),data/final_external_pool/final_test_degraded/real_raise_069_r08b12799t_test_resize_q80.jpg
real_raise_069_r08b12799t_test_double_jpeg,Real,0.059113,0,0.002672,0,0.730957,1,PREV_correct__CURR_wrong,PREV_correct__CURR_wrong,camera,unknown,"Double JPEG (L1280, Q80->Q70, 4:2:0)",data/final_external_pool/final_test_degraded/real_raise_069_r08b12799t_test_double_jpeg.jpg
ai_sb_midjourney-v5_149_r1d9a31fct_test_whatsapp_q75,AI,0.018692,0,0.116943,0,0.481201,0,PREV_wrong__CURR_wrong,PREV_wrong__CURR_wrong,midjourney-v5,unknown,"WhatsApp-tier JPEG (L1280, Q75, 4:2:0)",data/final_external_pool/final_test_degraded/ai_sb_midjourney-v5_149_r1d9a31fct_test_whatsapp_q75.jpg
ai_sb_midjourney-v5_149_r1d9a31fct_test_resize_q80,AI,0.017441,0,0.093994,0,0.470215,0,PREV_wrong__CURR_wrong,PREV_wrong__CURR_wrong,midjourney-v5,unknown,Resize (L1080) + JPEG Q80 (4:2:0),data/final_external_pool/final_test_degraded/ai_sb_midjourney-v5_149_r1d9a31fct_test_resize_q80.jpg
ai_sb_midjourney-v5_149_r1d9a31fct_test_double_jpeg,AI,0.012383,0,0.083618,0,0.469482,0,PREV_wrong__CURR_wrong,PREV_wrong__CURR_wrong,midjourney-v5,unknown,"Double JPEG (L1280, Q80->Q70, 4:2:0)",data/final_external_pool/final_test_degraded/ai_sb_midjourney-v5_149_r1d9a31fct_test_double_jpeg.jpg
ai_sb_glide_102_r0b7b1156t_test_whatsapp_q75,AI,0.517090,1,0.799805,1,0.716797,1,PREV_correct__CURR_correct,PREV_correct__CURR_correct,glide,unknown,"WhatsApp-tier JPEG (L1280, Q75, 4:2:0)",data/final_external_pool/final_test_degraded/ai_sb_glide_102_r0b7b1156t_test_whatsapp_q75.jpg
ai_sb_glide_102_r0b7b1156t_test_resize_q80,AI,0.556152,1,0.727539,1,0.681152,1,PREV_correct__CURR_correct,PREV_correct__CURR_correct,glide,unknown,Resize (L1080) + JPEG Q80 (4:2:0),data/final_external_pool/final_test_degraded/ai_sb_glide_102_r0b7b1156t_test_resize_q80.jpg
ai_sb_glide_102_r0b7b1156t_test_double_jpeg,AI,0.254150,0,0.613281,1,0.595215,1,PREV_correct__CURR_correct,PREV_wrong__CURR_correct,glide,unknown,"Double JPEG (L1280, Q80->Q70, 4:2:0)",data/final_external_pool/final_test_degraded/ai_sb_glide_102_r0b7b1156t_test_double_jpeg.jpg
ai_sb_glide_108_r1297fd0bt_test_whatsapp_q75,AI,0.569336,1,0.195923,0,0.624512,1,PREV_wrong__CURR_correct,PREV_correct__CURR_correct,glide,unknown,"WhatsApp-tier JPEG (L1280, Q75, 4:2:0)",data/final_external_pool/final_test_degraded/ai_sb_glide_108_r1297fd0bt_test_whatsapp_q75.jpg
ai_sb_glide_108_r1297fd0bt_test_resize_q80,AI,0.643066,1,0.148071,0,0.576660,1,PREV_wrong__CURR_correct,PREV_correct__CURR_correct,glide,unknown,Resize (L1080) + JPEG Q80 (4:2:0),data/final_external_pool/final_test_degraded/ai_sb_glide_108_r1297fd0bt_test_resize_q80.jpg
ai_sb_glide_108_r1297fd0bt_test_double_jpeg,AI,0.355469,0,0.072266,0,0.562988,1,PREV_wrong__CURR_correct,PREV_wrong__CURR_correct,glide,unknown,"Double JPEG (L1280, Q80->Q70, 4:2:0)",data/final_external_pool/final_test_degraded/ai_sb_glide_108_r1297fd0bt_test_double_jpeg.jpg
ai_sb_stable-diffusion-2_233_r17fe8532t_test_whatsapp_q75,AI,0.001649,0,0.565918,1,0.863281,1,PREV_correct__CURR_correct,PREV_wrong__CURR_correct,stable-diffusion-2,unknown,"WhatsApp-tier JPEG (L1280, Q75, 4:2:0)",data/final_external_pool/final_test_degraded/ai_sb_stable-diffusion-2_233_r17fe8532t_test_whatsapp_q75.jpg
ai_sb_stable-diffusion-2_233_r17fe8532t_test_resize_q80,AI,0.000947,0,0.545410,1,0.915527,1,PREV_correct__CURR_correct,PREV_wrong__CURR_correct,stable-diffusion-2,unknown,Resize (L1080) + JPEG Q80 (4:2:0),data/final_external_pool/final_test_degraded/ai_sb_stable-diffusion-2_233_r17fe8532t_test_resize_q80.jpg
ai_sb_stable-diffusion-2_233_r17fe8532t_test_double_jpeg,AI,0.000701,0,0.787109,1,0.848145,1,PREV_correct__CURR_correct,PREV_wrong__CURR_correct,stable-diffusion-2,unknown,"Double JPEG (L1280, Q80->Q70, 4:2:0)",data/final_external_pool/final_test_degraded/ai_sb_stable-diffusion-2_233_r17fe8532t_test_double_jpeg.jpg
ai_sb_stable-diffusion-2_224_r0e7b407bt_test_whatsapp_q75,AI,0.852051,1,0.163940,0,0.855469,1,PREV_wrong__CURR_correct,PREV_correct__CURR_correct,stable-diffusion-2,unknown,"WhatsApp-tier JPEG (L1280, Q75, 4:2:0)",data/final_external_pool/final_test_degraded/ai_sb_stable-diffusion-2_224_r0e7b407bt_test_whatsapp_q75.jpg
ai_sb_stable-diffusion-2_224_r0e7b407bt_test_resize_q80,AI,0.856445,1,0.166382,0,0.850586,1,PREV_wrong__CURR_correct,PREV_correct__CURR_correct,stable-diffusion-2,unknown,Resize (L1080) + JPEG Q80 (4:2:0),data/final_external_pool/final_test_degraded/ai_sb_stable-diffusion-2_224_r0e7b407bt_test_resize_q80.jpg
ai_sb_stable-diffusion-2_224_r0e7b407bt_test_double_jpeg,AI,0.856934,1,0.197388,0,0.867188,1,PREV_wrong__CURR_correct,PREV_correct__CURR_correct,stable-diffusion-2,unknown,"Double JPEG (L1280, Q80->Q70, 4:2:0)",data/final_external_pool/final_test_degraded/ai_sb_stable-diffusion-2_224_r0e7b407bt_test_double_jpeg.jpg
real_raise_supp_043_r16ea6386t_test_whatsapp_q75,Real,0.047424,0,0.002726,0,0.805664,1,PREV_correct__CURR_wrong,PREV_correct__CURR_wrong,camera,unknown,"WhatsApp-tier JPEG (L1280, Q75, 4:2:0)",data/final_external_pool/final_test_degraded/real_raise_supp_043_r16ea6386t_test_whatsapp_q75.jpg
real_raise_supp_043_r16ea6386t_test_resize_q80,Real,0.051941,0,0.002531,0,0.771484,1,PREV_correct__CURR_wrong,PREV_correct__CURR_wrong,camera,unknown,Resize (L1080) + JPEG Q80 (4:2:0),data/final_external_pool/final_test_degraded/real_raise_supp_043_r16ea6386t_test_resize_q80.jpg
real_raise_supp_043_r16ea6386t_test_double_jpeg,Real,0.051849,0,0.002472,0,0.776855,1,PREV_correct__CURR_wrong,PREV_correct__CURR_wrong,camera,unknown,"Double JPEG (L1280, Q80->Q70, 4:2:0)",data/final_external_pool/final_test_degraded/real_raise_supp_043_r16ea6386t_test_double_jpeg.jpg
real_raise_140_r125f6e84t_test_whatsapp_q75,Real,0.002108,0,0.000682,0,0.052429,0,PREV_correct__CURR_correct,PREV_correct__CURR_correct,camera,unknown,"WhatsApp-tier JPEG (L1280, Q75, 4:2:0)",data/final_external_pool/final_test_degraded/real_raise_140_r125f6e84t_test_whatsapp_q75.jpg
real_raise_140_r125f6e84t_test_resize_q80,Real,0.001965,0,0.000776,0,0.045776,0,PREV_correct__CURR_correct,PREV_correct__CURR_correct,camera,unknown,Resize (L1080) + JPEG Q80 (4:2:0),data/final_external_pool/final_test_degraded/real_raise_140_r125f6e84t_test_resize_q80.jpg
real_raise_140_r125f6e84t_test_double_jpeg,Real,0.001629,0,0.000586,0,0.046021,0,PREV_correct__CURR_correct,PREV_correct__CURR_correct,camera,unknown,"Double JPEG (L1280, Q80->Q70, 4:2:0)",data/final_external_pool/final_test_degraded/real_raise_140_r125f6e84t_test_double_jpeg.jpg
real_raise_137_r11c4de0et_test_whatsapp_q75,Real,0.000955,0,0.006050,0,0.030670,0,PREV_correct__CURR_correct,PREV_correct__CURR_correct,camera,unknown,"WhatsApp-tier JPEG (L1280, Q75, 4:2:0)",data/final_external_pool/final_test_degraded/real_raise_137_r11c4de0et_test_whatsapp_q75.jpg
real_raise_137_r11c4de0et_test_resize_q80,Real,0.001260,0,0.008064,0,0.029373,0,PREV_correct__CURR_correct,PREV_correct__CURR_correct,camera,unknown,Resize (L1080) + JPEG Q80 (4:2:0),data/final_external_pool/final_test_degraded/real_raise_137_r11c4de0et_test_resize_q80.jpg
real_raise_137_r11c4de0et_test_double_jpeg,Real,0.000826,0,0.006512,0,0.019638,0,PREV_correct__CURR_correct,PREV_correct__CURR_correct,camera,unknown,"Double JPEG (L1280, Q80->Q70, 4:2:0)",data/final_external_pool/final_test_degraded/real_raise_137_r11c4de0et_test_double_jpeg.jpg
ai_sb_firefly_083_r17fe8532t_test_whatsapp_q75,AI,0.524414,1,0.385986,0,0.984863,1,PREV_wrong__CURR_correct,PREV_correct__CURR_correct,firefly,unknown,"WhatsApp-tier JPEG (L1280, Q75, 4:2:0)",data/final_external_pool/final_test_degraded/ai_sb_firefly_083_r17fe8532t_test_whatsapp_q75.jpg
ai_sb_firefly_083_r17fe8532t_test_resize_q80,AI,0.694824,1,0.397949,0,0.988770,1,PREV_wrong__CURR_correct,PREV_correct__CURR_correct,firefly,unknown,Resize (L1080) + JPEG Q80 (4:2:0),data/final_external_pool/final_test_degraded/ai_sb_firefly_083_r17fe8532t_test_resize_q80.jpg
ai_sb_firefly_083_r17fe8532t_test_double_jpeg,AI,0.260010,0,0.287354,0,0.980469,1,PREV_wrong__CURR_correct,PREV_wrong__CURR_correct,firefly,unknown,"Double JPEG (L1280, Q80->Q70, 4:2:0)",data/final_external_pool/final_test_degraded/ai_sb_firefly_083_r17fe8532t_test_double_jpeg.jpg
real_raise_supp_055_r1ca254b2t_test_whatsapp_q75,Real,0.032654,0,0.001330,0,0.387451,0,PREV_correct__CURR_correct,PREV_correct__CURR_correct,camera,unknown,"WhatsApp-tier JPEG (L1280, Q75, 4:2:0)",data/final_external_pool/final_test_degraded/real_raise_supp_055_r1ca254b2t_test_whatsapp_q75.jpg
real_raise_supp_055_r1ca254b2t_test_resize_q80,Real,0.036987,0,0.001235,0,0.423340,0,PREV_correct__CURR_correct,PREV_correct__CURR_correct,camera,unknown,Resize (L1080) + JPEG Q80 (4:2:0),data/final_external_pool/final_test_degraded/real_raise_supp_055_r1ca254b2t_test_resize_q80.jpg
real_raise_supp_055_r1ca254b2t_test_double_jpeg,Real,0.010292,0,0.001206,0,0.302734,0,PREV_correct__CURR_correct,PREV_correct__CURR_correct,camera,unknown,"Double JPEG (L1280, Q80->Q70, 4:2:0)",data/final_external_pool/final_test_degraded/real_raise_supp_055_r1ca254b2t_test_double_jpeg.jpg
ai_sb_midjourney-v5_123_r026b5360t_test_whatsapp_q75,AI,0.058990,0,0.996094,1,1.000000,1,PREV_correct__CURR_correct,PREV_wrong__CURR_correct,midjourney-v5,unknown,"WhatsApp-tier JPEG (L1280, Q75, 4:2:0)",data/final_external_pool/final_test_degraded/ai_sb_midjourney-v5_123_r026b5360t_test_whatsapp_q75.jpg
ai_sb_midjourney-v5_123_r026b5360t_test_resize_q80,AI,0.049774,0,0.997070,1,1.000000,1,PREV_correct__CURR_correct,PREV_wrong__CURR_correct,midjourney-v5,unknown,Resize (L1080) + JPEG Q80 (4:2:0),data/final_external_pool/final_test_degraded/ai_sb_midjourney-v5_123_r026b5360t_test_resize_q80.jpg
ai_sb_midjourney-v5_123_r026b5360t_test_double_jpeg,AI,0.000915,0,0.980469,1,0.999512,1,PREV_correct__CURR_correct,PREV_wrong__CURR_correct,midjourney-v5,unknown,"Double JPEG (L1280, Q80->Q70, 4:2:0)",data/final_external_pool/final_test_degraded/ai_sb_midjourney-v5_123_r026b5360t_test_double_jpeg.jpg
real_raise_125_r101d6690t_test_whatsapp_q75,Real,0.011032,0,0.003780,0,0.188965,0,PREV_correct__CURR_correct,PREV_correct__CURR_correct,camera,unknown,"WhatsApp-tier JPEG (L1280, Q75, 4:2:0)",data/final_external_pool/final_test_degraded/real_raise_125_r101d6690t_test_whatsapp_q75.jpg
real_raise_125_r101d6690t_test_resize_q80,Real,0.014732,0,0.004829,0,0.236816,0,PREV_correct__CURR_correct,PREV_correct__CURR_correct,camera,unknown,Resize (L1080) + JPEG Q80 (4:2:0),data/final_external_pool/final_test_degraded/real_raise_125_r101d6690t_test_resize_q80.jpg
real_raise_125_r101d6690t_test_double_jpeg,Real,0.002768,0,0.003511,0,0.168335,0,PREV_correct__CURR_correct,PREV_correct__CURR_correct,camera,unknown,"Double JPEG (L1280, Q80->Q70, 4:2:0)",data/final_external_pool/final_test_degraded/real_raise_125_r101d6690t_test_double_jpeg.jpg
ai_sb_stable-diffusion-1-4_210_r1e9082f9t_test_whatsapp_q75,AI,0.990234,1,0.675781,1,0.997070,1,PREV_correct__CURR_correct,PREV_correct__CURR_correct,stable-diffusion-1-4,unknown,"WhatsApp-tier JPEG (L1280, Q75, 4:2:0)",data/final_external_pool/final_test_degraded/ai_sb_stable-diffusion-1-4_210_r1e9082f9t_test_whatsapp_q75.jpg
ai_sb_stable-diffusion-1-4_210_r1e9082f9t_test_resize_q80,AI,0.993164,1,0.537598,1,0.996582,1,PREV_correct__CURR_correct,PREV_correct__CURR_correct,stable-diffusion-1-4,unknown,Resize (L1080) + JPEG Q80 (4:2:0),data/final_external_pool/final_test_degraded/ai_sb_stable-diffusion-1-4_210_r1e9082f9t_test_resize_q80.jpg
ai_sb_stable-diffusion-1-4_210_r1e9082f9t_test_double_jpeg,AI,0.983887,1,0.679199,1,0.988770,1,PREV_correct__CURR_correct,PREV_correct__CURR_correct,stable-diffusion-1-4,unknown,"Double JPEG (L1280, Q80->Q70, 4:2:0)",data/final_external_pool/final_test_degraded/ai_sb_stable-diffusion-1-4_210_r1e9082f9t_test_double_jpeg.jpg
ai_sb_midjourney-v5_135_r0f5beb66t_test_whatsapp_q75,AI,0.887207,1,0.679688,1,0.965820,1,PREV_correct__CURR_correct,PREV_correct__CURR_correct,midjourney-v5,unknown,"WhatsApp-tier JPEG (L1280, Q75, 4:2:0)",data/final_external_pool/final_test_degraded/ai_sb_midjourney-v5_135_r0f5beb66t_test_whatsapp_q75.jpg
ai_sb_midjourney-v5_135_r0f5beb66t_test_resize_q80,AI,0.889160,1,0.643555,1,0.967773,1,PREV_correct__CURR_correct,PREV_correct__CURR_correct,midjourney-v5,unknown,Resize (L1080) + JPEG Q80 (4:2:0),data/final_external_pool/final_test_degraded/ai_sb_midjourney-v5_135_r0f5beb66t_test_resize_q80.jpg
ai_sb_midjourney-v5_135_r0f5beb66t_test_double_jpeg,AI,0.804688,1,0.531250,1,0.951172,1,PREV_correct__CURR_correct,PREV_correct__CURR_correct,midjourney-v5,unknown,"Double JPEG (L1280, Q80->Q70, 4:2:0)",data/final_external_pool/final_test_degraded/ai_sb_midjourney-v5_135_r0f5beb66t_test_double_jpeg.jpg
real_raise_172_r163967d4t_test_whatsapp_q75,Real,0.000301,0,0.001202,0,0.151245,0,PREV_correct__CURR_correct,PREV_correct__CURR_correct,camera,unknown,"WhatsApp-tier JPEG (L1280, Q75, 4:2:0)",data/final_external_pool/final_test_degraded/real_raise_172_r163967d4t_test_whatsapp_q75.jpg
real_raise_172_r163967d4t_test_resize_q80,Real,0.000431,0,0.000907,0,0.181152,0,PREV_correct__CURR_correct,PREV_correct__CURR_correct,camera,unknown,Resize (L1080) + JPEG Q80 (4:2:0),data/final_external_pool/final_test_degraded/real_raise_172_r163967d4t_test_resize_q80.jpg
real_raise_172_r163967d4t_test_double_jpeg,Real,0.000092,0,0.001285,0,0.154297,0,PREV_correct__CURR_correct,PREV_correct__CURR_correct,camera,unknown,"Double JPEG (L1280, Q80->Q70, 4:2:0)",data/final_external_pool/final_test_degraded/real_raise_172_r163967d4t_test_double_jpeg.jpg
ai_sb_dalle2_030_r1e9082f9t_test_whatsapp_q75,AI,0.162476,0,0.046204,0,0.941895,1,PREV_wrong__CURR_correct,PREV_wrong__CURR_correct,dalle2,unknown,"WhatsApp-tier JPEG (L1280, Q75, 4:2:0)",data/final_external_pool/final_test_degraded/ai_sb_dalle2_030_r1e9082f9t_test_whatsapp_q75.jpg
ai_sb_dalle2_030_r1e9082f9t_test_resize_q80,AI,0.178833,0,0.040100,0,0.943359,1,PREV_wrong__CURR_correct,PREV_wrong__CURR_correct,dalle2,unknown,Resize (L1080) + JPEG Q80 (4:2:0),data/final_external_pool/final_test_degraded/ai_sb_dalle2_030_r1e9082f9t_test_resize_q80.jpg
ai_sb_dalle2_030_r1e9082f9t_test_double_jpeg,AI,0.013222,0,0.045959,0,0.935059,1,PREV_wrong__CURR_correct,PREV_wrong__CURR_correct,dalle2,unknown,"Double JPEG (L1280, Q80->Q70, 4:2:0)",data/final_external_pool/final_test_degraded/ai_sb_dalle2_030_r1e9082f9t_test_double_jpeg.jpg
real_raise_100_r0c9910e4t_test_whatsapp_q75,Real,0.061523,0,0.756348,1,0.975098,1,PREV_wrong__CURR_wrong,PREV_correct__CURR_wrong,camera,unknown,"WhatsApp-tier JPEG (L1280, Q75, 4:2:0)",data/final_external_pool/final_test_degraded/real_raise_100_r0c9910e4t_test_whatsapp_q75.jpg
real_raise_100_r0c9910e4t_test_resize_q80,Real,0.073059,0,0.773438,1,0.190430,0,PREV_wrong__CURR_correct,PREV_correct__CURR_correct,camera,unknown,Resize (L1080) + JPEG Q80 (4:2:0),data/final_external_pool/final_test_degraded/real_raise_100_r0c9910e4t_test_resize_q80.jpg
real_raise_100_r0c9910e4t_test_double_jpeg,Real,0.000131,0,0.356689,0,0.084656,0,PREV_correct__CURR_correct,PREV_correct__CURR_correct,camera,unknown,"Double JPEG (L1280, Q80->Q70, 4:2:0)",data/final_external_pool/final_test_degraded/real_raise_100_r0c9910e4t_test_double_jpeg.jpg
real_raise_162_r14c2d3fct_test_whatsapp_q75,Real,0.002350,0,0.008217,0,0.754883,1,PREV_correct__CURR_wrong,PREV_correct__CURR_wrong,camera,unknown,"WhatsApp-tier JPEG (L1280, Q75, 4:2:0)",data/final_external_pool/final_test_degraded/real_raise_162_r14c2d3fct_test_whatsapp_q75.jpg
real_raise_162_r14c2d3fct_test_resize_q80,Real,0.007233,0,0.007065,0,0.733887,1,PREV_correct__CURR_wrong,PREV_correct__CURR_wrong,camera,unknown,Resize (L1080) + JPEG Q80 (4:2:0),data/final_external_pool/final_test_degraded/real_raise_162_r14c2d3fct_test_resize_q80.jpg
real_raise_162_r14c2d3fct_test_double_jpeg,Real,0.000347,0,0.009674,0,0.695312,1,PREV_correct__CURR_wrong,PREV_correct__CURR_wrong,camera,unknown,"Double JPEG (L1280, Q80->Q70, 4:2:0)",data/final_external_pool/final_test_degraded/real_raise_162_r14c2d3fct_test_double_jpeg.jpg
ai_sb_dalle2_027_r1bdb6385t_test_whatsapp_q75,AI,0.708008,1,0.437988,0,0.930664,1,PREV_wrong__CURR_correct,PREV_correct__CURR_correct,dalle2,unknown,"WhatsApp-tier JPEG (L1280, Q75, 4:2:0)",data/final_external_pool/final_test_degraded/ai_sb_dalle2_027_r1bdb6385t_test_whatsapp_q75.jpg
ai_sb_dalle2_027_r1bdb6385t_test_resize_q80,AI,0.776855,1,0.443115,0,0.955078,1,PREV_wrong__CURR_correct,PREV_correct__CURR_correct,dalle2,unknown,Resize (L1080) + JPEG Q80 (4:2:0),data/final_external_pool/final_test_degraded/ai_sb_dalle2_027_r1bdb6385t_test_resize_q80.jpg
ai_sb_dalle2_027_r1bdb6385t_test_double_jpeg,AI,0.216553,0,0.385498,0,0.911133,1,PREV_wrong__CURR_correct,PREV_wrong__CURR_correct,dalle2,unknown,"Double JPEG (L1280, Q80->Q70, 4:2:0)",data/final_external_pool/final_test_degraded/ai_sb_dalle2_027_r1bdb6385t_test_double_jpeg.jpg
ai_sb_dalle3_052_r169c7350t_test_whatsapp_q75,AI,0.945801,1,0.917969,1,0.999023,1,PREV_correct__CURR_correct,PREV_correct__CURR_correct,dalle3,unknown,"WhatsApp-tier JPEG (L1280, Q75, 4:2:0)",data/final_external_pool/final_test_degraded/ai_sb_dalle3_052_r169c7350t_test_whatsapp_q75.jpg
ai_sb_dalle3_052_r169c7350t_test_resize_q80,AI,0.937500,1,0.921875,1,0.999023,1,PREV_correct__CURR_correct,PREV_correct__CURR_correct,dalle3,unknown,Resize (L1080) + JPEG Q80 (4:2:0),data/final_external_pool/final_test_degraded/ai_sb_dalle3_052_r169c7350t_test_resize_q80.jpg
ai_sb_dalle3_052_r169c7350t_test_double_jpeg,AI,0.818359,1,0.892578,1,0.998535,1,PREV_correct__CURR_correct,PREV_correct__CURR_correct,dalle3,unknown,"Double JPEG (L1280, Q80->Q70, 4:2:0)",data/final_external_pool/final_test_degraded/ai_sb_dalle3_052_r169c7350t_test_double_jpeg.jpg
ai_sb_glide_106_r102b4aa4t_test_whatsapp_q75,AI,0.289062,0,0.121704,0,0.929199,1,PREV_wrong__CURR_correct,PREV_wrong__CURR_correct,glide,unknown,"WhatsApp-tier JPEG (L1280, Q75, 4:2:0)",data/final_external_pool/final_test_degraded/ai_sb_glide_106_r102b4aa4t_test_whatsapp_q75.jpg
ai_sb_glide_106_r102b4aa4t_test_resize_q80,AI,0.382324,0,0.099976,0,0.943848,1,PREV_wrong__CURR_correct,PREV_wrong__CURR_correct,glide,unknown,Resize (L1080) + JPEG Q80 (4:2:0),data/final_external_pool/final_test_degraded/ai_sb_glide_106_r102b4aa4t_test_resize_q80.jpg
ai_sb_glide_106_r102b4aa4t_test_double_jpeg,AI,0.102112,0,0.079041,0,0.845215,1,PREV_wrong__CURR_correct,PREV_wrong__CURR_correct,glide,unknown,"Double JPEG (L1280, Q80->Q70, 4:2:0)",data/final_external_pool/final_test_degraded/ai_sb_glide_106_r102b4aa4t_test_double_jpeg.jpg
real_raise_054_r06cad2d6t_test_whatsapp_q75,Real,0.198730,0,0.005020,0,0.831055,1,PREV_correct__CURR_wrong,PREV_correct__CURR_wrong,camera,unknown,"WhatsApp-tier JPEG (L1280, Q75, 4:2:0)",data/final_external_pool/final_test_degraded/real_raise_054_r06cad2d6t_test_whatsapp_q75.jpg
real_raise_054_r06cad2d6t_test_resize_q80,Real,0.107239,0,0.003780,0,0.848145,1,PREV_correct__CURR_wrong,PREV_correct__CURR_wrong,camera,unknown,Resize (L1080) + JPEG Q80 (4:2:0),data/final_external_pool/final_test_degraded/real_raise_054_r06cad2d6t_test_resize_q80.jpg
real_raise_054_r06cad2d6t_test_double_jpeg,Real,0.098938,0,0.003456,0,0.785645,1,PREV_correct__CURR_wrong,PREV_correct__CURR_wrong,camera,unknown,"Double JPEG (L1280, Q80->Q70, 4:2:0)",data/final_external_pool/final_test_degraded/real_raise_054_r06cad2d6t_test_double_jpeg.jpg
ai_sb_dalle2_025_r1a2095b2t_test_whatsapp_q75,AI,0.808594,1,0.165894,0,0.969238,1,PREV_wrong__CURR_correct,PREV_correct__CURR_correct,dalle2,unknown,"WhatsApp-tier JPEG (L1280, Q75, 4:2:0)",data/final_external_pool/final_test_degraded/ai_sb_dalle2_025_r1a2095b2t_test_whatsapp_q75.jpg
ai_sb_dalle2_025_r1a2095b2t_test_resize_q80,AI,0.878906,1,0.130493,0,0.969727,1,PREV_wrong__CURR_correct,PREV_correct__CURR_correct,dalle2,unknown,Resize (L1080) + JPEG Q80 (4:2:0),data/final_external_pool/final_test_degraded/ai_sb_dalle2_025_r1a2095b2t_test_resize_q80.jpg
ai_sb_dalle2_025_r1a2095b2t_test_double_jpeg,AI,0.370117,0,0.083740,0,0.944824,1,PREV_wrong__CURR_correct,PREV_wrong__CURR_correct,dalle2,unknown,"Double JPEG (L1280, Q80->Q70, 4:2:0)",data/final_external_pool/final_test_degraded/ai_sb_dalle2_025_r1a2095b2t_test_double_jpeg.jpg
